{
  "epoch": [
    1,
    2,
    3,
    4,
    5,
    6,
    7,
    8,
    9,
    10,
    11,
    12,
    13,
    14,
    15,
    16,
    17,
    18,
    19,
    20,
    21,
    22,
    23,
    24,
    25,
    26,
    27,
    28,
    29,
    30,
    31,
    32,
    33,
    34,
    35,
    36,
    37,
    38,
    39,
    40,
    41,
    42,
    43,
    44,
    45
  ],
  "train_loss": [
    2.162679067592031,
    0.7684665011990931,
    0.4211713353690413,
    0.27180384122526524,
    0.1847117088888724,
    0.14557941588237114,
    0.11337360192435919,
    0.09283273475071818,
    0.07682504927374653,
    0.06512890460411298,
    0.06532030287630779,
    0.05655205899791926,
    0.04904652211680701,
    0.04545959918135681,
    0.04237267504129367,
    0.04265814432010208,
    0.036635296599286576,
    0.029261722987920968,
    0.03219410714683766,
    0.03007497538610832,
    0.02906976607340129,
    0.028183371119066766,
    0.025728793212299032,
    0.02546380954127298,
    0.022963182695843663,
    0.023298890853166273,
    0.024128212973945917,
    0.01784911652134021,
    0.02195676056231305,
    0.02350827892066085,
    0.016794703313936815,
    0.017496488477132217,
    0.019799634199781518,
    0.017635922467326457,
    0.019310550472564688,
    0.017563406574856683,
    0.015549287324790488,
    0.014990285941466843,
    0.01556280350430206,
    0.01762281897953068,
    0.01821096637766309,
    0.014741221564034596,
    0.01657466612367401,
    0.015065770658674007,
    0.013805341285163747
  ],
  "val_loss": [
    1.0422727786577666,
    0.3769403718985044,
    0.305892587854312,
    0.1134356758915461,
    0.07374186957111725,
    0.07339525294418518,
    0.07075664214789867,
    0.055245840635437235,
    0.042758867072944455,
    0.04210553253785922,
    0.042042522655370146,
    0.04375692544719921,
    0.036581576094389535,
    0.0395149822669247,
    0.04519746457942976,
    0.04357177900293699,
    0.033923051570757076,
    0.041390507410352044,
    0.045809922739863396,
    0.03356633834146823,
    0.04195764628597177,
    0.04599446748257973,
    0.040695087012584105,
    0.0362156902332432,
    0.036713350035894946,
    0.041735589414691694,
    0.042882569653626815,
    0.03921554178053226,
    0.03852147757648849,
    0.03619288808057228,
    0.03974155425273169,
    0.03907115578588743,
    0.040328024389544644,
    0.03626353101572022,
    0.03526411240678639,
    0.04084392059415292,
    0.04084049699751911,
    0.043911415488065146,
    0.04341571756790822,
    0.04488967231904658,
    0.03828102380346256,
    0.04232477057946828,
    0.04083895063824737,
    0.03823511422244617,
    0.0395328075481722
  ],
  "train_transduce": [
    2.162679067592031,
    0.7684665011990931,
    0.4211713353690413,
    0.27180384122526524,
    0.1847117088888724,
    0.14557941588237114,
    0.11337360192435919,
    0.09283273475071818,
    0.07682504927374653,
    0.06512890460411298,
    0.06532030287630779,
    0.05655205899791926,
    0.04904652211680701,
    0.04545959918135681,
    0.04237267504129367,
    0.04265814432010208,
    0.036635296599286576,
    0.029261722987920968,
    0.03219410714683766,
    0.03007497538610832,
    0.02906976607340129,
    0.028183371119066766,
    0.025728793212299032,
    0.02546380954127298,
    0.022963182695843663,
    0.023298890853166273,
    0.024128212973945917,
    0.01784911652134021,
    0.02195676056231305,
    0.02350827892066085,
    0.016794703313936815,
    0.017496488477132217,
    0.019799634199781518,
    0.017635922467326457,
    0.019310550472564688,
    0.017563406574856683,
    0.015549287324790488,
    0.014990285941466843,
    0.01556280350430206,
    0.01762281897953068,
    0.01821096637766309,
    0.014741221564034596,
    0.01657466612367401,
    0.015065770658674007,
    0.013805341285163747
  ],
  "val_transduce": [
    1.0422727786577666,
    0.3769403718985044,
    0.305892587854312,
    0.1134356758915461,
    0.07374186957111725,
    0.07339525294418518,
    0.07075664214789867,
    0.055245840635437235,
    0.042758867072944455,
    0.04210553253785922,
    0.042042522655370146,
    0.04375692544719921,
    0.036581576094389535,
    0.0395149822669247,
    0.04519746457942976,
    0.04357177900293699,
    0.033923051570757076,
    0.041390507410352044,
    0.045809922739863396,
    0.03356633834146823,
    0.04195764628597177,
    0.04599446748257973,
    0.040695087012584105,
    0.0362156902332432,
    0.036713350035894946,
    0.041735589414691694,
    0.042882569653626815,
    0.03921554178053226,
    0.03852147757648849,
    0.03619288808057228,
    0.03974155425273169,
    0.03907115578588743,
    0.040328024389544644,
    0.03626353101572022,
    0.03526411240678639,
    0.04084392059415292,
    0.04084049699751911,
    0.043911415488065146,
    0.04341571756790822,
    0.04488967231904658,
    0.03828102380346256,
    0.04232477057946828,
    0.04083895063824737,
    0.03823511422244617,
    0.0395328075481722
  ],
  "l0": [
    0.0,
    0.0,
    0.0,
    0.0,
    0.0,
    0.0,
    0.0,
    0.0,
    0.0,
    0.0,
    0.0,
    0.0,
    0.0,
    0.0,
    0.0,
    0.0,
    0.0,
    0.0,
    0.0,
    0.0,
    0.0,
    0.0,
    0.0,
    0.0,
    0.0,
    0.0,
    0.0,
    0.0,
    0.0,
    0.0,
    0.0,
    0.0,
    0.0,
    0.0,
    0.0,
    0.0,
    0.0,
    0.0,
    0.0,
    0.0,
    0.0,
    0.0,
    0.0,
    0.0,
    0.0
  ],
  "lambda_l0_effective": [
    0.01,
    0.01,
    0.01,
    0.01,
    0.01,
    0.01,
    0.01,
    0.01,
    0.01,
    0.01,
    0.01,
    0.01,
    0.01,
    0.01,
    0.01,
    0.01,
    0.01,
    0.01,
    0.01,
    0.01,
    0.01,
    0.01,
    0.01,
    0.01,
    0.01,
    0.01,
    0.01,
    0.01,
    0.01,
    0.01,
    0.01,
    0.01,
    0.01,
    0.01,
    0.01,
    0.01,
    0.01,
    0.01,
    0.01,
    0.01,
    0.01,
    0.01,
    0.01,
    0.01,
    0.01
  ],
  "recon_loss": [],
  "balance_loss": []
}