{
  "epoch": [
    1,
    2,
    3,
    4,
    5,
    6,
    7,
    8,
    9,
    10,
    11,
    12,
    13,
    14,
    15,
    16,
    17,
    18,
    19,
    20,
    21,
    22,
    23,
    24,
    25,
    26,
    27,
    28,
    29,
    30,
    31,
    32,
    33,
    34,
    35,
    36,
    37,
    38,
    39,
    40,
    41,
    42,
    43,
    44,
    45,
    46,
    47,
    48,
    49,
    50,
    51,
    52,
    53,
    54,
    55,
    56,
    57,
    58,
    59,
    60,
    61,
    62,
    63,
    64,
    65,
    66,
    67,
    68,
    69,
    70,
    71,
    72,
    73,
    74,
    75,
    76,
    77,
    78,
    79,
    80,
    81,
    82,
    83,
    84,
    85,
    86,
    87,
    88,
    89,
    90,
    91,
    92,
    93,
    94,
    95,
    96,
    97,
    98,
    99
  ],
  "train_loss": [
    1.0904712418919986,
    0.5806890770639341,
    0.46141231459440646,
    0.37836285580679313,
    0.31426018722278554,
    0.26522425984598924,
    0.22933583860237575,
    0.19898717735231536,
    0.17801950245942036,
    0.16182278599782088,
    0.14749691270522236,
    0.13586673420882717,
    0.12164320416518093,
    0.11105516948497172,
    0.10510370486713562,
    0.09665836560895148,
    0.09342235171226497,
    0.08562493535507586,
    0.08277776388009798,
    0.0787252810850893,
    0.07749770705578561,
    0.07433821002655115,
    0.06932548805111155,
    0.06674120519502261,
    0.06302859375887003,
    0.06099767764050936,
    0.059833782254574225,
    0.05665136409981042,
    0.05782099960122219,
    0.055445496405753275,
    0.053565189261565505,
    0.05143559454777038,
    0.048861076474458594,
    0.04826990434823116,
    0.04724495184905443,
    0.04560839849975459,
    0.04548551767738056,
    0.042889652365684205,
    0.04431537572371284,
    0.04305208051461995,
    0.04038702637994105,
    0.042037209524705854,
    0.03910071932297853,
    0.03958643123161854,
    0.0369457955971437,
    0.03857851892556112,
    0.035992335456125825,
    0.037319095709274726,
    0.03368671455410952,
    0.03622376474374233,
    0.033492755740112866,
    0.03375611208456079,
    0.03450115699292228,
    0.03414571191635482,
    0.0333049048287986,
    0.03060194149315741,
    0.029715378346286483,
    0.030323286826443887,
    0.03041153901842298,
    0.028222338920555163,
    0.03133988413316457,
    0.02854023575086684,
    0.029214749895228247,
    0.02899198853602806,
    0.029182397508417668,
    0.026207515540215925,
    0.025942572499337346,
    0.025334688472398316,
    0.026607045607362902,
    0.025298201284592144,
    0.026175790908026325,
    0.026063537025900998,
    0.024508466097987115,
    0.024760263398308884,
    0.023136591795620692,
    0.02521393941619347,
    0.02636010392290569,
    0.023093440826771033,
    0.022836951748948044,
    0.02191874568624249,
    0.02202389946389828,
    0.02204730620334098,
    0.022254188647061662,
    0.0206875518617249,
    0.022405166406971738,
    0.018944183685552788,
    0.02101545178957917,
    0.02186409535712188,
    0.021379212521799102,
    0.019956583336005276,
    0.01926607225863167,
    0.020375123764772313,
    0.017971732072801012,
    0.020675362758674494,
    0.018691758573902578,
    0.018345082629971282,
    0.016268438602000782,
    0.01704742706659221,
    0.018162008416934956
  ],
  "val_loss": [
    0.38173579481931835,
    0.2927629236991589,
    0.24541085958480835,
    0.19939844539532295,
    0.19684488498247588,
    0.1766923488332675,
    0.17144160373852804,
    0.15190011434830153,
    0.15388049357212508,
    0.1494888307956549,
    0.13899276290948576,
    0.12719600590375754,
    0.12928314220446807,
    0.12326589226722717,
    0.13237464886445266,
    0.12445676699280739,
    0.11832156720069739,
    0.11230696078676444,
    0.1108595086978032,
    0.1142073330970911,
    0.10877315528117694,
    0.1052974912409599,
    0.10659789781157787,
    0.1115606169287975,
    0.11101310499585591,
    0.11001235561875197,
    0.10940214705008727,
    0.10482497713886775,
    0.10783548137316337,
    0.10923006557501279,
    0.10410976610504664,
    0.10006625004685842,
    0.10400457336352421,
    0.09767482057213783,
    0.09853525230517754,
    0.10035306301254493,
    0.09950833438107601,
    0.09736082530938663,
    0.09785177214787556,
    0.09330427818573438,
    0.08578335837675975,
    0.09381154724038564,
    0.09227738099602553,
    0.0933908957701463,
    0.0902476802181739,
    0.09410632630953422,
    0.09074956493882033,
    0.09142878852211513,
    0.0881906860293104,
    0.09693161613092972,
    0.0934381726412819,
    0.08672142078956732,
    0.08659210027410434,
    0.08689965379352753,
    0.08998423671493164,
    0.08996524633123325,
    0.08988869147231945,
    0.08473795895966199,
    0.08132155339878339,
    0.08985554326612216,
    0.08340600326370734,
    0.08538225522408119,
    0.0891641931465039,
    0.08662043425899285,
    0.0826857269096833,
    0.09145650862214658,
    0.08478848485705945,
    0.08115991111844778,
    0.0862781387538864,
    0.08704935580205458,
    0.08513087514214791,
    0.08771502835532793,
    0.08356375949314007,
    0.08089780886299335,
    0.08221313514961646,
    0.08385429029854444,
    0.0849104980723216,
    0.09310521070773785,
    0.08528683069520272,
    0.08106116878871734,
    0.08502809087244365,
    0.08537614732407607,
    0.0887329986748787,
    0.08274462389258239,
    0.08637360483407974,
    0.08571025202623926,
    0.08903596840369013,
    0.09187364442130694,
    0.09154003733195938,
    0.08691767674799149,
    0.08749720862565133,
    0.08544299880472514,
    0.09013988106296612,
    0.08643857733561443,
    0.08430466851076254,
    0.085030700903959,
    0.08239033653472479,
    0.08267436391459061,
    0.08311622149239366
  ],