{
  "epoch": [
    1,
    2,
    3,
    4,
    5,
    6,
    7,
    8,
    9,
    10,
    11,
    12,
    13,
    14,
    15,
    16,
    17,
    18,
    19,
    20,
    21,
    22,
    23,
    24,
    25,
    26,
    27,
    28,
    29,
    30,
    31,
    32,
    33,
    34,
    35,
    36,
    37,
    38,
    39,
    40,
    41,
    42,
    43,
    44,
    45,
    46,
    47,
    48,
    49,
    50,
    51,
    52,
    53,
    54,
    55,
    56,
    57,
    58,
    59,
    60,
    61,
    62,
    63,
    64,
    65,
    66,
    67,
    68,
    69,
    70,
    71,
    72,
    73,
    74,
    75,
    76,
    77,
    78,
    79,
    80,
    81,
    82,
    83,
    84,
    85,
    86,
    87,
    88,
    89,
    90,
    91,
    92,
    93,
    94,
    95,
    96,
    97,
    98,
    99,
    100,
    101,
    102,
    103,
    104,
    105,
    106,
    107,
    108,
    109,
    110,
    111,
    112,
    113,
    114,
    115,
    116,
    117,
    118
  ],
  "train_loss": [
    1.4293972908860386,
    0.6270271282975036,
    0.4715691574729315,
    0.4027944620292966,
    0.35758482495156846,
    0.3241858948575388,
    0.3005912376217323,
    0.2788340132130255,
    0.2599329898262968,
    0.2485582791637666,
    0.23209447450567,
    0.2227174871333755,
    0.2126450783545428,
    0.20411253027101556,
    0.19682291740238075,
    0.18707067062063973,
    0.17991053711364766,
    0.17157284111374677,
    0.16756851167076886,
    0.15844925552016437,
    0.15285764944435346,
    0.14989283562886832,
    0.143687835866862,
    0.13946512334122516,
    0.13383616839009937,
    0.1264624265160891,
    0.12592911167014945,
    0.12026689260607899,
    0.11557955464514175,
    0.11198156478233856,
    0.1068795081412438,
    0.10539662668315491,
    0.10226895807698222,
    0.09947078911089662,
    0.0941575261035768,
    0.09109468850316388,
    0.08971640519281425,
    0.08615331558307798,
    0.08139263377478807,
    0.08077945785209684,
    0.07800699678240436,
    0.07803291842193887,
    0.07620495609422721,
    0.07140768562803174,
    0.07111002301963248,
    0.06748698115127512,
    0.06534927828919769,
    0.0646669848609974,
    0.06323859473635064,
    0.05961350500952489,
    0.05790851136097814,
    0.05832354934646351,
    0.05534448871149285,
    0.054042818319827025,
    0.0533311128026188,
    0.05174465285669459,
    0.04718452112952081,
    0.04684201260973321,
    0.04634538043917406,
    0.046261201096274476,
    0.04336665176076464,
    0.045744526504289985,
    0.043839870869080616,
    0.041245380176766086,
    0.03906452234391824,
    0.03934425250212155,
    0.037178960121651686,
    0.03997145287028634,
    0.040185375941345594,
    0.034326947819773516,
    0.03744299060637408,
    0.03356790857039171,
    0.032552330708592245,
    0.03193557279940584,
    0.03097663754320676,
    0.03186304101001213,
    0.03202635639964944,
    0.03297581099490128,
    0.029761984925901534,
    0.028638090689362277,
    0.027755612147842893,
    0.026379547893337095,
    0.026028846459702985,
    0.025307416639263086,
    0.024386803628784596,
    0.02350497685631018,
    0.023679666511603806,
    0.026121631052603227,
    0.026330449295663597,
    0.02505160168292794,
    0.026264641733637246,
    0.023262622397356103,
    0.02366908171702877,
    0.02099687078654176,
    0.019158464439194833,
    0.01913248114103433,
    0.019803661687096748,
    0.02105273018674095,
    0.0186980460069631,
    0.01719188158593998,
    0.019321724256076436,
    0.018184133671629844,
    0.01822039554135339,
    0.016785392321019183,
    0.017855667670506357,
    0.016043455747998144,
    0.016734685868688738,
    0.014726157867266694,
    0.016919188943719216,
    0.01704960884434162,
    0.01598210874161139,
    0.015662157184232285,
    0.015644136910778608,
    0.01513801797034938,
    0.01445065139986501,
    0.013958698892412653,
    0.013590138218835882,
    0.014604959081360462
  ],
  "val_loss": [
    0.6144844545767858,
    0.42022823828917283,
    0.35088972518077266,
    0.3251705330151778,
    0.3048610331920477,
    0.2841513626850568,
    0.2748832610937265,
    0.24645744951871726,
    0.24503506892002547,
    0.23386881672419035,
    0.23211400096233076,
    0.2228955443088825,
    0.21036303788423538,
    0.20240916770238143,
    0.1939514302290403,
    0.19157227931114343,
    0.19211145891593054,
    0.18574696091505197,
    0.17778295278549194,
    0.18993704479474288,
    0.17464148367826754,
    0.17498220617954546,
    0.17669105644409472,
    0.1647699332007995,
    0.16126148803875998,
    0.15870395188148206,
    0.15394123127827278,
    0.157874695956707,
    0.1589723567549999,
    0.15004717501310202,
    0.14778635192375916,
    0.1428869630281742,
    0.14444147824094847,
    0.13903701133452928,
    0.1484554811165883,
    0.1425579167329348,
    0.14356898459104392,
    0.13892242025870544,
    0.14162292331457138,
    0.13620535800090203,
    0.1334222431939382,
    0.13667945907666132,
    0.13603979263168114,
    0.13435728303514993,
    0.13357312146287698,
    0.1274938494540178,
    0.13784919736477044,
    0.12964211662228292,
    0.13595018679132828,
    0.1357901291205333,
    0.1261436134003676,
    0.13494225706045443,
    0.12637464558848968,
    0.12988767916193375,
    0.13007229709854493,
    0.12751056282566145,
    0.12694063868660194,
    0.1282013958463302,
    0.12563903257250786,
    0.13320744037628174,
    0.12115319015888068,
    0.12142116003311597,
    0.1300128921866417,
    0.12573510265121093,
    0.12162515692985974,
    0.12794520046848518,
    0.12647792467704186,
    0.1223216552573901,
    0.1264130028967674,
    0.12368939043237613,
    0.1183907283613315,
    0.11760400235652924,
    0.12286013823289138,
    0.12387945245091732,
    0.1266278805067906,
    0.12148312020760316,
    0.12623105484705704,
    0.12296728503245574,
    0.11895700744711436,
    0.11946090425436313,
    0.12237144978000568,
    0.11793392638747509,
    0.12136366246984555,
    0.1155049936989179,
    0.11546509755918613,
    0.12014630909722585,
    0.11662788073030803,
    0.12388047604606701,
    0.11682984949304508,
    0.11412970406504777,
    0.11467020528820845,
    0.11438804119825363,
    0.11332267035658543,
    0.11836542203449286,
    0.12515192249646553,
    0.12307701288507535,
    0.12373693803182015,
    0.1175815136386798,
    0.12491236039652275,
    0.1211421127216174,
    0.11835651443554805,
    0.1202106372668193,
    0.12664634433503336,
    0.12262042153340119,
    0.12720245867967606,
    0.1277788639641725,
    0.12120185563197503,
    0.12749846508869758,
    0.12825850024819374,
    0.12300194183794352,
    0.1272421287229428,
    0.1264420532836364,
    0.12578932253214029,
    0.12548203250536552,
    0.12767063439465487,
    0.1214890366849991,
    0.13190128224400374,
    0.13257432915270329
  ],