{
  "epoch": [
    1,
    2,
    3,
    4,
    5,
    6,
    7,
    8,
    9,
    10,
    11,
    12,
    13,
    14,
    15,
    16,
    17,
    18,
    19,
    20,
    21,
    22,
    23,
    24,
    25,
    26,
    27,
    28,
    29,
    30,
    31,
    32,
    33,
    34,
    35,
    36,
    37,
    38,
    39,
    40,
    41,
    42,
    43,
    44,
    45,
    46,
    47,
    48,
    49,
    50,
    51,
    52,
    53,
    54,
    55,
    56,
    57,
    58,
    59,
    60,
    61,
    62,
    63,
    64,
    65,
    66,
    67,
    68,
    69,
    70,
    71,
    72,
    73,
    74,
    75,
    76,
    77,
    78,
    79,
    80,
    81,
    82,
    83
  ],
  "train_loss": [
    1.156170029746424,
    0.32213857224082004,
    0.24814801036131265,
    0.21630781638150168,
    0.190348546251212,
    0.1734846128833176,
    0.1651627998983506,
    0.1487068615042337,
    0.14066783560089546,
    0.12825702337345274,
    0.1220066888202535,
    0.11814539905379315,
    0.11193080334970266,
    0.10315182635394654,
    0.0996777681578504,
    0.09431321328819388,
    0.09077147888665152,
    0.08326662355794175,
    0.08088301018913194,
    0.07922468867411117,
    0.07246084183011905,
    0.06842304050627321,
    0.0681588203268181,
    0.06444810522664891,
    0.06129784909731681,
    0.05787091385019888,
    0.057745392738592506,
    0.0552808637592462,
    0.05446381498091292,
    0.05180330908313246,
    0.04732988300816257,
    0.04837461252982664,
    0.04316667659152852,
    0.04213905885889389,
    0.0396380356079576,
    0.039521591544225076,
    0.036156610622633215,
    0.037181714402124436,
    0.03665511811723803,
    0.03225392299602822,
    0.03491593078516497,
    0.03269666045129594,
    0.03131347571010932,
    0.031002559450150718,
    0.028823862165802776,
    0.02730001915836393,
    0.027300157058652085,
    0.025445476971972403,
    0.024247147972778518,
    0.024884824327534378,
    0.025595849213918838,
    0.02334753053244388,
    0.021702445310420624,
    0.021524023822517974,
    0.021777123996600655,
    0.024680495414292753,
    0.020645776952589207,
    0.018914216931097873,
    0.018774725280075084,
    0.02020915844339398,
    0.017611574413863445,
    0.015695214672659587,
    0.01726264739409089,
    0.01743575596564108,
    0.018577785489361474,
    0.017530543167180945,
    0.01438118968537022,
    0.016547041942854182,
    0.013975655846758792,
    0.013466508805493611,
    0.012552365857766628,
    0.012063978114257575,
    0.01281532888890862,
    0.012681553876234937,
    0.013678002487038179,
    0.013682853871965689,
    0.012374051551491317,
    0.01224042610196157,
    0.011904884195462385,
    0.00956318163345245,
    0.009625121322921523,
    0.009389928395693919,
    0.011350539047271013
  ],
  "val_loss": [
    0.35708077595784116,
    0.2669259367080835,
    0.2390952855348587,
    0.21434668566171938,
    0.1988671416273484,
    0.18570205053457847,
    0.18480158138733643,
    0.1639522319802871,
    0.16347925135722527,
    0.1492702691600873,
    0.1538260653614998,
    0.1547781529907997,
    0.14310873070588478,
    0.14064433941474327,
    0.14631719056230325,
    0.13807921570080978,
    0.13807680916327697,
    0.13972241374162528,
    0.13753670912522536,
    0.14535184835012144,
    0.14287570692025697,
    0.13497035205364227,
    0.13726224922216856,
    0.13435247425849622,
    0.13917798950121954,
    0.13817584715210474,
    0.14318851954661882,
    0.13215438391153628,
    0.13830640281622225,
    0.1417617711883325,
    0.13519183488992545,
    0.1302205272592031,
    0.1270760435324449,
    0.1335714731652003,
    0.12761764457592598,
    0.12635903977430785,
    0.1361426908809405,
    0.11912694430122009,
    0.12192885921551631,
    0.12607120493283638,
    0.12475402108751811,
    0.11658888252881858,
    0.12167671953256314,
    0.1289217761502816,
    0.12012453778431965,
    0.13244746911984223,
    0.12080311087461618,
    0.12175744915237793,
    0.12571711494372442,
    0.13109812828210685,
    0.12414777622773097,
    0.12374056531832768,
    0.13059300957964018,
    0.12395282978048691,
    0.13343006573044336,
    0.11918077732507999,
    0.11739635868714406,
    0.11486881598830223,
    0.12712775228115228,
    0.12539674141086066,
    0.12291158305910918,
    0.12354154082444999,
    0.13042188349824685,
    0.12314987469177979,
    0.12941470484320933,
    0.11827234264749747,
    0.12884443109998336,
    0.12831663598234838,
    0.12690866767213896,
    0.13186070695519447,
    0.12129157036542892,
    0.13145528475825602,
    0.13162992292871842,
    0.1251115956558631,
    0.12765390196671852,
    0.11681646939653617,
    0.11967221103035487,
    0.12534301441449386,
    0.1251779766036914,
    0.12397852110174987,
    0.12349720327900006,
    0.12153874910794772,
    0.12462923733087686
  ],
  "train_transduce": [
    1.1541591507963616,
    0.3220292834362181,
    0.24806338755211027,
    0.2162148156526065,
    0.1903208964089356,
    0.17337265699216636,
    0.16505422568557285,
    0.14864556093027095,
    0.14063065425299182,
    0.12822751169747645,
    0.12193756107941713,
    0.11805784348214027,
    0.11180074490828089,
    0.10307594606339342,
    0.09957215307962776,
    0.09421845868524939,
    0.09070955475073049,
    0.08318539474638972,
    0.08076655982744575,
    0.0790420801627754,
    0.07231774015149267,
    0.06830938894412306,
    0.06793240496501474,
    0.06436905215060947,
    0.061267510001169576,
    0.05777337641851737,
    0.05766771645239084,
    0.05521374915053349,
    0.05445805369037213,
    0.051841282239644834,
    0.047298416513765214,
    0.04839119219248838,
    0.04319523931434839,
    0.04215567918623438,
    0.039584039664357015,
    0.03953575408362811,
    0.03625361471077298,
    0.037228256961939356,
    0.03676815861190605,
    0.032344073638098665,
    0.03504743852127012,
    0.0327708888706742,
    0.03136555985593707,
    0.031217094178837123,
    0.028995866131148126,
    0.027500507108277023,
    0.027517486077797883,
    0.025648421469596352,
    0.024524100069509874,
    0.02505740569443396,
    0.025896958167673928,
    0.023662588997089333,
    0.022042144698524238,
    0.02187526688477633,
    0.022037058413987703,
    0.025023739586704143,
    0.021087738998824417,
    0.019299294808787285,
    0.019268648818799174,
    0.020407839876479737,
    0.018117912450233604,
    0.016248164288146367,
    0.017806557011744467,
    0.017970034566772455,
    0.019146063461862872,
    0.01812192735649498,
    0.015023104074217452,
    0.0171189477072457,
    0.014611754082327727,
    0.014132253081067511,
    0.013285939793775577,
    0.012808805891764488,
    0.013570589536690329,
    0.013469322366722962,
    0.014489679929274734,
    0.01446098931096863,
    0.013186975731514394,
    0.01310865699295139,
    0.012836997994304737,
    0.010463153810867357,
    0.010574572593997241,
    0.010295562320481063,
    0.012347134034204675
  ],