{
  "epoch": [
    1,
    2,
    3,
    4,
    5,
    6,
    7,
    8,
    9,
    10,
    11,
    12,
    13,
    14,
    15,
    16,
    17,
    18,
    19,
    20,
    21,
    22,
    23,
    24,
    25,
    26,
    27,
    28,
    29,
    30,
    31,
    32,
    33,
    34,
    35,
    36,
    37,
    38,
    39,
    40,
    41,
    42,
    43,
    44,
    45,
    46,
    47,
    48,
    49,
    50,
    51,
    52,
    53,
    54,
    55,
    56,
    57,
    58,
    59,
    60,
    61,
    62,
    63,
    64,
    65,
    66,
    67,
    68,
    69,
    70,
    71,
    72,
    73,
    74,
    75,
    76,
    77,
    78,
    79,
    80,
    81
  ],
  "train_loss": [
    2.8293219297239096,
    1.9465115070343018,
    1.5689833046186088,
    1.3733288380179074,
    1.2320399485012092,
    1.1281599313905923,
    1.0426310660815474,
    0.9726763202412294,
    0.919155759386497,
    0.8537646461241316,
    0.8100093945418254,
    0.7831708582321016,
    0.7533506302550288,
    0.7206425590090232,
    0.6902492778135998,
    0.666551915725859,
    0.6319537283760486,
    0.6046789875715086,
    0.5908038433235471,
    0.5778041957038464,
    0.5598563239125922,
    0.541164103415933,
    0.5207820841581514,
    0.505047875465733,
    0.49468528516221755,
    0.4845854704922969,
    0.4752699101325309,
    0.4628214098439358,
    0.44558511128520023,
    0.4321694700139584,
    0.4312559529991433,
    0.4249956873383853,
    0.416169663171957,
    0.42536263861278495,
    0.3925509252170525,
    0.39694506003715024,
    0.39594867294377617,
    0.37406637777786444,
    0.36135335473140867,
    0.36964719248290107,
    0.35179194660470037,
    0.3665252828066892,
    0.35207447085050075,
    0.3331639226710442,
    0.32868409599408066,
    0.3366324079803901,
    0.30993422423258865,
    0.30419450614712024,
    0.3120114251528636,
    0.31057887694033065,
    0.3153176722255084,
    0.29347431113814365,
    0.2971185199399986,
    0.2914302216307952,
    0.29082049783503655,
    0.2670815517701725,
    0.2677954904513784,
    0.2788183622726119,
    0.26273966691281536,
    0.2694102661444409,
    0.26253387833585834,
    0.2546318086362121,
    0.26485309624435877,
    0.24007734612073048,
    0.2448062516084992,
    0.2454629369301371,
    0.24841006336235763,
    0.23112519616537755,
    0.2423388839210614,
    0.23157409305619722,
    0.22451294309431963,
    0.22285535016862473,
    0.2243394674641071,
    0.21843167527182267,
    0.2227767462482547,
    0.22035081677212573,
    0.23005536279760966,
    0.2274711489087284,
    0.2170837624090733,
    0.20860556018824625,
    0.2159235878008427
  ],
  "val_loss": [
    2.2904313711019664,
    1.7491948971381555,
    1.5584245645082915,
    1.3925580061399019,
    1.2822736776792085,
    1.2073954893992498,
    1.2068029275307288,
    1.067991921534905,
    1.0544765041424677,
    1.061195942071768,
    0.9614889621734619,
    0.9472902187934289,
    0.9286584487328162,
    0.8873689633149368,
    0.848155663563655,
    0.8856082100134629,
    0.8949469327926636,
    0.9245578004763677,
    0.8952056490457975,
    0.876382208787478,
    0.8951595792403588,
    0.8751232715753409,
    0.8572598420656644,
    0.8890893551019522,
    0.832181494969588,
    0.854395371216994,
    0.8429528520657465,
    0.874023226591257,
    0.8663112246073209,
    0.8601497320028452,
    0.8442938167315263,
    0.926261686361753,
    0.8544901586495913,
    0.8767093053230872,
    0.9242349587954007,
    0.8944462996262771,
    0.8816231878904196,
    0.9975852484886463,
    0.9179212015408736,
    0.9614044794669518,
    1.0366928554498231,
    0.9041350323420304,
    0.9272180795669556,
    0.8923953244319329,
    0.9491797250050765,
    0.8888796522067144,
    0.9462321148468897,
    0.8571835435353793,
    0.9879092459495251,
    0.9472916378424718,
    0.8277884675906255,
    0.9655205676188836,
    0.8304246572347788,
    0.9720067702806913,
    0.8623948166003594,
    0.9473572304615607,
    0.9562900066375732,
    0.936638974226438,
    1.0719533012463496,
    1.0713569246805632,
    1.0484264194965363,
    1.1199451226454515,
    0.9890414109596839,
    0.9266725067908947,
    0.9784003817118131,
    1.020990903560932,
    0.9452755451202393,
    1.1628930889643156,
    1.1427591053339152,
    1.1748382174051726,
    0.9764258884466611,
    1.0793562600245843,
    1.1275205635107481,
    1.0804166060227613,
    1.0993197904183314,
    1.069101863182508,
    1.105575442314148,
    1.0480743096424983,
    1.0422023213826692,
    1.0036747180498564,
    1.030225178370109
  ],
  "train_transduce": [
    2.631036353583383,
    1.7829896329653145,
    1.4241175840396691,
    1.229079791814974,
    1.1045487965687666,
    1.0045403903073604,
    0.9228413152222587,
    0.8672333613480672,
    0.81669814043706,
    0.7676034091722848,
    0.720826815260519,
    0.6981038598731013,
    0.6688006478961152,
    0.642035962331413,
    0.6118680238723755,
    0.5982355773448944,
    0.5741693876167335,
    0.5428003181915472,
    0.5355011679158352,
    0.5198742089295151,
    0.499898498896325,
    0.48570358546653597,
    0.47342379258410766,
    0.4580546570296335,
    0.4509049267461984,
    0.44413216544850037,
    0.4379820994811483,
    0.42468519936693777,
    0.408815591052027,
    0.40267528490264815,
    0.392545286529135,
    0.39031627774238586,
    0.3855502950673056,
    0.37873437558070266,
    0.36388753620114656,
    0.3612823812383236,
    0.36367890120732904,
    0.343675575338968,
    0.33537136859232836,
    0.34612357350859313,
    0.3224947890727827,
    0.3256098660502103,
    0.32324525123775594,
    0.3062456337237122,
    0.3084887491889519,
    0.3055077823671964,
    0.29129175827054693,
    0.28652624254769615,
    0.2833390840799502,
    0.2913696653772109,
    0.2831198174764614,
    0.2693648735190382,
    0.27448647786485086,
    0.26586116983158753,
    0.2684749628942792,
    0.2545458180184412,
    0.25204320133912683,
    0.2588301748037338,
    0.252733372373156,
    0.24940359917017493,
    0.24441045566950695,
    0.24174067068218005,
    0.23718075985365575,
    0.2253130597643333,
    0.23111994682562234,
    0.2307901510802826,
    0.2267475151779628,
    0.21712910774910804,
    0.22346041454832152,
    0.21585657174634462,
    0.2118299852798481,
    0.21135405790392714,
    0.21517219173141044,
    0.20540849768584318,
    0.2095700891153647,
    0.20755577773445905,
    0.20812269351860085,
    0.20412015900163366,
    0.20604575388502366,
    0.19665888785430702,
    0.19519095602306988
  ],