{
  "epoch": [
    1,
    2,
    3,
    4,
    5,
    6,
    7,
    8,
    9,
    10,
    11,
    12,
    13,
    14,
    15,
    16,
    17,
    18,
    19,
    20,
    21,
    22,
    23,
    24,
    25,
    26,
    27,
    28,
    29,
    30,
    31,
    32,
    33,
    34,
    35,
    36,
    37,
    38,
    39,
    40,
    41,
    42,
    43,
    44,
    45,
    46,
    47,
    48,
    49,
    50,
    51,
    52,
    53,
    54,
    55,
    56,
    57,
    58,
    59,
    60,
    61,
    62,
    63,
    64,
    65,
    66,
    67,
    68,
    69,
    70,
    71,
    72,
    73,
    74,
    75,
    76,
    77,
    78,
    79,
    80,
    81,
    82,
    83,
    84,
    85,
    86,
    87,
    88,
    89,
    90,
    91,
    92,
    93,
    94,
    95,
    96,
    97,
    98,
    99,
    100,
    101,
    102,
    103,
    104,
    105,
    106,
    107,
    108,
    109,
    110,
    111,
    112,
    113,
    114,
    115
  ],
  "train_loss": [
    0.9484429654508534,
    0.41425784537107635,
    0.3060770682474174,
    0.2573638981816792,
    0.22550348081801197,
    0.20050559827301762,
    0.1828410313418596,
    0.1683682228374009,
    0.15554804959804705,
    0.14785091475685044,
    0.1385691021338548,
    0.1291206816930582,
    0.12713748747759526,
    0.11967558347352661,
    0.11278486816157209,
    0.10791875960508196,
    0.10399430842682866,
    0.09676654540961331,
    0.09303345929573079,
    0.09007987641904613,
    0.08759794461697636,
    0.08449248313018591,
    0.08123229569432759,
    0.07969058284738867,
    0.07555353859125978,
    0.07360133213350678,
    0.07175702775026312,
    0.06733959157130506,
    0.06573674479259713,
    0.062116733060614895,
    0.06108677394614361,
    0.06050467319639012,
    0.05763876309046651,
    0.05236535348772708,
    0.05379464213579598,
    0.05026635627197747,
    0.05103127777318258,
    0.04830740202255178,
    0.046114321272488275,
    0.043744365325068486,
    0.04244126336151125,
    0.04033806818620403,
    0.04024134178894876,
    0.03957284888307942,
    0.03910977521560865,
    0.03670052283139217,
    0.036060958123295614,
    0.03636188673242779,
    0.03299967437466182,
    0.03133114945549186,
    0.031813663679479375,
    0.02905290249255624,
    0.02971757136949218,
    0.029988803642589858,
    0.02885739185321744,
    0.0270881358128373,
    0.025475543434962188,
    0.026813234285552903,
    0.027762097025308574,
    0.023397186582004376,
    0.023336178503266657,
    0.024419449518738996,
    0.023139414446668165,
    0.02205078711843874,
    0.022502875624058564,
    0.023306290879568987,
    0.022136190938440586,
    0.02245475336134729,
    0.01903010379652133,
    0.018861006101648703,
    0.01912137203720758,
    0.01822180787820627,
    0.018331493758181536,
    0.01676046373875867,
    0.018514339517027436,
    0.017120392762567146,
    0.017415745746307443,
    0.016074589829393984,
    0.016225176921003674,
    0.016424241508034492,
    0.016793380975538848,
    0.014487266434485665,
    0.013693583008860893,
    0.012418254675103886,
    0.011998300724155685,
    0.013489434638494018,
    0.013455865708742253,
    0.013372523827699594,
    0.011996868472214383,
    0.013146692840843507,
    0.013218956722850256,
    0.011701564122415563,
    0.01116828791714172,
    0.012800705471620112,
    0.011590518880321985,
    0.011032103726843207,
    0.01114846199594143,
    0.011906684059326971,
    0.011003810377551777,
    0.010108909750643122,
    0.010031127986396746,
    0.010936803804562972,
    0.010538415056607216,
    0.010280212529215703,
    0.010088053882343344,
    0.009595774737703107,
    0.009660298714764638,
    0.009072016964961618,
    0.008190716545346498,
    0.00931099034836608,
    0.00865071745921332,
    0.009737425488373726,
    0.00901828539248851,
    0.00825379207836335,
    0.00828985611465529
  ],
  "val_loss": [
    0.4725651259605701,
    0.2960781684288612,
    0.2444401394862395,
    0.21118625368063265,
    0.1902885947089929,
    0.17692553309293893,
    0.17347989976406097,
    0.15813251642080453,
    0.14785558271866578,
    0.14757279822459587,
    0.14124797714444307,
    0.1290950167637605,
    0.13115225388453558,
    0.12381906262957133,
    0.11531885827963169,
    0.11394659916941936,
    0.11724050715565681,
    0.10996881442574355,
    0.10665416803497535,
    0.10669701403150192,
    0.09888706356287003,
    0.1010568285217652,
    0.09730059768144901,
    0.10159948611488709,
    0.09519086319666642,
    0.09164743641248116,
    0.0914276227928125,
    0.0866762249229046,
    0.08768400291983898,
    0.09402275644242764,
    0.08623295893462804,
    0.08598442920125447,
    0.08037469220849183,
    0.08365170371073943,
    0.0812120229865496,
    0.0756381661272966,
    0.08270137169613288,
    0.08292566898923653,
    0.07870488355939205,
    0.07746326078016025,
    0.07251990801439835,
    0.07466825226751658,
    0.07340981467412068,
    0.06927666555230434,
    0.07283781440212177,
    0.07777317706495523,
    0.07563082780689001,
    0.07122170309034678,
    0.07554221282211634,
    0.07287000327442701,
    0.07234482696423164,
    0.07074758460601935,
    0.0723981442503058,
    0.06972245836200622,
    0.06687449499105032,
    0.06903819653850335,
    0.06700653145806147,
    0.06896647574523321,
    0.0632378224713298,
    0.062174687591882855,
    0.06110570715883604,
    0.06190648667800885,
    0.06388217590462703,
    0.06360647232773212,
    0.06029294051516514,
    0.060454574127036795,
    0.060263424252088256,
    0.06520681416329283,
    0.0652145124040544,
    0.06267454826201384,
    0.06632239665262975,
    0.06523208572672537,
    0.06433214358269022,
    0.06532221871356551,
    0.06343290607373302,
    0.06201106471081193,
    0.06168629968753801,
    0.058422967254255824,
    0.05647573063078408,
    0.059719869293845616,
    0.058434861891258225,
    0.06433813934787534,
    0.05931730702734338,
    0.06040001180596077,
    0.06066664933370283,
    0.06201542100797479,
    0.05969457589806272,
    0.06345913433828033,
    0.0580015630246355,
    0.05623272931776368,
    0.05937036058793847,
    0.06019265971218164,
    0.05918109382932576,
    0.06515466149609822,
    0.05936063446391087,
    0.06636667953660855,
    0.061476452491031244,
    0.059008422039019376,
    0.06339492106165451,
    0.06363667669491126,
    0.06171796085814444,
    0.061275044832235344,
    0.06394198227029008,
    0.06188006068651493,
    0.06231896896273471,
    0.06204874577144018,
    0.06218556493807297,
    0.0609563382055897,
    0.06055999980666316,
    0.05991502216336532,
    0.06041375268250704,
    0.05849813109335418,
    0.06137268759238605,
    0.059014900551679045,
    0.05852108780079736
  ],