{
  "epoch": [
    1,
    2,
    3,
    4,
    5,
    6,
    7,
    8,
    9,
    10,
    11,
    12,
    13,
    14,
    15,
    16,
    17,
    18,
    19,
    20,
    21,
    22,
    23,
    24,
    25,
    26,
    27,
    28,
    29,
    30,
    31,
    32,
    33,
    34,
    35,
    36,
    37,
    38,
    39,
    40,
    41,
    42,
    43,
    44,
    45,
    46,
    47,
    48,
    49,
    50,
    51,
    52,
    53,
    54,
    55,
    56,
    57,
    58,
    59,
    60,
    61,
    62,
    63,
    64,
    65,
    66,
    67,
    68,
    69,
    70,
    71,
    72,
    73,
    74,
    75,
    76,
    77,
    78,
    79,
    80,
    81,
    82,
    83,
    84,
    85,
    86,
    87,
    88,
    89,
    90,
    91,
    92,
    93,
    94,
    95,
    96,
    97,
    98,
    99,
    100,
    101,
    102,
    103,
    104,
    105,
    106,
    107,
    108,
    109,
    110,
    111,
    112
  ],
  "train_loss": [
    1.2264391918157793,
    0.6918534277026186,
    0.5631334425247821,
    0.4853832239342719,
    0.4216002198224215,
    0.3726630347598459,
    0.33205530923051935,
    0.2945083284500948,
    0.2633422649244672,
    0.2381156305062402,
    0.2182486105671863,
    0.20160916524449574,
    0.18331517152411422,
    0.17533911906720437,
    0.16262072190335117,
    0.15072889211251564,
    0.14524446496951213,
    0.13577790032188916,
    0.12976112739019788,
    0.12259650414751977,
    0.11610185243573386,
    0.11253954715949972,
    0.10681127457274604,
    0.10338051816851822,
    0.10123217357418586,
    0.09645359237323102,
    0.09203623886191353,
    0.0886985318370394,
    0.08459323606233007,
    0.08295971066835,
    0.08068529756490103,
    0.08147716166970041,
    0.07674943493467938,
    0.07388259725856412,
    0.07151912599225942,
    0.07179621463046246,
    0.07074593174626533,
    0.06791807535421296,
    0.06377276398011089,
    0.06527413239644975,
    0.060882527400384245,
    0.06250334979447815,
    0.06047622347730644,
    0.05720262736389317,
    0.057691458804705706,
    0.05727185820680611,
    0.05472770393778061,
    0.05370521930900892,
    0.055618363499795036,
    0.05745859107137034,
    0.05400536675006151,
    0.05338530155071586,
    0.05066830443083933,
    0.05141557092519151,
    0.04828163927190544,
    0.050087389728227225,
    0.04867715903164185,
    0.04717039874245979,
    0.04584297844564024,
    0.04525787026631003,
    0.046742965611293145,
    0.04437354705344463,
    0.04791663999947691,
    0.04521219127513852,
    0.04513763910946772,
    0.04288509018603981,
    0.04263361692956658,
    0.04330809063700594,
    0.041118984533109,
    0.03797078488356213,
    0.04106511051776176,
    0.0414966423419717,
    0.03906561604691381,
    0.03856059794371813,
    0.0381937130143117,
    0.036904392075081616,
    0.03739701669432761,
    0.0377138091812928,
    0.036322327817972636,
    0.03797290372162981,
    0.037359891807391625,
    0.03605635785833769,
    0.03465148216094246,
    0.03454748907164892,
    0.0353048225317496,
    0.03429143465623336,
    0.033204287924256524,
    0.03382942242999129,
    0.033115647351561285,
    0.03434351556838404,
    0.03305047627576848,
    0.03460642182959493,
    0.03183105405055217,
    0.03309176672854912,
    0.03314993087533554,
    0.03153103992784607,
    0.03134523788179012,
    0.031331441778036734,
    0.03185403502795884,
    0.03002297894587529,
    0.030735653721890653,
    0.029553197817540892,
    0.02870136721674161,
    0.031419944198149224,
    0.030534629892442645,
    0.02810474931137617,
    0.030707600587719725,
    0.028445303125652608,
    0.02788162433791944,
    0.0270402124679657,
    0.027726315380765375,
    0.030556802419446333
  ],
  "val_loss": [
    0.4156447947025299,
    0.32323633478238034,
    0.2945073659603412,
    0.24552173912525177,
    0.24265372523894677,
    0.20447144485436952,
    0.20028191346388596,
    0.17160761585602394,
    0.15999522862526086,
    0.1447155773639679,
    0.14348207184901604,
    0.14396687023914778,
    0.13045174800432646,
    0.1228205980016635,
    0.11675805942370342,
    0.1184719606087758,
    0.12190651778991406,
    0.10744102729054597,
    0.1135805885379131,
    0.11451273497480613,
    0.11147010526978053,
    0.10107195749878883,
    0.10806787615785232,
    0.10265993011685517,
    0.10341090451066311,
    0.10034127418811505,
    0.10305996926931235,
    0.09205473758853398,
    0.09810478670092729,
    0.09467972184603031,
    0.08915900696928684,
    0.0939839817583561,
    0.09904390200972557,
    0.09609500089517006,
    0.09308783538066424,
    0.09287789750557679,
    0.08478088762897712,
    0.09070958798894516,
    0.0881608767578235,
    0.09111690120055126,
    0.08497767078761871,
    0.08824895250682648,
    0.08581868688074443,
    0.08807028443194352,
    0.08442035059516247,
    0.0832622370754297,
    0.08731828873547223,
    0.08216331813197869,
    0.08249741606414318,
    0.08353000177213779,
    0.08370926331442136,
    0.07630293558423336,
    0.07890017344974555,
    0.07991100747424823,
    0.08219318636334859,
    0.08203676622360945,
    0.08384795014101726,
    0.08296780703732601,
    0.08330674777523829,
    0.07871519960463047,
    0.07830042406343497,
    0.08263064082711935,
    0.07780986945503034,
    0.0823943825581899,
    0.07985879158457884,
    0.07771099559389628,
    0.08102364487086351,
    0.08035220119815606,
    0.08039255304118761,
    0.0821275354291384,
    0.07790476227035889,
    0.08252378245099233,
    0.07913138101307246,
    0.07742710339908417,
    0.07885094115940425,
    0.07548665520376883,
    0.07673244357395631,
    0.0751380305737257,
    0.0797549018349785,
    0.07591118993094334,
    0.07955711886573297,
    0.07660659180524257,
    0.07745616596478683,
    0.07599443290382624,
    0.07603875576303555,
    0.07703179909059635,
    0.07336525604701959,
    0.0768366763368249,
    0.07726202238924228,
    0.07620853722955172,
    0.080154195212974,
    0.07993686399780787,
    0.07696858184555402,
    0.0791629458276125,
    0.07635618151667026,
    0.0822218727463713,
    0.07960380620967883,
    0.07814727551662005,
    0.07709785185467738,
    0.07665467656289156,
    0.07673526497987601,
    0.07628066300486143,
    0.07756640844476911,
    0.07939229318155692,
    0.07404064559019528,
    0.07672679861291097,
    0.07644333167431447,
    0.0781207256950438,
    0.07696599158673333,
    0.07861696452332231,
    0.07704481690262373,
    0.07499606144399597
  ],