{
  "epoch": [
    1,
    2,
    3,
    4,
    5,
    6,
    7,
    8,
    9,
    10,
    11,
    12,
    13,
    14,
    15,
    16,
    17,
    18,
    19,
    20,
    21,
    22,
    23,
    24,
    25,
    26,
    27,
    28,
    29,
    30,
    31,
    32,
    33,
    34,
    35,
    36,
    37,
    38,
    39,
    40,
    41,
    42,
    43,
    44,
    45,
    46,
    47,
    48,
    49,
    50,
    51,
    52,
    53,
    54,
    55,
    56,
    57,
    58,
    59,
    60,
    61,
    62,
    63,
    64,
    65,
    66,
    67,
    68,
    69,
    70,
    71,
    72,
    73,
    74,
    75,
    76,
    77,
    78,
    79,
    80,
    81
  ],
  "train_loss": [
    1.0442101126260097,
    0.42571245296166677,
    0.3203260522372652,
    0.27744759811033115,
    0.24395993956834963,
    0.21980057509228734,
    0.20406375198376062,
    0.18819135014373478,
    0.176429288812203,
    0.16670541000543254,
    0.15738401362801543,
    0.1513939641489841,
    0.14316856757839128,
    0.1366246645108308,
    0.12996300431613875,
    0.12583027912838624,
    0.12249473799573313,
    0.11621763914971069,
    0.11133367867015376,
    0.10737476903613251,
    0.10515154263760784,
    0.09868585893718324,
    0.09664010629057884,
    0.09222496559124181,
    0.08886208160236331,
    0.08408553935218566,
    0.08246599875464297,
    0.07992773073365783,
    0.07657706984641528,
    0.07402051566629717,
    0.07222939505804293,
    0.07168247145001251,
    0.07151813375403976,
    0.06693476622942651,
    0.06441236611935172,
    0.06183094345033169,
    0.06087834262611842,
    0.060317439589612554,
    0.057131919216844115,
    0.058003716373650156,
    0.05402803142545837,
    0.05434064679585471,
    0.05180338350594929,
    0.052822284400463104,
    0.04868790289700622,
    0.046179640060751745,
    0.045056302247956245,
    0.04438294566208773,
    0.04235766120808254,
    0.04472730322602657,
    0.04318837023865763,
    0.042570813909394316,
    0.041338066197009665,
    0.0376482368124151,
    0.03901505865857448,
    0.04017201538133149,
    0.03453271579698171,
    0.034612578690273337,
    0.03253742778157391,
    0.03548932357663565,
    0.035846057274185196,
    0.03236043777796301,
    0.035329802819334045,
    0.031194208918305318,
    0.031953309155484236,
    0.02911511662941758,
    0.030822885172017436,
    0.03108416303143938,
    0.02941998144574832,
    0.02941990224183491,
    0.025799608886205028,
    0.0268119834040725,
    0.02559247318341738,
    0.024735034623247856,
    0.02757575850712486,
    0.02506677335183514,
    0.02293347568472497,
    0.024005084270888037,
    0.022601168641894317,
    0.024144431963415428,
    0.024589166905048608
  ],
  "val_loss": [
    0.40334490400094253,
    0.2737260770339232,
    0.2360623604976214,
    0.20729189079541427,
    0.19951435923576355,
    0.18292130243319732,
    0.17989215541344422,
    0.18387616540376955,
    0.16685842378781393,
    0.15861026598857,
    0.15631326689169958,
    0.14118443200221428,
    0.15325781015249398,
    0.14591507957531855,
    0.1396753083054836,
    0.1440349742770195,
    0.13247987169485825,
    0.13724125176668167,
    0.12957029044628143,
    0.13028294306534988,
    0.12691737424868804,
    0.12071780058053824,
    0.11287655853308164,
    0.11763001176027152,
    0.12511133803771093,
    0.11779382824897766,
    0.11772875774365205,
    0.11543520654623325,
    0.11569582097805463,
    0.10631619709042403,
    0.10689006344630168,
    0.11561342443411167,
    0.11083558474022609,
    0.10355077927502301,
    0.10847168301160519,
    0.10467000133716144,
    0.10243651457130909,
    0.10194583237171173,
    0.11298481403635098,
    0.10302010637063247,
    0.10505334903987554,
    0.10044475558858651,
    0.10201319049184139,
    0.10319170384452893,
    0.09720575408293651,
    0.09830309364658135,
    0.0948545726446005,
    0.09559396382134694,
    0.09586120038651504,
    0.09474999815798722,
    0.09060651106903186,
    0.0924717100480428,
    0.0954322784852523,
    0.08608056232333183,
    0.09276646146407494,
    0.08493527254232994,
    0.09543230542196678,
    0.0960235228905311,
    0.09109238836054619,
    0.08838456811813208,
    0.08975135742758329,
    0.08806016124211825,
    0.09887626967751063,
    0.09140184822563942,
    0.09067123168363021,
    0.09037103446630332,
    0.0853910709086519,
    0.089246672219955,
    0.09508890730257218,
    0.09346978910840474,
    0.08966271235392644,
    0.08617110521747516,
    0.08718553300087269,
    0.09375204790670139,
    0.087741148371536,
    0.09065105644269632,
    0.08878459853048508,
    0.09001362409729224,
    0.08639448709212817,
    0.08534203985562691,
    0.08841241559443566
  ],
  "train_transduce": [
    1.0408273870402043,
    0.42564401974772464,
    0.32025064675524684,
    0.27740148949150994,
    0.24391694971830538,
    0.21973382423419763,
    0.203899912978753,
    0.1880960449723914,
    0.1763561882890097,
    0.16660472654765196,
    0.15730358047945664,
    0.15132343459247363,
    0.14308580357839565,
    0.1365508299210284,
    0.12986041019015973,
    0.1257382416636637,
    0.12238453122058718,
    0.11613932783060735,
    0.1112338843764645,
    0.10731341486962714,
    0.105037475465843,
    0.09854062934323113,
    0.0965601790438194,
    0.0921079610096346,
    0.0887816555355445,
    0.0839780186957652,
    0.08242736056004421,
    0.07982972338057981,
    0.07656235203589543,
    0.07398844442081333,
    0.07218448542943685,
    0.07170031924206431,
    0.07149223035367408,
    0.06691652401765384,
    0.0644061493290828,
    0.06184474022893032,
    0.06090867670603318,
    0.06028035810530776,
    0.05714316759258509,
    0.05798290171983218,
    0.054081913212885954,
    0.05439802384612584,
    0.05187831257497615,
    0.05280924699094036,
    0.04873231252526293,
    0.04618520451949375,
    0.04518318847559466,
    0.04444265907796303,
    0.04246676826646718,
    0.044720561695423454,
    0.043306063934422954,
    0.0426824016422771,
    0.04140800664588661,
    0.03780062918984654,
    0.039214919053829546,
    0.04013680947003978,
    0.03476000977403457,
    0.03488426160362392,
    0.03278933257085852,
    0.035719694837116366,
    0.0361283962421193,
    0.03263198706496617,
    0.03560748276771,
    0.03147673854917878,
    0.03216900843389259,
    0.029404554857254617,
    0.031122420988239273,
    0.03142091450235336,
    0.029740329287798687,
    0.029730880868132456,
    0.026154949601813412,
    0.027205211543800806,
    0.026020804609144382,
    0.025188765686816803,
    0.028065926713481692,
    0.025387822438289624,
    0.023374480716330876,
    0.024499613478189648,
    0.023003011411701392,
    0.024663205456800095,
    0.025025315963119122
  ],