{
  "epoch": [
    1,
    2,
    3,
    4,
    5,
    6,
    7,
    8,
    9,
    10,
    11,
    12,
    13,
    14,
    15,
    16,
    17,
    18,
    19,
    20,
    21,
    22,
    23,
    24,
    25,
    26,
    27,
    28,
    29,
    30,
    31,
    32,
    33,
    34,
    35,
    36,
    37,
    38,
    39,
    40,
    41,
    42,
    43,
    44,
    45,
    46,
    47,
    48,
    49,
    50,
    51,
    52,
    53,
    54,
    55,
    56,
    57,
    58,
    59,
    60,
    61,
    62,
    63,
    64,
    65,
    66,
    67,
    68,
    69,
    70,
    71,
    72,
    73,
    74,
    75,
    76,
    77,
    78,
    79,
    80,
    81,
    82,
    83,
    84,
    85,
    86,
    87,
    88,
    89,
    90,
    91,
    92,
    93,
    94,
    95,
    96,
    97,
    98,
    99,
    100,
    101,
    102,
    103,
    104,
    105,
    106,
    107,
    108
  ],
  "train_loss": [
    1.4982982785394876,
    0.6529786032025177,
    0.5032921642950265,
    0.4293327895131442,
    0.38414925602403016,
    0.3550871743424104,
    0.329042647734727,
    0.31138905056632393,
    0.29131273467942037,
    0.27632651854269574,
    0.25785297922568745,
    0.24663292461692696,
    0.2352256116890671,
    0.22599064728411117,
    0.21872951473930094,
    0.20253946034625026,
    0.1946175971096105,
    0.1911281814964691,
    0.18289900357180303,
    0.17490774127516415,
    0.16928975601302515,
    0.16288714656735412,
    0.15480276750455987,
    0.15072687619393416,
    0.14791156779421438,
    0.14155585023731287,
    0.13628150463694394,
    0.12729276421636637,
    0.12455048271925143,
    0.12046479448528573,
    0.1191722396207918,
    0.11300368282464471,
    0.11019003136765838,
    0.10338638730273389,
    0.10274394380279106,
    0.09727453182239344,
    0.09463770042109017,
    0.09241160311468757,
    0.08433414339134009,
    0.0833193837932431,
    0.07669123243724946,
    0.07262614321443114,
    0.07077588358580476,
    0.06791961884660887,
    0.0634001928501495,
    0.061897349258018014,
    0.06059685085743371,
    0.05549704028975846,
    0.0555643625188582,
    0.05370588438345654,
    0.05069689231343789,
    0.04667435086673439,
    0.046125686589148965,
    0.04455604583098747,
    0.04157137785955231,
    0.04118050129549338,
    0.03748302512092165,
    0.036848930051863786,
    0.03695936909517144,
    0.036172510023311816,
    0.0335130109958867,
    0.03225500380048658,
    0.030290664164441646,
    0.029529935256163084,
    0.02907903912929025,
    0.027757933566180785,
    0.02631958787984187,
    0.02522850023711672,
    0.025528142486911008,
    0.023513723505974405,
    0.022270395637185563,
    0.020419829474337917,
    0.021810855513604562,
    0.02123062104669095,
    0.01937434939888887,
    0.019822154360094872,
    0.020924634032762877,
    0.020065778239381195,
    0.018506080640645902,
    0.019068606087181826,
    0.015618003116422656,
    0.015938912190976415,
    0.015306006748192382,
    0.015031158536820128,
    0.012302875730882186,
    0.013005385733218772,
    0.01517222423134095,
    0.013106445159468025,
    0.013602447523136097,
    0.013279540498860844,
    0.011289884532239326,
    0.011647634860589215,
    0.011473919278803733,
    0.010732878838656562,
    0.011221995404322106,
    0.01131244642789116,
    0.010032793308728107,
    0.010193093442404181,
    0.011104763337955027,
    0.008965422284079365,
    0.00948240878613721,
    0.009268810721298698,
    0.008749542423606952,
    0.008127361010428113,
    0.008391249007407096,
    0.0077295802109459836,
    0.008822568570088484,
    0.009977938515124934
  ],
  "val_loss": [
    0.7033844177539532,
    0.49259672256616444,
    0.4039663397348844,
    0.3719139534693498,
    0.363031077843446,
    0.31717588695196003,
    0.29908836575654835,
    0.29840852664067197,
    0.2899590742129546,
    0.2732103936947309,
    0.27482975790133846,
    0.2607583243113298,
    0.25599357944268447,
    0.25451455207971424,
    0.2482111774958097,
    0.24127656794511354,
    0.2356596405689533,
    0.235245847931275,
    0.23528829331581408,
    0.24856626758208641,
    0.23782798991753504,
    0.22442033199163583,
    0.23382879908268267,
    0.22039596392558172,
    0.21287861810280725,
    0.199130674967399,
    0.20848618161219817,
    0.2008436253437629,
    0.19943805440114096,
    0.19968675134273675,
    0.2065900925260324,
    0.18555490557964033,
    0.1934814155101776,
    0.19593189943295258,
    0.19491438682262713,
    0.1996579049871518,
    0.1797492836530392,
    0.18300005449698523,
    0.17490450464762175,
    0.18026953706374535,
    0.1749180807517125,
    0.18001462404544538,
    0.18258436826559213,
    0.17229143988627654,
    0.16979526097957903,
    0.1869688996901879,
    0.1649899588754544,
    0.18867686505501086,
    0.17406829532522422,
    0.1847448263030786,
    0.1675701218728836,
    0.1689589906197328,
    0.1767790770301452,
    0.1674557437117283,
    0.17591353305257285,
    0.1648608775666127,
    0.16790723227537596,
    0.17385501701098222,
    0.15791312461862198,
    0.16660258546471596,
    0.1719345456132522,
    0.1647281340108468,
    0.17607176590424317,
    0.16246143671182486,
    0.18339207424567297,
    0.1667387903882907,
    0.17359224678232119,
    0.16622280988555688,
    0.16542751485338578,
    0.17295087558718827,
    0.17519679092443907,
    0.17532479763031006,
    0.1680433380489166,
    0.16813255774860197,
    0.1764806563464495,
    0.17933350801467896,
    0.16689355241564605,
    0.157927660128245,
    0.1595284090592311,
    0.1596959147315759,
    0.15353897958993912,
    0.1580340300615017,
    0.1485867013151829,
    0.15484590040376553,
    0.16549634833175403,
    0.1613269177480386,
    0.16378761971226105,
    0.15989033405024272,
    0.17871333400790507,
    0.17922544622650513,
    0.170901526338779,
    0.18798284605145454,
    0.17537816886145335,
    0.17489098900785813,
    0.17869107711773652,
    0.16357131101764166,
    0.16048598289489746,
    0.1826580797250454,
    0.15695050100867564,
    0.15886299032717943,
    0.16281358983654243,
    0.16940228827297688,
    0.17071131043709242,
    0.17694160313560411,
    0.16674072410051638,
    0.17078842480595297,
    0.17578707535106403,
    0.16610749739293867
  ],