{
  "epoch": [
    1,
    2,
    3,
    4,
    5,
    6,
    7,
    8,
    9,
    10,
    11,
    12,
    13,
    14,
    15,
    16,
    17,
    18,
    19,
    20,
    21,
    22,
    23,
    24,
    25,
    26,
    27,
    28,
    29,
    30,
    31,
    32,
    33,
    34,
    35,
    36,
    37,
    38,
    39,
    40,
    41,
    42,
    43,
    44,
    45,
    46,
    47,
    48,
    49,
    50,
    51,
    52,
    53,
    54,
    55,
    56,
    57,
    58,
    59,
    60,
    61,
    62,
    63,
    64,
    65,
    66,
    67,
    68,
    69,
    70,
    71,
    72,
    73,
    74,
    75,
    76,
    77,
    78,
    79,
    80,
    81,
    82,
    83,
    84,
    85,
    86,
    87,
    88,
    89,
    90,
    91,
    92,
    93,
    94,
    95,
    96,
    97,
    98,
    99,
    100,
    101,
    102,
    103,
    104,
    105
  ],
  "train_loss": [
    1.2701985157027686,
    0.7074895052565742,
    0.5637348598426151,
    0.47297882019859,
    0.40572477523813544,
    0.34462408775214065,
    0.29585337485234764,
    0.25718168153898,
    0.22780590673390122,
    0.2056496985947963,
    0.18495914731750784,
    0.16893855831825855,
    0.15317647339603335,
    0.14476860126422852,
    0.13239727945057386,
    0.12443750052107978,
    0.11390544332026206,
    0.10944903684184723,
    0.10091901370852265,
    0.09513791546840028,
    0.09378887430678323,
    0.08486698282709748,
    0.0824220149211355,
    0.07848746077032741,
    0.0723635821036764,
    0.06910832510473802,
    0.06742585436969074,
    0.06618720145185583,
    0.061776248430929236,
    0.05858918106586663,
    0.058710423691831916,
    0.05456224056056787,
    0.054052684379299894,
    0.0504627841639995,
    0.051973932144260895,
    0.04751190220572285,
    0.049364679728241004,
    0.044545539933228004,
    0.04541997308122743,
    0.041587992067227963,
    0.04182172918058548,
    0.04012466471680661,
    0.04146077306269063,
    0.03962044448582167,
    0.03842822461360201,
    0.0388547740780662,
    0.03753477757671829,
    0.03560474063221788,
    0.03573369207436737,
    0.034530025129158474,
    0.034267957857569926,
    0.03360601713564055,
    0.03197829702331387,
    0.032468478905862755,
    0.03305609496166334,
    0.03113811915097086,
    0.03172982398170939,
    0.03201275681068679,
    0.02882495915670831,
    0.030985250288966235,
    0.02841393295771529,
    0.026650921830465805,
    0.027991241391402546,
    0.029027659544414004,
    0.0270150630811671,
    0.026919845821691157,
    0.026884719988657643,
    0.02587379554536232,
    0.024372774095888988,
    0.02489543108980066,
    0.023819013899576264,
    0.023292080236397224,
    0.02400067832066495,
    0.02208386042957031,
    0.02199603184534371,
    0.024434303869637325,
    0.022519165770025905,
    0.02148873571512894,
    0.023345661059156367,
    0.02133671930731879,
    0.021320308234600217,
    0.02083820909484933,
    0.021184164194207752,
    0.021484859063309263,
    0.020458773805846257,
    0.019800947086175077,
    0.020513053032924833,
    0.019615418042449914,
    0.019543496361386376,
    0.0193937307196074,
    0.018733983416561538,
    0.021209174056643063,
    0.019473246389342298,
    0.018112470806317078,
    0.018832490304196925,
    0.01712959915154719,
    0.01815156465919554,
    0.018692387097524767,
    0.016985791864968146,
    0.018425204739521844,
    0.01597386307788763,
    0.017369255471552155,
    0.017149229268435408,
    0.01877359021095002,
    0.016148776791392126
  ],
  "val_loss": [
    0.5012675753006568,
    0.37655964264502895,
    0.3413019845118889,
    0.3130863056733058,
    0.26466649541488063,
    0.238314790221361,
    0.24481278887161842,
    0.2228342443704605,
    0.21041194062966567,
    0.20341650110024673,
    0.2116703987121582,
    0.18072910606861115,
    0.17070238521465889,
    0.17343931989027903,
    0.16746718035294458,
    0.14875995826262695,
    0.15573098969001037,
    0.15076454499593148,
    0.13381581925428832,
    0.12778876578578582,
    0.13314584069527113,
    0.12570499227597162,
    0.12654449676091856,
    0.12300629455309647,
    0.11452711115662868,
    0.11107048678856629,
    0.11961715582471627,
    0.10794091683167678,
    0.10750132713180321,
    0.10178528697444843,
    0.09764700726820873,
    0.10297109845739144,
    0.0980662524413604,
    0.09666569960805085,
    0.09775142916120015,
    0.09433271879186997,
    0.09403280569956853,
    0.0938005607861739,
    0.09273197616522129,
    0.09273155148212726,
    0.08712116915446061,
    0.09326157317711757,
    0.09406777299367465,
    0.08663205759456524,
    0.08690100607390587,
    0.08684824836941865,
    0.08532030063752945,
    0.08923575310752942,
    0.08547787389789636,
    0.09049840515049604,
    0.09656847024766299,
    0.0879966694001968,
    0.08418621208805305,
    0.08755092738339534,
    0.08144690397267158,
    0.08614828541445044,
    0.093449409907827,
    0.09169473885916747,
    0.08382949627076204,
    0.08497708025746621,
    0.082597120378453,
    0.08810648744782576,
    0.08645723631175664,
    0.08645457853204928,
    0.08810231641221505,
    0.09176607816838302,
    0.09239219472958492,
    0.08632010633412462,
    0.0839974437482082,
    0.08771112503913733,
    0.08888572733849287,
    0.08725794877570409,
    0.08236415956455928,
    0.08110152897783197,
    0.08270983308410415,
    0.08456267287524846,
    0.08321670829676665,
    0.08201547470301963,
    0.08380092229121007,
    0.08052859052370948,
    0.08169100627016562,
    0.08068755913812381,
    0.08606993657751726,
    0.09110967134340452,
    0.08301878365902947,
    0.08382949979904179,
    0.08406060335871118,
    0.08727120912562196,
    0.08792857440690008,
    0.09523889705395469,
    0.08763386803464247,
    0.08799783066989711,
    0.08226234824038468,
    0.08463984392941572,
    0.08758644512496315,
    0.08643704744127507,
    0.08515654964587437,
    0.08611336386261079,
    0.08826257639492933,
    0.08432347012253907,
    0.08469963962068924,
    0.08450883949318758,
    0.08543631674435276,
    0.08433548568819578,
    0.08348082872824027
  ],