{
  "epoch": [
    1,
    2,
    3,
    4,
    5,
    6,
    7,
    8,
    9,
    10,
    11,
    12,
    13,
    14,
    15,
    16,
    17,
    18,
    19,
    20,
    21,
    22,
    23,
    24,
    25,
    26,
    27,
    28,
    29,
    30,
    31,
    32,
    33,
    34,
    35,
    36,
    37,
    38,
    39,
    40,
    41,
    42,
    43,
    44,
    45,
    46,
    47,
    48,
    49,
    50,
    51,
    52,
    53,
    54,
    55,
    56,
    57,
    58,
    59,
    60,
    61,
    62,
    63,
    64,
    65,
    66,
    67,
    68,
    69,
    70,
    71,
    72,
    73,
    74,
    75,
    76,
    77,
    78,
    79,
    80,
    81,
    82,
    83,
    84,
    85,
    86,
    87,
    88,
    89,
    90,
    91,
    92,
    93,
    94,
    95,
    96,
    97,
    98,
    99,
    100,
    101,
    102,
    103,
    104,
    105,
    106,
    107,
    108,
    109,
    110,
    111,
    112,
    113,
    114,
    115,
    116
  ],
  "train_loss": [
    1.1902680869149689,
    0.38268778701819994,
    0.2812125415790199,
    0.24761475076769837,
    0.22133423092931803,
    0.20396437938555634,
    0.18686109228004325,
    0.17504159958645849,
    0.16621453278135545,
    0.1539865299174101,
    0.14909113028852067,
    0.1403560715146584,
    0.13364161418216064,
    0.1260147602620101,
    0.1203953507586871,
    0.1148521464945066,
    0.11135033495945505,
    0.10843048720519141,
    0.10142573740075131,
    0.0975831010849169,
    0.09513624156318089,
    0.09057675633985217,
    0.08981552310656793,
    0.08648268019061277,
    0.0832502529172614,
    0.07526087795965153,
    0.0746865278054582,
    0.07154610214552076,
    0.06713857704607568,
    0.06522374635211903,
    0.06165369271789447,
    0.05955821067316107,
    0.05898935624425954,
    0.05473709975064981,
    0.05241589676035513,
    0.05247984324941541,
    0.05005166970082734,
    0.04837579331775703,
    0.047613156977856515,
    0.046792849372740426,
    0.04323088348206907,
    0.04213448755885705,
    0.03779715970896258,
    0.038386132549678924,
    0.0385810627721914,
    0.036515725942531434,
    0.03513833940361101,
    0.035485672893574335,
    0.033946777113003306,
    0.03214254636907637,
    0.0307244087228238,
    0.030172687162193332,
    0.030351360263948392,
    0.0294789166678444,
    0.026640480430335692,
    0.026227173911831755,
    0.02450289716021997,
    0.023760463138765626,
    0.024233325140200334,
    0.022909019815523436,
    0.024968448528411364,
    0.022288661878924854,
    0.020527824247716972,
    0.019687175965121033,
    0.02092527789709223,
    0.018329974794114877,
    0.018344189642034103,
    0.018685899863923244,
    0.01776863582487596,
    0.01700139022662793,
    0.017159323696747865,
    0.01678764073196614,
    0.0170136277591533,
    0.01782177155376366,
    0.015990237260495525,
    0.01626265525707219,
    0.014109385287444485,
    0.014614064306352693,
    0.015832869158504476,
    0.01350413407383505,
    0.013513592064915465,
    0.01444800720333426,
    0.012935244992356931,
    0.01172886718304293,
    0.013567824028478474,
    0.012593018898445338,
    0.011152838859338276,
    0.011481735915277558,
    0.010511741696829252,
    0.008527101779421146,
    0.0107898944228113,
    0.011554117524295603,
    0.010127110571582054,
    0.010680825510615537,
    0.010304447793687629,
    0.008331927258779508,
    0.008389429507389813,
    0.009161696348588287,
    0.00914611846858654,
    0.009321739656232888,
    0.009334744974316125,
    0.008991258815945228,
    0.009053886445045544,
    0.007992870139769546,
    0.008226418994496217,
    0.00812630991031886,
    0.008354052356075458,
    0.007835406591046121,
    0.008303335035625513,
    0.008244589852897615,
    0.008239219661935759,
    0.007212144232788446,
    0.007571231993952637,
    0.008099606031860862,
    0.007833914395587721,
    0.005821849348018923
  ],
  "val_loss": [
    0.4360332557788262,
    0.267420225418531,
    0.22703329416421744,
    0.20883839004314864,
    0.19002653199892777,
    0.18100874183269647,
    0.16646987199783325,
    0.16113355813118127,
    0.15499925040281737,
    0.15012436589369407,
    0.1430886135651515,
    0.13874181933127916,
    0.14069197842708,
    0.13104308769106865,
    0.12515369430184364,
    0.1242908720786755,
    0.11839494223778065,
    0.11614287673280789,
    0.11059344961093022,
    0.11052941072445649,
    0.10456761832420643,
    0.1066081841977743,
    0.10214474310095494,
    0.1053159199655056,
    0.0980018825771717,
    0.09910645278600547,
    0.0951190824405505,
    0.09300169219764379,
    0.08746919924250016,
    0.09134221693071035,
    0.08215903146908833,
    0.08631792435279259,
    0.08608686909652673,
    0.08109305053949356,
    0.08255542685779241,
    0.08443526020989968,
    0.08175774448766158,
    0.07976645790040493,
    0.07924317984053722,
    0.08391226613177703,
    0.08150470041884826,
    0.07834528751957875,
    0.07515890323198758,
    0.08304373404154411,
    0.07393052930442187,
    0.07802195388537186,
    0.07416807272686408,
    0.07432374637573957,
    0.07968483614520384,
    0.07685294475119847,
    0.07870232070294711,
    0.07564390565340336,
    0.0772463338306317,
    0.08023159148601386,
    0.07378848706587003,
    0.07794706129397337,
    0.07676684519705865,
    0.07708834183330719,
    0.07741533141010083,
    0.07099371410619754,
    0.07673315782673083,
    0.07374580698804213,
    0.07952722978706543,
    0.07298925526153582,
    0.07617407041386916,
    0.0734802711611757,
    0.07569867902650283,
    0.07494970962691766,
    0.07392055820673704,
    0.07149626966565847,
    0.06757198145183232,
    0.07017947769222352,
    0.07183131475288135,
    0.07249549421696709,
    0.08203256961244804,
    0.0705354751016085,
    0.0710413373935108,
    0.06912047025532676,
    0.06977320552015534,
    0.06747445636070691,
    0.07477606410303941,
    0.07704183774498793,
    0.06760936588622056,
    0.06655503193346354,
    0.07060831864006244,
    0.068568573333323,
    0.08531216195283028,
    0.07222422497132076,
    0.06832458773771158,
    0.0822468651816822,
    0.06648340398589006,
    0.07266967030815207,
    0.07375120389490174,
    0.07818025157142144,
    0.07372900524821419,
    0.0685943160743381,
    0.07132187937028132,
    0.0711336952741616,
    0.07645602764275211,
    0.07063840426361331,
    0.07549283898865375,
    0.06876839897953547,
    0.06669764113254271,
    0.07691375416918443,
    0.07298739326114838,
    0.06905832170293881,
    0.07135069803692974,
    0.0701466530489807,
    0.0753162378230347,
    0.07263009486576685,
    0.07123495665235588,
    0.0719402671361772,
    0.07296268423446096,
    0.07154908081373343,
    0.06888138968497515,
    0.0744603113987698
  ],