{
  "epoch": [
    1,
    2,
    3,
    4,
    5,
    6,
    7,
    8,
    9,
    10,
    11,
    12,
    13,
    14,
    15,
    16,
    17,
    18,
    19,
    20,
    21,
    22,
    23,
    24,
    25,
    26,
    27,
    28,
    29,
    30,
    31
  ],
  "train_loss": [
    0.9582310895022658,
    0.23757667451636078,
    0.12036532092570644,
    0.0724845193134448,
    0.04911059481043791,
    0.036412386209271924,
    0.02827759272630144,
    0.025412970205730537,
    0.02038921697722921,
    0.018839600219957762,
    0.01581730759587408,
    0.013311288390337423,
    0.017110887108389865,
    0.010342229217094052,
    0.011227002405782336,
    0.00891038156162525,
    0.00900841993909838,
    0.010912556545064813,
    0.009681715120527817,
    0.006729786503896809,
    0.0068291514087588405,
    0.006128154946917179,
    0.006665838503677244,
    0.007068461791483791,
    0.007677798081410223,
    0.00575336127661375,
    0.004541294877723426,
    0.005653337388570641,
    0.0052606703774444276,
    0.004917626885892872,
    0.003983266480982942
  ],
  "val_loss": [
    0.21470230244673216,
    0.12542842271236274,
    0.09685333159107429,
    0.08684788902218525,
    0.07889771411338678,
    0.06979004651881181,
    0.0715957129947268,
    0.07746896140563947,
    0.07718789470023833,
    0.0776206599548459,
    0.07842677758218577,
    0.08434566418425395,
    0.07954059329886849,
    0.07971506761924292,
    0.08035902788217825,
    0.0804798700622856,
    0.09343462888724528,
    0.09502210543276025,
    0.08976619515138176,
    0.09259179649122345,
    0.08505786998340717,
    0.09380551212682174,
    0.0901076918324599,
    0.09371124181108406,
    0.10711704940499309,
    0.09607328200497879,
    0.09119524679688486,
    0.09898581280587958,
    0.10751089038184056,
    0.10921406182191837,
    0.1002776871363704
  ],
  "train_transduce": [
    0.9582310895022658,
    0.23757667451636078,
    0.12036532092570644,
    0.0724845193134448,
    0.04911059481043791,
    0.036412386209271924,
    0.02827759272630144,
    0.025412970205730537,
    0.02038921697722921,
    0.018839600219957762,
    0.01581730759587408,
    0.013311288390337423,
    0.017110887108389865,
    0.010342229217094052,
    0.011227002405782336,
    0.00891038156162525,
    0.00900841993909838,
    0.010912556545064813,
    0.009681715120527817,
    0.006729786503896809,
    0.0068291514087588405,
    0.006128154946917179,
    0.006665838503677244,
    0.007068461791483791,
    0.007677798081410223,
    0.00575336127661375,
    0.004541294877723426,
    0.005653337388570641,
    0.0052606703774444276,
    0.004917626885892872,
    0.003983266480982942
  ],
  "val_transduce": [
    0.21470230244673216,
    0.12542842271236274,
    0.09685333159107429,
    0.08684788902218525,
    0.07889771411338678,
    0.06979004651881181,
    0.0715957129947268,
    0.07746896140563947,
    0.07718789470023833,
    0.0776206599548459,
    0.07842677758218577,
    0.08434566418425395,
    0.07954059329886849,
    0.07971506761924292,
    0.08035902788217825,
    0.0804798700622856,
    0.09343462888724528,
    0.09502210543276025,
    0.08976619515138176,
    0.09259179649122345,
    0.08505786998340717,
    0.09380551212682174,
    0.0901076918324599,
    0.09371124181108406,
    0.10711704940499309,
    0.09607328200497879,
    0.09119524679688486,
    0.09898581280587958,
    0.10751089038184056,
    0.10921406182191837,
    0.1002776871363704
  ],
  "l0": [
    0.0,
    0.0,
    0.0,
    0.0,
    0.0,
    0.0,
    0.0,
    0.0,
    0.0,
    0.0,
    0.0,
    0.0,
    0.0,
    0.0,
    0.0,
    0.0,
    0.0,
    0.0,
    0.0,
    0.0,
    0.0,
    0.0,
    0.0,
    0.0,
    0.0,
    0.0,
    0.0,
    0.0,
    0.0,
    0.0,
    0.0
  ],
  "lambda_l0_effective": [
    0.01,
    0.01,
    0.01,
    0.01,
    0.01,
    0.01,
    0.01,
    0.01,
    0.01,
    0.01,
    0.01,
    0.01,
    0.01,
    0.01,
    0.01,
    0.01,
    0.01,
    0.01,
    0.01,
    0.01,
    0.01,
    0.01,
    0.01,
    0.01,
    0.01,
    0.01,
    0.01,
    0.01,
    0.01,
    0.01,
    0.01
  ],
  "recon_loss": [],
  "balance_loss": []
}