{
  "epoch": [
    1,
    2,
    3,
    4,
    5,
    6,
    7,
    8,
    9,
    10,
    11,
    12,
    13,
    14,
    15,
    16,
    17,
    18,
    19,
    20,
    21,
    22,
    23,
    24,
    25,
    26,
    27,
    28,
    29,
    30,
    31,
    32,
    33,
    34,
    35
  ],
  "train_loss": [
    1.8149173495793107,
    1.2845157255040538,
    1.032988672209258,
    0.8889707952442736,
    0.8034589562085596,
    0.7260570821195546,
    0.6782446232172522,
    0.6364413446719104,
    0.6091697956665908,
    0.5768069492118193,
    0.5570631584908703,
    0.5390502848837635,
    0.5216555577693599,
    0.5011597092788999,
    0.4921303565549378,
    0.477963914965639,
    0.45957959937577203,
    0.43675058371949904,
    0.4376966127074591,
    0.4239493670439956,
    0.4182719614836249,
    0.4036309503682769,
    0.39667454981567835,
    0.3883280588848756,
    0.3796245824582506,
    0.37681247603775253,
    0.36552840943383696,
    0.3575389830782862,
    0.3545684115131303,
    0.34965431867259567,
    0.3360432772943289,
    0.3379581706358655,
    0.3298252472783079,
    0.32098724080784485,
    0.31928536605716934
  ],
  "val_loss": [
    1.4506359375440157,
    1.2412707530535185,
    0.9808422189492446,
    0.9556521498239957,
    0.8014502983826858,
    0.9854031984622662,
    0.9514129528632531,
    0.8686194740808927,
    0.8531858416704031,
    1.1215626505705028,
    0.9742266031411978,
    1.0851333416425264,
    0.9186534285545349,
    0.8873564142447251,
    1.0247787512265718,
    0.956531469638531,
    0.9298070439925561,
    1.128665749843304,
    1.1069459777611952,
    1.0893120444737947,
    1.0634124691669757,
    1.152714463380667,
    1.2526161762384267,
    1.2784216679059541,
    1.1976584700437694,
    1.0957667781756475,
    1.1420253698642437,
    0.9286806720953721,
    1.108653990121988,
    1.144986065534445,
    1.0052433334864104,
    1.1164652796892018,
    1.0731764710866487,
    1.1652733316788306,
    1.2403718783305242
  ],
  "train_transduce": [
    1.8132369506477128,
    1.2837871549153093,
    1.031431269527662,
    0.8878302001717067,
    0.8026144168164471,
    0.7253638594457419,
    0.6772459978514379,
    0.6358041158407042,
    0.6082917085968622,
    0.5761884085022577,
    0.556038342194982,
    0.5384504859990412,
    0.5210268509269941,
    0.5007365714795519,
    0.4907086922390626,
    0.4772780620225585,
    0.4590793033637623,
    0.4363954976053521,
    0.43728306535447,
    0.42343859359769537,
    0.41791823742413287,
    0.40239155263003734,
    0.3957428805308767,
    0.38773272297169903,
    0.37893964128919166,
    0.37600210397550377,
    0.3649887472096056,
    0.35722535642066805,
    0.35433457304935645,
    0.34935591613302136,
    0.33620271130953683,
    0.3377394100817123,
    0.32965909313447406,
    0.3210891879136019,
    0.3190799271411235
  ],
  "val_transduce": [
    1.4505995878806481,
    1.2408613241635835,
    0.9755506332104023,
    0.9339972734451294,
    0.799694822384761,
    0.9641090952433072,
    0.9405946502318749,
    0.8494550356498132,
    0.8450520359552823,
    1.0965986251831055,
    0.9678016259120061,
    1.0646786873157208,
    0.9076961874961853,
    0.870004809819735,
    1.0115582576164832,
    0.9460198879241943,
    0.9172705274361831,
    1.105827849644881,
    1.07571319433359,
    1.0478191788379962,
    1.036985456943512,
    1.0907967961751497,
    1.2309004343472993,
    1.2349750445439265,
    1.1549034256201525,
    1.0677992472281823,
    1.098923935340001,
    0.9078647723564734,
    1.0885134247633128,
    1.133679522917821,
    0.9919879023845379,
    1.0966236637188838,
    1.0458176411115205,
    1.13771941111638,
    1.2020914967243488
  ],
  "l0": [
    2.6136731321457773e-05,
    0.0009368921746499836,
    0.006700671277940273,
    0.03018997795879841,
    0.003834627801552415,
    0.036656975746154785,
    0.01809822767972946,
    0.02855823189020157,
    0.015546550042927265,
    0.03507624566555023,
    0.010468757711350918,
    0.03184891492128372,
    0.016869565472006798,
    0.029752623289823532,
    0.02300381474196911,
    0.014925948344171047,
    0.017698245123028755,
    0.030263477936387062,
    0.040044497698545456,
    0.056549008935689926,
    0.03583980351686478,
    0.07858666032552719,
    0.026802387088537216,
    0.0511433444917202,
    0.0568101704120636,
    0.03248836472630501,
    0.05013234168291092,
    0.026113154366612434,
    0.023271124809980392,
    0.014346040785312653,
    0.016659170389175415,
    0.02458389848470688,
    0.0348004475235939,
    0.036716219037771225,
    0.05126539617776871
  ],
  "lambda_l0_effective": [
    0.01,
    0.01,
    0.01,
    0.01,
    0.01,
    0.01,
    0.01,
    0.01,
    0.01,
    0.01,
    0.01,
    0.01,
    0.01,
    0.01,
    0.01,
    0.01,
    0.01,
    0.01,
    0.01,
    0.01,
    0.01,
    0.01,
    0.01,
    0.01,
    0.01,
    0.01,
    0.01,
    0.01,
    0.01,
    0.01,
    0.01,
    0.01,
    0.01,
    0.01,
    0.01
  ],
  "recon_loss": []
}