{
  "epoch": [
    1,
    2,
    3,
    4,
    5,
    6,
    7,
    8,
    9,
    10,
    11,
    12,
    13,
    14,
    15,
    16,
    17,
    18,
    19,
    20,
    21,
    22,
    23,
    24,
    25,
    26,
    27,
    28,
    29,
    30,
    31,
    32,
    33,
    34,
    35,
    36,
    37,
    38,
    39,
    40,
    41,
    42,
    43,
    44,
    45,
    46,
    47,
    48,
    49,
    50,
    51,
    52,
    53,
    54,
    55,
    56,
    57,
    58,
    59,
    60,
    61,
    62,
    63,
    64,
    65,
    66,
    67,
    68,
    69,
    70,
    71,
    72,
    73,
    74,
    75,
    76,
    77,
    78,
    79,
    80,
    81,
    82
  ],
  "train_loss": [
    0.9662209613488453,
    0.32610174925020424,
    0.2491790647848998,
    0.2143369533195354,
    0.18668765832882117,
    0.16757235794079187,
    0.1520694570966286,
    0.14258810988452175,
    0.12844707779955156,
    0.12096711912072532,
    0.11167927576911331,
    0.10402842072567137,
    0.09991305671853594,
    0.09199415689500251,
    0.08480322482709837,
    0.0813149529887308,
    0.07559367597545727,
    0.07273806867623094,
    0.06929593970353651,
    0.0637566253432248,
    0.06051527041167316,
    0.05627460331462397,
    0.054271144681785365,
    0.053365076624668474,
    0.05207018537612835,
    0.047575942378970656,
    0.04642339937831506,
    0.04407352308678155,
    0.040908450352968556,
    0.04001125894339368,
    0.03717198288344806,
    0.03547722861023232,
    0.034882901494603345,
    0.033712286022630066,
    0.03382753022015095,
    0.03397230102247236,
    0.029752142312429328,
    0.02694137011756106,
    0.027696532483148104,
    0.025256283023385423,
    0.026535570271091886,
    0.024902033555035542,
    0.02448998756319432,
    0.02232973271114106,
    0.02358155346263458,
    0.022652361362176663,
    0.020943609176959734,
    0.019373128790002647,
    0.02024113381797872,
    0.018803897180068908,
    0.018302006467180974,
    0.017947468851314912,
    0.017456188332289457,
    0.015730193470337307,
    0.016050727816649003,
    0.016114400118810705,
    0.01459936549804072,
    0.015174484133978587,
    0.014939800402758146,
    0.01642773412214131,
    0.014231932354113548,
    0.013043790483976355,
    0.014398996884206145,
    0.013448257268968932,
    0.010895228122895824,
    0.012068025048563975,
    0.01224447640193866,
    0.010570360122866338,
    0.01078211502310368,
    0.010252689698360639,
    0.010044783718035659,
    0.0107974621437324,
    0.010824726926771427,
    0.009927475758099763,
    0.010305238383969679,
    0.010618655440987706,
    0.008875521329821705,
    0.008528226457471673,
    0.009940991043297593,
    0.008016148177528808,
    0.007120286530612203,
    0.008785643237919574
  ],
  "val_loss": [
    0.3802725844658338,
    0.2890787445581876,
    0.23816423691236055,
    0.2238108555857952,
    0.2045674014549989,
    0.1899733589245723,
    0.18263996965610063,
    0.17262004029292327,
    0.1637020265826812,
    0.15727776203017968,
    0.15343651118186805,
    0.14729426256739175,
    0.13827116357592437,
    0.14418313279747963,
    0.12886262226563233,
    0.12727119744970247,
    0.13269729711688483,
    0.1264094142959668,
    0.12244461906644014,
    0.13026348157570913,
    0.12930373732860273,
    0.12752016834341562,
    0.12035744579938742,
    0.1221117850106496,
    0.11410753744152877,
    0.1181586989416526,
    0.1194116874383046,
    0.11838116983954723,
    0.12714528206449288,
    0.11824913351581647,
    0.11290935140389663,
    0.11867826145428878,
    0.10991294137560405,
    0.10985339418626748,
    0.10999255039944099,
    0.11442797573713157,
    0.11298999104362267,
    0.1284749679840528,
    0.10945709823415829,
    0.12587652785273698,
    0.11354702223952,
    0.1184470526014383,
    0.11128919858198899,
    0.11374102647487934,
    0.1144926599585093,
    0.12345224275038792,
    0.1185312966028085,
    0.11601641702537353,
    0.11660545075742099,
    0.11319688191780677,
    0.11440173249978286,
    0.1173283767241698,
    0.11243465485481116,
    0.10698869236959861,
    0.10828964412212372,
    0.11220528916097604,
    0.10308139284069721,
    0.12288768202639543,
    0.10563826174117051,
    0.10368248419119762,
    0.11821963408818612,
    0.11764853304395309,
    0.11634219638430156,
    0.11086082272231579,
    0.11460686145493618,
    0.11376618794523753,
    0.11847482048548184,
    0.1220522070160279,
    0.1280379773905644,
    0.11443859969194119,
    0.1226477357917107,
    0.11940748889285785,
    0.1192507637807956,
    0.1203744773967908,
    0.12463570730044292,
    0.1207192656225883,
    0.11626864740481743,
    0.11988828818385418,
    0.11949900967570451,
    0.1076823786760752,
    0.1097985518952975,
    0.11548002279148652
  ],
  "train_transduce": [
    0.9662209613488453,
    0.32610174925020424,
    0.2491790647848998,
    0.2143369533195354,
    0.18668765832882117,
    0.16757235794079187,
    0.1520694570966286,
    0.14258810988452175,
    0.12844707779955156,
    0.12096711912072532,
    0.11167927576911331,
    0.10402842072567137,
    0.09991305671853594,
    0.09199415689500251,
    0.08480322482709837,
    0.0813149529887308,
    0.07559367597545727,
    0.07273806867623094,
    0.06929593970353651,
    0.0637566253432248,
    0.06051527041167316,
    0.05627460331462397,
    0.054271144681785365,
    0.053365076624668474,
    0.05207018537612835,
    0.047575942378970656,
    0.04642339937831506,
    0.04407352308678155,
    0.040908450352968556,
    0.04001125894339368,
    0.03717198288344806,
    0.03547722861023232,
    0.034882901494603345,
    0.033712286022630066,
    0.03382753022015095,
    0.03397230102247236,
    0.029752142312429328,
    0.02694137011756106,
    0.027696532483148104,
    0.025256283023385423,
    0.026535570271091886,
    0.024902033555035542,
    0.02448998756319432,
    0.02232973271114106,
    0.02358155346263458,
    0.022652361362176663,
    0.020943609176959734,
    0.019373128790002647,
    0.02024113381797872,
    0.018803897180068908,
    0.018302006467180974,
    0.017947468851314912,
    0.017456188332289457,
    0.015730193470337307,
    0.016050727816649003,
    0.016114400118810705,
    0.01459936549804072,
    0.015174484133978587,
    0.014939800402758146,
    0.01642773412214131,
    0.014231932354113548,
    0.013043790483976355,
    0.014398996884206145,
    0.013448257268968932,
    0.010895228122895824,
    0.012068025048563975,
    0.01224447640193866,
    0.010570360122866338,
    0.01078211502310368,
    0.010252689698360639,
    0.010044783718035659,
    0.0107974621437324,
    0.010824726926771427,
    0.009927475758099763,
    0.010305238383969679,
    0.010618655440987706,
    0.008875521329821705,
    0.008528226457471673,
    0.009940991043297593,
    0.008016148177528808,
    0.007120286530612203,
    0.008785643237919574
  ],