{
  "epoch": [
    1,
    2,
    3,
    4,
    5,
    6,
    7,
    8,
    9,
    10,
    11,
    12,
    13,
    14,
    15,
    16,
    17,
    18,
    19,
    20,
    21,
    22,
    23,
    24,
    25,
    26,
    27,
    28,
    29,
    30,
    31,
    32,
    33,
    34,
    35,
    36,
    37,
    38,
    39,
    40,
    41,
    42,
    43,
    44,
    45,
    46,
    47,
    48,
    49,
    50,
    51,
    52,
    53,
    54,
    55,
    56,
    57,
    58,
    59,
    60,
    61,
    62,
    63,
    64,
    65,
    66,
    67,
    68,
    69,
    70,
    71,
    72,
    73,
    74,
    75,
    76,
    77,
    78,
    79,
    80,
    81,
    82,
    83,
    84,
    85,
    86,
    87,
    88,
    89,
    90,
    91,
    92,
    93,
    94,
    95,
    96,
    97,
    98,
    99,
    100,
    101,
    102,
    103,
    104,
    105,
    106,
    107,
    108,
    109,
    110,
    111,
    112,
    113,
    114,
    115,
    116,
    117,
    118,
    119,
    120,
    121,
    122,
    123,
    124,
    125,
    126,
    127,
    128,
    129,
    130,
    131,
    132,
    133,
    134,
    135,
    136,
    137,
    138,
    139,
    140,
    141,
    142,
    143,
    144,
    145
  ],
  "train_loss": [
    1.1769345820564585,
    0.6552875349202107,
    0.4912363860717754,
    0.3794288352592704,
    0.30014431507317063,
    0.2468750017512705,
    0.2062012764826878,
    0.1769936331307765,
    0.15584386216918217,
    0.1377022247185412,
    0.12364901830778294,
    0.10913920719368556,
    0.10054505476248018,
    0.09472182807848625,
    0.08268405552761457,
    0.07693754403477478,
    0.06997508803363313,
    0.06730725404988859,
    0.060334909313656,
    0.06020859571308205,
    0.0549781793517243,
    0.05285675387791137,
    0.05009277790938456,
    0.04617471670367054,
    0.043813291005790234,
    0.04004816109429776,
    0.04031522930647755,
    0.03867042374787564,
    0.03552828361904345,
    0.03327894059595527,
    0.031158817005487754,
    0.03109457278048101,
    0.028291048573272436,
    0.029005143517801136,
    0.02547705808375991,
    0.026005941620768653,
    0.02485006567830047,
    0.024666364479944417,
    0.023202967702785564,
    0.022044412251657892,
    0.02146559080934709,
    0.020436026986457946,
    0.018886929454723585,
    0.01940433440019482,
    0.019058419792365628,
    0.018222568626275536,
    0.01697953760542321,
    0.016762537665703556,
    0.015687175339913553,
    0.01477780694756465,
    0.015334233902058727,
    0.015080196344888932,
    0.014184151561306693,
    0.013873281222576103,
    0.01495471079449755,
    0.012656187715450512,
    0.014070694932483674,
    0.012319997799121919,
    0.011422769963434063,
    0.012786803265419049,
    0.012066056218583943,
    0.012117213387157499,
    0.011986679564945438,
    0.010611180964372476,
    0.010611944185622689,
    0.010100444090509423,
    0.00947561421126761,
    0.010808625612551942,
    0.009448089525247588,
    0.011054227042813622,
    0.00957439120945319,
    0.009513357956053632,
    0.009685754657785418,
    0.008428930257838316,
    0.008419262905984387,
    0.008669854609233318,
    0.008193790570883196,
    0.009846143161676363,
    0.007848551217226562,
    0.007300912919838327,
    0.007864976244781781,
    0.007737829736685956,
    0.0075107090209356325,
    0.008391935699055279,
    0.009121519903779587,
    0.00793226617964503,
    0.007283572173862209,
    0.0067411153319234165,
    0.007826798742207382,
    0.006694815693466358,
    0.006323807284004323,
    0.006924002544447952,
    0.006106339942018223,
    0.006419228869022264,
    0.006546354754203835,
    0.005895886541411434,
    0.007055592027399209,
    0.006978799899519162,
    0.007038207425551067,
    0.006380015357095057,
    0.005868088189073233,
    0.005717258666373175,
    0.005441931535708286,
    0.005207616056330003,
    0.00544828218248908,
    0.005754400983653223,
    0.005639446401229301,
    0.005148393185401201,
    0.005995158434631879,
    0.005641258824868703,
    0.004635702149244025,
    0.004613022093592721,
    0.004944853028420541,
    0.004289568184944561,
    0.004560812596518537,
    0.004201233323385036,
    0.0047310248065917495,
    0.004489970583253847,
    0.004952970781626382,
    0.005521031929937326,
    0.004808371109508707,
    0.00466366518290651,
    0.004898441044977367,
    0.004110302399698712,
    0.004213646015712809,
    0.003705847568986409,
    0.0035982933590013397,
    0.0037554660135431252,
    0.004076556997798556,
    0.003812964463164819,
    0.003877863490152336,
    0.004103889351455043,
    0.003628226815298027,
    0.003968095959412635,
    0.003782103639264044,
    0.0036453149568279916,
    0.003524379494789623,
    0.003941470780679908,
    0.0037923541375179054,
    0.0044343913407257,
    0.003543567897292267,
    0.0035084438677961197,
    0.0031664742048248917,
    0.0034003482047485225,
    0.0036743107564914156
  ],