{
  "epoch": [
    1,
    2,
    3,
    4,
    5,
    6,
    7,
    8,
    9,
    10,
    11,
    12,
    13,
    14,
    15,
    16,
    17,
    18,
    19,
    20,
    21,
    22,
    23,
    24,
    25,
    26,
    27,
    28,
    29,
    30,
    31,
    32,
    33,
    34,
    35,
    36,
    37,
    38,
    39,
    40,
    41,
    42,
    43,
    44,
    45,
    46,
    47,
    48,
    49,
    50,
    51,
    52,
    53,
    54,
    55,
    56,
    57,
    58,
    59,
    60,
    61
  ],
  "train_loss": [
    0.9339904310469774,
    0.4604666575635831,
    0.30506098915621177,
    0.21270336218408703,
    0.15717237869027964,
    0.1198070254752931,
    0.09982878438283488,
    0.08598765680931278,
    0.07399577372851446,
    0.06494328393072811,
    0.05819668323185641,
    0.052643749017998114,
    0.0459581565966388,
    0.04376940198780335,
    0.039456333124952524,
    0.03832700873542692,
    0.03377887039186107,
    0.030112822271269008,
    0.03069174767366236,
    0.028899240883585718,
    0.02610250393207156,
    0.02399956483691547,
    0.023936986627978916,
    0.021678251773599035,
    0.019468574235023756,
    0.019807524383836185,
    0.01884763776420702,
    0.01853185904226698,
    0.01722673155228156,
    0.01776681405962589,
    0.017826681469384695,
    0.016058351982567345,
    0.016625451932171572,
    0.014824065079758923,
    0.013950997841131595,
    0.01318360385412984,
    0.014039403769144424,
    0.013348799500705617,
    0.013676536473512803,
    0.01153827976968293,
    0.012475138465926704,
    0.011440813550413539,
    0.011891142274349084,
    0.012320610204922785,
    0.012583036481561236,
    0.011409992447540587,
    0.011055812680104882,
    0.009571970080399943,
    0.010602554609727826,
    0.0098078930057398,
    0.009183894014154013,
    0.01057015203681208,
    0.00968369504751292,
    0.01012818538613819,
    0.008820475398961301,
    0.009333292922465918,
    0.009154129082387429,
    0.00872331584165276,
    0.008626891243374743,
    0.0076523631455295135,
    0.009643827600118983
  ],
  "val_loss": [
    0.3545673122772804,
    0.2236951830295416,
    0.18935648409219888,
    0.1449456404034908,
    0.1395158888055728,
    0.14032291506345457,
    0.11709055333183362,
    0.11144298802201565,
    0.10477506569944896,
    0.09780271867146859,
    0.09497476655703324,
    0.0944944706100684,
    0.08999140302722271,
    0.08677834544617397,
    0.08567133030066124,
    0.08145834476901935,
    0.08196906817074005,
    0.08257334392804366,
    0.0765611193357752,
    0.0802403945619097,
    0.08396011476333325,
    0.07852132360522564,
    0.07836592483979005,
    0.08077712485996577,
    0.08102335537282321,
    0.08029845342613183,
    0.07896370712954265,
    0.07741694510556184,
    0.07536855146575433,
    0.08079989104030225,
    0.07523238006979227,
    0.08166924455704597,
    0.08038248838140415,
    0.08010268325989063,
    0.08004768944990176,
    0.07498510232051978,
    0.08098402991890907,
    0.08527259514308892,
    0.07823331750786075,
    0.08844246453820513,
    0.08598157806465259,
    0.08372509493850745,
    0.07906391722365068,
    0.08252095158856648,
    0.08325420251975839,
    0.08403211344893162,
    0.07914386238329686,
    0.0810258541829311,
    0.08842092594848229,
    0.08283932893895186,
    0.08634419080156547,
    0.07742640035800062,
    0.08102928044704291,
    0.0774845120568688,
    0.07900024667525521,
    0.07651945697860076,
    0.08409651748549479,
    0.079238462405136,
    0.082466064988134,
    0.08248030688040532,
    0.07815534621477127
  ],
  "train_transduce": [
    0.9339904310469774,
    0.4604666575635831,
    0.30506098915621177,
    0.21270336218408703,
    0.15717237869027964,
    0.1198070254752931,
    0.09982878438283488,
    0.08598765680931278,
    0.07399577372851446,
    0.06494328393072811,
    0.05819668323185641,
    0.052643749017998114,
    0.0459581565966388,
    0.04376940198780335,
    0.039456333124952524,
    0.03832700873542692,
    0.03377887039186107,
    0.030112822271269008,
    0.03069174767366236,
    0.028899240883585718,
    0.02610250393207156,
    0.02399956483691547,
    0.023936986627978916,
    0.021678251773599035,
    0.019468574235023756,
    0.019807524383836185,
    0.01884763776420702,
    0.01853185904226698,
    0.01722673155228156,
    0.01776681405962589,
    0.017826681469384695,
    0.016058351982567345,
    0.016625451932171572,
    0.014824065079758923,
    0.013950997841131595,
    0.01318360385412984,
    0.014039403769144424,
    0.013348799500705617,
    0.013676536473512803,
    0.01153827976968293,
    0.012475138465926704,
    0.011440813550413539,
    0.011891142274349084,
    0.012320610204922785,
    0.012583036481561236,
    0.011409992447540587,
    0.011055812680104882,
    0.009571970080399943,
    0.010602554609727826,
    0.0098078930057398,
    0.009183894014154013,
    0.01057015203681208,
    0.00968369504751292,
    0.01012818538613819,
    0.008820475398961301,
    0.009333292922465918,
    0.009154129082387429,
    0.00872331584165276,
    0.008626891243374743,
    0.0076523631455295135,
    0.009643827600118983
  ],
  "val_transduce": [
    0.3545673122772804,
    0.2236951830295416,
    0.18935648409219888,
    0.1449456404034908,
    0.1395158888055728,
    0.14032291506345457,
    0.11709055333183362,
    0.11144298802201565,
    0.10477506569944896,
    0.09780271867146859,
    0.09497476655703324,
    0.0944944706100684,
    0.08999140302722271,
    0.08677834544617397,
    0.08567133030066124,
    0.08145834476901935,
    0.08196906817074005,
    0.08257334392804366,
    0.0765611193357752,
    0.0802403945619097,
    0.08396011476333325,
    0.07852132360522564,
    0.07836592483979005,
    0.08077712485996577,
    0.08102335537282321,
    0.08029845342613183,
    0.07896370712954265,
    0.07741694510556184,
    0.07536855146575433,
    0.08079989104030225,
    0.07523238006979227,
    0.08166924455704597,
    0.08038248838140415,
    0.08010268325989063,
    0.08004768944990176,
    0.07498510232051978,
    0.08098402991890907,
    0.08527259514308892,
    0.07823331750786075,
    0.08844246453820513,
    0.08598157806465259,
    0.08372509493850745,
    0.07906391722365068,
    0.08252095158856648,
    0.08325420251975839,
    0.08403211344893162,
    0.07914386238329686,
    0.0810258541829311,
    0.08842092594848229,
    0.08283932893895186,
    0.08634419080156547,
    0.07742640035800062,
    0.08102928044704291,
    0.0774845120568688,
    0.07900024667525521,
    0.07651945697860076,
    0.08409651748549479,
    0.079238462405136,
    0.082466064988134,
    0.08248030688040532,
    0.07815534621477127
  ],
  "l0": [
    0.0,
    0.0,
    0.0,
    0.0,
    0.0,
    0.0,
    0.0,
    0.0,
    0.0,
    0.0,
    0.0,
    0.0,
    0.0,
    0.0,
    0.0,
    0.0,
    0.0,
    0.0,
    0.0,
    0.0,
    0.0,
    0.0,
    0.0,
    0.0,
    0.0,
    0.0,
    0.0,
    0.0,
    0.0,
    0.0,
    0.0,
    0.0,
    0.0,
    0.0,
    0.0,
    0.0,
    0.0,
    0.0,
    0.0,
    0.0,
    0.0,
    0.0,
    0.0,
    0.0,
    0.0,
    0.0,
    0.0,
    0.0,
    0.0,
    0.0,
    0.0,
    0.0,
    0.0,
    0.0,
    0.0,
    0.0,
    0.0,
    0.0,
    0.0,
    0.0,
    0.0
  ],
  "lambda_l0_effective": [
    0.01,
    0.01,
    0.01,
    0.01,
    0.01,
    0.01,
    0.01,
    0.01,
    0.01,
    0.01,
    0.01,
    0.01,
    0.01,
    0.01,
    0.01,
    0.01,
    0.01,
    0.01,
    0.01,
    0.01,
    0.01,
    0.01,
    0.01,
    0.01,
    0.01,
    0.01,
    0.01,
    0.01,
    0.01,
    0.01,
    0.01,
    0.01,
    0.01,
    0.01,
    0.01,
    0.01,
    0.01,
    0.01,
    0.01,
    0.01,
    0.01,
    0.01,
    0.01,
    0.01,
    0.01,
    0.01,
    0.01,
    0.01,
    0.01,
    0.01,
    0.01,
    0.01,
    0.01,
    0.01,
    0.01,
    0.01,
    0.01,
    0.01,
    0.01,
    0.01,
    0.01
  ],
  "recon_loss": [],
  "balance_loss": []
}