{
  "epoch": [
    1,
    2,
    3,
    4,
    5,
    6,
    7,
    8,
    9,
    10,
    11,
    12,
    13,
    14,
    15,
    16,
    17,
    18,
    19,
    20,
    21,
    22,
    23,
    24,
    25,
    26,
    27,
    28,
    29,
    30,
    31,
    32,
    33,
    34,
    35,
    36,
    37,
    38,
    39,
    40,
    41,
    42,
    43,
    44,
    45,
    46,
    47,
    48,
    49
  ],
  "train_loss": [
    1.1301927913710015,
    0.5902582735744948,
    0.43455964480478737,
    0.32056777885894183,
    0.23964408055408715,
    0.19069404224145045,
    0.1564041815083666,
    0.13483033701777458,
    0.11709248599087455,
    0.10351458038251425,
    0.09142359184850123,
    0.08328894258851242,
    0.07619760609855972,
    0.06555982677208394,
    0.06093655352855159,
    0.05723204008620424,
    0.05328231841594595,
    0.0498162944772348,
    0.045199175154041385,
    0.04335338127386478,
    0.04019507351955495,
    0.036961114322094576,
    0.03593947864185596,
    0.03341396477015823,
    0.03366813440951183,
    0.030452440435201237,
    0.028403939945700087,
    0.026779031244193,
    0.026375843029584466,
    0.026059543025036602,
    0.024244479546995507,
    0.022807811701324645,
    0.022779239677660858,
    0.0222087537740194,
    0.01958922815110688,
    0.018976417472153978,
    0.017759122116462394,
    0.017684606470398066,
    0.019912818225926346,
    0.01948021263599434,
    0.017584464026701434,
    0.01623293311459963,
    0.015630793145656127,
    0.01625525063748673,
    0.01701350199279481,
    0.015916550063921772,
    0.016485286239275383,
    0.014639419069052818,
    0.01458152113830402
  ],
  "val_loss": [
    0.5531727763322684,
    0.4296351625369145,
    0.352090264742191,
    0.2577934288061582,
    0.22145284655002448,
    0.19850136568913093,
    0.1898445630302796,
    0.1883526100562169,
    0.1613527461886406,
    0.16041242273954245,
    0.1425791961642412,
    0.14921726200443047,
    0.14860941670261896,
    0.14158061433296937,
    0.1279329348068971,
    0.12055859800714713,
    0.11027922137425496,
    0.11292682931973384,
    0.11261499701784207,
    0.11432035066760503,
    0.1029619975731923,
    0.10506699090966812,
    0.10136800431288205,
    0.09656765670157395,
    0.10585986822843552,
    0.10074006307583588,
    0.10295486980332778,
    0.10464952269998881,
    0.10288708442105697,
    0.09957387355657724,
    0.09824528330220626,
    0.10411608276458886,
    0.10005698739909209,
    0.10663949999098594,
    0.1043700618812671,
    0.09927390100291142,
    0.10277023782523778,
    0.10051406318178543,
    0.12222539103375031,
    0.10305612176083602,
    0.10969068152973285,
    0.10232376092328475,
    0.09787569130555941,
    0.09977112674655822,
    0.0970609813498763,
    0.10624542058660434,
    0.10282470572453278,
    0.1155481689537947,
    0.10073452657805039
  ],
  "train_transduce": [
    1.1301927913710015,
    0.5902582735744948,
    0.43455964480478737,
    0.32056777885894183,
    0.23964408055408715,
    0.19069404224145045,
    0.1564041815083666,
    0.13483033701777458,
    0.11709248599087455,
    0.10351458038251425,
    0.09142359184850123,
    0.08328894258851242,
    0.07619760609855972,
    0.06555982677208394,
    0.06093655352855159,
    0.05723204008620424,
    0.05328231841594595,
    0.0498162944772348,
    0.045199175154041385,
    0.04335338127386478,
    0.04019507351955495,
    0.036961114322094576,
    0.03593947864185596,
    0.03341396477015823,
    0.03366813440951183,
    0.030452440435201237,
    0.028403939945700087,
    0.026779031244193,
    0.026375843029584466,
    0.026059543025036602,
    0.024244479546995507,
    0.022807811701324645,
    0.022779239677660858,
    0.0222087537740194,
    0.01958922815110688,
    0.018976417472153978,
    0.017759122116462394,
    0.017684606470398066,
    0.019912818225926346,
    0.01948021263599434,
    0.017584464026701434,
    0.01623293311459963,
    0.015630793145656127,
    0.01625525063748673,
    0.01701350199279481,
    0.015916550063921772,
    0.016485286239275383,
    0.014639419069052818,
    0.01458152113830402
  ],
  "val_transduce": [
    0.5531727763322684,
    0.4296351625369145,
    0.352090264742191,
    0.2577934288061582,
    0.22145284655002448,
    0.19850136568913093,
    0.1898445630302796,
    0.1883526100562169,
    0.1613527461886406,
    0.16041242273954245,
    0.1425791961642412,
    0.14921726200443047,
    0.14860941670261896,
    0.14158061433296937,
    0.1279329348068971,
    0.12055859800714713,
    0.11027922137425496,
    0.11292682931973384,
    0.11261499701784207,
    0.11432035066760503,
    0.1029619975731923,
    0.10506699090966812,
    0.10136800431288205,
    0.09656765670157395,
    0.10585986822843552,
    0.10074006307583588,
    0.10295486980332778,
    0.10464952269998881,
    0.10288708442105697,
    0.09957387355657724,
    0.09824528330220626,
    0.10411608276458886,
    0.10005698739909209,
    0.10663949999098594,
    0.1043700618812671,
    0.09927390100291142,
    0.10277023782523778,
    0.10051406318178543,
    0.12222539103375031,
    0.10305612176083602,
    0.10969068152973285,
    0.10232376092328475,
    0.09787569130555941,
    0.09977112674655822,
    0.0970609813498763,
    0.10624542058660434,
    0.10282470572453278,
    0.1155481689537947,
    0.10073452657805039
  ],
  "l0": [
    0.0,
    0.0,
    0.0,
    0.0,
    0.0,
    0.0,
    0.0,
    0.0,
    0.0,
    0.0,
    0.0,
    0.0,
    0.0,
    0.0,
    0.0,
    0.0,
    0.0,
    0.0,
    0.0,
    0.0,
    0.0,
    0.0,
    0.0,
    0.0,
    0.0,
    0.0,
    0.0,
    0.0,
    0.0,
    0.0,
    0.0,
    0.0,
    0.0,
    0.0,
    0.0,
    0.0,
    0.0,
    0.0,
    0.0,
    0.0,
    0.0,
    0.0,
    0.0,
    0.0,
    0.0,
    0.0,
    0.0,
    0.0,
    0.0
  ],
  "lambda_l0_effective": [
    0.01,
    0.01,
    0.01,
    0.01,
    0.01,
    0.01,
    0.01,
    0.01,
    0.01,
    0.01,
    0.01,
    0.01,
    0.01,
    0.01,
    0.01,
    0.01,
    0.01,
    0.01,
    0.01,
    0.01,
    0.01,
    0.01,
    0.01,
    0.01,
    0.01,
    0.01,
    0.01,
    0.01,
    0.01,
    0.01,
    0.01,
    0.01,
    0.01,
    0.01,
    0.01,
    0.01,
    0.01,
    0.01,
    0.01,
    0.01,
    0.01,
    0.01,
    0.01,
    0.01,
    0.01,
    0.01,
    0.01,
    0.01,
    0.01
  ],
  "recon_loss": [],
  "balance_loss": []
}