{
  "epoch": [
    1,
    2,
    3,
    4,
    5,
    6,
    7,
    8,
    9,
    10,
    11,
    12,
    13,
    14,
    15,
    16,
    17,
    18,
    19,
    20,
    21,
    22,
    23,
    24,
    25,
    26,
    27,
    28,
    29,
    30,
    31,
    32,
    33,
    34,
    35,
    36,
    37,
    38,
    39,
    40,
    41,
    42,
    43,
    44,
    45,
    46,
    47,
    48,
    49,
    50,
    51,
    52,
    53,
    54,
    55,
    56,
    57,
    58,
    59,
    60,
    61,
    62,
    63,
    64,
    65,
    66,
    67,
    68,
    69,
    70,
    71,
    72,
    73,
    74,
    75,
    76,
    77,
    78,
    79,
    80,
    81,
    82,
    83,
    84,
    85
  ],
  "train_loss": [
    1.352931402393223,
    0.828188243600511,
    0.6653404088364434,
    0.5666643227498556,
    0.49458688144216834,
    0.434197969196998,
    0.38046181647433447,
    0.33751236731858597,
    0.300587818948264,
    0.2709751481708792,
    0.2400984347788329,
    0.21314180865115726,
    0.1882141634975512,
    0.17398916918438734,
    0.1572791367538811,
    0.14219208668494962,
    0.13055908361200205,
    0.12224601900454649,
    0.1144858385369028,
    0.10623404448947955,
    0.09642754172541432,
    0.09044242488969233,
    0.08486833212148283,
    0.07715200693298553,
    0.07537882808672706,
    0.06899610894357729,
    0.0648518439247897,
    0.059620603871022915,
    0.05863669634671863,
    0.055294179107955435,
    0.05257132681105862,
    0.04970302310839449,
    0.048094573929982704,
    0.04583918328214552,
    0.04126956642211713,
    0.04006243818775587,
    0.03904484411144687,
    0.03644424592404021,
    0.03647787778724715,
    0.03290402739952059,
    0.03370820488012636,
    0.0320257263200492,
    0.028590844845706502,
    0.02766342732104828,
    0.025925690248205336,
    0.026172719991852327,
    0.024566736091504393,
    0.025138763869277287,
    0.023430504375281408,
    0.02289697859849128,
    0.02091857087414366,
    0.02016492793096479,
    0.02289252740465412,
    0.018261099903911504,
    0.01839748791841425,
    0.01944751144487641,
    0.01768430474588705,
    0.017472860180129557,
    0.017900110869284374,
    0.017255616392316202,
    0.016057533626060588,
    0.015989447831051405,
    0.014950257071327494,
    0.016230216641075063,
    0.014152627045855156,
    0.014769408980278856,
    0.013328369810682788,
    0.013115870245473133,
    0.013752127636929724,
    0.012766900773582616,
    0.011910024645723901,
    0.011753089520144132,
    0.01259336684657664,
    0.01057822831675948,
    0.011518880313252742,
    0.011207235529394724,
    0.012826615906699762,
    0.010754000572559722,
    0.010298924791247383,
    0.01060264873781635,
    0.011042463811013618,
    0.011971844452044437,
    0.011214495417493944,
    0.010525775091607393,
    0.009941656359101733
  ],
  "val_loss": [
    0.6476093118007367,
    0.47700516077188343,
    0.415322312941918,
    0.3848289434726422,
    0.34221601715454686,
    0.3210520079502693,
    0.30179657156650835,
    0.2801165936084894,
    0.25682877691892475,
    0.24114186144792116,
    0.21616133932883924,
    0.2016149931229078,
    0.2077286747785715,
    0.18676928316171354,
    0.17594027576538232,
    0.15770291078549165,
    0.15925162858687913,
    0.1530571339222101,
    0.14174827073629087,
    0.14389974165421265,
    0.1370077236340596,
    0.14046156177153954,
    0.12578203471807334,
    0.12703232753735322,
    0.12066926807165146,
    0.11421835852357057,
    0.1136697602386658,
    0.11317916529682967,
    0.11201455386785361,
    0.11035420487706478,
    0.10955225475705586,
    0.10416008446079034,
    0.10186617620862447,
    0.10158233602459614,
    0.09939692885829852,
    0.09556208106760795,
    0.09296532935247971,
    0.09131772121271262,
    0.09305466539584674,
    0.0937581444875552,
    0.09427581269007462,
    0.09305295548759974,
    0.09132250849730693,
    0.09391770447389437,
    0.09615487225640279,
    0.0879132908840592,
    0.09162442572414875,
    0.09053005464375019,
    0.08688005633079089,
    0.08913663022506696,
    0.08856373165662472,
    0.09172390114802581,
    0.09041225946006867,
    0.09545640980538267,
    0.09267735115897197,
    0.09087987129504864,
    0.09632950627173369,
    0.09564415866938922,
    0.08620418371775976,
    0.08193941407192212,
    0.08611831104812714,
    0.08712824473444086,
    0.09125506820587012,
    0.09487139283177945,
    0.09628720470489217,
    0.0971659824001388,
    0.08732443313615826,
    0.09597922653819506,
    0.09591204486787319,
    0.09360643372369501,
    0.09499559938334502,
    0.08926033653103961,
    0.08911732095293701,
    0.09521305793000814,
    0.09010584222582671,
    0.08994048704894689,
    0.0969323150616569,
    0.09100589003915396,
    0.09077329109781064,
    0.09009093468865523,
    0.08760319949271014,
    0.08742288095303453,
    0.08826823355271839,
    0.08550331643066154,
    0.08407671608997938
  ],
  "train_transduce": [
    1.3517396247264035,
    0.8281252445633879,
    0.6650589692223933,
    0.5660970641165665,
    0.4939122714639939,
    0.4331709274004415,
    0.3795153197553969,
    0.3364819978008565,
    0.2994646329394321,
    0.2701078595727989,
    0.23958390021754294,
    0.2130273194964399,
    0.1881618952167403,
    0.1739591590522491,
    0.15725970971062012,
    0.14218322130054542,
    0.13055400170155407,
    0.12224415351742322,
    0.1144759097933462,
    0.10623281522049118,
    0.09642608834372968,
    0.09044065883325547,
    0.08486590807124511,
    0.07714979711574377,
    0.07537418144956692,
    0.06899092210091881,
    0.06485149345946373,
    0.05961959137936536,
    0.058635886979394966,
    0.05529381146596879,
    0.05257118068942704,
    0.04970287133161862,
    0.048094454384648926,
    0.04583901757393608,
    0.04126935467584846,
    0.04006232348625961,
    0.03904470781190801,
    0.03644420123975916,
    0.03647783557049085,
    0.03290397701208893,
    0.03370819236007855,
    0.03202570954184096,
    0.02859083483638914,
    0.02766336156919445,
    0.025925607989378964,
    0.026172661215316542,
    0.02456669351470071,
    0.025138735315119176,
    0.023430496315020567,
    0.02289695895190552,
    0.020918560718407028,
    0.02016491139998909,
    0.022892511080105586,
    0.018261073522039296,
    0.018397472573194615,
    0.019447498079917403,
    0.01768428715877235,
    0.01747283418230789,
    0.017900097228289034,
    0.01725556164831115,
    0.01605746722132083,
    0.015989288968542955,
    0.014950041947814338,
    0.016230206485338433,
    0.014152620655014036,
    0.01476940379079585,
    0.013328360622873549,
    0.013115864136669132,
    0.013752123061927593,
    0.01276689594714739,
    0.011910021819351913,
    0.011753068968639277,
    0.012593343947562822,
    0.010578217023273105,
    0.011518744488976435,
    0.01120714650467787,
    0.012826601270173398,
    0.010753999521221351,
    0.010298923698503562,
    0.010602648029123078,
    0.011042461558617172,
    0.011971841106004053,
    0.011214492168066274,
    0.010525768704366745,
    0.009941651596874958
  ],