{
  "epoch": [
    1,
    2,
    3,
    4,
    5,
    6,
    7,
    8,
    9,
    10,
    11,
    12,
    13,
    14,
    15,
    16,
    17,
    18,
    19,
    20,
    21,
    22,
    23,
    24,
    25,
    26,
    27,
    28,
    29,
    30,
    31,
    32,
    33
  ],
  "train_loss": [
    1.1860217404426987,
    0.35902963079435307,
    0.19721998224399753,
    0.12453507584010817,
    0.0860720009917451,
    0.059902382352072556,
    0.04831562731319021,
    0.03762206299825735,
    0.03344662375652145,
    0.02456846944843755,
    0.024313924025225732,
    0.021201132611880443,
    0.02088689943535503,
    0.017213658540096786,
    0.018032899996525003,
    0.01365466346933036,
    0.013007140702798426,
    0.010978398929810939,
    0.012898587451326018,
    0.011619181964503237,
    0.009364778244959134,
    0.011550556076210491,
    0.009571756780826841,
    0.009263413885041842,
    0.0106615710927932,
    0.007528841538119523,
    0.006326150360634819,
    0.005686991145959143,
    0.004392565032419239,
    0.007674123072329448,
    0.009185832341264012,
    0.008656831880666545,
    0.005990481489132754
  ],
  "val_loss": [
    0.2886051249045592,
    0.15391275343986657,
    0.12647824361920357,
    0.10265636100218846,
    0.08174925670027733,
    0.08263933572631615,
    0.07355032202142936,
    0.0703767199928944,
    0.0714104651258542,
    0.07570174415237628,
    0.07252804071714099,
    0.07241468104677132,
    0.07433255575597286,
    0.07495194286681138,
    0.0763523647418389,
    0.07413320923940493,
    0.07133482830921331,
    0.07676131412601815,
    0.07483841763594402,
    0.07679491266473913,
    0.07702955653299935,
    0.07800467688894759,
    0.09527163673192263,
    0.09089724995339146,
    0.08014064725900355,
    0.0823159268049774,
    0.08337747239476392,
    0.08336338443936817,
    0.09138832592333739,
    0.07837708996689449,
    0.08314636084161556,
    0.10929118075336401,
    0.0872986644345264
  ],
  "train_transduce": [
    1.1641623572897666,
    0.3565765967227749,
    0.19721657440988058,
    0.12453412625593008,
    0.08607103850346864,
    0.059901939609001593,
    0.04831493828810521,
    0.03762181091708006,
    0.033446620463288015,
    0.024568286601972487,
    0.02431377464396514,
    0.021201113942223265,
    0.02088676477043131,
    0.01721348383310299,
    0.018032791406233057,
    0.013654643181860255,
    0.013007140702798426,
    0.01097839630266517,
    0.012898501875263053,
    0.011619181964503237,
    0.009364726623765087,
    0.011550497276871706,
    0.009571731860747024,
    0.009263266614859099,
    0.01066156309734089,
    0.007528792175622753,
    0.006326150360634819,
    0.005686821028369374,
    0.004392466731981576,
    0.007674105074760725,
    0.009185796365329093,
    0.008656831880666545,
    0.005990481489132754
  ],
  "val_transduce": [
    0.2760366957921248,
    0.15391104897627464,
    0.12647597749645895,
    0.1026554463001398,
    0.08174925670027733,
    0.08263933572631615,
    0.07355032202142936,
    0.0703767199928944,
    0.0714104651258542,
    0.07570174415237628,
    0.07252804071714099,
    0.07241468104677132,
    0.07433255575597286,
    0.07495194286681138,
    0.0763523647418389,
    0.07413320923940493,
    0.07133482830921331,
    0.07676131412601815,
    0.07483841763594402,
    0.07679491266473913,
    0.07702955653299935,
    0.07800467688894759,
    0.09527163673192263,
    0.09089724995339146,
    0.08014064725900355,
    0.0823159268049774,
    0.08337747239476392,
    0.08336338443936817,
    0.09138832592333739,
    0.07837708996689449,
    0.08314636084161556,
    0.10929118075336401,
    0.0872986644345264
  ],
  "l0": [
    0.0,
    0.0,
    0.0,
    0.0,
    0.0,
    0.0,
    0.0,
    0.0,
    0.0,
    0.0,
    0.0,
    0.0,
    0.0,
    0.0,
    0.0,
    0.0,
    0.0,
    0.0,
    0.0,
    0.0,
    0.0,
    0.0,
    0.0,
    0.0,
    0.0,
    0.0,
    0.0,
    0.0,
    0.0,
    0.0,
    0.0,
    0.0,
    0.0
  ],
  "lambda_l0_effective": [
    0.01,
    0.01,
    0.01,
    0.01,
    0.01,
    0.01,
    0.01,
    0.01,
    0.01,
    0.01,
    0.01,
    0.01,
    0.01,
    0.01,
    0.01,
    0.01,
    0.01,
    0.01,
    0.01,
    0.01,
    0.01,
    0.01,
    0.01,
    0.01,
    0.01,
    0.01,
    0.01,
    0.01,
    0.01,
    0.01,
    0.01,
    0.01,
    0.01
  ],
  "recon_loss": [],
  "balance_loss": []
}