{
  "epoch": [
    1,
    2,
    3,
    4,
    5,
    6,
    7,
    8,
    9,
    10,
    11,
    12,
    13,
    14,
    15,
    16,
    17,
    18,
    19,
    20,
    21,
    22,
    23,
    24,
    25,
    26,
    27,
    28,
    29,
    30,
    31,
    32,
    33,
    34,
    35,
    36,
    37,
    38,
    39,
    40,
    41,
    42,
    43,
    44,
    45,
    46,
    47,
    48,
    49,
    50,
    51,
    52,
    53,
    54,
    55,
    56,
    57,
    58,
    59,
    60,
    61,
    62,
    63,
    64,
    65,
    66,
    67,
    68,
    69,
    70,
    71,
    72,
    73,
    74,
    75,
    76,
    77,
    78,
    79,
    80,
    81,
    82,
    83,
    84,
    85,
    86,
    87,
    88,
    89,
    90,
    91,
    92,
    93,
    94,
    95,
    96,
    97
  ],
  "train_loss": [
    2.353414606339861,
    1.1619192285112816,
    0.8167263883175236,
    0.6502388010520747,
    0.5643495542578177,
    0.4943418638540967,
    0.45470275442198954,
    0.41173841796889166,
    0.3850047988171625,
    0.3654190983512614,
    0.3424142861720359,
    0.3263632482526326,
    0.3069010720689698,
    0.2955983468506596,
    0.28127227399018734,
    0.2665764956486107,
    0.2680959676456924,
    0.2483047630527232,
    0.24912785819851527,
    0.2323163865078794,
    0.23873756412822422,
    0.2263599013042922,
    0.2248570927151359,
    0.2148659609922088,
    0.20853747294680908,
    0.20924385902610157,
    0.19076712053306033,
    0.1960522753767448,
    0.19298192246420548,
    0.18887437584966715,
    0.1836718542150932,
    0.17856376190291773,
    0.17434078255797378,
    0.17953534542333963,
    0.1661608377379356,
    0.16217297743452658,
    0.16174402471521113,
    0.1632590228599487,
    0.15273123083285767,
    0.15451167509107305,
    0.1536778167332753,
    0.14879540354013443,
    0.155194749631504,
    0.14875296584450373,
    0.14618294863122525,
    0.14816984490002735,
    0.1437633392760659,
    0.14140023003415306,
    0.132180150266331,
    0.13222420407403815,
    0.13734335053970317,
    0.13356527044336394,
    0.13370511857884945,
    0.13298598356028596,
    0.12697537088453179,
    0.12823689758482545,
    0.11631136815441717,
    0.12707398108916707,
    0.12517177892645986,
    0.11704054758837908,
    0.11964212664135612,
    0.11569426162629434,
    0.11276026062741137,
    0.12307532732882122,
    0.13074452983270776,
    0.12008902065382146,
    0.11393922419831304,
    0.11684356430674543,
    0.10881332444525,
    0.11856753320092021,
    0.11327411496255657,
    0.11816807581794143,
    0.10788949815058473,
    0.10748093073615933,
    0.105310243950917,
    0.10818688044011003,
    0.09908317442577665,
    0.1028677427421997,
    0.1032269189669059,
    0.10072801007640243,
    0.09916788522190977,
    0.10352049723710163,
    0.10252615152904303,
    0.0988043113288903,
    0.10482391589643932,
    0.10063781076581171,
    0.0993344807388759,
    0.09311064970817896,
    0.092257099152349,
    0.1004532734208768,
    0.09195025691227747,
    0.09722385127650629,
    0.0939460803966711,
    0.09540170694858131,
    0.09552024474533477,
    0.09425085310888763,
    0.09063560626294354
  ],
  "val_loss": [
    1.4963439519588764,
    0.8419404671742365,
    0.6684167797748859,
    0.5003168353667626,
    0.43950481368945193,
    0.38385433417100173,
    0.35050349739881664,
    0.3325963501746838,
    0.27857859088824344,
    0.27857080216591174,
    0.27378323903450597,
    0.2510443673684047,
    0.23646460932034713,
    0.23984699638990256,
    0.2289498631770794,
    0.23170556128025055,
    0.22308946802065924,
    0.20760874908704025,
    0.22144935910518354,
    0.22041663527488708,
    0.20162682005992302,
    0.19742156737125838,
    0.18766771256923676,
    0.20199634822515342,
    0.1948567903958834,
    0.19056458656604475,
    0.18753197502631408,
    0.19132259831978723,
    0.18762497317332488,
    0.1848679998746285,
    0.18843653339606065,
    0.1784463868691371,
    0.19303836616185996,
    0.18378719343588903,
    0.19639109418942377,
    0.18932987864200884,
    0.19094995122689468,
    0.1856167923945647,
    0.19031332375911567,
    0.17493257958155412,
    0.2027996411690345,
    0.17712643857185656,
    0.18201129425030488,
    0.17758965434936377,
    0.17420694862420744,
    0.17572396305891183,
    0.18394227039355499,
    0.1702728638282189,
    0.16832719514003167,
    0.19447281383551085,
    0.17456749941294009,
    0.1809403569652484,
    0.17690049283779585,
    0.18112555948587564,
    0.1834843187378003,
    0.1773166862817911,
    0.16901316551061776,
    0.1798987417266919,
    0.1720342022868303,
    0.16943256327739128,
    0.17906545733030027,
    0.1817847301180546,
    0.18737130268261984,
    0.16540358846004194,
    0.1658872440457344,
    0.17151448187919763,
    0.1610817015171051,
    0.16597947249045739,
    0.18154444201634481,
    0.1781907522907624,
    0.166953267959448,
    0.16728337911459115,
    0.16456080285402444,
    0.18287927485429323,
    0.17278906760307458,
    0.18027780262323526,
    0.1615814560881028,
    0.1770332260773732,
    0.17222668001284966,
    0.18015948224526185,
    0.1795953196974901,
    0.179525005702789,
    0.18005489787230125,
    0.1815754106411567,
    0.17680779672586,
    0.18682344143207258,
    0.18168094754219055,
    0.17199172939245516,
    0.1733776909800676,
    0.1801768713272535,
    0.18670298961492685,
    0.18890594691038132,
    0.18055061824046648,
    0.17622195871976706,
    0.1862186067379438,
    0.18422204771867165,
    0.1992114014350451
  ],