{
  "epoch": [
    1,
    2,
    3,
    4,
    5,
    6,
    7,
    8,
    9,
    10,
    11,
    12,
    13,
    14,
    15,
    16,
    17,
    18,
    19,
    20,
    21,
    22,
    23,
    24,
    25,
    26,
    27,
    28,
    29,
    30,
    31,
    32,
    33,
    34,
    35,
    36,
    37,
    38,
    39,
    40,
    41,
    42,
    43,
    44,
    45,
    46,
    47,
    48,
    49,
    50,
    51,
    52,
    53,
    54,
    55,
    56,
    57,
    58,
    59,
    60,
    61,
    62,
    63,
    64,
    65,
    66,
    67,
    68,
    69,
    70,
    71,
    72,
    73,
    74,
    75,
    76,
    77,
    78,
    79,
    80,
    81,
    82,
    83,
    84,
    85,
    86,
    87,
    88,
    89,
    90,
    91,
    92,
    93,
    94,
    95,
    96,
    97,
    98,
    99,
    100,
    101,
    102,
    103,
    104,
    105,
    106,
    107,
    108
  ],
  "train_loss": [
    1.3277248021253605,
    0.8157853579398283,
    0.6308351194428414,
    0.5087723042239848,
    0.42453658396435767,
    0.35585019361112535,
    0.3142676638420095,
    0.276580417509546,
    0.24909548630419465,
    0.22146316487150094,
    0.2046140787220493,
    0.18827022181958267,
    0.171630523292367,
    0.1624805379236482,
    0.1502097339666996,
    0.1410706947298394,
    0.13091643723015933,
    0.12099577167753092,
    0.11511547258603819,
    0.10883527765645809,
    0.10136632093218799,
    0.09554976174972721,
    0.08778877128107646,
    0.08658279430543639,
    0.08143179864651456,
    0.07895217511380456,
    0.07268869768367293,
    0.06852691219255481,
    0.06669599966136451,
    0.06492285153914973,
    0.05985236074295394,
    0.05797405415166592,
    0.05224071521811264,
    0.04932507415561332,
    0.051105174533638754,
    0.04647906230205728,
    0.04525481091965873,
    0.04444832756116833,
    0.042188394401875356,
    0.04138587007164648,
    0.040288838183449714,
    0.03700754516421981,
    0.03542125515505364,
    0.03764266169332352,
    0.03532706095462607,
    0.03142614053927131,
    0.03131110386529304,
    0.02947600290524898,
    0.02889769812853834,
    0.027444770809301397,
    0.027329379596661048,
    0.026432821911173996,
    0.02519000164405971,
    0.025942997416462173,
    0.026029076254398553,
    0.02370200946581425,
    0.024256238848278204,
    0.022226025590423457,
    0.021529606517077873,
    0.01994333927970879,
    0.019593401457970366,
    0.020391841467047474,
    0.020936545494646217,
    0.020064428917938824,
    0.018119696654936242,
    0.018553834817775516,
    0.018017660544407507,
    0.017828668902157663,
    0.01822323666899897,
    0.016137534577265075,
    0.016619822942920644,
    0.017318557591427156,
    0.01629183225732143,
    0.015210875545234717,
    0.014656701341232996,
    0.016013568598469814,
    0.016072082320064997,
    0.015000347451297278,
    0.012857334922336656,
    0.013951413413826568,
    0.015125290129439348,
    0.01473185817168584,
    0.013094655749359235,
    0.01409925466052919,
    0.013053194847145146,
    0.012013282960511207,
    0.012683929392429473,
    0.01115247896349192,
    0.01085887364227056,
    0.010113531902442043,
    0.010501805414474503,
    0.01170428261429686,
    0.011502185718818884,
    0.01191832670478688,
    0.009432992402862604,
    0.011915170569596909,
    0.010622122617841689,
    0.010188149887475559,
    0.010631593199297977,
    0.009072095227125342,
    0.010140039791837911,
    0.009984780683244588,
    0.010202913653686373,
    0.010121026694457786,
    0.009715827431268125,
    0.008597811506088996,
    0.009392159937259252,
    0.010109424747084988
  ],
  "val_loss": [
    0.7663546663064223,
    0.551258731346864,
    0.4840242129105788,
    0.43685492873191833,
    0.40072320516292864,
    0.37296563386917114,
    0.33423541142390323,
    0.319613985144175,
    0.3086685033944937,
    0.3115845276759221,
    0.2837278820001162,
    0.27317387209488797,
    0.25502082247000474,
    0.2457914398266719,
    0.2370836895245772,
    0.22735775777926812,
    0.2212719269669973,
    0.2182952154141206,
    0.2037170254267179,
    0.1971554125730808,
    0.19022798939393118,
    0.18743582872244027,
    0.19521814756668532,
    0.18668543833952683,
    0.1747244928891842,
    0.16610191017389297,
    0.181234254859961,
    0.15716081571120483,
    0.16154327530127305,
    0.1650684384199289,
    0.15234472316045028,
    0.15696565462992743,
    0.1464302528363008,
    0.14646720399077123,
    0.13716407951254111,
    0.14607703169951072,
    0.14229998680261466,
    0.13638055897676027,
    0.135837188993509,
    0.13793116034223482,
    0.13345345912071374,
    0.13618770556954238,
    0.14053686880148375,
    0.12509075208352163,
    0.13306301889511254,
    0.13005971679320702,
    0.12084786049448527,
    0.12540875274974567,
    0.11513133633595246,
    0.13556019216775894,
    0.12616889264721137,
    0.12756088175452673,
    0.12507525645196438,
    0.11402001217580758,
    0.11340580894969977,
    0.11804415801396737,
    0.11252000741660595,
    0.10757044430535573,
    0.11995284560208137,
    0.11127393406171066,
    0.11785813392354892,
    0.11280115120686017,
    0.11397779174149036,
    0.11130727268755436,
    0.10832134190087135,
    0.11160453566564964,
    0.10568871005223347,
    0.10919199081567618,
    0.11374081664073926,
    0.11849378486378835,
    0.1287739761173725,
    0.1024785298280991,
    0.10644633681155168,
    0.11247238824860407,
    0.11511760864120263,
    0.10704848843698318,
    0.10328546825509805,
    0.10571959872658436,
    0.11278869326298054,
    0.10159341274545743,
    0.09837150631042627,
    0.09924708270969299,
    0.09700017852278855,
    0.09984086281978168,
    0.10623316961125685,
    0.10763571253762795,
    0.1013838708257446,
    0.11606172379106283,
    0.10693864044375144,
    0.10466502227175695,
    0.11147573683410883,
    0.12193701344613846,
    0.11085230384308559,
    0.11650331347034527,
    0.10843817065828122,
    0.10124496234437594,
    0.10353634549448124,
    0.1032530446178638,
    0.09712708884706864,
    0.10423938786754242,
    0.1059212780629213,
    0.10588125082162711,
    0.09849994987822495,
    0.10484684072434902,
    0.10760971552763994,
    0.10618641514044541,
    0.10978093234678873,
    0.10651197893401751
  ],