{
  "epoch": [
    1,
    2,
    3,
    4,
    5,
    6,
    7,
    8,
    9,
    10,
    11,
    12,
    13,
    14,
    15,
    16,
    17,
    18,
    19,
    20,
    21,
    22,
    23,
    24,
    25,
    26,
    27,
    28,
    29,
    30,
    31,
    32,
    33,
    34,
    35,
    36,
    37,
    38,
    39,
    40,
    41,
    42,
    43,
    44,
    45,
    46,
    47,
    48,
    49,
    50,
    51,
    52,
    53,
    54,
    55,
    56,
    57,
    58,
    59,
    60,
    61,
    62,
    63,
    64,
    65,
    66,
    67,
    68,
    69,
    70,
    71,
    72,
    73
  ],
  "train_loss": [
    1.1216603198002295,
    0.5628209223145062,
    0.38467376164554323,
    0.2743434356045477,
    0.21009769044893303,
    0.16410023139156016,
    0.13479997628589266,
    0.1137940147795628,
    0.09909639255979012,
    0.08910494460964326,
    0.07934405623944764,
    0.071013495902118,
    0.06561985902833878,
    0.05817547990681277,
    0.052852847536584154,
    0.05060605370660418,
    0.04424198822492791,
    0.04251974417357562,
    0.04119083257007998,
    0.04000977310592059,
    0.036034173428167386,
    0.03317142830988795,
    0.031900848972505516,
    0.030053363714520772,
    0.028592162206288928,
    0.027325609578875844,
    0.026332751751790957,
    0.02411849538257979,
    0.024091664346453455,
    0.02397967187553337,
    0.021609695445861398,
    0.021030680898135316,
    0.019384358243863146,
    0.018125026650035504,
    0.017125442726105528,
    0.018842402481973247,
    0.015443315347848633,
    0.01680945359247247,
    0.016532876905649134,
    0.014345327550641348,
    0.015794758356089907,
    0.015241264912885489,
    0.013241358100167792,
    0.013727491429872504,
    0.012758236708474759,
    0.013090016485969583,
    0.012433136201262013,
    0.012522385778510463,
    0.011811365979512404,
    0.01320068719352778,
    0.012278085245064354,
    0.011228239772836534,
    0.011674891294402637,
    0.0104080806588322,
    0.011813073656065678,
    0.010192439311121581,
    0.009217756368896742,
    0.00897749606879985,
    0.009058200792930349,
    0.009878674520842116,
    0.00866907450776144,
    0.008718068128782949,
    0.009830763974567856,
    0.009578187073840155,
    0.009076811720079445,
    0.01002965999986813,
    0.00749420124218924,
    0.007277426879658585,
    0.008235905684000264,
    0.008185098074633418,
    0.0074090946333113215,
    0.007473182465134611,
    0.007818118199230815
  ],
  "val_loss": [
    0.4741491744151482,
    0.32940377180392927,
    0.24222192053611463,
    0.1946515555565174,
    0.18870169612077567,
    0.1693988677400809,
    0.1629381271509024,
    0.14469211433942503,
    0.13306589596546614,
    0.13219582174833006,
    0.1211288055548301,
    0.11623657437471244,
    0.116840227578695,
    0.12549522777016348,
    0.12246010022667739,
    0.10860101978939313,
    0.10819107824220107,
    0.10625784213726337,
    0.10295973316981243,
    0.10044085922149512,
    0.09485137935441273,
    0.10108972226197903,
    0.09567097789393021,
    0.0992007298538318,
    0.09300256663790116,
    0.09510107890058023,
    0.08912334211457235,
    0.08933008283090133,
    0.084830714819523,
    0.0883153796625825,
    0.0880551473595775,
    0.08542602408963901,
    0.09093532693357421,
    0.08100483992781776,
    0.08547400074222913,
    0.0841222658323554,
    0.0863196595500295,
    0.07561878999695182,
    0.08330834241440663,
    0.08056914953228372,
    0.07813797403986637,
    0.07921023591636465,
    0.08349022129550576,
    0.08300211416700712,
    0.08141020975577143,
    0.08514090813696384,
    0.08263613749295473,
    0.07291733099219318,
    0.08348121931060003,
    0.0770713823238531,
    0.08507550871357895,
    0.07897377902498612,
    0.08044575754768,
    0.07749603907219492,
    0.08487302704284397,
    0.08220563433133066,
    0.08881853037298872,
    0.08215918861186275,
    0.08244204614311457,
    0.08112638923697747,
    0.08023279883827154,
    0.08848494792786929,
    0.07523644814052834,
    0.07442298495712188,
    0.07921648929970196,
    0.08597133854905573,
    0.07868435815908015,
    0.08034647911643752,
    0.07871087751566218,
    0.08943103690846609,
    0.08151262790824358,
    0.08038421254605055,
    0.080630765368159
  ],
  "train_transduce": [
    1.1216603198002295,
    0.5628209223145062,
    0.38467376164554323,
    0.2743434356045477,
    0.21009769044893303,
    0.16410023139156016,
    0.13479997628589266,
    0.1137940147795628,
    0.09909639255979012,
    0.08910494460964326,
    0.07934405623944764,
    0.071013495902118,
    0.06561985902833878,
    0.05817547990681277,
    0.052852847536584154,
    0.05060605370660418,
    0.04424198822492791,
    0.04251974417357562,
    0.04119083257007998,
    0.04000977310592059,
    0.036034173428167386,
    0.03317142830988795,
    0.031900848972505516,
    0.030053363714520772,
    0.028592162206288928,
    0.027325609578875844,
    0.026332751751790957,
    0.02411849538257979,
    0.024091664346453455,
    0.02397967187553337,
    0.021609695445861398,
    0.021030680898135316,
    0.019384358243863146,
    0.018125026650035504,
    0.017125442726105528,
    0.018842402481973247,
    0.015443315347848633,
    0.01680945359247247,
    0.016532876905649134,
    0.014345327550641348,
    0.015794758356089907,
    0.015241264912885489,
    0.013241358100167792,
    0.013727491429872504,
    0.012758236708474759,
    0.013090016485969583,
    0.012433136201262013,
    0.012522385778510463,
    0.011811365979512404,
    0.01320068719352778,
    0.012278085245064354,
    0.011228239772836534,
    0.011674891294402637,
    0.0104080806588322,
    0.011813073656065678,
    0.010192439311121581,
    0.009217756368896742,
    0.00897749606879985,
    0.009058200792930349,
    0.009878674520842116,
    0.00866907450776144,
    0.008718068128782949,
    0.009830763974567856,
    0.009578187073840155,
    0.009076811720079445,
    0.01002965999986813,
    0.00749420124218924,
    0.007277426879658585,
    0.008235905684000264,
    0.008185098074633418,
    0.0074090946333113215,
    0.007473182465134611,
    0.007818118199230815
  ],