{
  "epoch": [
    1,
    2,
    3,
    4,
    5,
    6,
    7,
    8,
    9,
    10,
    11,
    12,
    13,
    14,
    15,
    16,
    17,
    18,
    19,
    20,
    21,
    22,
    23,
    24,
    25,
    26,
    27,
    28,
    29,
    30,
    31,
    32,
    33,
    34,
    35,
    36,
    37,
    38,
    39,
    40,
    41,
    42,
    43,
    44,
    45,
    46,
    47,
    48,
    49,
    50
  ],
  "train_loss": [
    2.246054947990732,
    0.8604980756327049,
    0.4633271135005754,
    0.2971469511076347,
    0.2100224764921616,
    0.16597364504927212,
    0.125552196247676,
    0.1025862177622687,
    0.08769254856886938,
    0.07621360049803846,
    0.062373804898222085,
    0.05589485498740501,
    0.05008919832306271,
    0.044272505783850384,
    0.04140992628736902,
    0.04140117274808515,
    0.03279615094712407,
    0.028180327784922934,
    0.030760191443385845,
    0.03175416643270435,
    0.02693258174311024,
    0.02471071940405083,
    0.0201042566554064,
    0.01817276677568011,
    0.018783818515132843,
    0.017930968752198073,
    0.02138447129292433,
    0.019840448019430808,
    0.017908637471900312,
    0.017068126188475908,
    0.015925413730899927,
    0.013863760841165468,
    0.015201722306545018,
    0.012006280811133882,
    0.012866907133168742,
    0.011076992519857535,
    0.014396927436482469,
    0.013063200240589908,
    0.014869657686561077,
    0.01196859279688275,
    0.013943890076053818,
    0.01204599958686062,
    0.0102812122318356,
    0.00953152941656299,
    0.012301267088107649,
    0.012416325378730969,
    0.009413120434043411,
    0.009459578318127729,
    0.0069312416095065775,
    0.008313450592656419
  ],
  "val_loss": [
    1.2243833450170665,
    0.41825615213467526,
    0.20696103916718409,
    0.14382195014220017,
    0.10517142455165203,
    0.08621447819929856,
    0.081544135338985,
    0.06834490396655522,
    0.06481646918333493,
    0.06533513067720029,
    0.06433039309027103,
    0.06323753755826217,
    0.0800531477524111,
    0.0602324205952195,
    0.05919743379434714,
    0.06261080191828884,
    0.0605188538857664,
    0.060886053153528616,
    0.06311594121731244,
    0.05999595564431869,
    0.07099772610056859,
    0.07004397163669077,
    0.06071246415376663,
    0.06428928931172077,
    0.0591938690855526,
    0.06816427918294302,
    0.06384577587820016,
    0.07458998925554064,
    0.06965509281816104,
    0.07597115324237026,
    0.07039413067440574,
    0.06960424222052097,
    0.0770410575832312,
    0.07510316191026224,
    0.07034782257575828,
    0.07783544368038957,
    0.07283973625789468,
    0.07108381881306951,
    0.07461523515387224,
    0.08729014330758499,
    0.07942530430423525,
    0.07582775532053067,
    0.06945607657186113,
    0.08047619397537066,
    0.07513316821020383,
    0.07064955952004172,
    0.07174051567338981,
    0.07007968468734851,
    0.07071334302711946,
    0.07721128701590575
  ],
  "train_transduce": [
    2.2366080234960184,
    0.8602167043796519,
    0.46315286008967566,
    0.2970459641715915,
    0.2099263247140904,
    0.1659150365163985,
    0.12550651773656765,
    0.1025506027196486,
    0.08766113768917383,
    0.07618589068465319,
    0.062343923298200384,
    0.055868371380205006,
    0.05006820062828279,
    0.04425637857489211,
    0.04139962485156108,
    0.041385861281689605,
    0.03277492710898064,
    0.028166542912247714,
    0.030749242551163913,
    0.03174661712471357,
    0.026920457147349863,
    0.024699728083844807,
    0.020097186114427817,
    0.018165171520842106,
    0.018778606651581285,
    0.0179251333057746,
    0.02137623809412429,
    0.019832107500105944,
    0.017903184250582817,
    0.017064875920696818,
    0.01592125800154988,
    0.013856634562451047,
    0.01519768434149434,
    0.012001774695668294,
    0.012862118950579315,
    0.011074278404643355,
    0.014393284747055396,
    0.013058990661952569,
    0.014865972134692729,
    0.011963673282208247,
    0.013941735679706194,
    0.012043576800389234,
    0.010278731025275342,
    0.009528220896117063,
    0.012297628192979958,
    0.012412815018720234,
    0.009410807339608977,
    0.009458294686184447,
    0.006929074624702143,
    0.008312137025173217
  ],
  "val_transduce": [
    1.2240137320298414,
    0.41811856856712926,
    0.20692120836331293,
    0.14380063918920663,
    0.10516341575063191,
    0.08620879827783658,
    0.08154055160971788,
    0.06834233867434356,
    0.0648135939756265,
    0.06533506362197491,
    0.06433034838678744,
    0.06323564854952005,
    0.0800531477524111,
    0.06023163885737841,
    0.05919708132457275,
    0.06261080191828884,
    0.0605188538857664,
    0.060886053153528616,
    0.06311594121731244,
    0.05999537449903213,
    0.07099737019206469,
    0.07004397163669077,
    0.06071246415376663,
    0.06428928931172077,
    0.0591938690855526,
    0.06816427918294302,
    0.06384577587820016,
    0.07458998925554064,
    0.06965509281816104,
    0.07597115324237026,
    0.07039413067440574,
    0.06960424222052097,
    0.0770410243421793,
    0.07510255669386914,
    0.07034782257575828,
    0.07783544368038957,
    0.07283934624865651,
    0.07108307977278645,
    0.07461523515387224,
    0.08729014330758499,
    0.07942530430423525,
    0.07582775532053067,
    0.06945607657186113,
    0.08047619397537066,
    0.07513316821020383,
    0.07064955952004172,
    0.07174051567338981,
    0.07007968468734851,
    0.07071334302711946,
    0.07721128701590575
  ],
  "l0": [
    0.0,
    0.0,
    0.0,
    0.0,
    0.0,
    0.0,
    0.0,
    0.0,
    0.0,
    0.0,
    0.0,
    0.0,
    0.0,
    0.0,
    0.0,
    0.0,
    0.0,
    0.0,
    0.0,
    0.0,
    0.0,
    0.0,
    0.0,
    0.0,
    0.0,
    0.0,
    0.0,
    0.0,
    0.0,
    0.0,
    0.0,
    0.0,
    0.0,
    0.0,
    0.0,
    0.0,
    0.0,
    0.0,
    0.0,
    0.0,
    0.0,
    0.0,
    0.0,
    0.0,
    0.0,
    0.0,
    0.0,
    0.0,
    0.0,
    0.0
  ],
  "lambda_l0_effective": [
    0.01,
    0.01,
    0.01,
    0.01,
    0.01,
    0.01,
    0.01,
    0.01,
    0.01,
    0.01,
    0.01,
    0.01,
    0.01,
    0.01,
    0.01,
    0.01,
    0.01,
    0.01,
    0.01,
    0.01,
    0.01,
    0.01,
    0.01,
    0.01,
    0.01,
    0.01,
    0.01,
    0.01,
    0.01,
    0.01,
    0.01,
    0.01,
    0.01,
    0.01,
    0.01,
    0.01,
    0.01,
    0.01,
    0.01,
    0.01,
    0.01,
    0.01,
    0.01,
    0.01,
    0.01,
    0.01,
    0.01,
    0.01,
    0.01,
    0.01
  ],
  "recon_loss": [],
  "balance_loss": []
}