{
  "epoch": [
    1,
    2,
    3,
    4,
    5,
    6,
    7,
    8,
    9,
    10,
    11,
    12,
    13,
    14,
    15,
    16,
    17,
    18,
    19,
    20,
    21,
    22,
    23,
    24,
    25,
    26,
    27,
    28,
    29,
    30,
    31,
    32,
    33,
    34,
    35,
    36,
    37,
    38,
    39,
    40,
    41,
    42,
    43,
    44,
    45,
    46,
    47,
    48
  ],
  "train_loss": [
    0.8775775400326424,
    0.29711955739665274,
    0.15446219320610627,
    0.10411985892533641,
    0.07529597573904033,
    0.05912020579748547,
    0.04891863659254669,
    0.04023958598599606,
    0.03423607106003718,
    0.032174793105649274,
    0.028806353765587833,
    0.023875270106052,
    0.024484191365904875,
    0.021949490244241105,
    0.021394629984345173,
    0.019028839281971383,
    0.017519134422044086,
    0.01720838722792099,
    0.017059025275472973,
    0.014997411138838944,
    0.0175510144122809,
    0.0144259698446552,
    0.013355399573164195,
    0.012946231123876096,
    0.011466434412664667,
    0.012859052881243225,
    0.011481223869756748,
    0.01278130734488176,
    0.012058254492771571,
    0.010790127557558343,
    0.011055620171168108,
    0.010330509561229228,
    0.00896071787556326,
    0.00969906761755053,
    0.009422673711783647,
    0.008681023466105563,
    0.008129378055827212,
    0.00847381727017472,
    0.008492038815075858,
    0.007885810231415498,
    0.008566840186045439,
    0.008364758388254522,
    0.008039806618417623,
    0.0077747804223446985,
    0.006346429905496519,
    0.007005366207203665,
    0.007287037533800329,
    0.007544641323284409
  ],
  "val_loss": [
    0.309997286934119,
    0.20096431787197405,
    0.17000806732819632,
    0.14899074343534616,
    0.14225686628084916,
    0.12322988848273571,
    0.1132109764103706,
    0.12385276819650944,
    0.12131499040585297,
    0.11773779501135533,
    0.10778718226804183,
    0.10095496160479692,
    0.10009490139782429,
    0.10361338829478392,
    0.0951548837698423,
    0.1044137361817635,
    0.10282665827813056,
    0.10743640090983647,
    0.09616295441698569,
    0.09329460382174987,
    0.09439877377679715,
    0.09613003438481918,
    0.09313794554999241,
    0.09537652965921622,
    0.10748022293242124,
    0.10339012176084977,
    0.09767019017957725,
    0.10674754723619956,
    0.10276059820674933,
    0.106651773962837,
    0.10542706586420536,
    0.10454936927327743,
    0.10337452418529071,
    0.09493429908672205,
    0.09696201428484458,
    0.10243989111712345,
    0.10794871028226155,
    0.10314905944351967,
    0.10428299511281344,
    0.10349129118884985,
    0.11157526505681184,
    0.1040895742435868,
    0.10947751142801,
    0.1008930320923145,
    0.09905127607859097,
    0.09968727762595965,
    0.10254636077353588,
    0.09878326780520953
  ],
  "train_transduce": [
    0.8775775400326424,
    0.29711955739665274,
    0.15446219320610627,
    0.10411985892533641,
    0.07529597573904033,
    0.05912020579748547,
    0.04891863659254669,
    0.04023958598599606,
    0.03423607106003718,
    0.032174793105649274,
    0.028806353765587833,
    0.023875270106052,
    0.024484191365904875,
    0.021949490244241105,
    0.021394629984345173,
    0.019028839281971383,
    0.017519134422044086,
    0.01720838722792099,
    0.017059025275472973,
    0.014997411138838944,
    0.0175510144122809,
    0.0144259698446552,
    0.013355399573164195,
    0.012946231123876096,
    0.011466434412664667,
    0.012859052881243225,
    0.011481223869756748,
    0.01278130734488176,
    0.012058254492771571,
    0.010790127557558343,
    0.011055620171168108,
    0.010330509561229228,
    0.00896071787556326,
    0.00969906761755053,
    0.009422673711783647,
    0.008681023466105563,
    0.008129378055827212,
    0.00847381727017472,
    0.008492038815075858,
    0.007885810231415498,
    0.008566840186045439,
    0.008364758388254522,
    0.008039806618417623,
    0.0077747804223446985,
    0.006346429905496519,
    0.007005366207203665,
    0.007287037533800329,
    0.007544641323284409
  ],
  "val_transduce": [
    0.309997286934119,
    0.20096431787197405,
    0.17000806732819632,
    0.14899074343534616,
    0.14225686628084916,
    0.12322988848273571,
    0.1132109764103706,
    0.12385276819650944,
    0.12131499040585297,
    0.11773779501135533,
    0.10778718226804183,
    0.10095496160479692,
    0.10009490139782429,
    0.10361338829478392,
    0.0951548837698423,
    0.1044137361817635,
    0.10282665827813056,
    0.10743640090983647,
    0.09616295441698569,
    0.09329460382174987,
    0.09439877377679715,
    0.09613003438481918,
    0.09313794554999241,
    0.09537652965921622,
    0.10748022293242124,
    0.10339012176084977,
    0.09767019017957725,
    0.10674754723619956,
    0.10276059820674933,
    0.106651773962837,
    0.10542706586420536,
    0.10454936927327743,
    0.10337452418529071,
    0.09493429908672205,
    0.09696201428484458,
    0.10243989111712345,
    0.10794871028226155,
    0.10314905944351967,
    0.10428299511281344,
    0.10349129118884985,
    0.11157526505681184,
    0.1040895742435868,
    0.10947751142801,
    0.1008930320923145,
    0.09905127607859097,
    0.09968727762595965,
    0.10254636077353588,
    0.09878326780520953
  ],
  "l0": [
    0.0,
    0.0,
    0.0,
    0.0,
    0.0,
    0.0,
    0.0,
    0.0,
    0.0,
    0.0,
    0.0,
    0.0,
    0.0,
    0.0,
    0.0,
    0.0,
    0.0,
    0.0,
    0.0,
    0.0,
    0.0,
    0.0,
    0.0,
    0.0,
    0.0,
    0.0,
    0.0,
    0.0,
    0.0,
    0.0,
    0.0,
    0.0,
    0.0,
    0.0,
    0.0,
    0.0,
    0.0,
    0.0,
    0.0,
    0.0,
    0.0,
    0.0,
    0.0,
    0.0,
    0.0,
    0.0,
    0.0,
    0.0
  ],
  "lambda_l0_effective": [
    0.01,
    0.01,
    0.01,
    0.01,
    0.01,
    0.01,
    0.01,
    0.01,
    0.01,
    0.01,
    0.01,
    0.01,
    0.01,
    0.01,
    0.01,
    0.01,
    0.01,
    0.01,
    0.01,
    0.01,
    0.01,
    0.01,
    0.01,
    0.01,
    0.01,
    0.01,
    0.01,
    0.01,
    0.01,
    0.01,
    0.01,
    0.01,
    0.01,
    0.01,
    0.01,
    0.01,
    0.01,
    0.01,
    0.01,
    0.01,
    0.01,
    0.01,
    0.01,
    0.01,
    0.01,
    0.01,
    0.01,
    0.01
  ],
  "recon_loss": [],
  "balance_loss": []
}