{
  "epoch": [
    1,
    2,
    3,
    4,
    5,
    6,
    7,
    8,
    9,
    10,
    11,
    12,
    13,
    14,
    15,
    16,
    17,
    18,
    19,
    20,
    21,
    22,
    23,
    24,
    25,
    26,
    27,
    28,
    29,
    30,
    31,
    32,
    33,
    34,
    35,
    36,
    37,
    38,
    39,
    40,
    41,
    42,
    43,
    44,
    45,
    46,
    47,
    48,
    49,
    50,
    51,
    52,
    53,
    54,
    55,
    56,
    57,
    58,
    59,
    60,
    61,
    62,
    63,
    64,
    65,
    66,
    67,
    68,
    69,
    70,
    71,
    72,
    73,
    74,
    75,
    76,
    77,
    78,
    79
  ],
  "train_loss": [
    1.0086984997338588,
    0.42328421225642215,
    0.3212753051873481,
    0.27010656863746074,
    0.24419974882413845,
    0.21986399561461836,
    0.20062488317489624,
    0.18932514881143475,
    0.1774846780123097,
    0.1663154157081453,
    0.15394135048188787,
    0.14946778494827817,
    0.1397719096281741,
    0.13270546676646364,
    0.12319116419789815,
    0.11763477417649609,
    0.11512860615212138,
    0.10981776948907587,
    0.10462110061751734,
    0.09775969485687737,
    0.09634694803764324,
    0.09294175843496134,
    0.09030485761785272,
    0.08526735756509375,
    0.08526800801553348,
    0.08075310540671396,
    0.07744808196283803,
    0.07433491926824692,
    0.07235307982283654,
    0.07146976268527531,
    0.0660235513333637,
    0.06514982023451588,
    0.06240602446222069,
    0.06368292860760547,
    0.059978205175830586,
    0.060272050320659534,
    0.05645580219086444,
    0.05385147721165478,
    0.05224929808980167,
    0.05063934651858146,
    0.0488392162404143,
    0.04910087043253502,
    0.04443002247832494,
    0.044923030301043304,
    0.04335067679386328,
    0.043764870853559804,
    0.042802031742095355,
    0.03916300633129212,
    0.03883812904800519,
    0.04025501679481551,
    0.037970010025223884,
    0.03669325418143284,
    0.03639349351535634,
    0.037079444828231146,
    0.034720786552101666,
    0.033879019753398874,
    0.032259384317710846,
    0.03014518553391099,
    0.03204139875303401,
    0.030693261459986174,
    0.027730957540397595,
    0.028170485754893854,
    0.027584669332361162,
    0.02607573799346343,
    0.027064137880017262,
    0.027077647350212133,
    0.02523927660290115,
    0.02187599747506256,
    0.02195621735536226,
    0.025611535752063045,
    0.02195530453014492,
    0.022299407100729127,
    0.02191378947550265,
    0.021612297914147673,
    0.02141144455382877,
    0.021908783568253758,
    0.02079670999826181,
    0.01969110601959695,
    0.019327891211366594
  ],
  "val_loss": [
    0.41773558809207034,
    0.3015680805994914,
    0.2539739476946684,
    0.2297213553236081,
    0.21863490858903298,
    0.20334960176394537,
    0.19408999383449554,
    0.17810307557766253,
    0.17659052805258676,
    0.1659955416734402,
    0.15319203871947068,
    0.14596507583673185,
    0.14135546867664045,
    0.1404342743066641,
    0.13387994554180366,
    0.12821709450620872,
    0.12405635903661068,
    0.12307371170474933,
    0.11733055000121777,
    0.1185124648305086,
    0.11451575991052848,
    0.11422097596984643,
    0.10588191707546894,
    0.10479742876039101,
    0.10089179744514135,
    0.09879567058613667,
    0.09564911072643903,
    0.09166847040446904,
    0.09829352982342243,
    0.09600259435291474,
    0.09173795437583557,
    0.0919852016063837,
    0.08884757083769028,
    0.08669369588964261,
    0.08758184299446069,
    0.08948913839860605,
    0.0800183817314414,
    0.08193591695565444,
    0.08010201442700166,
    0.08313838643236802,
    0.07847080651957256,
    0.0722957279962989,
    0.07900613811440192,
    0.07177629142713088,
    0.07869709161325143,
    0.0756807651084203,
    0.07720482245517465,
    0.07890401135843533,
    0.0735712587260283,
    0.07534673817169207,
    0.08558623865246773,
    0.07644088831371985,
    0.07164346570005783,
    0.07070320658385754,
    0.07412305080260222,
    0.07386353178522907,
    0.07693174882577015,
    0.07743348288708009,
    0.07987778243393852,
    0.07706305757164955,
    0.07304971808424363,
    0.07585800711352092,
    0.0754757892125501,
    0.07389232319278213,
    0.0816560943539326,
    0.07965761301322626,
    0.07620955412634291,
    0.07863973815423939,
    0.07751103007019712,
    0.07893368007185367,
    0.07959715545607302,
    0.0783737376332283,
    0.0755266875673372,
    0.07844814111908469,
    0.07547532781385459,
    0.07490403738875802,
    0.0762762502552225,
    0.07852047760612689,
    0.07400165548404822
  ],
  "train_transduce": [
    1.0086984997338588,
    0.42328421225642215,
    0.3212753051873481,
    0.27010656863746074,
    0.24419974882413845,
    0.21986399561461836,
    0.20062488317489624,
    0.18932514881143475,
    0.1774846780123097,
    0.1663154157081453,
    0.15394135048188787,
    0.14946778494827817,
    0.1397719096281741,
    0.13270546676646364,
    0.12319116419789815,
    0.11763477417649609,
    0.11512860615212138,
    0.10981776948907587,
    0.10462110061751734,
    0.09775969485687737,
    0.09634694803764324,
    0.09294175843496134,
    0.09030485761785272,
    0.08526735756509375,
    0.08526800801553348,
    0.08075310540671396,
    0.07744808196283803,
    0.07433491926824692,
    0.07235307982283654,
    0.07146976268527531,
    0.0660235513333637,
    0.06514982023451588,
    0.06240602446222069,
    0.06368292860760547,
    0.059978205175830586,
    0.060272050320659534,
    0.05645580219086444,
    0.05385147721165478,
    0.05224929808980167,
    0.05063934651858146,
    0.0488392162404143,
    0.04910087043253502,
    0.04443002247832494,
    0.044923030301043304,
    0.04335067679386328,
    0.043764870853559804,
    0.042802031742095355,
    0.03916300633129212,
    0.03883812904800519,
    0.04025501679481551,
    0.037970010025223884,
    0.03669325418143284,
    0.03639349351535634,
    0.037079444828231146,
    0.034720786552101666,
    0.033879019753398874,
    0.032259384317710846,
    0.03014518553391099,
    0.03204139875303401,
    0.030693261459986174,
    0.027730957540397595,
    0.028170485754893854,
    0.027584669332361162,
    0.02607573799346343,
    0.027064137880017262,
    0.027077647350212133,
    0.02523927660290115,
    0.02187599747506256,
    0.02195621735536226,
    0.025611535752063045,
    0.02195530453014492,
    0.022299407100729127,
    0.02191378947550265,
    0.021612297914147673,
    0.02141144455382877,
    0.021908783568253758,
    0.02079670999826181,
    0.01969110601959695,
    0.019327891211366594
  ],