{
  "epoch": [
    1,
    2,
    3,
    4,
    5,
    6,
    7,
    8,
    9,
    10,
    11,
    12,
    13,
    14,
    15,
    16,
    17,
    18,
    19,
    20,
    21,
    22,
    23,
    24,
    25,
    26,
    27,
    28,
    29,
    30,
    31,
    32,
    33,
    34,
    35,
    36,
    37,
    38,
    39,
    40,
    41,
    42,
    43,
    44,
    45,
    46,
    47,
    48,
    49,
    50,
    51,
    52,
    53,
    54,
    55,
    56,
    57,
    58,
    59,
    60,
    61,
    62,
    63,
    64,
    65,
    66,
    67,
    68,
    69,
    70,
    71,
    72,
    73,
    74,
    75,
    76,
    77,
    78,
    79,
    80,
    81,
    82,
    83,
    84,
    85,
    86,
    87,
    88,
    89,
    90,
    91,
    92,
    93,
    94,
    95,
    96,
    97,
    98,
    99,
    100,
    101,
    102,
    103,
    104,
    105,
    106
  ],
  "train_loss": [
    1.5133619873794084,
    0.9655811872678933,
    0.7904039722742494,
    0.6763688623905182,
    0.5901034637210295,
    0.521652475153048,
    0.46219153871241303,
    0.40850565375126513,
    0.36813221119113804,
    0.330533567777614,
    0.3058779771180497,
    0.2798836646006279,
    0.2550566443770202,
    0.24127931017236612,
    0.2194651935211162,
    0.20241106505092887,
    0.1898097052939774,
    0.17985969309493438,
    0.16606908134117568,
    0.15911077462213555,
    0.15016008195342476,
    0.1429535503470406,
    0.13108771248269327,
    0.12658333117814408,
    0.11905832150855016,
    0.11420861662355895,
    0.1084445901599127,
    0.10282773365141805,
    0.0973403620312816,
    0.09198102330040071,
    0.08914504486337765,
    0.08454027007689181,
    0.08030338387590708,
    0.07814240991377953,
    0.07368709722092164,
    0.07236513553052834,
    0.06831361895868766,
    0.0662409707174166,
    0.06326362004830051,
    0.06048983455510791,
    0.058878799910013824,
    0.05479709825180855,
    0.056112756587795375,
    0.05181069223728684,
    0.05118497161521125,
    0.04936402713515095,
    0.04645809378551761,
    0.04560859548408039,
    0.04516954209233068,
    0.0427144216853626,
    0.042368267758835836,
    0.03935611484687507,
    0.040722005664534176,
    0.035892694237997236,
    0.03714363273598023,
    0.03629479976370931,
    0.03303520552353146,
    0.034542920552770195,
    0.033098076014136224,
    0.03138872757362029,
    0.032711248456010804,
    0.029865811391704782,
    0.031181748836426083,
    0.027206649278895448,
    0.02814232430315202,
    0.02697853748590599,
    0.026444505712919935,
    0.025525076252398724,
    0.02504695610853738,
    0.024783147057307137,
    0.026170222623965022,
    0.023641023952897983,
    0.024749802670335955,
    0.02204039653753574,
    0.02363362519752196,
    0.02069125295203832,
    0.021776343878243388,
    0.020859586887455248,
    0.02126524043053427,
    0.02130428647152004,
    0.019600411099333737,
    0.019981121212320842,
    0.019741306842314368,
    0.018778065141511254,
    0.01932471329298293,
    0.01847684933784773,
    0.01778274125625984,
    0.019246112162813776,
    0.01812299703291051,
    0.01999418571058507,
    0.01715746341566027,
    0.01818097938937087,
    0.01649193118143942,
    0.018492115269050233,
    0.016865252787199293,
    0.016527222391438775,
    0.015112210585994972,
    0.01598130841499444,
    0.01653311497858274,
    0.01641487959441105,
    0.016088639528817048,
    0.014436999626323273,
    0.01593662219088448,
    0.015743244147725096,
    0.01377051673498312,
    0.014549787319505337
  ],
  "val_loss": [
    0.8387958269852859,
    0.6367409641926105,
    0.5412434362448179,
    0.4843624967795152,
    0.4361063585831569,
    0.4018018933442923,
    0.37082035495684695,
    0.33564812403458816,
    0.3159209375198071,
    0.2968830168247223,
    0.2801662970047731,
    0.26797809509130627,
    0.25888892664359164,
    0.24668232523477995,
    0.228118169766206,
    0.2224696370271536,
    0.21466028002592233,
    0.20293970176806816,
    0.19525142931021178,
    0.19489724246355203,
    0.18004241184546396,
    0.18208643049001694,
    0.17436054406257775,
    0.17916743228068718,
    0.16478646431977934,
    0.16002248055659807,
    0.151276633143425,
    0.1469458444760396,
    0.15142907202243805,
    0.14083571560107744,
    0.13541662463775048,
    0.13535892132383126,
    0.1334381252527237,
    0.12664880546239707,
    0.12726124748587608,
    0.11954864945549232,
    0.1264307527587964,
    0.12078969151927875,
    0.11871034050217041,
    0.1115992501951181,
    0.11319071570268044,
    0.11576866444486839,
    0.11640702273983222,
    0.12176593034886397,
    0.10782323663051312,
    0.10470235748932911,
    0.10551097358648594,
    0.10411312946906456,
    0.10127340916257638,
    0.10194322810723232,
    0.10410444868298677,
    0.10400179171791443,
    0.09953978256537364,
    0.09983390340438256,
    0.09406941584669627,
    0.0946826605269542,
    0.09349644828874332,
    0.09890916012227535,
    0.09478644310281827,
    0.09745176100673583,
    0.1047374290915636,
    0.09245034923347142,
    0.08950043913836662,
    0.08420871520558229,
    0.091447313531087,
    0.0881917903629633,
    0.08691323627359591,
    0.08877399742889863,
    0.08950173224394138,
    0.09070228197826789,
    0.09245209897366855,
    0.0917510176793887,
    0.0861441629150739,
    0.08711506168429668,
    0.09021527785807848,
    0.09402567262832935,
    0.09110957871262844,
    0.08763609099416779,
    0.08559104058748254,
    0.08777535420197707,
    0.08298958092927933,
    0.08913648837747482,
    0.08700803860735434,
    0.08718118393936983,
    0.0866152890599691,
    0.09143310663505243,
    0.09059100956297837,
    0.09394606876258667,
    0.09230167948855804,
    0.08948722746796332,
    0.08943629236175464,
    0.09753910122582546,
    0.08639282632905704,
    0.08661286815857658,
    0.08905112112943943,
    0.08897461584554268,
    0.09121516920053042,
    0.08731575718579385,
    0.09072142452574693,
    0.08854341664566444,
    0.08999839188674322,
    0.09186538681387901,
    0.09195844012384231,
    0.09359216403502685,
    0.09447945453799687,
    0.09752122563524888
  ],