{
  "epoch": [
    1,
    2,
    3,
    4,
    5,
    6,
    7,
    8,
    9,
    10,
    11,
    12,
    13,
    14,
    15,
    16,
    17,
    18,
    19,
    20,
    21,
    22,
    23,
    24,
    25,
    26,
    27,
    28,
    29,
    30,
    31,
    32,
    33,
    34,
    35,
    36,
    37,
    38,
    39,
    40,
    41,
    42,
    43,
    44,
    45
  ],
  "train_loss": [
    1.2441950733821416,
    0.21004139958429582,
    0.08103298004140559,
    0.04342450888961861,
    0.0269099886615559,
    0.02133571834677888,
    0.014987682542024353,
    0.011600908738100114,
    0.010902891348394537,
    0.009225660100934509,
    0.007408569374880225,
    0.006940486798898231,
    0.006008105200100882,
    0.005170031177052825,
    0.005223906634389855,
    0.004347909482546419,
    0.004913925239456261,
    0.003192555928931658,
    0.0037527663465805315,
    0.003624312342600609,
    0.003574163473832911,
    0.003867810866741473,
    0.0030968342015109283,
    0.0032214459291954535,
    0.0019112142055990298,
    0.0019432391332115584,
    0.004966757583705536,
    0.002146170119342116,
    0.0016244493111951237,
    0.0019811904018105144,
    0.002104994741306861,
    0.0020720661904653245,
    0.0035715541208568556,
    0.0015167892226375058,
    0.0018869780830483279,
    0.0023469892778651687,
    0.0017031103221954028,
    0.0012847736587591311,
    0.0018727399300278006,
    0.001321563139463626,
    0.0010453973140401918,
    0.0016445195390016247,
    0.001758034762442736,
    0.0012794171231042728,
    0.0016291920906088804
  ],
  "val_loss": [
    0.23337627488833207,
    0.07559634716464923,
    0.05275983836215276,
    0.040363129371633895,
    0.03629927638058479,
    0.036054135944980845,
    0.036790325377996154,
    0.03832548430476051,
    0.0360522662790922,
    0.035949272228978,
    0.03940520707804423,
    0.03821673686616123,
    0.04218663017337139,
    0.03827563288191763,
    0.03983086021617055,
    0.038508322483931594,
    0.04260301770857321,
    0.043558901390777185,
    0.04473916801194159,
    0.0402806129736396,
    0.039547480624885514,
    0.04144245534777068,
    0.04081796315641931,
    0.04273587902291463,
    0.04388938887188068,
    0.0460726717272057,
    0.04359416382458921,
    0.04230133809435826,
    0.04312716383272065,
    0.04297356608395393,
    0.044542630785144866,
    0.05938802004003754,
    0.04150811936527204,
    0.043420557058058105,
    0.04365993061890969,
    0.04535711544136015,
    0.04135408840375021,
    0.044270268256346196,
    0.039326484041969076,
    0.04246206984568674,
    0.04444280585560661,
    0.048469751298678324,
    0.048901995057419226,
    0.04971894434689043,
    0.04842016353415182
  ],
  "train_transduce": [
    1.2441950733821416,
    0.21004139958429582,
    0.08103298004140559,
    0.04342450888961861,
    0.0269099886615559,
    0.02133571834677888,
    0.014987682542024353,
    0.011600908738100114,
    0.010902891348394537,
    0.009225660100934509,
    0.007408569374880225,
    0.006940486798898231,
    0.006008105200100882,
    0.005170031177052825,
    0.005223906634389855,
    0.004347909482546419,
    0.004913925239456261,
    0.003192555928931658,
    0.0037527663465805315,
    0.003624312342600609,
    0.003574163473832911,
    0.003867810866741473,
    0.0030968342015109283,
    0.0032214459291954535,
    0.0019112142055990298,
    0.0019432391332115584,
    0.004966757583705536,
    0.002146170119342116,
    0.0016244493111951237,
    0.0019811904018105144,
    0.002104994741306861,
    0.0020720661904653245,
    0.0035715541208568556,
    0.0015167892226375058,
    0.0018869780830483279,
    0.0023469892778651687,
    0.0017031103221954028,
    0.0012847736587591311,
    0.0018727399300278006,
    0.001321563139463626,
    0.0010453973140401918,
    0.0016445195390016247,
    0.001758034762442736,
    0.0012794171231042728,
    0.0016291920906088804
  ],
  "val_transduce": [
    0.23337627488833207,
    0.07559634716464923,
    0.05275983836215276,
    0.040363129371633895,
    0.03629927638058479,
    0.036054135944980845,
    0.036790325377996154,
    0.03832548430476051,
    0.0360522662790922,
    0.035949272228978,
    0.03940520707804423,
    0.03821673686616123,
    0.04218663017337139,
    0.03827563288191763,
    0.03983086021617055,
    0.038508322483931594,
    0.04260301770857321,
    0.043558901390777185,
    0.04473916801194159,
    0.0402806129736396,
    0.039547480624885514,
    0.04144245534777068,
    0.04081796315641931,
    0.04273587902291463,
    0.04388938887188068,
    0.0460726717272057,
    0.04359416382458921,
    0.04230133809435826,
    0.04312716383272065,
    0.04297356608395393,
    0.044542630785144866,
    0.05938802004003754,
    0.04150811936527204,
    0.043420557058058105,
    0.04365993061890969,
    0.04535711544136015,
    0.04135408840375021,
    0.044270268256346196,
    0.039326484041969076,
    0.04246206984568674,
    0.04444280585560661,
    0.048469751298678324,
    0.048901995057419226,
    0.04971894434689043,
    0.04842016353415182
  ],
  "l0": [
    0.0,
    0.0,
    0.0,
    0.0,
    0.0,
    0.0,
    0.0,
    0.0,
    0.0,
    0.0,
    0.0,
    0.0,
    0.0,
    0.0,
    0.0,
    0.0,
    0.0,
    0.0,
    0.0,
    0.0,
    0.0,
    0.0,
    0.0,
    0.0,
    0.0,
    0.0,
    0.0,
    0.0,
    0.0,
    0.0,
    0.0,
    0.0,
    0.0,
    0.0,
    0.0,
    0.0,
    0.0,
    0.0,
    0.0,
    0.0,
    0.0,
    0.0,
    0.0,
    0.0,
    0.0
  ],
  "lambda_l0_effective": [
    0.01,
    0.01,
    0.01,
    0.01,
    0.01,
    0.01,
    0.01,
    0.01,
    0.01,
    0.01,
    0.01,
    0.01,
    0.01,
    0.01,
    0.01,
    0.01,
    0.01,
    0.01,
    0.01,
    0.01,
    0.01,
    0.01,
    0.01,
    0.01,
    0.01,
    0.01,
    0.01,
    0.01,
    0.01,
    0.01,
    0.01,
    0.01,
    0.01,
    0.01,
    0.01,
    0.01,
    0.01,
    0.01,
    0.01,
    0.01,
    0.01,
    0.01,
    0.01,
    0.01,
    0.01
  ],
  "recon_loss": [],
  "balance_loss": [],
  "val_reg_acc": [
    0.337696335078534,
    0.5026178010471204,
    0.5549738219895288,
    0.56282722513089,
    0.5837696335078534,
    0.5549738219895288,
    0.599476439790576,
    0.6230366492146597,
    0.5942408376963351,
    0.6361256544502618,
    0.6282722513089005,
    0.5968586387434555,
    0.6151832460732984,
    0.675392670157068,
    0.6492146596858639,
    0.7146596858638743,
    0.6701570680628273,
    0.680628272251309,
    0.643979057591623,
    0.6963350785340314,
    0.7120418848167539,
    0.7094240837696335,
    0.7120418848167539,
    0.7303664921465969,
    0.7539267015706806,
    0.7172774869109948,
    0.6910994764397905,
    0.7172774869109948,
    0.7356020942408377,
    0.7198952879581152,
    0.7015706806282722,
    0.6858638743455497,
    0.7513089005235603,
    0.7591623036649214,
    0.7329842931937173,
    0.7277486910994765,
    0.680628272251309,
    0.725130890052356,
    0.7460732984293194,
    0.7356020942408377,
    0.7486910994764397,
    0.7591623036649214,
    0.6989528795811518,
    0.7382198952879581,
    0.7905759162303665
  ],