{
  "epoch": [
    1,
    2,
    3,
    4,
    5,
    6,
    7,
    8,
    9,
    10,
    11,
    12,
    13,
    14,
    15,
    16,
    17,
    18,
    19,
    20,
    21,
    22,
    23,
    24,
    25,
    26,
    27,
    28,
    29,
    30,
    31,
    32,
    33,
    34,
    35,
    36,
    37,
    38,
    39,
    40,
    41,
    42,
    43,
    44,
    45,
    46,
    47,
    48,
    49,
    50,
    51,
    52,
    53,
    54,
    55,
    56,
    57,
    58,
    59,
    60,
    61,
    62,
    63,
    64,
    65,
    66,
    67,
    68,
    69,
    70,
    71,
    72,
    73,
    74,
    75,
    76,
    77,
    78,
    79,
    80,
    81,
    82,
    83,
    84,
    85,
    86,
    87,
    88,
    89,
    90,
    91,
    92,
    93,
    94,
    95
  ],
  "train_loss": [
    2.7420619525531733,
    2.0520907109326654,
    1.8286879652797585,
    1.6694307693160406,
    1.5548837432766904,
    1.4304529098000858,
    1.3371516442534948,
    1.24171512433798,
    1.1605583700803246,
    1.099462073628265,
    1.0302761976081547,
    0.9833621896139466,
    0.9524496233109201,
    0.917326004198282,
    0.8863995541440378,
    0.8612958198726768,
    0.8409026884796595,
    0.8213524434826162,
    0.8039932782107061,
    0.7912263368616009,
    0.7743189860098433,
    0.7594006988081602,
    0.7494636160312312,
    0.7271279173322244,
    0.7235319750143749,
    0.7091266607293988,
    0.7005874862765321,
    0.6974106543134935,
    0.6816103974781414,
    0.672093138836398,
    0.6746267195385282,
    0.657654607059932,
    0.6542221703151665,
    0.6518081553501658,
    0.6416913306359018,
    0.6351785833882814,
    0.6224000604435949,
    0.6221919762025966,
    0.6228822168737355,
    0.61004970244842,
    0.6045149098528494,
    0.5960829328782488,
    0.5914950987490097,
    0.5827026972086122,
    0.5845064131340177,
    0.5739487701713448,
    0.5717591259739186,
    0.5684581832720501,
    0.5659503140071831,
    0.5531198004684826,
    0.5515569796656618,
    0.551019959225513,
    0.548823988968783,
    0.5438892965269561,
    0.5347451018814994,
    0.5319967042691637,
    0.5356244987780505,
    0.5313830113056863,
    0.5120978163610591,
    0.5247627399345436,
    0.5172069718932161,
    0.4984522225833175,
    0.4819240168769761,
    0.4795363315261236,
    0.47273948464063137,
    0.46985244396889564,
    0.4564674667792745,
    0.45929382785712136,
    0.44382526526356686,
    0.4527363148656222,
    0.4477576704898683,
    0.43791618057996917,
    0.4327137611880161,
    0.4333287256188912,
    0.4267982805129325,
    0.4247489533211925,
    0.4266305548129695,
    0.41841262756007735,
    0.417002528020651,
    0.41099127595967583,
    0.40847508299468765,
    0.4058815807399183,
    0.4047491488480332,
    0.39844035010526674,
    0.39948943670433346,
    0.3927089107213634,
    0.3949458560731151,
    0.39177379484223845,
    0.38911804881426365,
    0.3799521415540488,
    0.37960174679756165,
    0.37978925828886506,
    0.37939213526130905,
    0.38148014675272574,
    0.3709752634905352
  ],
  "val_loss": [
    1.9446875407145574,
    1.653795416538532,
    1.4934294682282667,
    1.3619057123477643,
    1.2467607993345995,
    1.113993649299328,
    1.0127592086791992,
    0.9311255996043866,
    0.850805951998784,
    0.8222480737246,
    0.7888470062842736,
    0.7707674824274503,
    0.7529880404472351,
    0.738860011100769,
    0.71671462059021,
    0.7183582278398367,
    0.7040601510267991,
    0.6843045995785639,
    0.676890295285445,
    0.6748825219961313,
    0.6670932448827304,
    0.6493805280098548,
    0.6413251941020672,
    0.6499659052261939,
    0.6498673970882709,
    0.6323692065018874,
    0.6327933944188632,
    0.6121935844421387,
    0.6184097620157095,
    0.60283330312142,
    0.6066639652618995,
    0.5918934528644269,
    0.5908490923734812,
    0.5754907177044795,
    0.5833313740216769,
    0.57518693116995,
    0.5707394939202529,
    0.5723893734124991,
    0.5816868360225971,
    0.5744690872155703,
    0.5820425084004035,
    0.5577561511443212,
    0.5614011746186477,
    0.5648891925811768,
    0.5775099992752075,
    0.5543115574579972,
    0.5669699769753677,
    0.5583624931482168,
    0.5463031255281888,
    0.5477781502100137,
    0.5354901758524088,
    0.5411250774676983,
    0.535988484437649,
    0.5336263798750364,
    0.5316215982803931,
    0.5376339554786682,
    0.5265450523449824,
    0.5219939603255346,
    0.5312244685796591,
    0.5140442756506113,
    0.5092253960095919,
    0.49502230836794925,
    0.481154379936365,
    0.4746759212934054,
    0.4877767494091621,
    0.48195133300927967,
    0.5022764297632071,
    0.4991709062686333,
    0.4885556193498465,
    0.47433963188758266,
    0.4954780340194702,
    0.48977266595913815,
    0.4855323571425218,
    0.4852069089045891,
    0.5111194550991058,
    0.5133013954529395,
    0.4788021193100856,
    0.49029433039518505,
    0.475927845789836,
    0.4916244103358342,
    0.5023481364433582,
    0.5001803040504456,
    0.5051444929379684,
    0.4789296411550962,
    0.4833879585449512,
    0.4936177019889538,
    0.4957889914512634,
    0.5168053484880007,
    0.4872099505021022,
    0.49180250672193676,
    0.4929974927352025,
    0.49414727321037877,
    0.4987255587027623,
    0.49088371717012846,
    0.512115246974505
  ],
  "train_transduce": [
    2.7403157961250533,
    2.051928365584647,
    1.8283177165701838,
    1.6691080898341566,
    1.5545609705518968,
    1.4291930540953532,
    1.3360493985733184,
    1.24081021606332,
    1.1599379417919877,
    1.0981702019672583,
    1.029366152711434,
    0.9824724327219595,
    0.951559855796323,
    0.9166269261058014,
    0.8853921972879089,
    0.8601466187156073,
    0.8397374194447357,
    0.8207199986618344,
    0.802941090399676,
    0.7900321094116362,
    0.772944445657258,
    0.7585673143367956,
    0.7485705200988467,
    0.7262540087841525,
    0.7225563703197064,
    0.7085291371487155,
    0.6998790183869918,
    0.696410327854723,
    0.680669624026459,
    0.6715050944597414,
    0.6737517885642477,
    0.6568044099477258,
    0.6537585647979586,
    0.6511487698200906,
    0.6409617647676185,
    0.6346847568408097,
    0.6218021432361981,
    0.6215371527884266,
    0.6222113435811335,
    0.6091001142959783,
    0.6037667411388737,
    0.5955073346595953,
    0.5908377064336644,
    0.5820687486983762,
    0.5838932607433583,
    0.5733367130898013,
    0.5715035043730594,
    0.5679598592295505,
    0.5655565972965543,
    0.5525664760924802,
    0.5511090531207548,
    0.5504968715186166,
    0.5484316275261416,
    0.5435223287284965,
    0.5343964970347905,
    0.5315558556282874,
    0.5352151302417906,
    0.5307861566543579,
    0.5118591956572958,
    0.5243506186669415,
    0.5166069829818045,
    0.49868386069146714,
    0.4824446737766266,
    0.4801114514322564,
    0.4732530494727711,
    0.47038785331320054,
    0.45701406556780977,
    0.45977554374402113,
    0.44429550046967986,
    0.4532483046007629,
    0.44823262302002104,
    0.43834877427261654,
    0.43312318372254327,
    0.4337175494373435,
    0.4271438886033426,
    0.4250404108868967,
    0.4269427766304205,
    0.4187505602246464,
    0.41730797408831,
    0.41130955945147146,
    0.40874053877178984,
    0.4061335342945439,
    0.40496172527275465,
    0.3986315165120776,
    0.3997159275678125,
    0.3929584253542494,
    0.39513370306184975,
    0.3919929277778852,
    0.38940437152834223,
    0.380198662971506,
    0.37986469091755326,
    0.3800526196413701,
    0.3796785630211972,
    0.3817681622977304,
    0.3712082500800048
  ],