{
  "epoch": [
    1,
    2,
    3,
    4,
    5,
    6,
    7,
    8,
    9,
    10,
    11,
    12,
    13,
    14,
    15,
    16,
    17,
    18,
    19,
    20,
    21,
    22,
    23,
    24,
    25,
    26,
    27,
    28,
    29,
    30,
    31,
    32,
    33,
    34,
    35,
    36,
    37,
    38,
    39,
    40,
    41,
    42,
    43,
    44,
    45,
    46,
    47,
    48,
    49,
    50,
    51,
    52,
    53,
    54,
    55,
    56,
    57,
    58,
    59,
    60,
    61,
    62,
    63,
    64,
    65,
    66,
    67,
    68,
    69,
    70,
    71,
    72,
    73,
    74,
    75,
    76,
    77,
    78,
    79,
    80,
    81,
    82,
    83,
    84,
    85,
    86,
    87,
    88,
    89,
    90,
    91,
    92
  ],
  "train_loss": [
    1.5257518316052623,
    0.9761855000073147,
    0.8007781892707667,
    0.6916831541307193,
    0.615467072147684,
    0.5456732794181588,
    0.49054880086908637,
    0.43911122599827873,
    0.39948229107660116,
    0.3638232041572787,
    0.3331475446826404,
    0.3030059940575324,
    0.2678247858414945,
    0.2393230284304963,
    0.22067493015957862,
    0.20329856734300397,
    0.18551848586840727,
    0.17363473700033022,
    0.15915488486283833,
    0.1485148266572313,
    0.1354146978443431,
    0.1290598269359967,
    0.12141418334135075,
    0.11222570370306674,
    0.10604361642497717,
    0.0990713241212454,
    0.09173788708279428,
    0.08644653726177118,
    0.08413256470536448,
    0.0798299325457246,
    0.07487282262558174,
    0.06932107620325285,
    0.06653844684208791,
    0.06434231432942078,
    0.06323424134326656,
    0.05765688605606556,
    0.05354910491744882,
    0.053359988404764344,
    0.05103012678434247,
    0.04479106870892736,
    0.04655005565854078,
    0.04155971442070818,
    0.04232172489876753,
    0.03855031255402209,
    0.03686791211462666,
    0.03658687156749908,
    0.03490534842436768,
    0.032752013285212295,
    0.030213753558388075,
    0.027649317488804,
    0.028378381965125037,
    0.027941146879888995,
    0.02674562370250981,
    0.024914525754116092,
    0.02528284195349696,
    0.024230460626716466,
    0.02308696194686303,
    0.02365941208662446,
    0.02312018463781737,
    0.020164692486377107,
    0.020331382365013983,
    0.017088008756490098,
    0.017717670678093878,
    0.01787518046090629,
    0.017919081608889643,
    0.017707541374940926,
    0.016519904718734324,
    0.015203118428693527,
    0.016607994115287343,
    0.015092686373145156,
    0.015876596419083087,
    0.013083893871750952,
    0.015043324567665606,
    0.013286239898417951,
    0.012654524422538727,
    0.0128602524427217,
    0.014144038332664628,
    0.013007291412033793,
    0.011439933804027046,
    0.01331708374368411,
    0.011736702532195439,
    0.011784285663377456,
    0.011113873005426997,
    0.012032604296859737,
    0.010377549095266527,
    0.011628521840956984,
    0.0097528538077388,
    0.009364373144242414,
    0.009556668336484005,
    0.009625422816301129,
    0.010530121085898875,
    0.009204698906558537
  ],
  "val_loss": [
    0.8292025786179763,
    0.6464530458817115,
    0.5588793250230643,
    0.5016609522012564,
    0.46413541069397557,
    0.4363208573598128,
    0.4189712107181549,
    0.38190348790242123,
    0.36003318887490493,
    0.3459499982687143,
    0.3209355083795694,
    0.311077927167599,
    0.2790316813267194,
    0.26883479723563564,
    0.2544202644091386,
    0.24586468247266915,
    0.23252644791052893,
    0.2189815227801983,
    0.2103944317652629,
    0.204513818025589,
    0.18486585582678133,
    0.18395622303852668,
    0.18754023485458815,
    0.1793083261985045,
    0.16573485216269127,
    0.17285375010508758,
    0.15361562142005333,
    0.1504415818131887,
    0.14897985928333723,
    0.13914279926281709,
    0.14924553208626234,
    0.14019062971839538,
    0.13679028961520928,
    0.14039421253479445,
    0.14077967634567848,
    0.1310717537999153,
    0.13574078421180064,
    0.13251400452393752,
    0.12552875767533594,
    0.12911765392010027,
    0.12005476252390788,
    0.12233170322500743,
    0.11686851571385677,
    0.1126198098063469,
    0.12199882618509807,
    0.12090589836812936,
    0.11557832503548035,
    0.11207181129318017,
    0.1199232368515088,
    0.1141485173541766,
    0.11004546614220509,
    0.11331784725189209,
    0.1173531014758807,
    0.10889850728786908,
    0.10946286842226982,
    0.10841726139187813,
    0.1083359825783051,
    0.10702401213347912,
    0.10704001067922665,
    0.11082608711261016,
    0.10439862955648166,
    0.10515297247240177,
    0.10112530802591489,
    0.10921128524037507,
    0.10292179595965606,
    0.10491315074838124,
    0.0977710598649887,
    0.10703866348530237,
    0.11202002674914323,
    0.09950518421828747,
    0.1007097063299555,
    0.10622004433893241,
    0.10437379204309903,
    0.10362550960137294,
    0.1044752334889311,
    0.10849965485529257,
    0.11662291262585384,
    0.10424467219183078,
    0.10224679477799398,
    0.10699865386749689,
    0.10972642117681411,
    0.1072423690213607,
    0.1026903368317737,
    0.10408870403010112,
    0.10502694153155272,
    0.10120971465053466,
    0.09822472915626489,
    0.10516718312954673,
    0.10681485187692139,
    0.1059419579911404,
    0.09878890162620407,
    0.09987998001564008
  ],
  "train_transduce": [
    1.522474477586058,
    0.9760971192232112,
    0.8005362063953557,
    0.6913608020728397,
    0.6150915596595744,
    0.5450763243068125,
    0.4897282867087531,
    0.43769838361396,
    0.39802764632652715,
    0.3623474983824897,
    0.3319884799804884,
    0.30161923054874556,
    0.26759101665511575,
    0.23925184527623286,
    0.22064871433162198,
    0.2032543752611298,
    0.18550732075092718,
    0.17362779359688463,
    0.1591457944632191,
    0.148503169225356,
    0.13540839319376602,
    0.12905206193321758,
    0.121411994099617,
    0.11222415187002457,
    0.10604128245379507,
    0.09907019965965108,
    0.09172973918162056,
    0.08644314782367539,
    0.08412965486959084,
    0.07982706944890243,
    0.07487089622804184,
    0.06932018089501821,
    0.06653805838456166,
    0.0643418823685689,
    0.06323400798455342,
    0.057656188245824316,
    0.05354886590359137,
    0.053359472893716134,
    0.05102976095699465,
    0.044790835667055905,
    0.04654921210591787,
    0.04155874135183919,
    0.042321086827588755,
    0.0385497568040779,
    0.03686257272229059,
    0.03658603949798751,
    0.03490528375505633,
    0.0327519483230624,
    0.030210343631195652,
    0.027649154286524376,
    0.028378184707163228,
    0.02794098169494843,
    0.026745565439641628,
    0.0249142984682022,
    0.025281875967960228,
    0.024230360593550753,
    0.02308687528585727,
    0.02365931239670392,
    0.023120026598617283,
    0.02016439220205564,
    0.020331340462699073,
    0.017087816015922838,
    0.017717634150086297,
    0.017875076109572247,
    0.01791900017937242,
    0.01770750369958234,
    0.016519840434673673,
    0.015202966319473902,
    0.016607898102650783,
    0.01509258671082825,
    0.01587610102148208,
    0.013083261682546324,
    0.015042854019335097,
    0.013285578787806876,
    0.012654428687138656,
    0.012860191234665894,
    0.014143989243803872,
    0.01300667788888587,
    0.011439858364498186,
    0.01331634541010945,
    0.011734238934352725,
    0.011783231450628835,
    0.01111228554029517,
    0.01203088334055867,
    0.010377504906050631,
    0.01162850171190773,
    0.009752771497305636,
    0.009364226442934541,
    0.00955665666674811,
    0.009625418690758152,
    0.010530119941848302,
    0.009204698238070555
  ],