{
  "epoch": [
    1,
    2,
    3,
    4,
    5,
    6,
    7,
    8,
    9,
    10,
    11,
    12,
    13,
    14,
    15,
    16,
    17,
    18,
    19,
    20,
    21,
    22,
    23,
    24,
    25,
    26,
    27,
    28,
    29,
    30,
    31,
    32,
    33,
    34,
    35,
    36,
    37,
    38,
    39,
    40,
    41,
    42,
    43,
    44,
    45,
    46,
    47,
    48,
    49,
    50,
    51,
    52,
    53,
    54,
    55,
    56,
    57,
    58,
    59,
    60,
    61,
    62,
    63,
    64,
    65,
    66,
    67,
    68,
    69,
    70,
    71,
    72,
    73,
    74,
    75,
    76,
    77,
    78,
    79,
    80,
    81,
    82,
    83,
    84,
    85,
    86,
    87,
    88,
    89,
    90,
    91,
    92,
    93,
    94,
    95,
    96,
    97,
    98,
    99,
    100,
    101,
    102,
    103,
    104,
    105,
    106,
    107,
    108,
    109,
    110,
    111,
    112,
    113,
    114,
    115,
    116,
    117,
    118,
    119,
    120,
    121,
    122,
    123
  ],
  "train_loss": [
    1.5799161396404304,
    0.780960998322704,
    0.5960781152295594,
    0.49865379959049794,
    0.43851428722391034,
    0.399430917336209,
    0.36277154884716073,
    0.3408467163248817,
    0.31457792429050596,
    0.29662894523969974,
    0.27895469978304194,
    0.2625678430984516,
    0.24991256190408576,
    0.2350624789400856,
    0.22413431683389268,
    0.21903522194612143,
    0.20743045623939815,
    0.19727461357222925,
    0.18714103257597084,
    0.18589497969882324,
    0.1773990390471893,
    0.171155152565772,
    0.16411634210017648,
    0.1576642653729656,
    0.15257555452903898,
    0.14831751621890776,
    0.143737391965224,
    0.13903092415911136,
    0.13240063315866016,
    0.13125599854358352,
    0.1262385528719071,
    0.1198878639036476,
    0.11620839342179864,
    0.11396048118424888,
    0.11179439804636605,
    0.10968805004907127,
    0.10502671468818542,
    0.10323716593113276,
    0.09871544622548736,
    0.09690945016423075,
    0.09330327594929402,
    0.09099786798700248,
    0.0877459516177083,
    0.08370317909682151,
    0.08076851755970775,
    0.08134396897979301,
    0.07860777825854792,
    0.07686573069653299,
    0.0759756046872918,
    0.07602936863014013,
    0.0714364970600841,
    0.06883080014129087,
    0.06729223623429195,
    0.06575822846798024,
    0.06665682602710653,
    0.0653585305087047,
    0.06288880428834127,
    0.06183987903860536,
    0.057973582426657774,
    0.05851538130773766,
    0.057720722685946094,
    0.05687617626741971,
    0.05547768976723794,
    0.052951545426898665,
    0.05318769764634642,
    0.04911211902035935,
    0.049887745263110295,
    0.04964264355009735,
    0.048069175793835434,
    0.046912549377077874,
    0.04437408501300776,
    0.04488416387708766,
    0.044846767697962794,
    0.04350974685558588,
    0.04339351210890725,
    0.04054251954070117,
    0.04183781340644501,
    0.04085979136721332,
    0.0386131088627447,
    0.03890905323631988,
    0.03689499254716505,
    0.035859379917383194,
    0.036339087992685266,
    0.03433449673328069,
    0.0347875607255293,
    0.036310752982845404,
    0.031822873067368966,
    0.03228003670009646,
    0.03312917343239383,
    0.032008635193699654,
    0.03162576123094647,
    0.03251567079067821,
    0.030292660505095922,
    0.02992489991598938,
    0.030519593179705415,
    0.029032427854467146,
    0.030282758522114837,
    0.030319176678831626,
    0.027467434552710245,
    0.026707362143857643,
    0.024707131382852496,
    0.02780847777013141,
    0.02569298703905822,
    0.025124506988000162,
    0.02640461422834951,
    0.025244848751970153,
    0.025492603816829697,
    0.024109603293092533,
    0.0239434863791091,
    0.024021740739999135,
    0.025023682490175607,
    0.02331534827976386,
    0.024581345439067866,
    0.021073234207596225,
    0.021037906763319035,
    0.023368857399846364,
    0.022554902069381263,
    0.02330056096122849,
    0.021512379441041462,
    0.021911050663283554,
    0.020723746084414497,
    0.022310855913685985,
    0.020561798653187285
  ],
  "val_loss": [
    0.7166159749031067,
    0.4788227814894456,
    0.4134862950214973,
    0.35879262479451984,
    0.34368267540748304,
    0.31834026827261996,
    0.3006602032826497,
    0.2810256194609862,
    0.2774787304493097,
    0.2661268378679569,
    0.244318609054272,
    0.23830637565025917,
    0.21845210057038528,
    0.23103808840880027,
    0.20681992860940787,
    0.2050577556857696,
    0.20797417484796965,
    0.1921785852083793,
    0.1887857770690551,
    0.18229926549471343,
    0.17733776282805663,
    0.1706389607145236,
    0.16974958662803358,
    0.1689586782684693,
    0.15939054982020304,
    0.16196750448300287,
    0.15295036366352668,
    0.1490462044110665,
    0.14508676414306348,
    0.14371207872262368,
    0.1365951053225077,
    0.12953041694485223,
    0.13566626264498785,
    0.13167877953786117,
    0.12738033240804306,
    0.11898507693639168,
    0.11875152272673753,
    0.11738390532823709,
    0.11167054909926194,
    0.11265197998056045,
    0.11094911969625033,
    0.11925565308103195,
    0.10859167117338914,
    0.11112630969056717,
    0.10361900295202549,
    0.10566633337965378,
    0.1047932280657383,
    0.10902244697969693,
    0.10508807404683186,
    0.09351797717121932,
    0.09698847136818446,
    0.10645420777683075,
    0.10101325494738725,
    0.09863409500282544,
    0.09096360249588123,
    0.09731294959783554,
    0.09426443522366193,
    0.09547327903027718,
    0.0931031400194535,
    0.08681107785266179,
    0.08998717424961236,
    0.09280396983600579,
    0.09132775291800499,
    0.09314101461607677,
    0.08551755017386033,
    0.08521439629391982,
    0.08380292313030133,
    0.08329411796652354,
    0.0883452996181754,
    0.08349083127597204,
    0.08372907591267274,
    0.08018982231330413,
    0.0847310287734637,
    0.0810113436757372,
    0.07827370484861043,
    0.07795503814346515,
    0.07816832333516616,
    0.07917569420085503,
    0.07730824908671471,
    0.0790932927853786,
    0.07331452586759742,
    0.07504095122791253,
    0.07345351254424223,
    0.07656480909253542,
    0.07282774508572541,
    0.0693627348742806,
    0.0734928662243944,
    0.07288119637479003,
    0.0739186518252469,
    0.06976736763205665,
    0.0749677407125441,
    0.06963845224191363,
    0.07078356206273803,
    0.07193115307018161,
    0.07110223396179768,
    0.06929006137383673,
    0.06798630762988558,
    0.06440937236094704,
    0.06947248597414447,
    0.06646494870074093,
    0.06783704226836562,
    0.06983950078630677,
    0.06824379639986616,
    0.06603872965878019,
    0.06777181601724945,
    0.06957345506033072,
    0.06630898206136547,
    0.06821487843990326,
    0.0668825746084062,
    0.07259137260441023,
    0.06951459156922422,
    0.0653307790724704,
    0.06936466813875505,
    0.06770463558272101,
    0.06572193935370216,
    0.06771157429410288,
    0.06813693933117275,
    0.06708945276645514,
    0.0695042260743391,
    0.06664368354428846,
    0.06661191469846436,
    0.06906928234876922,
    0.06877078363098778
  ],