{
  "epoch": [
    1,
    2,
    3,
    4,
    5,
    6,
    7,
    8,
    9,
    10,
    11,
    12,
    13,
    14,
    15,
    16,
    17,
    18,
    19,
    20,
    21,
    22,
    23,
    24,
    25,
    26,
    27,
    28,
    29,
    30,
    31,
    32,
    33,
    34,
    35,
    36,
    37,
    38,
    39,
    40,
    41,
    42,
    43,
    44,
    45,
    46,
    47,
    48,
    49,
    50,
    51,
    52,
    53,
    54,
    55,
    56,
    57,
    58,
    59,
    60,
    61,
    62,
    63,
    64,
    65,
    66,
    67,
    68,
    69,
    70,
    71,
    72,
    73,
    74,
    75,
    76,
    77,
    78,
    79,
    80,
    81,
    82,
    83,
    84,
    85,
    86,
    87,
    88,
    89,
    90,
    91,
    92,
    93,
    94,
    95,
    96,
    97,
    98,
    99,
    100,
    101,
    102,
    103,
    104,
    105,
    106,
    107,
    108,
    109,
    110,
    111
  ],
  "train_loss": [
    1.3599376524846578,
    0.8009644494843238,
    0.6315401494503021,
    0.518451469767954,
    0.4407535832874554,
    0.37527534980134863,
    0.32369588261719834,
    0.29059336941266795,
    0.2575445230474177,
    0.23544301361460046,
    0.21423811020003153,
    0.19546031448798082,
    0.17976181631542973,
    0.16763003170490265,
    0.15158991331292182,
    0.14312997276021033,
    0.13445498152952834,
    0.12503673942740431,
    0.11888250428223118,
    0.11006994971755854,
    0.10493034105171863,
    0.0967094849065407,
    0.0947821145473989,
    0.0864321146083554,
    0.08328824346289807,
    0.07765574695676872,
    0.07553599565529946,
    0.0709369036743475,
    0.06479412203020964,
    0.06420641768838942,
    0.06110417182298051,
    0.057103616569536865,
    0.05714380851533917,
    0.053787558589169046,
    0.05068408990682093,
    0.05048350089220042,
    0.04583257436752319,
    0.0449084926531026,
    0.04369339494745141,
    0.0409748001388975,
    0.041478718309327194,
    0.039455528457447424,
    0.03774295828410799,
    0.03496471815982584,
    0.03665918587063698,
    0.03384552517733008,
    0.03176849969835549,
    0.030862696440026316,
    0.031209457087205704,
    0.03006872530191292,
    0.029130030901065654,
    0.027567054380269088,
    0.025273009196173438,
    0.02529664551503188,
    0.026158496264617928,
    0.02399234662850186,
    0.022594870036928772,
    0.025422772157399617,
    0.02380221429252133,
    0.023217221537182472,
    0.020143211759223612,
    0.02264369655995793,
    0.01783438378071278,
    0.02024760818320144,
    0.01916312772454214,
    0.018497655273789597,
    0.018358439994380644,
    0.018030876118555358,
    0.019404141494005767,
    0.016736932359299787,
    0.01722307949202116,
    0.016146398489075453,
    0.01789624599701504,
    0.018191553760300745,
    0.013883254687618656,
    0.01442299263321401,
    0.015070744884949293,
    0.01610527629844038,
    0.013279429659698657,
    0.016178756214188624,
    0.012620994431139497,
    0.01528780277549606,
    0.013398183510907609,
    0.01529830159288207,
    0.013385161189794464,
    0.01372335696252082,
    0.012630534634358951,
    0.013345272676327947,
    0.012076965275162966,
    0.011968507805896788,
    0.011150612766475216,
    0.011006357420125458,
    0.011410787681204066,
    0.010184462998331208,
    0.012139970412089,
    0.01165623785375819,
    0.011666731524266801,
    0.010636813058301844,
    0.0116475890474586,
    0.010712109516331562,
    0.01030839583176409,
    0.009864428815115052,
    0.009983154525020226,
    0.009371225072848658,
    0.009773366858933083,
    0.009017053462886587,
    0.008949635265942318,
    0.009496291309052636,
    0.009249315212766361,
    0.008192682588957827,
    0.008703285190348811
  ],
  "val_loss": [
    0.733870620910938,
    0.5599050842798673,
    0.4607806412073282,
    0.44553694358238805,
    0.4009584990831522,
    0.361022399022029,
    0.3394116163253784,
    0.31885189620348126,
    0.2951477811886714,
    0.2959251587207501,
    0.2868903267842073,
    0.26842278012862575,
    0.26574164628982544,
    0.26143887409797084,
    0.24403336988045618,
    0.22713306431586927,
    0.22528864099429205,
    0.21097305990182436,
    0.23042995883868292,
    0.21757120352524978,
    0.19536337485680214,
    0.1821676819370343,
    0.17988667694421914,
    0.17537803546740457,
    0.18157786360153785,
    0.1842515073143519,
    0.1748557182458731,
    0.17794362512918618,
    0.1716010026060618,
    0.1569381384895398,
    0.18531086582403916,
    0.15789445718893638,
    0.15240480922735655,
    0.15937701555398795,
    0.1628497695693603,
    0.14581683048835167,
    0.15177529247907492,
    0.15819338594491666,
    0.154030764905306,
    0.1496941733818788,
    0.13887021146141565,
    0.14165781180445963,
    0.14578420095718825,
    0.13985405403834122,
    0.1261137110682634,
    0.13319979407466376,
    0.13408452157790846,
    0.1367128018576365,
    0.1396023413309684,
    0.14198838031062713,
    0.12532201437995985,
    0.12227545879208125,
    0.13697738744891608,
    0.13067219177117714,
    0.13697642001968163,
    0.13325139708243883,
    0.12300955418210763,
    0.11487639122284375,
    0.12530188061870062,
    0.11691047050631963,
    0.12270666572910088,
    0.11511537891167861,
    0.11594890086696698,
    0.11689835213697873,
    0.12886642893919578,
    0.12594818495787108,
    0.11128181792222537,
    0.12424110649869992,
    0.12002610271939865,
    0.11652938749354619,
    0.11574781256226394,
    0.11269414682800953,
    0.10911264815009557,
    0.10891159967734264,
    0.11499510820095356,
    0.105344507843256,
    0.11352182466250199,
    0.11591960231845196,
    0.11676890417360343,
    0.10562285078832737,
    0.10886426126727691,
    0.11387195208897957,
    0.11384841312582676,
    0.11298211606649253,
    0.11821124702692032,
    0.1009446709201886,
    0.1236023768209494,
    0.10888603472938904,
    0.11915333511737677,
    0.10772312934008929,
    0.10541344061493874,
    0.10429034453745072,
    0.1070539948458855,
    0.10440489305899693,
    0.10604741624914683,
    0.10761771465723331,
    0.11154654937294814,
    0.11238578993540543,
    0.1131667744081754,
    0.11178046407607886,
    0.11282367144639675,
    0.1168698682807959,
    0.11503967083990574,
    0.11020510041942963,
    0.11340725078032567,
    0.11844203535180825,
    0.11066336012803592,
    0.12242272209662658,
    0.11011782302879371,
    0.10947487431649978,
    0.11269264940458995
  ],