{
  "epoch": [
    1,
    2,
    3,
    4,
    5,
    6,
    7,
    8,
    9,
    10,
    11,
    12,
    13,
    14,
    15,
    16,
    17,
    18,
    19,
    20,
    21,
    22,
    23,
    24,
    25,
    26,
    27,
    28,
    29,
    30,
    31,
    32,
    33,
    34,
    35,
    36,
    37,
    38,
    39,
    40,
    41,
    42,
    43,
    44,
    45,
    46,
    47,
    48,
    49,
    50,
    51,
    52,
    53,
    54,
    55,
    56,
    57,
    58,
    59,
    60,
    61,
    62,
    63,
    64,
    65,
    66,
    67,
    68,
    69,
    70,
    71,
    72,
    73,
    74,
    75,
    76,
    77,
    78,
    79,
    80,
    81,
    82,
    83,
    84,
    85,
    86,
    87,
    88,
    89,
    90,
    91,
    92,
    93,
    94,
    95,
    96,
    97,
    98,
    99,
    100,
    101,
    102,
    103,
    104,
    105,
    106,
    107
  ],
  "train_loss": [
    1.3611592502877263,
    0.6128474231993798,
    0.45739770761810905,
    0.39539820516463553,
    0.3478096127510071,
    0.3163604222901977,
    0.290193440152867,
    0.2690434405709257,
    0.25371155467363865,
    0.24099270866648986,
    0.22440194213154294,
    0.21267156531610112,
    0.19836001061271913,
    0.1883815738676798,
    0.1793990188305921,
    0.1710961321645444,
    0.1630506045599975,
    0.1599880828715787,
    0.15131716223636477,
    0.14338530032056393,
    0.13847446626070703,
    0.13263081582170902,
    0.1289624186730621,
    0.1254171261397919,
    0.12142170589454103,
    0.11812905085706475,
    0.11211206136953712,
    0.10708481154524453,
    0.10403512149016456,
    0.10172996338051145,
    0.09810137903631323,
    0.09436602558534925,
    0.09040718850227866,
    0.08872882667744514,
    0.08435616251265649,
    0.0828022499854612,
    0.07829992200183396,
    0.07632464546673369,
    0.07595361997880558,
    0.07377841404759057,
    0.07052259468058548,
    0.07053248989995163,
    0.06519992026214552,
    0.06456208974123001,
    0.06269653766683422,
    0.060245695348718376,
    0.058289532743320605,
    0.05783441714426078,
    0.05609950657454458,
    0.05292122113970247,
    0.05143257350393451,
    0.05041903702745048,
    0.049888710316159934,
    0.05034438135231485,
    0.047040915826685945,
    0.046567997535561574,
    0.04370258498641819,
    0.04435705804810076,
    0.04283525099479916,
    0.04083440071064057,
    0.04180690382450524,
    0.039369379972467325,
    0.03686828812639607,
    0.03725536334521995,
    0.03570746721718276,
    0.03462580435605037,
    0.034984457601636355,
    0.03435769868037193,
    0.032582168365911685,
    0.03001764373355868,
    0.02958123988960639,
    0.03139302105928707,
    0.030091002076347864,
    0.029342879762522655,
    0.026720151443513904,
    0.026793939070683895,
    0.027351560167931388,
    0.025768867066812397,
    0.02576348897401649,
    0.02547802092820996,
    0.024009503212084275,
    0.0217229391604957,
    0.0229315640137411,
    0.02317595000074494,
    0.023426133028167016,
    0.022456362350189156,
    0.021015051369656725,
    0.020596706243877362,
    0.020745709045135445,
    0.018646342619921607,
    0.01991789782014076,
    0.018187637136566757,
    0.017700246890250702,
    0.018355561623183806,
    0.018255687152763996,
    0.01727397298200591,
    0.016670236523069516,
    0.016391673235978822,
    0.014924613030461392,
    0.016975261796597797,
    0.015626752735253904,
    0.014958437377734496,
    0.014831404911704583,
    0.016826131175926858,
    0.014529603466594427,
    0.01424104478302421,
    0.014198644540853577
  ],
  "val_loss": [
    0.6144193869370681,
    0.4333972678734706,
    0.3915617511822627,
    0.32439273251936984,
    0.30377167807175565,
    0.28086615067261916,
    0.2616934122947546,
    0.25052745525653547,
    0.2431645943568303,
    0.225551164494111,
    0.2120976597070694,
    0.20869239763571665,
    0.18825419762959847,
    0.1867187418616735,
    0.1807482225390581,
    0.1826227714235966,
    0.17438657237933233,
    0.16500412558133787,
    0.15851718817765897,
    0.15562468251356712,
    0.15401590902071732,
    0.15478388850505537,
    0.14173985845767534,
    0.14746136906055304,
    0.13894929794164804,
    0.13940414155905062,
    0.13282387961561865,
    0.14025588849416146,
    0.1314637021949658,
    0.1282349801980532,
    0.12527635636237952,
    0.12971952013098276,
    0.12538087339355394,
    0.13030244839879182,
    0.12783187341231567,
    0.11690056782502395,
    0.11435338668525219,
    0.11133521823928906,
    0.1222382325392503,
    0.11497208934563857,
    0.11261881973880988,
    0.12060915277554439,
    0.11390211433172226,
    0.10983159736945079,
    0.1137857730858601,
    0.11266812538871399,
    0.11958392537557162,
    0.11379673718833007,
    0.11060628896722427,
    0.11346161809678261,
    0.11172102248439422,
    0.10122147703973147,
    0.10529550107625815,
    0.10089354861814243,
    0.10525306084981331,
    0.10263620474590705,
    0.10431181496152511,
    0.10256906040012836,
    0.09796671239802471,
    0.09551297787290353,
    0.10230600432707714,
    0.09899457114247176,
    0.09496751649735066,
    0.09939894252098523,
    0.08891083715626827,
    0.09652245367089143,
    0.09386043494137433,
    0.09407433738502172,
    0.08965416639470138,
    0.09129101145439424,
    0.0896779396213018,
    0.09065133526634711,
    0.08991940649083027,
    0.09104987885802984,
    0.08973131192704806,
    0.09358181127418692,
    0.08725112354239592,
    0.09192883158819033,
    0.09355144439121851,
    0.08718501475568001,
    0.09649051790340589,
    0.08298413211909625,
    0.08701699040830135,
    0.09259151115726966,
    0.09029577056375834,
    0.08559969189361884,
    0.0867132732214836,
    0.09227096443422712,
    0.09229537332430482,
    0.0886146193370223,
    0.09155295563575166,
    0.09077866694245201,
    0.08780840830877423,
    0.08663106272713496,
    0.08526801468374637,
    0.08903308886174972,
    0.0879717948488318,
    0.08811796800448345,
    0.09503912314987527,
    0.09366539645438585,
    0.0890442229843197,
    0.08982227105074204,
    0.08431011578068137,
    0.08800352200006063,
    0.08946932279146634,
    0.0851925161595528,
    0.08422973494117077
  ],