{
  "epoch": [
    1,
    2,
    3,
    4,
    5,
    6,
    7,
    8,
    9,
    10,
    11,
    12,
    13,
    14,
    15,
    16,
    17,
    18,
    19,
    20,
    21,
    22,
    23,
    24,
    25,
    26,
    27,
    28,
    29,
    30,
    31,
    32,
    33,
    34,
    35,
    36,
    37,
    38,
    39,
    40,
    41,
    42,
    43,
    44,
    45,
    46,
    47,
    48,
    49,
    50,
    51,
    52,
    53,
    54,
    55,
    56,
    57,
    58,
    59,
    60,
    61,
    62,
    63,
    64,
    65,
    66,
    67,
    68,
    69,
    70,
    71,
    72,
    73,
    74,
    75,
    76,
    77,
    78,
    79,
    80,
    81,
    82,
    83,
    84,
    85,
    86,
    87,
    88,
    89,
    90,
    91,
    92,
    93,
    94,
    95,
    96,
    97,
    98,
    99,
    100,
    101,
    102,
    103,
    104,
    105,
    106,
    107,
    108,
    109,
    110,
    111,
    112,
    113,
    114,
    115,
    116,
    117,
    118,
    119,
    120,
    121,
    122,
    123,
    124,
    125,
    126,
    127,
    128,
    129,
    130,
    131,
    132
  ],
  "train_loss": [
    1.3340924547450377,
    0.7112486687037024,
    0.5425338458896863,
    0.4581681008976285,
    0.4090863126929444,
    0.38005610946381446,
    0.3500605141467387,
    0.3259295571853619,
    0.3069331086803191,
    0.289129311938097,
    0.274133508600811,
    0.25871513311815736,
    0.25127415211483983,
    0.2406040129095021,
    0.23309134714084095,
    0.22194877311144726,
    0.21020688500144694,
    0.2068433938640179,
    0.20168903108575556,
    0.18896639708540228,
    0.18328561346129615,
    0.1775284226578061,
    0.17289907182797348,
    0.16874703086248719,
    0.16542704396023608,
    0.15788293770044157,
    0.15606034893800716,
    0.15434442873638454,
    0.14420192880500662,
    0.14114169658410666,
    0.13712553141435774,
    0.13453010927037437,
    0.13099623663295615,
    0.12599353086535292,
    0.12431245359896433,
    0.12232891617730113,
    0.11866506248122395,
    0.11627904609730928,
    0.11067289884875317,
    0.11077272202266325,
    0.10890183140440743,
    0.10660508522155261,
    0.10209027220412056,
    0.1027827010960272,
    0.10049753311542,
    0.09821346018574026,
    0.09434050376905073,
    0.09091031521853835,
    0.09182635447618985,
    0.08770685506486657,
    0.08599248923139997,
    0.08669501638943607,
    0.085620157881686,
    0.08011850987625595,
    0.08183527653022568,
    0.07681824938200488,
    0.0797246344166227,
    0.07469553319681989,
    0.07292565198080374,
    0.07140571524453636,
    0.06982846152369339,
    0.070853221903343,
    0.06808873621912875,
    0.06721124975102963,
    0.06540883011599578,
    0.06397003733949495,
    0.06480357403138487,
    0.06047282054430187,
    0.061111755447812596,
    0.058711824274741774,
    0.05740750581026077,
    0.05722949270269658,
    0.056948249126867495,
    0.056827976340704627,
    0.05558842114440286,
    0.05232508891806154,
    0.05233354101160375,
    0.05170800732356487,
    0.051044647185371654,
    0.04888755533991769,
    0.04994873529171,
    0.048170038166981524,
    0.05037862319720558,
    0.046186921066871965,
    0.04753743695777537,
    0.04610350608161771,
    0.04416045141729093,
    0.045318071223279036,
    0.04374730109357008,
    0.043115334400888716,
    0.04221038752705744,
    0.04448560072975879,
    0.040138983831621046,
    0.03940467704271916,
    0.040624336736037,
    0.038519806237799104,
    0.038111342762661454,
    0.03882672163740833,
    0.03759371585184985,
    0.03432211372079236,
    0.03699676084820882,
    0.036584343586006374,
    0.03749298323683514,
    0.0379175068718372,
    0.0338366491498776,
    0.03619052532433283,
    0.03360902788209738,
    0.034693274831417764,
    0.03517461972919726,
    0.03245558367470409,
    0.033332128644837894,
    0.03223986749417416,
    0.03545127467870122,
    0.032125147529831616,
    0.029157348521201328,
    0.030514047075394946,
    0.03165747224362475,
    0.03130903548219859,
    0.029093583842905443,
    0.031659545888663224,
    0.028691679276157133,
    0.02809505920746539,
    0.02867444837926933,
    0.027488459717703632,
    0.029573015997758006,
    0.02661026806782673,
    0.027503112215770058,
    0.026979930076453062,
    0.030083307844245493,
    0.028825040920499232,
    0.026730794644001687,
    0.027689265880254235
  ],
  "val_loss": [
    0.7044783280445979,
    0.4851945638656616,
    0.3978707675750439,
    0.35793458498441255,
    0.32690717165286726,
    0.30667060957505154,
    0.2897468851162837,
    0.2685903391012779,
    0.2612041108883344,
    0.24788948549674109,
    0.24227397258465105,
    0.23210949966540703,
    0.2216196358203888,
    0.21159739792346954,
    0.20885824240170991,
    0.19555737880560067,
    0.19730329857422754,
    0.18551322301993003,
    0.18096624372097161,
    0.17380201587310204,
    0.17232651148851102,
    0.16916478024079248,
    0.172189956674209,
    0.1715437391629586,
    0.1582131746869821,
    0.153952192228574,
    0.1476854240665069,
    0.14967088172068962,
    0.14478387053196246,
    0.15005395504144523,
    0.13587146596266672,
    0.13604957409776175,
    0.13355948661382383,
    0.13331585835952026,
    0.13595760183838698,
    0.12971230796896493,
    0.12713000608178285,
    0.12490942988258141,
    0.12264729262544559,
    0.12098031089856075,
    0.12053785444452213,
    0.11540800189742675,
    0.11400775267527653,
    0.11327328561590268,
    0.11707152225650273,
    0.11077346624090122,
    0.10992456342165287,
    0.1097463804941911,
    0.10921607424433415,
    0.10449492673461254,
    0.10553583445457312,
    0.10209259648735707,
    0.09699717823129433,
    0.1017784527861155,
    0.09647430508182599,
    0.10344670999508637,
    0.09657310522519626,
    0.09399018365030105,
    0.09433495740477855,
    0.09723103920427653,
    0.0912476250758538,
    0.09454827225552155,
    0.09175670505143128,
    0.08913196351092595,
    0.09140971962075967,
    0.08684392330738214,
    0.08724149918326965,
    0.08453027861049542,
    0.08302862125520523,
    0.0834663170748032,
    0.08727660947121106,
    0.08445279472149335,
    0.08405295501534756,
    0.08439039410306858,
    0.08048690898487201,
    0.07978297039293326,
    0.08086426942967452,
    0.07763353663568313,
    0.07786283255196534,
    0.07803425293129224,
    0.07636318413110879,
    0.07627927898787536,
    0.07584329236012238,
    0.0757518086868983,
    0.0744099088299733,
    0.07457119326751965,
    0.0760365418659953,
    0.07679084151123579,
    0.07270368317571971,
    0.07255388502604686,
    0.07185073297184247,
    0.07248014799104287,
    0.07051623397721694,
    0.07383846018749934,
    0.07187869127553242,
    0.07502825565349597,
    0.07336594780477193,
    0.07206271051500852,
    0.07055800780653954,
    0.06891761354815501,
    0.06831218581646681,
    0.07146432093129708,
    0.06769514785936245,
    0.06739280000329018,
    0.0685607511550188,
    0.06773948017507792,
    0.06700047406439598,
    0.07033548561426309,
    0.07095242764514226,
    0.06865275464951992,
    0.06907525780395819,
    0.07051289697679189,
    0.06972244725777553,
    0.07043955181367122,
    0.07218827414684571,
    0.07017553440080239,
    0.0679456631724651,
    0.06970325585168141,
    0.07348010065750434,
    0.0704475323168131,
    0.0705470573157072,
    0.07058212433296901,
    0.0733701977162407,
    0.07106089190794872,
    0.07335196514255725,
    0.06896072110304466,
    0.06968861632049084,
    0.06889710747278653,
    0.06854209640564826,
    0.06966189832354967,
    0.06978158387713708,
    0.06815848234467782
  ],