{
  "epoch": [
    1,
    2,
    3,
    4,
    5,
    6,
    7,
    8,
    9,
    10,
    11,
    12,
    13,
    14,
    15,
    16,
    17,
    18,
    19,
    20,
    21,
    22,
    23,
    24,
    25,
    26,
    27,
    28,
    29,
    30,
    31,
    32,
    33,
    34,
    35,
    36,
    37,
    38,
    39,
    40,
    41,
    42,
    43,
    44,
    45,
    46,
    47,
    48,
    49,
    50,
    51,
    52,
    53,
    54,
    55,
    56,
    57
  ],
  "train_loss": [
    1.0679643811638821,
    0.5473739888864694,
    0.38583604822453765,
    0.275460467741047,
    0.21234857997636206,
    0.16968374280739076,
    0.13694645579635484,
    0.11834757475508857,
    0.1038569221177052,
    0.09076453591744925,
    0.08243670990479361,
    0.074696781267364,
    0.06840605257059802,
    0.06057495378034631,
    0.05574695539382315,
    0.05010655664445199,
    0.04861004474889679,
    0.04440728098768549,
    0.04080597103871021,
    0.04035087213995531,
    0.036148660907464235,
    0.0336017678011708,
    0.034351995123607905,
    0.03029209649017484,
    0.02898164773263882,
    0.027175272339666934,
    0.024683889752906776,
    0.023605351924377772,
    0.02266929054047106,
    0.02309811586686938,
    0.019932810185938,
    0.018887163826370054,
    0.019749339518722955,
    0.016967916165084876,
    0.018099567714896167,
    0.016698117293513465,
    0.016552934306673706,
    0.01539048046526528,
    0.015159482868465106,
    0.015066858469844633,
    0.014804637210789262,
    0.014262777376324707,
    0.013585827950647427,
    0.012976397975040696,
    0.011496739913277404,
    0.013822818225364863,
    0.0126904240490139,
    0.011094567603575661,
    0.013518974552838342,
    0.010707700838690106,
    0.011912593298193221,
    0.010893021724018816,
    0.009981576143883975,
    0.010904289875659593,
    0.01029527891120038,
    0.010990392509127785,
    0.01050269586176938
  ],
  "val_loss": [
    0.4434121526204623,
    0.31141303135798526,
    0.24445417867257044,
    0.21288181039003226,
    0.1893689534985102,
    0.17698737405813658,
    0.16997284155625564,
    0.16137886333924073,
    0.15923389563193688,
    0.14223258483868378,
    0.1471596910403325,
    0.14253860167585886,
    0.13968391630512017,
    0.13587316011007017,
    0.11447407763737899,
    0.1297539996986206,
    0.11868899430219944,
    0.11470498173282696,
    0.1201678472929276,
    0.10761049762368202,
    0.11365257017314434,
    0.10753242578357458,
    0.1122226153428738,
    0.10898057464510202,
    0.10058554039838222,
    0.10235376562923193,
    0.1047326961818796,
    0.10518330077712353,
    0.1008922250654835,
    0.10311655234545469,
    0.10501698096497701,
    0.09357227542652534,
    0.10257594351871656,
    0.10603032970371154,
    0.0987425077563295,
    0.11105225428652304,
    0.11391260345967916,
    0.10698376732090345,
    0.10446281158007108,
    0.10047181115414087,
    0.09981098660052969,
    0.10852161443863924,
    0.09366288842060246,
    0.1013328973382998,
    0.10573436649372944,
    0.10650001473438281,
    0.09547001581925613,
    0.0996743247915919,
    0.10383345960424496,
    0.10923813842236996,
    0.09779883731299868,
    0.10029887071309182,
    0.09871896499624619,
    0.09676655310277756,
    0.10072797586998114,
    0.1031974720267149,
    0.09997101332275914
  ],
  "train_transduce": [
    1.0679643811638821,
    0.5473739888864694,
    0.38583604822453765,
    0.275460467741047,
    0.21234857997636206,
    0.16968374280739076,
    0.13694645579635484,
    0.11834757475508857,
    0.1038569221177052,
    0.09076453591744925,
    0.08243670990479361,
    0.074696781267364,
    0.06840605257059802,
    0.06057495378034631,
    0.05574695539382315,
    0.05010655664445199,
    0.04861004474889679,
    0.04440728098768549,
    0.04080597103871021,
    0.04035087213995531,
    0.036148660907464235,
    0.0336017678011708,
    0.034351995123607905,
    0.03029209649017484,
    0.02898164773263882,
    0.027175272339666934,
    0.024683889752906776,
    0.023605351924377772,
    0.02266929054047106,
    0.02309811586686938,
    0.019932810185938,
    0.018887163826370054,
    0.019749339518722955,
    0.016967916165084876,
    0.018099567714896167,
    0.016698117293513465,
    0.016552934306673706,
    0.01539048046526528,
    0.015159482868465106,
    0.015066858469844633,
    0.014804637210789262,
    0.014262777376324707,
    0.013585827950647427,
    0.012976397975040696,
    0.011496739913277404,
    0.013822818225364863,
    0.0126904240490139,
    0.011094567603575661,
    0.013518974552838342,
    0.010707700838690106,
    0.011912593298193221,
    0.010893021724018816,
    0.009981576143883975,
    0.010904289875659593,
    0.01029527891120038,
    0.010990392509127785,
    0.01050269586176938
  ],
  "val_transduce": [
    0.4434121526204623,
    0.31141303135798526,
    0.24445417867257044,
    0.21288181039003226,
    0.1893689534985102,
    0.17698737405813658,
    0.16997284155625564,
    0.16137886333924073,
    0.15923389563193688,
    0.14223258483868378,
    0.1471596910403325,
    0.14253860167585886,
    0.13968391630512017,
    0.13587316011007017,
    0.11447407763737899,
    0.1297539996986206,
    0.11868899430219944,
    0.11470498173282696,
    0.1201678472929276,
    0.10761049762368202,
    0.11365257017314434,
    0.10753242578357458,
    0.1122226153428738,
    0.10898057464510202,
    0.10058554039838222,
    0.10235376562923193,
    0.1047326961818796,
    0.10518330077712353,
    0.1008922250654835,
    0.10311655234545469,
    0.10501698096497701,
    0.09357227542652534,
    0.10257594351871656,
    0.10603032970371154,
    0.0987425077563295,
    0.11105225428652304,
    0.11391260345967916,
    0.10698376732090345,
    0.10446281158007108,
    0.10047181115414087,
    0.09981098660052969,
    0.10852161443863924,
    0.09366288842060246,
    0.1013328973382998,
    0.10573436649372944,
    0.10650001473438281,
    0.09547001581925613,
    0.0996743247915919,
    0.10383345960424496,
    0.10923813842236996,
    0.09779883731299868,
    0.10029887071309182,
    0.09871896499624619,
    0.09676655310277756,
    0.10072797586998114,
    0.1031974720267149,
    0.09997101332275914
  ],
  "l0": [
    0.0,
    0.0,
    0.0,
    0.0,
    0.0,
    0.0,
    0.0,
    0.0,
    0.0,
    0.0,
    0.0,
    0.0,
    0.0,
    0.0,
    0.0,
    0.0,
    0.0,
    0.0,
    0.0,
    0.0,
    0.0,
    0.0,
    0.0,
    0.0,
    0.0,
    0.0,
    0.0,
    0.0,
    0.0,
    0.0,
    0.0,
    0.0,
    0.0,
    0.0,
    0.0,
    0.0,
    0.0,
    0.0,
    0.0,
    0.0,
    0.0,
    0.0,
    0.0,
    0.0,
    0.0,
    0.0,
    0.0,
    0.0,
    0.0,
    0.0,
    0.0,
    0.0,
    0.0,
    0.0,
    0.0,
    0.0,
    0.0
  ],
  "lambda_l0_effective": [
    0.01,
    0.01,
    0.01,
    0.01,
    0.01,
    0.01,
    0.01,
    0.01,
    0.01,
    0.01,
    0.01,
    0.01,
    0.01,
    0.01,
    0.01,
    0.01,
    0.01,
    0.01,
    0.01,
    0.01,
    0.01,
    0.01,
    0.01,
    0.01,
    0.01,
    0.01,
    0.01,
    0.01,
    0.01,
    0.01,
    0.01,
    0.01,
    0.01,
    0.01,
    0.01,
    0.01,
    0.01,
    0.01,
    0.01,
    0.01,
    0.01,
    0.01,
    0.01,
    0.01,
    0.01,
    0.01,
    0.01,
    0.01,
    0.01,
    0.01,
    0.01,
    0.01,
    0.01,
    0.01,
    0.01,
    0.01,
    0.01
  ],
  "recon_loss": [],
  "balance_loss": []
}