{
  "epoch": [
    1,
    2,
    3,
    4,
    5,
    6,
    7,
    8,
    9,
    10,
    11,
    12,
    13,
    14,
    15,
    16,
    17,
    18,
    19,
    20,
    21,
    22,
    23,
    24,
    25,
    26,
    27,
    28,
    29,
    30,
    31,
    32,
    33,
    34,
    35,
    36,
    37,
    38,
    39,
    40,
    41,
    42,
    43,
    44,
    45,
    46,
    47,
    48,
    49,
    50,
    51,
    52,
    53,
    54,
    55,
    56,
    57,
    58,
    59,
    60,
    61,
    62,
    63,
    64,
    65,
    66,
    67,
    68,
    69,
    70,
    71,
    72,
    73,
    74,
    75,
    76,
    77,
    78,
    79,
    80,
    81,
    82,
    83,
    84,
    85,
    86,
    87,
    88,
    89,
    90
  ],
  "train_loss": [
    1.1331506513132907,
    0.4467421318634902,
    0.3185612215559081,
    0.2694418912771905,
    0.24408373575989561,
    0.21995055417318155,
    0.20128559476078148,
    0.18365544552850252,
    0.16425292149628742,
    0.15911711966342265,
    0.14889040685231142,
    0.14375341359046426,
    0.1325036709999094,
    0.12564369619335278,
    0.11788060453416098,
    0.11480193773266112,
    0.11017962489830385,
    0.10532026195732674,
    0.10385783746986106,
    0.09751899411330128,
    0.09333057701587677,
    0.0911928640660083,
    0.08610503003001213,
    0.08661991516404813,
    0.08113630779898993,
    0.07835220534465101,
    0.07584263323483491,
    0.07194376410455397,
    0.06907141330366087,
    0.06796947870366644,
    0.06699465759246066,
    0.06498741159344663,
    0.05943979011239982,
    0.05734364693929063,
    0.05561813254757683,
    0.055659773639670694,
    0.05381108993793478,
    0.05106370121535688,
    0.04976425146554957,
    0.049281071733203854,
    0.045597945588945164,
    0.045684013755457234,
    0.04466641640825437,
    0.041547368686314264,
    0.039944266420927375,
    0.039532256663066916,
    0.037959657028538756,
    0.03708594148554424,
    0.038028807111895914,
    0.037157857477074806,
    0.03365519948045511,
    0.03484109671104072,
    0.033938823258596484,
    0.030867197716811505,
    0.03189044703941534,
    0.03026121742285714,
    0.029425499896233033,
    0.030865127409780674,
    0.026763473250119404,
    0.02712947239011231,
    0.026401875125668425,
    0.023728837166903632,
    0.02481255046377825,
    0.02736951191771296,
    0.024686819869139703,
    0.024586972609936895,
    0.02340329505761366,
    0.020404889227564234,
    0.020984864222014895,
    0.021356182631640002,
    0.02070800121873617,
    0.020142641324217957,
    0.019770034021780927,
    0.018260559940821316,
    0.01765227562397497,
    0.018785320210851508,
    0.017742247228501457,
    0.016656975845096282,
    0.017221299481882463,
    0.017720641206378247,
    0.016861879264493243,
    0.017601591504944284,
    0.015350253473377169,
    0.015369798614652735,
    0.015531184131021399,
    0.015512391874142507,
    0.013681589213135366,
    0.01468187941717777,
    0.016241567776455444,
    0.01423399450861397
  ],
  "val_loss": [
    0.47887715238791245,
    0.279750508757738,
    0.23130248372371381,
    0.21449241214073622,
    0.2049128579405638,
    0.18491869534437472,
    0.16853129519866064,
    0.15518966890298402,
    0.15113747750337309,
    0.14766378987293977,
    0.14228048347509825,
    0.1303067940932054,
    0.12847139686346054,
    0.12536310461851266,
    0.11988308939796227,
    0.11972636414261964,
    0.12082644236775544,
    0.11290710218823873,
    0.11361000285698818,
    0.11006450223234984,
    0.11064506064240749,
    0.10938329450212993,
    0.10442772994820888,
    0.09756643439714725,
    0.09964073821902275,
    0.09700409351633145,
    0.09229635475919797,
    0.09539967173567185,
    0.1054501857321996,
    0.0999565370954,
    0.09131797746970104,
    0.08822798786255029,
    0.09050330347739734,
    0.0907682693348481,
    0.0878378665791108,
    0.08989186384356938,
    0.07614779830552064,
    0.08538431258728871,
    0.08935113881643002,
    0.08620801109534043,
    0.08583576060258426,
    0.08096802091369262,
    0.08335123426065995,
    0.08568818580645782,
    0.07854624672864492,
    0.09105529765096995,
    0.08156974463222119,
    0.07977428989341626,
    0.08189175722117607,
    0.07395506915278159,
    0.07511965651065111,
    0.07478739679432832,
    0.07549509649666455,
    0.07246753774010219,
    0.0736973685427354,
    0.07322736621762697,
    0.08095801256310481,
    0.07452968357560727,
    0.06834105481035434,
    0.07013146915974525,
    0.07315548745772013,
    0.07092544973756258,
    0.06932967607505046,
    0.0670462532255512,
    0.06507032944892462,
    0.06860687150261723,
    0.06832902498829824,
    0.07071448486441603,
    0.07066553686029063,
    0.07310463729887627,
    0.07706600538669871,
    0.06611628762374704,
    0.07179087640431064,
    0.0683425108794696,
    0.06915361176316555,
    0.07421400097127144,
    0.07014494439443716,
    0.07275434784018077,
    0.07186455845546263,
    0.07142783153372315,
    0.07113215873519388,
    0.0724166995451714,
    0.07578376626882416,
    0.07119880788601361,
    0.06704485448650442,
    0.06883694621949242,
    0.07066626904102472,
    0.07244960232996024,
    0.06553984413711497,
    0.06937049051675086
  ],
  "train_transduce": [
    1.1331506513132907,
    0.4467421318634902,
    0.3185612215559081,
    0.2694418912771905,
    0.24408373575989561,
    0.21995055417318155,
    0.20128559476078148,
    0.18365544552850252,
    0.16425292149628742,
    0.15911711966342265,
    0.14889040685231142,
    0.14375341359046426,
    0.1325036709999094,
    0.12564369619335278,
    0.11788060453416098,
    0.11480193773266112,
    0.11017962489830385,
    0.10532026195732674,
    0.10385783746986106,
    0.09751899411330128,
    0.09333057701587677,
    0.0911928640660083,
    0.08610503003001213,
    0.08661991516404813,
    0.08113630779898993,
    0.07835220534465101,
    0.07584263323483491,
    0.07194376410455397,
    0.06907141330366087,
    0.06796947870366644,
    0.06699465759246066,
    0.06498741159344663,
    0.05943979011239982,
    0.05734364693929063,
    0.05561813254757683,
    0.055659773639670694,
    0.05381108993793478,
    0.05106370121535688,
    0.04976425146554957,
    0.049281071733203854,
    0.045597945588945164,
    0.045684013755457234,
    0.04466641640825437,
    0.041547368686314264,
    0.039944266420927375,
    0.039532256663066916,
    0.037959657028538756,
    0.03708594148554424,
    0.038028807111895914,
    0.037157857477074806,
    0.03365519948045511,
    0.03484109671104072,
    0.033938823258596484,
    0.030867197716811505,
    0.03189044703941534,
    0.03026121742285714,
    0.029425499896233033,
    0.030865127409780674,
    0.026763473250119404,
    0.02712947239011231,
    0.026401875125668425,
    0.023728837166903632,
    0.02481255046377825,
    0.02736951191771296,
    0.024686819869139703,
    0.024586972609936895,
    0.02340329505761366,
    0.020404889227564234,
    0.020984864222014895,
    0.021356182631640002,
    0.02070800121873617,
    0.020142641324217957,
    0.019770034021780927,
    0.018260559940821316,
    0.01765227562397497,
    0.018785320210851508,
    0.017742247228501457,
    0.016656975845096282,
    0.017221299481882463,
    0.017720641206378247,
    0.016861879264493243,
    0.017601591504944284,
    0.015350253473377169,
    0.015369798614652735,
    0.015531184131021399,
    0.015512391874142507,
    0.013681589213135366,
    0.01468187941717777,
    0.016241567776455444,
    0.01423399450861397
  ],