{
  "epoch": [
    1,
    2,
    3,
    4,
    5,
    6,
    7,
    8,
    9,
    10,
    11,
    12,
    13,
    14,
    15,
    16,
    17,
    18,
    19,
    20,
    21,
    22,
    23,
    24,
    25,
    26,
    27,
    28,
    29,
    30,
    31,
    32,
    33,
    34,
    35,
    36,
    37,
    38,
    39,
    40,
    41,
    42,
    43,
    44,
    45,
    46,
    47,
    48,
    49,
    50,
    51,
    52,
    53,
    54,
    55,
    56,
    57,
    58,
    59,
    60,
    61,
    62,
    63,
    64,
    65,
    66,
    67,
    68,
    69,
    70,
    71,
    72,
    73,
    74,
    75,
    76,
    77,
    78,
    79,
    80,
    81,
    82,
    83,
    84,
    85,
    86,
    87,
    88,
    89,
    90,
    91,
    92,
    93,
    94,
    95,
    96,
    97,
    98,
    99,
    100,
    101,
    102,
    103,
    104,
    105,
    106,
    107,
    108,
    109,
    110,
    111,
    112,
    113,
    114,
    115,
    116,
    117,
    118,
    119,
    120,
    121
  ],
  "train_loss": [
    1.0283716008214667,
    0.4986876579794553,
    0.37390256296880175,
    0.31516846424282186,
    0.2722219452999606,
    0.2509650651476171,
    0.2360220477722659,
    0.21786192944734403,
    0.20287611851892848,
    0.1895425824245604,
    0.18018336881800454,
    0.16860877434806068,
    0.16021371536915846,
    0.15225342616881474,
    0.1456985728870524,
    0.14134987119105782,
    0.13383095954904461,
    0.1282931723364509,
    0.12639471257824708,
    0.12118712027031596,
    0.1167785926620559,
    0.11353049880944856,
    0.11066398743798236,
    0.10396878174183392,
    0.10280786982119673,
    0.0974293698990109,
    0.09553673597845701,
    0.0934960630786891,
    0.09074973702283189,
    0.08903839715784138,
    0.08513380384238639,
    0.0820465259401515,
    0.08061746865658477,
    0.07764740114902506,
    0.07693165326767629,
    0.0734498662560588,
    0.07255915911997309,
    0.07114248973603296,
    0.06876536497458963,
    0.06811375246558449,
    0.06725138980932165,
    0.0642849595866876,
    0.0624193091978236,
    0.057699368233875475,
    0.06022247238693261,
    0.05958034142409221,
    0.05947728818374695,
    0.055175717754086646,
    0.055510773664653894,
    0.05387228378786309,
    0.05083460141305286,
    0.05038875040810297,
    0.050709008488177075,
    0.047247580815069745,
    0.04800737245321864,
    0.04521818841706113,
    0.04593086464902257,
    0.04472079211016103,
    0.04458269221468432,
    0.04391370449067637,
    0.041171880208398445,
    0.04165786416223734,
    0.04124304921467706,
    0.03975933319013013,
    0.03790758202534796,
    0.039358725476235444,
    0.03803200185262036,
    0.03703552026688905,
    0.036691996471790396,
    0.033857803155511325,
    0.0346076348888697,
    0.034391015085695996,
    0.03196370417233741,
    0.03408061943966711,
    0.03338927646527196,
    0.032328352617966655,
    0.03168544730190003,
    0.03209629106694962,
    0.030506220443340223,
    0.02894294021724917,
    0.029957569757531777,
    0.02949327650931802,
    0.027915797998556997,
    0.029755462698712206,
    0.028186747495380072,
    0.026811529803873583,
    0.027003238558547922,
    0.02609011691321831,
    0.02692411240365467,
    0.025077535240625094,
    0.02493525993097389,
    0.026262497453314094,
    0.024297951093625904,
    0.024630866857190237,
    0.02348056695156611,
    0.026130246240553438,
    0.023469530659183713,
    0.024185966149359795,
    0.023798007186096492,
    0.022712859774635424,
    0.021194188175538538,
    0.02222682435830852,
    0.02330638750198085,
    0.02112803768855289,
    0.02223997841137323,
    0.02136641751403118,
    0.02184609363851423,
    0.02007157271405184,
    0.02109516743284715,
    0.01931098598230741,
    0.01998415349009862,
    0.019486992133523125,
    0.020651668298639136,
    0.019203634901516286,
    0.02053435435887463,
    0.019452134751262937,
    0.019909952197795604,
    0.01878561091489426,
    0.018977664182847825,
    0.01922457954860154,
    0.01842093736735532
  ],
  "val_loss": [
    0.5216067800155053,
    0.3601865963293956,
    0.2983264372898982,
    0.26975154188963085,
    0.2503772469667288,
    0.23917952466469544,
    0.22317469578522903,
    0.20899726622379744,
    0.19935469100108513,
    0.18666142970323563,
    0.18237659163199937,
    0.1803218389932926,
    0.16671396677310651,
    0.1602508511680823,
    0.15521751573452583,
    0.14981720539239737,
    0.14775390951679304,
    0.14556992713075417,
    0.13690250080365401,
    0.13398103874463302,
    0.13297315199787801,
    0.1294736019693888,
    0.12738166806789544,
    0.1245213059278635,
    0.12390618542065987,
    0.12364696023555902,
    0.12105216573064144,
    0.1213813959979094,
    0.11376953841401981,
    0.11195795897107857,
    0.11090957516661057,
    0.10929738701536106,
    0.1189234104867165,
    0.11145763786939475,
    0.11338021806799449,
    0.11441503522487786,
    0.10345521196722984,
    0.10831949000175183,
    0.1050013590317506,
    0.10544479495057693,
    0.10504418840775123,
    0.10759050828906205,
    0.09495366035172573,
    0.1039721303834365,
    0.09940184165651982,
    0.10179190939435592,
    0.0935567134561447,
    0.10269606514618947,
    0.09424809581385209,
    0.09794497103072129,
    0.09873232044852696,
    0.09568697787248172,
    0.09327142900572373,
    0.09602077162036529,
    0.09320274138679871,
    0.09124987443479207,
    0.09141178099581829,
    0.09151294454932213,
    0.09550766990734981,
    0.09492251348610108,
    0.08779342042712066,
    0.09056550708527748,
    0.09177016008358735,
    0.09319289616094185,
    0.09219723338117966,
    0.09154754576201622,
    0.08940779632673813,
    0.08925679555306068,
    0.08921416891882053,
    0.0900996933476283,
    0.08406769512937619,
    0.08849531584061109,
    0.08974956893003903,
    0.089141610579995,
    0.08681312647576515,
    0.08507770572144252,
    0.08586357763180366,
    0.08518997078331617,
    0.08528309630659911,
    0.08866862264963296,
    0.08227027451189664,
    0.08314475073264195,
    0.08691210041825588,
    0.08312678781266396,
    0.08437041866664703,
    0.0840429957382954,
    0.08722771919117524,
    0.08612774584728938,
    0.08408827263002212,
    0.08483189860215554,
    0.08979014364572671,
    0.08616147777782036,
    0.08723416451651317,
    0.08167904715698499,
    0.08160853378761274,
    0.07991622144786212,
    0.08139297222861877,
    0.08251854505103368,
    0.08338748864256419,
    0.08543759412490405,
    0.0875075261753339,
    0.08501051896466659,
    0.085366104514553,
    0.08531187947552937,
    0.0858916869530311,
    0.09007474966347218,
    0.08733652259867924,
    0.0889207712159707,
    0.0908871702849865,
    0.08965692998698124,
    0.0895940551104454,
    0.09231011999341157,
    0.08954909730416077,
    0.08760222935905823,
    0.09063335823325011,
    0.08602127647743775,
    0.08820714930502269,
    0.09341547322961,
    0.08764565865007731,
    0.08873107398931797,
    0.08850472463438144
  ],