{
  "epoch": [
    1,
    2,
    3,
    4,
    5,
    6,
    7,
    8,
    9,
    10,
    11,
    12,
    13,
    14,
    15,
    16,
    17,
    18,
    19,
    20,
    21,
    22,
    23,
    24,
    25,
    26,
    27,
    28,
    29,
    30,
    31,
    32,
    33,
    34,
    35,
    36,
    37,
    38,
    39,
    40,
    41,
    42,
    43,
    44,
    45,
    46,
    47,
    48,
    49,
    50,
    51,
    52,
    53,
    54,
    55,
    56,
    57,
    58,
    59,
    60,
    61,
    62,
    63,
    64,
    65,
    66,
    67,
    68,
    69,
    70,
    71,
    72,
    73,
    74,
    75,
    76
  ],
  "train_loss": [
    0.8606141150587856,
    0.31465422812074717,
    0.24542996670940134,
    0.21064280438246114,
    0.1837104030027248,
    0.1632664568058335,
    0.15217068429925654,
    0.13661136301142154,
    0.12673883840884312,
    0.12058333846011965,
    0.11117323465866617,
    0.10257095707082513,
    0.09972504522688318,
    0.09429972375383472,
    0.08810655864896161,
    0.08350274125390714,
    0.08041890006106679,
    0.07631363313977081,
    0.07452576105842496,
    0.07012670734288669,
    0.06261614328342499,
    0.05802190126758991,
    0.055603124459486196,
    0.054328638894280586,
    0.05279360198886088,
    0.04940959232130853,
    0.045916545988604576,
    0.04447054256233248,
    0.04139407583060536,
    0.039523216609907624,
    0.038503223366223936,
    0.03775393535004984,
    0.03731628462653792,
    0.03220194791176236,
    0.034632031095795116,
    0.029735996701413452,
    0.028870257447556693,
    0.027763398133660896,
    0.02671854274513403,
    0.027867493616177304,
    0.02512396110387722,
    0.02365705466801577,
    0.023252106257852647,
    0.023595805003280096,
    0.022302289433445376,
    0.022296022305652353,
    0.022257807738341316,
    0.019623641049175865,
    0.021681678730367433,
    0.01933063980247272,
    0.01693830665864862,
    0.015575212527914802,
    0.01680645303763818,
    0.01572821514293699,
    0.014038102512275524,
    0.014152164930606833,
    0.013901623957191068,
    0.014056550071454874,
    0.016441458631030255,
    0.013046405875207027,
    0.014347876581169738,
    0.013259718609549621,
    0.012856231663505188,
    0.01325290334770585,
    0.011232766919852337,
    0.012901855577336679,
    0.011087628095272448,
    0.010076388618724402,
    0.012548163815604358,
    0.010495630798326565,
    0.00916971067902586,
    0.010447737465769347,
    0.013361995936011766,
    0.010619371327211951,
    0.010545935973958436,
    0.0103142605472061
  ],
  "val_loss": [
    0.3364053460267874,
    0.2399029147166472,
    0.2178248046682431,
    0.19698611532266325,
    0.18809646196090257,
    0.18606814226278892,
    0.16316450100678664,
    0.15404857494510138,
    0.14128776983572885,
    0.14241648522707132,
    0.137318792538001,
    0.1440895921908892,
    0.1366309833068114,
    0.1271341944543215,
    0.12890193382134804,
    0.12939460575580597,
    0.12466944639499371,
    0.12208840136344616,
    0.11188235735664001,
    0.11449151113629341,
    0.11645114393188404,
    0.11517767407573186,
    0.1113545186817646,
    0.09862603734319027,
    0.100562801441321,
    0.10146375115101154,
    0.10189898054187115,
    0.09916798741771625,
    0.10647876388751544,
    0.11051335386358775,
    0.10506341205193447,
    0.10559134830075961,
    0.10644972066466625,
    0.10844351164996624,
    0.10501511266025212,
    0.11017275143128175,
    0.1000027021823021,
    0.0941158659183062,
    0.11237403134313914,
    0.10555795350900063,
    0.10742043187985054,
    0.10420308613146727,
    0.09184138878033711,
    0.09067084926825303,
    0.091233316092537,
    0.094069432753783,
    0.09266521652730611,
    0.09877449875840774,
    0.09924890652585489,
    0.09228175420027512,
    0.08793044369667768,
    0.09424162656068802,
    0.09403361530544666,
    0.09511780172873002,
    0.09807207392385373,
    0.09660216213132326,
    0.10122152260289742,
    0.0915493298895084,
    0.09439114968364055,
    0.10422909238304083,
    0.09185184900147411,
    0.09136981710505027,
    0.09499427626052728,
    0.09742458143199866,
    0.0960319796935297,
    0.08872814698574635,
    0.08841830936188881,
    0.0902963038533926,
    0.09444318446688928,
    0.09122628073852795,
    0.0881747229454609,
    0.09904959353689964,
    0.08865127042652322,
    0.10001178186100262,
    0.09541737084062053,
    0.10357186986276737
  ],
  "train_transduce": [
    0.8606141150587856,
    0.31465422812074717,
    0.24542996670940134,
    0.21064280438246114,
    0.1837104030027248,
    0.1632664568058335,
    0.15217068429925654,
    0.13661136301142154,
    0.12673883840884312,
    0.12058333846011965,
    0.11117323465866617,
    0.10257095707082513,
    0.09972504522688318,
    0.09429972375383472,
    0.08810655864896161,
    0.08350274125390714,
    0.08041890006106679,
    0.07631363313977081,
    0.07452576105842496,
    0.07012670734288669,
    0.06261614328342499,
    0.05802190126758991,
    0.055603124459486196,
    0.054328638894280586,
    0.05279360198886088,
    0.04940959232130853,
    0.045916545988604576,
    0.04447054256233248,
    0.04139407583060536,
    0.039523216609907624,
    0.038503223366223936,
    0.03775393535004984,
    0.03731628462653792,
    0.03220194791176236,
    0.034632031095795116,
    0.029735996701413452,
    0.028870257447556693,
    0.027763398133660896,
    0.02671854274513403,
    0.027867493616177304,
    0.02512396110387722,
    0.02365705466801577,
    0.023252106257852647,
    0.023595805003280096,
    0.022302289433445376,
    0.022296022305652353,
    0.022257807738341316,
    0.019623641049175865,
    0.021681678730367433,
    0.01933063980247272,
    0.01693830665864862,
    0.015575212527914802,
    0.01680645303763818,
    0.01572821514293699,
    0.014038102512275524,
    0.014152164930606833,
    0.013901623957191068,
    0.014056550071454874,
    0.016441458631030255,
    0.013046405875207027,
    0.014347876581169738,
    0.013259718609549621,
    0.012856231663505188,
    0.01325290334770585,
    0.011232766919852337,
    0.012901855577336679,
    0.011087628095272448,
    0.010076388618724402,
    0.012548163815604358,
    0.010495630798326565,
    0.00916971067902586,
    0.010447737465769347,
    0.013361995936011766,
    0.010619371327211951,
    0.010545935973958436,
    0.0103142605472061
  ],