{
  "epoch": [
    1,
    2,
    3,
    4,
    5,
    6,
    7,
    8,
    9,
    10,
    11,
    12,
    13,
    14,
    15,
    16,
    17,
    18,
    19,
    20,
    21,
    22,
    23,
    24,
    25,
    26,
    27,
    28,
    29,
    30,
    31,
    32,
    33,
    34,
    35,
    36,
    37,
    38,
    39,
    40,
    41,
    42,
    43,
    44,
    45,
    46,
    47,
    48,
    49,
    50,
    51,
    52,
    53,
    54,
    55,
    56,
    57,
    58,
    59,
    60,
    61,
    62,
    63,
    64,
    65,
    66,
    67,
    68,
    69,
    70,
    71,
    72,
    73,
    74
  ],
  "train_loss": [
    1.0937131809205125,
    0.57058740076945,
    0.4141412145390953,
    0.3135167002370677,
    0.2436662708821985,
    0.1950472037202304,
    0.16388379617296545,
    0.1390103570272013,
    0.12452895497692,
    0.11202415676077002,
    0.09698427835306556,
    0.09025522891777693,
    0.08308514929616574,
    0.07749838032519694,
    0.07282159732865918,
    0.06349338142719772,
    0.06165465034698088,
    0.05694525045601977,
    0.053196190625966824,
    0.04964482033452422,
    0.0469585200099601,
    0.044295172677519395,
    0.041129740795178206,
    0.03933596033987004,
    0.03775536922795564,
    0.03685626762045413,
    0.03590308918531254,
    0.03155826564071719,
    0.030962051818934605,
    0.028639570754693495,
    0.029047564029712807,
    0.027852270310533417,
    0.024749194552699468,
    0.025362837123540566,
    0.024752707693476192,
    0.023657798491053515,
    0.024016912733732732,
    0.0220803979774649,
    0.02211805325020681,
    0.022691514182202135,
    0.019161417773089457,
    0.018911659854377823,
    0.019210211327779537,
    0.017654552851736394,
    0.018853950866296428,
    0.01960587617701169,
    0.01910363626666367,
    0.016408936502219935,
    0.016941737255787227,
    0.015999827515957972,
    0.014530199445476852,
    0.015544562224303516,
    0.015607777720115618,
    0.012172938364116264,
    0.014133830411964548,
    0.015498350606031101,
    0.01429265581513035,
    0.013703892401722019,
    0.013099367698515314,
    0.013164630324157319,
    0.013887565227143812,
    0.013583583285019147,
    0.013325569278694997,
    0.012799629873173676,
    0.010807200924843819,
    0.011876596514130798,
    0.01169159882053848,
    0.01030233487986105,
    0.01034867884075154,
    0.010884738508635921,
    0.011837664274522824,
    0.01095404389575988,
    0.01116649864167071,
    0.010765543121714913
  ],
  "val_loss": [
    0.4384362284953778,
    0.2978417632671503,
    0.2422241476865915,
    0.2210938987823633,
    0.19000037702230307,
    0.1802276882987756,
    0.16972329639471495,
    0.1573142672960575,
    0.15097778347822335,
    0.13905524003964204,
    0.1308484094647261,
    0.1281256563961506,
    0.12632815539836884,
    0.11998358798714784,
    0.1252713819535879,
    0.11756904967702352,
    0.11472154093476442,
    0.10846825803701694,
    0.10194524721457408,
    0.11066811302533516,
    0.09996605363602822,
    0.10578645264300016,
    0.1058900856341307,
    0.09956861316011502,
    0.1002909429371357,
    0.12879108838163889,
    0.09869018497948463,
    0.09884818543035251,
    0.09742320071046169,
    0.10581057891249657,
    0.09485556572102584,
    0.10054551788534109,
    0.08883081734753571,
    0.09272802979327165,
    0.09904832837100212,
    0.09391745889129546,
    0.0907688163794004,
    0.0943827576792011,
    0.09657997817087632,
    0.0899655302413381,
    0.09581928241711396,
    0.10186460392119792,
    0.09659330568347986,
    0.0975815186348672,
    0.093147330917418,
    0.08963056152256635,
    0.09335410007490562,
    0.09302475081326869,
    0.08603193908213423,
    0.09503876912192656,
    0.0933926896765255,
    0.09275325058171383,
    0.09039661549748136,
    0.10035815426649955,
    0.09191490820823954,
    0.08921006662197985,
    0.0925929516267318,
    0.08894421661702487,
    0.0970089747928656,
    0.09565041880481519,
    0.10061509645758913,
    0.09593801422474477,
    0.09244070746577703,
    0.09200539203503957,
    0.0922869063483981,
    0.0872092366648408,
    0.08800045558466361,
    0.09226654314149457,
    0.09466716317603222,
    0.09979004301847173,
    0.0958718118401101,
    0.09861406680339804,
    0.10137319238856435,
    0.10127852235634166
  ],
  "train_transduce": [
    1.0923085151259433,
    0.5703968402651167,
    0.4139688349876207,
    0.31302039824502986,
    0.24316684379405581,
    0.1943752393894589,
    0.163354756560215,
    0.13831354915788494,
    0.12394700134077023,
    0.1114473894968168,
    0.09655542147451456,
    0.08975198484726787,
    0.08271984661900506,
    0.07704578678018038,
    0.07236678018858753,
    0.06302167675889951,
    0.061344164001188944,
    0.056619322551510386,
    0.05277537322151907,
    0.04928380901896462,
    0.04658020128371175,
    0.04388018391699981,
    0.04072040373209825,
    0.03890867278306294,
    0.0374322911753252,
    0.03644729932750931,
    0.03567485057163177,
    0.03127444353549905,
    0.030637667864829916,
    0.028320938163945816,
    0.02870280181595422,
    0.027460740235893382,
    0.02435362114350206,
    0.0249933289680822,
    0.024499773883174376,
    0.023437927719493656,
    0.023628066927578645,
    0.021794672786575004,
    0.021841073161490338,
    0.022368989260771226,
    0.018899025359507843,
    0.018692956282037126,
    0.018972875342761965,
    0.017350263609166843,
    0.018677828769852436,
    0.01931436638799064,
    0.01884709343256563,
    0.01615224486173697,
    0.016743973936266313,
    0.015789061365889135,
    0.014322542106569504,
    0.015282764882641393,
    0.015419238670633087,
    0.011971331102480708,
    0.01393320831138948,
    0.015251773889608605,
    0.01410863294803835,
    0.013530449858343363,
    0.012871453591944054,
    0.01295795933326668,
    0.013657924541531457,
    0.013368477252163185,
    0.013137321566056325,
    0.012579506398154633,
    0.010640684434827226,
    0.011601192014983174,
    0.011507888219544914,
    0.010074313368153825,
    0.010131347535019644,
    0.010685435398457782,
    0.011657227215071488,
    0.01078432528830143,
    0.010990854499431942,
    0.01056934322156108
  ],