{
  "epoch": [
    1,
    2,
    3,
    4,
    5,
    6,
    7,
    8,
    9,
    10,
    11,
    12,
    13,
    14,
    15,
    16,
    17,
    18,
    19,
    20,
    21,
    22,
    23,
    24,
    25,
    26,
    27,
    28,
    29,
    30,
    31,
    32,
    33,
    34,
    35,
    36,
    37,
    38,
    39,
    40,
    41,
    42,
    43,
    44,
    45,
    46,
    47,
    48,
    49,
    50,
    51,
    52,
    53,
    54,
    55,
    56,
    57,
    58,
    59,
    60,
    61,
    62,
    63,
    64,
    65,
    66,
    67,
    68,
    69,
    70,
    71,
    72,
    73,
    74,
    75,
    76,
    77,
    78,
    79,
    80,
    81,
    82,
    83,
    84,
    85,
    86,
    87,
    88,
    89,
    90,
    91,
    92,
    93,
    94,
    95,
    96,
    97,
    98,
    99,
    100,
    101,
    102,
    103,
    104,
    105,
    106,
    107,
    108,
    109,
    110
  ],
  "train_loss": [
    1.0914508021704041,
    0.45968681839433045,
    0.35891433222459096,
    0.3089540388324473,
    0.27725368708667186,
    0.2476054186573123,
    0.23038583403766746,
    0.21399835711068446,
    0.19274062692823976,
    0.18244194593464974,
    0.173596557045337,
    0.15922416908906237,
    0.14805020008346823,
    0.143684689877647,
    0.13569406508514198,
    0.12592563224901068,
    0.12368322750276858,
    0.11443602470773281,
    0.10902878339632903,
    0.10245538226301128,
    0.09761579758902587,
    0.09434099473280481,
    0.09133498938661991,
    0.08530880837230989,
    0.08297444809928979,
    0.07702688533480805,
    0.07345032064926506,
    0.06953444372456853,
    0.06588794755758626,
    0.06547007682078546,
    0.061082241651002726,
    0.058346841724054646,
    0.05607254069187854,
    0.05338300146752655,
    0.04900836206898831,
    0.049023021196964944,
    0.048251597505837386,
    0.04378867702613963,
    0.04249612536133811,
    0.040249109710797225,
    0.03979586243703224,
    0.0390992219384649,
    0.03772661677275849,
    0.03667460212318024,
    0.03546353396360237,
    0.03455292088634307,
    0.03223502479198546,
    0.03132268276508197,
    0.028283805162230932,
    0.026344346020850215,
    0.02870038899565392,
    0.027713124880032376,
    0.024820337182666997,
    0.024566933669444947,
    0.023761414461723057,
    0.02121275340179258,
    0.02166316527320017,
    0.020432469808487314,
    0.022066975630229652,
    0.021531058396996542,
    0.02147227595790778,
    0.018425632627809992,
    0.018370297737419605,
    0.01654415013784967,
    0.017528631005177993,
    0.015538411159621606,
    0.014926754067292308,
    0.01532378690178958,
    0.014916898332314917,
    0.015263422028078595,
    0.014814677733540683,
    0.015088785633371017,
    0.014363343477027841,
    0.01307208415600333,
    0.012431447327339857,
    0.013569016260841843,
    0.012619419212425403,
    0.014033620552353488,
    0.012834201753600546,
    0.009773852635580714,
    0.011921078589108616,
    0.01153417901680021,
    0.009478995182302476,
    0.010524945565278061,
    0.009594677018444284,
    0.008964977426555856,
    0.010321215763319246,
    0.010052629430676894,
    0.009956027477942777,
    0.008316001799510846,
    0.008598938238539614,
    0.008107258878316325,
    0.008932004648140899,
    0.008379529943772694,
    0.008427122179049961,
    0.006074748343170279,
    0.008566834982300158,
    0.007051943441723833,
    0.007391963148314395,
    0.008631924947603873,
    0.006856558544764129,
    0.00718534869916442,
    0.006966563811903764,
    0.006833361299238214,
    0.006847734421279539,
    0.0074634965599081156,
    0.007088454349178563,
    0.006548330818284488,
    0.005945276163546092,
    0.006211508692491172
  ],
  "val_loss": [
    0.49366583503209627,
    0.35723756368343645,
    0.31972770736767697,
    0.28116973432210773,
    0.26189224880475265,
    0.24755307917411512,
    0.23572376370429993,
    0.22919997229025915,
    0.2116807492879721,
    0.20917489322332236,
    0.2027547164605214,
    0.1909692190014399,
    0.18593391489524108,
    0.18151104392913672,
    0.18882257376725858,
    0.18320257445940605,
    0.16092719252292925,
    0.16806044142979842,
    0.1666733198440992,
    0.1636081555714974,
    0.1664155051112175,
    0.1470992427605849,
    0.14969584517754042,
    0.14251748128579214,
    0.13807859672949865,
    0.1372051605811486,
    0.14259309493578398,
    0.13754481048538134,
    0.13116896381744972,
    0.13294111708035836,
    0.14004764705896378,
    0.13445820487462556,
    0.1339204222537004,
    0.12636553668058836,
    0.13193704990240243,
    0.13103264627548364,
    0.13603381296763054,
    0.13147485657380178,
    0.1324673744921501,
    0.13878111455302972,
    0.13861905955351317,
    0.13991920191508073,
    0.12366249297673886,
    0.12832658394024923,
    0.12678006979135367,
    0.12060740848000233,
    0.12162650749087334,
    0.1294543407857418,
    0.12896025868562552,
    0.12956518593889016,
    0.13879382982850075,
    0.12971964507148817,
    0.12801767656436333,
    0.12561126798391342,
    0.11682673228474763,
    0.12636118138638827,
    0.11258514110858624,
    0.11223346424790528,
    0.1167376866707435,
    0.12667529944043893,
    0.12463090511468741,
    0.11582547684128468,
    0.11219621994174443,
    0.1119903943573053,
    0.1262241369829728,
    0.11854178716356938,
    0.11891855700657918,
    0.11745255898970824,
    0.11338943472275367,
    0.11108157611810245,
    0.11440504313661502,
    0.11497163973175563,
    0.1142766630420318,
    0.1246649227463282,
    0.11946867893521602,
    0.11978655107892476,
    0.12184245884418488,
    0.11400420906452033,
    0.11199374912449947,
    0.12381428021651047,
    0.11247556513318649,
    0.10783680671682724,
    0.11136620635023484,
    0.10693704293897519,
    0.10402854044850056,
    0.1121633047094712,
    0.11449017690924498,
    0.11333251386307754,
    0.11734739175209633,
    0.11150598497344898,
    0.11615918290156585,
    0.11638985574245453,
    0.10943242105153891,
    0.12515706282395583,
    0.11794241374501815,
    0.1162227587057994,
    0.11782970845412749,
    0.12022125377104832,
    0.11642134827203475,
    0.1194080042724426,
    0.11829415235954982,
    0.11642881153294674,
    0.11175465512161072,
    0.11173922281998855,
    0.11460404914732163,
    0.11337758264002892,
    0.10435738521986283,
    0.10896541665379818,
    0.11606644222942683,
    0.10958466893778397
  ],