{
  "epoch": [
    1,
    2,
    3,
    4,
    5,
    6,
    7,
    8,
    9,
    10,
    11,
    12,
    13,
    14,
    15,
    16,
    17,
    18,
    19,
    20,
    21,
    22,
    23,
    24,
    25,
    26,
    27,
    28,
    29,
    30,
    31,
    32,
    33,
    34,
    35,
    36,
    37,
    38,
    39,
    40,
    41,
    42,
    43,
    44,
    45,
    46,
    47,
    48,
    49,
    50,
    51,
    52,
    53,
    54,
    55,
    56,
    57,
    58,
    59,
    60,
    61,
    62,
    63,
    64
  ],
  "train_loss": [
    1.3646167356943346,
    0.7883667094805806,
    0.6013730320426607,
    0.5018046544384711,
    0.42439748838390273,
    0.35918998434064314,
    0.3036139741847196,
    0.2620507346600601,
    0.2185567567489811,
    0.18056574579059465,
    0.1574214926546382,
    0.13723913372791918,
    0.1191264188742822,
    0.10637942361693407,
    0.09688138954110981,
    0.08792886305024329,
    0.07926827590413314,
    0.06984639211951457,
    0.06730909652278289,
    0.06006413562818594,
    0.055833157752016464,
    0.05306469453210683,
    0.046841929849121985,
    0.04493608116412286,
    0.04268580970844043,
    0.03959683012985384,
    0.037079250670431815,
    0.03479111398637448,
    0.03501707417938436,
    0.03151745891400142,
    0.03069896098303119,
    0.028687955096325615,
    0.028126670544506193,
    0.028446429956358734,
    0.026535532852519573,
    0.025073221288189368,
    0.025587501924859417,
    0.02397562611665692,
    0.023213777349080852,
    0.0205257424734264,
    0.023216748737355637,
    0.02016544303035882,
    0.018839233348472526,
    0.01949408924394316,
    0.017642866099402115,
    0.01852918484430645,
    0.017693789753842063,
    0.01795533413341096,
    0.01758877362170228,
    0.014792516746572651,
    0.01858514417790971,
    0.016241254131357696,
    0.01589619851258305,
    0.01729018598094045,
    0.017505651807950176,
    0.015077424103624582,
    0.015248866868805448,
    0.013462133280760081,
    0.013943475678913565,
    0.0137638508581638,
    0.012547472305235827,
    0.01252488687678874,
    0.012647234871335443,
    0.012482319001382044
  ],
  "val_loss": [
    0.6215634575256934,
    0.37814482817283046,
    0.3435159715322348,
    0.3047579824924469,
    0.28833822103647083,
    0.24673831806733057,
    0.23342455808932966,
    0.21029868034216073,
    0.19055728155833024,
    0.16615499212191656,
    0.1545153042444816,
    0.14832632415569746,
    0.15252927117622816,
    0.1303145123215822,
    0.12925289915158197,
    0.12833165234098068,
    0.11369870402492009,
    0.11352863563941075,
    0.10091282742527816,
    0.10763415149771251,
    0.10985551659877484,
    0.1040127813242949,
    0.10485999300502814,
    0.10208309857318035,
    0.09886822763543862,
    0.0974280576293285,
    0.09515231862091102,
    0.09063367889477657,
    0.09403374060415305,
    0.10013250562434013,
    0.09430610975967003,
    0.09234140254557133,
    0.10112597721700485,
    0.09592677076132251,
    0.08787773134043583,
    0.09304179240447971,
    0.09016402724843758,
    0.09432601713790344,
    0.0818858201472232,
    0.08558321801515725,
    0.0897252572557101,
    0.09701836560494624,
    0.0956766172670401,
    0.09539305515444049,
    0.09193609547443114,
    0.08948775882331225,
    0.09533409514607719,
    0.0983653528472552,
    0.09017105928908747,
    0.0912503680268016,
    0.08583700715994033,
    0.09605230182373467,
    0.09343503601849079,
    0.09134399310614054,
    0.08973601565230638,
    0.09214623243762897,
    0.0900902882612382,
    0.09451403512726896,
    0.09480088193399402,
    0.08722431496537936,
    0.08647717752207357,
    0.0970324034927986,
    0.08992441752567314,
    0.09026269073813008
  ],
  "train_transduce": [
    1.3631184838481785,
    0.7882829176396439,
    0.6012193248751238,
    0.5014297120349923,
    0.42360229928468923,
    0.3586477968342525,
    0.30285620412875697,
    0.2607490812073049,
    0.21796973041959644,
    0.18050329091469036,
    0.15741252833881328,
    0.13723543870080376,
    0.11912508132224231,
    0.10637768064193505,
    0.0968809643011425,
    0.08792797579746886,
    0.07926838679872837,
    0.06984651858735945,
    0.06730897534523428,
    0.06006370834314946,
    0.055826070612853336,
    0.05306485165198593,
    0.04684214510945315,
    0.044936209091359806,
    0.04268598366893597,
    0.039596994215449724,
    0.037079392932355404,
    0.034791208515615804,
    0.03501718392422826,
    0.03151757110716756,
    0.030699078639316344,
    0.028688083738856708,
    0.02812656007236657,
    0.028446510921414828,
    0.02653560635979412,
    0.025073286639190444,
    0.025587503003801422,
    0.0239756689874993,
    0.023213814960831067,
    0.020525773203470887,
    0.023216786429516433,
    0.020165504490447798,
    0.018839235050296506,
    0.019494150341584433,
    0.01764291738635217,
    0.018529205027362813,
    0.017693827977672834,
    0.017955379861829438,
    0.017588791246621955,
    0.014792527709415509,
    0.018585156774767627,
    0.01624127199210841,
    0.015896212749456812,
    0.017290203266815504,
    0.01750567955620222,
    0.015068052222558595,
    0.015248921730425977,
    0.013462168676418626,
    0.013943399969949243,
    0.0137582762024639,
    0.01254748918185702,
    0.012524907120153039,
    0.012647206859648727,
    0.012482333906743791
  ],
  "val_transduce": [
    0.6203288665184608,
    0.37633596704556393,
    0.3417681340987866,
    0.3019723204466013,
    0.2848690587740678,
    0.24383121270399827,
    0.23207697730797988,
    0.20312722027301788,
    0.18450547009706497,
    0.16506472115333265,
    0.15418174175115731,
    0.14800518923080885,
    0.15227549351178682,
    0.13023258143892655,
    0.12922827125741884,
    0.12828907771752432,
    0.1136824726485289,
    0.11351417950712718,
    0.10091065844664207,
    0.10762618654049359,
    0.10984844427842361,
    0.10400814591692044,
    0.10485840244935109,
    0.10207697376608849,
    0.09886666143742892,
    0.09742737719072746,
    0.09515227549351178,
    0.09063372058937183,
    0.09403389599174261,
    0.10013240511314227,
    0.09430616105405185,
    0.0923408825810139,
    0.10112613152999145,
    0.09592670127033041,
    0.08787787519395351,
    0.09304191888524936,
    0.09016414316227803,
    0.09432614437089516,
    0.0818858937575267,
    0.085583363337299,
    0.08972538312753806,
    0.09701851694486462,
    0.09567675445801936,
    0.09539318990965302,
    0.09193618824848762,
    0.08948789787693666,
    0.09533422642674011,
    0.09836545317935255,
    0.09017109455397496,
    0.09125042884037472,
    0.0858370522216249,
    0.09605236028213628,
    0.09343507828620765,
    0.09134403840065576,
    0.08973608006579945,
    0.09214631482385673,
    0.09009035015836932,
    0.09451409005739081,
    0.09480096465155768,
    0.08722436558365679,
    0.08647723307009213,
    0.09703245354690947,
    0.08992445555766328,
    0.09026271890168293
  ],