{
  "epoch": [
    1,
    2,
    3,
    4,
    5,
    6,
    7,
    8,
    9,
    10,
    11,
    12,
    13,
    14,
    15,
    16,
    17,
    18,
    19,
    20,
    21,
    22,
    23,
    24,
    25,
    26,
    27,
    28,
    29,
    30,
    31,
    32,
    33,
    34,
    35,
    36,
    37,
    38,
    39,
    40,
    41,
    42,
    43,
    44,
    45,
    46,
    47,
    48,
    49,
    50,
    51,
    52,
    53,
    54,
    55,
    56,
    57,
    58,
    59,
    60,
    61,
    62,
    63,
    64,
    65,
    66,
    67,
    68,
    69,
    70,
    71,
    72,
    73,
    74,
    75,
    76,
    77,
    78,
    79,
    80,
    81,
    82,
    83,
    84,
    85,
    86,
    87,
    88,
    89,
    90,
    91,
    92,
    93,
    94,
    95,
    96,
    97,
    98,
    99,
    100,
    101,
    102,
    103,
    104,
    105,
    106,
    107,
    108,
    109,
    110,
    111,
    112,
    113
  ],
  "train_loss": [
    0.9447663278862981,
    0.43487428999183203,
    0.31478279651981766,
    0.2685146070647948,
    0.24102393486122092,
    0.22237436694673973,
    0.20491537702555704,
    0.19062884764211013,
    0.18005093098571984,
    0.1694307306615433,
    0.16322663419022418,
    0.15380416913787917,
    0.1460250692054777,
    0.14086466208838,
    0.13640455274593713,
    0.13177357145612784,
    0.12530581789589165,
    0.12111740515078648,
    0.11778735815741048,
    0.11375652353214745,
    0.11136107906551644,
    0.10480373463418224,
    0.10384494711709495,
    0.10183872684541315,
    0.09601078045987847,
    0.09615534625136025,
    0.09322728294104633,
    0.09191841244845107,
    0.08978891538658945,
    0.08824756370838915,
    0.08555761191735764,
    0.08465826544578713,
    0.08319801881466762,
    0.08184414913896287,
    0.08060417626753892,
    0.0793659298284219,
    0.0783579463489575,
    0.07553403278683672,
    0.07358654256504361,
    0.07305283178713652,
    0.0728151226914165,
    0.07222554225954089,
    0.07134486703515643,
    0.06776913120826282,
    0.0678627765783579,
    0.0660465969381356,
    0.06669513145369468,
    0.06641852221276501,
    0.06361336734994213,
    0.06417530100091849,
    0.0627604898913662,
    0.06327445924023886,
    0.06198412416927,
    0.0605435945868197,
    0.059162468603341886,
    0.0579679310967279,
    0.05794013374586507,
    0.05895527286252173,
    0.055657611883217745,
    0.05822646853947403,
    0.056177607866575816,
    0.054357128402236665,
    0.05361982199852124,
    0.0528133145468955,
    0.05266798711796798,
    0.05331050713389817,
    0.053913068293713694,
    0.051484658161528626,
    0.0511621745801208,
    0.04998117246397651,
    0.04803837069522331,
    0.05170938545967092,
    0.050559501984331866,
    0.048479531863980956,
    0.048139114108047276,
    0.05056870100318943,
    0.04714275104463986,
    0.04936288393535974,
    0.04729513785257788,
    0.04965317384847025,
    0.04799587966523843,
    0.045896209702633396,
    0.045104296522971134,
    0.046104736976546816,
    0.04759640771305502,
    0.04310329361256249,
    0.044475107177133016,
    0.04345419228372007,
    0.04450536512373255,
    0.044276764238308564,
    0.044420082555475214,
    0.043257246015243014,
    0.04446045484504487,
    0.040085179426956295,
    0.040840228858154894,
    0.04330557368990808,
    0.04135868276958123,
    0.04140317361654326,
    0.04261982901999266,
    0.0394610114727575,
    0.04004330737608494,
    0.04338127400006841,
    0.03963068937698361,
    0.04067511013294063,
    0.040048658774040714,
    0.03882289957716176,
    0.04043701852644139,
    0.039106840410703184,
    0.03697170371115945,
    0.03998575389551202,
    0.03890361171676823,
    0.03749598304990052,
    0.039166308824194244
  ],
  "val_loss": [
    0.45900086943919843,
    0.2806242131269895,
    0.2460897702437181,
    0.23070694047671098,
    0.2185210155752989,
    0.21014666557312012,
    0.20541284519892472,
    0.1928271192770738,
    0.18270551699858445,
    0.17532283927385622,
    0.16969590691419748,
    0.16372273604457194,
    0.15757471982103127,
    0.15816304918665153,
    0.15539820377643293,
    0.14876508684112474,
    0.1502234468666407,
    0.13990154547186998,
    0.1403838891822558,
    0.1425082041667058,
    0.13107243925333023,
    0.1345209261545768,
    0.13542496670897192,
    0.1302393342439945,
    0.12561628251121595,
    0.12406745108847435,
    0.12571868400734204,
    0.1231577409288058,
    0.1161083783954382,
    0.11854390556422564,
    0.11378217445543179,
    0.11769448865491611,
    0.11298259949454895,
    0.11202953583919086,
    0.11417932020357022,
    0.11240105302287982,
    0.11024308763444424,
    0.10598726885823104,
    0.1070606131106615,
    0.10634506909319988,
    0.10117422631726815,
    0.0995068083015772,
    0.09896767812852676,
    0.09752476989076687,
    0.09698362877735725,
    0.09430072026757094,
    0.09571095341100143,
    0.0907169825469072,
    0.10268807181945214,
    0.0951205906099998,
    0.09638816118240356,
    0.09344810240257245,
    0.09469107151604615,
    0.08872865892660159,
    0.08646873757243156,
    0.08938288086882004,
    0.08902069510748753,
    0.09132336739164132,
    0.08895674835030849,
    0.09361619000824598,
    0.08795548602938652,
    0.09039476585502808,
    0.08585074500968823,
    0.08539971573135027,
    0.08680114687348787,
    0.08742184521487126,
    0.09012180695740077,
    0.08476072900856917,
    0.0887966353016404,
    0.08298993526169887,
    0.08655623891032659,
    0.08634851056222732,
    0.08643447077618195,
    0.08863163667802627,
    0.09037419852729027,
    0.08742142325410476,
    0.09074940661398265,
    0.088947411125096,
    0.08876480649297054,
    0.08428133279085159,
    0.08786967074355254,
    0.08572415677973858,
    0.08901598333166195,
    0.08853286218184692,
    0.08714716938825753,
    0.08802993237399138,
    0.08477595591774353,
    0.08166386294536866,
    0.08386703824194577,
    0.08669010592767826,
    0.09025355929938647,
    0.09270596575851624,
    0.09116287271563824,
    0.0907049819540519,
    0.09147450155936755,
    0.0923148928066859,
    0.08978726528584957,
    0.09065473638474941,
    0.08668342268524262,
    0.08942196023865388,
    0.09276386694266246,
    0.09220277317441426,
    0.09092101089369792,
    0.09377822996332096,
    0.09125731512904167,
    0.08864640337056838,
    0.08860956075099799,
    0.08727545276857339,
    0.09164731663007003,
    0.0910729612582005,
    0.09519082193191235,
    0.09354960846786316,
    0.08925513478998955
  ],