{
  "epoch": [
    1,
    2,
    3,
    4,
    5,
    6,
    7,
    8,
    9,
    10,
    11,
    12,
    13,
    14,
    15,
    16,
    17,
    18,
    19,
    20,
    21,
    22,
    23,
    24,
    25,
    26,
    27,
    28,
    29,
    30,
    31,
    32,
    33,
    34,
    35,
    36,
    37,
    38,
    39,
    40,
    41,
    42,
    43,
    44,
    45,
    46,
    47,
    48,
    49,
    50,
    51,
    52,
    53,
    54,
    55,
    56,
    57,
    58,
    59,
    60,
    61,
    62,
    63,
    64,
    65,
    66,
    67,
    68,
    69,
    70,
    71,
    72,
    73,
    74,
    75,
    76,
    77
  ],
  "train_loss": [
    1.7958582698708714,
    1.276837109339119,
    0.9905664613931486,
    0.8650903023115479,
    0.7652830859222034,
    0.699060052338213,
    0.6525315781040947,
    0.608491855682713,
    0.5801647606462536,
    0.5566522101364514,
    0.5331456923838889,
    0.5003636992803895,
    0.4884355920966309,
    0.47386483538268814,
    0.464172620584469,
    0.44668851010870225,
    0.43688082783529075,
    0.42786974924625737,
    0.4156327014512355,
    0.4055580561703975,
    0.39029226798822386,
    0.389390765440346,
    0.3826785102339074,
    0.3733425633151933,
    0.3646257038753812,
    0.35792124448436324,
    0.3517217827905523,
    0.3495013728590295,
    0.3336718623886014,
    0.32917616582743014,
    0.32789350810027357,
    0.31744729100477576,
    0.3194028512381091,
    0.30737457180967426,
    0.31406172918211117,
    0.30555221895770274,
    0.30782034934157193,
    0.2934620212210287,
    0.293745030418481,
    0.2872107838935191,
    0.2833447600945388,
    0.28208503820518455,
    0.27103759318885234,
    0.2765100142448255,
    0.2666782074340499,
    0.2714240974423909,
    0.2644167558686568,
    0.2623247172277753,
    0.2648787889445182,
    0.2560840300699272,
    0.2534848104904194,
    0.2518518033004043,
    0.24655898682551808,
    0.24845094137852736,
    0.24633008566233192,
    0.23738548661222553,
    0.23844394368110317,
    0.23719464744081592,
    0.23169435368906152,
    0.22912836414162474,
    0.22870256287036556,
    0.22827772560096024,
    0.2257847409732271,
    0.22533890914798962,
    0.22398752756047957,
    0.22462485553604541,
    0.21838532240674047,
    0.21498140781232628,
    0.21841236712908982,
    0.21483626865809508,
    0.2142231842078785,
    0.2096007668440885,
    0.2081437367613953,
    0.20853235329141712,
    0.20360396957338447,
    0.20422034024602115,
    0.20152762502726942
  ],
  "val_loss": [
    1.3740940460791955,
    0.9860110512146583,
    0.7852610991551325,
    0.698493283528548,
    0.6433901053208572,
    0.5899258164259104,
    0.554819643497467,
    0.5612188233779027,
    0.4926524552015158,
    0.4886147998846494,
    0.47259857333623445,
    0.4454882305402022,
    0.4431345004301805,
    0.4214712060414828,
    0.41856610087248,
    0.41038067982747006,
    0.41291234814203703,
    0.39870641323236317,
    0.4183468818664551,
    0.3896308495448186,
    0.3870665385172917,
    0.3918900925379533,
    0.39691272377967834,
    0.3790732232423929,
    0.3822274047594804,
    0.38480969117237973,
    0.3866929251414079,
    0.39304487292583173,
    0.3722640596903287,
    0.4273192286491394,
    0.3635475222881024,
    0.3572500760738666,
    0.38771398480121905,
    0.37554046282401454,
    0.4383962589960832,
    0.379900716818296,
    0.3805242685171274,
    0.3617146886312045,
    0.38384316517756534,
    0.37959349613923293,
    0.3818289064444028,
    0.36721354035230785,
    0.3633969036432413,
    0.35950606832137477,
    0.3695420347727262,
    0.35468758528049177,
    0.35446406786258405,
    0.4091091545728537,
    0.3782208447272961,
    0.37267137261537403,
    0.3977246697132404,
    0.375501899765088,
    0.3552342446950766,
    0.3628091009763571,
    0.4382447714989002,
    0.361098057948626,
    0.35848071024968076,
    0.37624313968878526,
    0.3896598151096931,
    0.3864814845415262,
    0.3991843026417952,
    0.37110615693605864,
    0.3794750685875232,
    0.37256790353701663,
    0.4020163554411668,
    0.38945717307237476,
    0.3772076437106499,
    0.38290090973560625,
    0.37794214257827174,
    0.3599944068835332,
    0.37329261348797727,
    0.36082627223088193,
    0.45583627544916594,
    0.3766821462374467,
    0.375441312789917,
    0.3836946556201348,
    0.368736941080827
  ],
  "train_transduce": [
    1.7958582698708714,
    1.276837109339119,
    0.9905664613931486,
    0.8650903023115479,
    0.7652830859222034,
    0.699060052338213,
    0.6525315781040947,
    0.608491855682713,
    0.5801647606462536,
    0.5566522101364514,
    0.5331456923838889,
    0.5003636992803895,
    0.4884355920966309,
    0.47386483538268814,
    0.464172620584469,
    0.44668851010870225,
    0.43688082783529075,
    0.42786974924625737,
    0.4156327014512355,
    0.4055580561703975,
    0.39029226798822386,
    0.389390765440346,
    0.3826785102339074,
    0.3733425633151933,
    0.3646257038753812,
    0.35792124448436324,
    0.3517217827905523,
    0.3495013728590295,
    0.3336718623886014,
    0.32917616582743014,
    0.32789350810027357,
    0.31744729100477576,
    0.3194028512381091,
    0.30737457180967426,
    0.31406172918211117,
    0.30555221895770274,
    0.30782034934157193,
    0.2934620212210287,
    0.293745030418481,
    0.2872107838935191,
    0.2833447600945388,
    0.28208503820518455,
    0.27103759318885234,
    0.2765100142448255,
    0.2666782074340499,
    0.2714240974423909,
    0.2644167558686568,
    0.2623247172277753,
    0.2648787889445182,
    0.2560840300699272,
    0.2534848104904194,
    0.2518518033004043,
    0.24655898682551808,
    0.24845094137852736,
    0.24633008566233192,
    0.23738548661222553,
    0.23844394368110317,
    0.23719464744081592,
    0.23169435368906152,
    0.22912836414162474,
    0.22870256287036556,
    0.22827772560096024,
    0.2257847409732271,
    0.22533890914798962,
    0.22398752756047957,
    0.22462485553604541,
    0.21838532240674047,
    0.21498140781232628,
    0.21841236712908982,
    0.21483626865809508,
    0.2142231842078785,
    0.2096007668440885,
    0.2081437367613953,
    0.20853235329141712,
    0.20360396957338447,
    0.20422034024602115,
    0.20152762502726942
  ],