{
  "epoch": [
    1,
    2,
    3,
    4,
    5,
    6,
    7,
    8,
    9,
    10,
    11,
    12,
    13,
    14,
    15,
    16,
    17,
    18,
    19,
    20,
    21,
    22,
    23,
    24,
    25,
    26,
    27,
    28,
    29,
    30,
    31,
    32,
    33,
    34,
    35,
    36,
    37,
    38,
    39,
    40,
    41,
    42,
    43,
    44,
    45,
    46,
    47,
    48,
    49,
    50,
    51,
    52,
    53,
    54,
    55,
    56,
    57,
    58,
    59,
    60,
    61,
    62,
    63,
    64,
    65,
    66,
    67,
    68,
    69,
    70,
    71,
    72,
    73,
    74,
    75,
    76,
    77,
    78,
    79,
    80,
    81,
    82,
    83,
    84
  ],
  "train_loss": [
    1.4844440231003713,
    0.871862167242876,
    0.6936034802923497,
    0.5806164151614475,
    0.5005432451815949,
    0.4362998726134448,
    0.3739504763453277,
    0.3169772570434305,
    0.27073678842832133,
    0.2354684279290671,
    0.20851230563730308,
    0.18288940333367623,
    0.16711593837928526,
    0.14657441392233692,
    0.1285736471337756,
    0.11942234988679591,
    0.11068885460419138,
    0.1019793511320328,
    0.09233053596978336,
    0.08518549008775003,
    0.07854688879985784,
    0.07486754506058299,
    0.06998107169476367,
    0.06522356915604516,
    0.059313735290977755,
    0.055817403360125945,
    0.0564291362852319,
    0.05072579953877121,
    0.04794720767699566,
    0.045900271523782274,
    0.042960756976810316,
    0.04042505927038254,
    0.03909750249160012,
    0.03694642522401109,
    0.033585379048989915,
    0.03394299704754322,
    0.03083344039833653,
    0.030823637323319605,
    0.029680230549162197,
    0.028884388124762277,
    0.026283775679479093,
    0.024531520672680177,
    0.025914323232952775,
    0.02452114929886746,
    0.024306568605153216,
    0.021409568645674542,
    0.02173854016516473,
    0.022338483854648226,
    0.02247609401520188,
    0.020081483401338925,
    0.01762141948613847,
    0.017792051875262914,
    0.017936595015890282,
    0.018000933201263475,
    0.017992281128133926,
    0.015578104322296135,
    0.014549851074296329,
    0.017005575996026704,
    0.015777437813272795,
    0.015434129269236756,
    0.015634207567440096,
    0.01593800705015064,
    0.013909916046013115,
    0.01331674861877715,
    0.01571779946386142,
    0.013030148396921373,
    0.014045057433642946,
    0.013300411527395518,
    0.01289490202847465,
    0.012154547452624197,
    0.011933203180531789,
    0.012874622744647306,
    0.012447028765910948,
    0.011167565436875351,
    0.010974036725285971,
    0.011066217991384226,
    0.012649985222618777,
    0.010871930410317386,
    0.00913517711145237,
    0.010162171602582789,
    0.010407590359502193,
    0.009699945440983937,
    0.010217168313491917,
    0.009714148382232621
  ],
  "val_loss": [
    0.6791162215746366,
    0.5408729544052711,
    0.431773128417822,
    0.3998995331617502,
    0.3618682256111732,
    0.34867268800735474,
    0.29537709286579716,
    0.26901270334537214,
    0.25075074227956623,
    0.24865923821926117,
    0.2192995548248291,
    0.21787677934536567,
    0.209988894370886,
    0.18047787306400445,
    0.16444259939285424,
    0.16085638449742243,
    0.15713697041456515,
    0.1552563768166762,
    0.14865334962423032,
    0.13705917103932455,
    0.1398963246207971,
    0.14246214295809084,
    0.1343598044835604,
    0.12979018688201904,
    0.1254280971793028,
    0.12636792229918334,
    0.11695424983134636,
    0.1185990973160817,
    0.10520715323778299,
    0.12239771737502171,
    0.11389447648364764,
    0.10551100381864952,
    0.10687987706982173,
    0.1101639517224752,
    0.10331607753267655,
    0.10376506270124362,
    0.10329099486653621,
    0.09381674602627754,
    0.10091417426100144,
    0.10759374570961182,
    0.10184782542861424,
    0.10256157707996093,
    0.10469139582262589,
    0.09945153588285813,
    0.10029065150481004,
    0.09745107390559636,
    0.0938011917213981,
    0.09114827394772035,
    0.09362630911457998,
    0.0960939390083345,
    0.10277962473292764,
    0.10079593068132034,
    0.08655345970048355,
    0.08995819503728014,
    0.09926612188036625,
    0.10674808081239462,
    0.0960313045204832,
    0.09529979138348538,
    0.08435838085670884,
    0.09429204266948196,
    0.09666188369290186,
    0.09275230364157604,
    0.08600083032909495,
    0.08869418842144884,
    0.08785438867142567,
    0.08786379465331826,
    0.0893345817636985,
    0.09705955277268703,
    0.10334951677717842,
    0.09546495580042784,
    0.10040021211338732,
    0.10511765432042572,
    0.09460833883629395,
    0.09159411239222838,
    0.09780573792970525,
    0.10476559980844076,
    0.10015735660607998,
    0.10260377784904379,
    0.10997250772869357,
    0.10147009592933151,
    0.1064666508553693,
    0.11214062768536118,
    0.11142340409927644,
    0.09920648030506876
  ],
  "train_transduce": [
    1.4834461768263394,
    0.8717015720519823,
    0.6933652958304611,
    0.5801727790193459,
    0.49992233591595875,
    0.43447390306241734,
    0.3727586143410083,
    0.3165479842381379,
    0.27071435757211804,
    0.23545625944112994,
    0.2085044761908423,
    0.18287942089985326,
    0.16711565103266657,
    0.14657269729320535,
    0.12857377617475912,
    0.11942319658383266,
    0.11068943165933963,
    0.10197982506960937,
    0.09233116387322392,
    0.0851852131873062,
    0.07854749031902589,
    0.07486800204232796,
    0.06997754290392719,
    0.06522409022622502,
    0.05931234207081119,
    0.0558177975496066,
    0.05642950426326277,
    0.050725289159598425,
    0.047947442053442764,
    0.045900421677944586,
    0.04296093061566353,
    0.04042522262148175,
    0.039097632036649996,
    0.036946479403941905,
    0.03358552997125332,
    0.033943125728479365,
    0.03083357736036258,
    0.030823746316864627,
    0.029680359016470228,
    0.02888449817924693,
    0.026283948929481132,
    0.024531594467992635,
    0.025914382650372908,
    0.024521231015222435,
    0.02430660186393052,
    0.02140958033281273,
    0.021738485399556837,
    0.02233817114389127,
    0.022469709803753523,
    0.020081619728481416,
    0.017621504132079018,
    0.017792150571452666,
    0.017936755028150054,
    0.018001004446240275,
    0.017992327948696145,
    0.015578159911212386,
    0.014549931090027477,
    0.01700567079890404,
    0.015777547432100112,
    0.015434209325773277,
    0.015634263568610605,
    0.01593809725162237,
    0.013910027391867731,
    0.013316860102049853,
    0.015718012631717185,
    0.013030271252890876,
    0.01404456093669725,
    0.013299854268252696,
    0.012894903410456538,
    0.012154473606305024,
    0.011931838355502402,
    0.01287473738793591,
    0.01244689780647492,
    0.011167581596402163,
    0.010973983146634298,
    0.011066278368330648,
    0.01265003626983728,
    0.010871989303268492,
    0.009135244009757088,
    0.01016223326639858,
    0.010407631192176324,
    0.00969998503869553,
    0.010217200553935194,
    0.009714150832655128
  ],