{
  "epoch": [
    1,
    2,
    3,
    4,
    5,
    6,
    7,
    8,
    9,
    10,
    11,
    12,
    13,
    14,
    15,
    16,
    17,
    18,
    19,
    20,
    21,
    22,
    23,
    24,
    25,
    26,
    27,
    28,
    29,
    30,
    31,
    32,
    33,
    34,
    35,
    36,
    37,
    38,
    39,
    40,
    41,
    42,
    43,
    44,
    45,
    46,
    47,
    48,
    49,
    50,
    51,
    52,
    53,
    54,
    55,
    56,
    57,
    58,
    59,
    60,
    61,
    62,
    63,
    64,
    65,
    66,
    67,
    68,
    69,
    70,
    71,
    72,
    73,
    74,
    75,
    76,
    77,
    78,
    79,
    80,
    81,
    82,
    83,
    84,
    85,
    86,
    87,
    88,
    89,
    90,
    91,
    92,
    93,
    94,
    95,
    96,
    97,
    98,
    99,
    100,
    101,
    102,
    103,
    104,
    105,
    106,
    107
  ],
  "train_loss": [
    0.8257894011417238,
    0.2906682072299542,
    0.22813111868235145,
    0.19791908842502254,
    0.1729188023669885,
    0.15526435800855704,
    0.14080591101457576,
    0.1285580828564592,
    0.12100687556632675,
    0.11144768782328851,
    0.10315955356501116,
    0.09801632811379905,
    0.09311453669820682,
    0.08764876342277125,
    0.08191794710289134,
    0.07865524024582736,
    0.07590226198334506,
    0.07435602508485317,
    0.06959447567120637,
    0.06571991673421741,
    0.06548408383853954,
    0.062377196100383704,
    0.06164143542473269,
    0.05817730068275244,
    0.0566580070754384,
    0.055354922087770875,
    0.053014636214933186,
    0.05202336634260298,
    0.049484313041488134,
    0.047687325257771085,
    0.04495458963262563,
    0.04285994491143392,
    0.043849787960695746,
    0.038469278557908416,
    0.0391188374222579,
    0.03962346654164024,
    0.03887780926347074,
    0.03549360664155666,
    0.03542414036496441,
    0.03314982858108412,
    0.03502852464611135,
    0.031158965228512737,
    0.032295833470871546,
    0.03108635501899194,
    0.030207327470220258,
    0.029846336323731015,
    0.02805567081409073,
    0.02747772343567397,
    0.027676232219074327,
    0.026941650662349888,
    0.027055236031439635,
    0.02622440741812386,
    0.025674801697899208,
    0.02446886087942979,
    0.023405810974833397,
    0.023157724859377386,
    0.02198505638130378,
    0.021149617488413017,
    0.0220283180484456,
    0.020934339451354624,
    0.021356978225475637,
    0.0220515269228248,
    0.021141488238763394,
    0.019687036930647963,
    0.02083972545737161,
    0.018817210874271274,
    0.0190972438391003,
    0.01774867398590587,
    0.017968165591396024,
    0.017674485281441766,
    0.018324579363504408,
    0.016927922000453836,
    0.018085846404249938,
    0.017769211363785044,
    0.014729984420453115,
    0.01617304112019921,
    0.015462470810288693,
    0.015261656745327729,
    0.013999263896597641,
    0.015411980989582763,
    0.014808024332794075,
    0.013870028808878937,
    0.014924974609535225,
    0.01343214226941956,
    0.013304612306546015,
    0.0137164565587029,
    0.015210936189453938,
    0.014308939757065313,
    0.013866358214187077,
    0.013816653930646653,
    0.012090667356082265,
    0.01134305631529798,
    0.01199202219572951,
    0.013105948874611629,
    0.011635947512637934,
    0.013148742794211363,
    0.012635019092617722,
    0.011825793913777659,
    0.010774620299776187,
    0.011031862502770112,
    0.01046082859001316,
    0.01127501112226821,
    0.010895183275333873,
    0.010497807998827999,
    0.009669105348287906,
    0.009695696231844549,
    0.010260937677230686
  ],
  "val_loss": [
    0.27798296625797564,
    0.20388673475155464,
    0.17526724762641466,
    0.153908555324261,
    0.13895587221934244,
    0.13622383056924894,
    0.11559055401728703,
    0.10635422857908103,
    0.10284985286685136,
    0.09851012894740471,
    0.09609676295748124,
    0.09893957238930923,
    0.09313892372525655,
    0.0801467952819971,
    0.08236870628136855,
    0.07838485160699257,
    0.07821779913054062,
    0.0760302496357606,
    0.07231891592248128,
    0.06914369797763917,
    0.0673546066077856,
    0.07210391702560279,
    0.0716215089823191,
    0.06407576340895432,
    0.06259224370408517,
    0.06565201017432488,
    0.05844548731469191,
    0.059479737224487156,
    0.06449118127616552,
    0.06622717801768047,
    0.058263806912761465,
    0.06082266540481494,
    0.060012748679862574,
    0.06102654137290441,
    0.06406338040072185,
    0.06246240329570495,
    0.06278498936444521,
    0.05862886372667093,
    0.05900973948435141,
    0.06432216822241361,
    0.05486516181666117,
    0.06202857533039955,
    0.055741121562627644,
    0.05912022263957904,
    0.05894782952964306,
    0.0565832735469135,
    0.06078884109424857,
    0.056578371638002306,
    0.05609938292764127,
    0.053795401400958114,
    0.05912695029893747,
    0.05999132453535612,
    0.057393367760456525,
    0.05506623498737239,
    0.052497669839515135,
    0.05671551608695434,
    0.05892251786560966,
    0.05538771609560801,
    0.05815459438599646,
    0.0573969349408379,
    0.057339559255454406,
    0.05741861847659143,
    0.058815901149780705,
    0.05516726874674742,
    0.051220028929842204,
    0.05096866140285364,
    0.052297405182169035,
    0.05908649772978746,
    0.05740439965246388,
    0.060422296062684976,
    0.05949528210868056,
    0.05578819777852354,
    0.05791161115317104,
    0.0562466545155845,
    0.056195305669322036,
    0.05709638838799527,
    0.055891924537718296,
    0.05606538519406548,
    0.06571799728911944,
    0.05720948894472363,
    0.04947856065924638,
    0.04925721583780474,
    0.05597507978717868,
    0.05576178717176215,
    0.05318683653604239,
    0.05812296115506727,
    0.062138510473932214,
    0.05713541414409589,
    0.059266248073142305,
    0.05674667926863409,
    0.06135022479037826,
    0.05771505116270138,
    0.05928692909387442,
    0.059554304766397066,
    0.057273058664017856,
    0.06327522574709012,
    0.057216939982026815,
    0.060157457733741745,
    0.055369251277835034,
    0.05600258990978965,
    0.05714938957065057,
    0.055263216831148244,
    0.0537950922197734,
    0.05414575692087125,
    0.05359778853240781,
    0.05938426363998307,
    0.05479652199070328
  ],