{
  "epoch": [
    1,
    2,
    3,
    4,
    5,
    6,
    7,
    8,
    9,
    10,
    11,
    12,
    13,
    14,
    15,
    16,
    17,
    18,
    19,
    20,
    21,
    22,
    23,
    24,
    25,
    26,
    27,
    28,
    29,
    30,
    31,
    32,
    33,
    34,
    35,
    36,
    37,
    38,
    39,
    40,
    41,
    42,
    43,
    44,
    45,
    46,
    47,
    48,
    49,
    50,
    51,
    52,
    53,
    54,
    55,
    56,
    57,
    58,
    59,
    60,
    61,
    62,
    63,
    64,
    65,
    66,
    67,
    68,
    69,
    70,
    71,
    72,
    73,
    74,
    75,
    76,
    77,
    78,
    79,
    80,
    81,
    82,
    83,
    84,
    85,
    86,
    87,
    88,
    89,
    90,
    91,
    92,
    93,
    94,
    95,
    96,
    97,
    98,
    99,
    100
  ],
  "train_loss": [
    2.9395079305856533,
    2.1563604716027136,
    1.3895155557311407,
    0.9392288457049002,
    0.7323105848661744,
    0.6261013504302148,
    0.5341415234131388,
    0.4796294938809801,
    0.4222671826287071,
    0.38437611853132153,
    0.36010994607269176,
    0.3254259578367271,
    0.2904672126958866,
    0.2783066338979372,
    0.2636724025158599,
    0.23982533200247452,
    0.23023192097644996,
    0.21394646662001562,
    0.20343141508574533,
    0.19042498883929584,
    0.1860833078032673,
    0.18377334735181072,
    0.1707466744107775,
    0.1598879755428522,
    0.1615624524800494,
    0.1545218255112667,
    0.14356144466022452,
    0.1421370110520632,
    0.13352347784998395,
    0.13184525061509397,
    0.1255943031225464,
    0.12694357958908128,
    0.11491734379588968,
    0.10764417303080606,
    0.10651129292379512,
    0.10598747203550717,
    0.10222562653298425,
    0.1052405341426925,
    0.09681438544008991,
    0.09165654265054382,
    0.08913294301543495,
    0.09725192797803643,
    0.08998612034143788,
    0.08477348762352278,
    0.08479575130461466,
    0.08223441184157192,
    0.08526957057195135,
    0.07284833778544228,
    0.07620984127763475,
    0.07203339263427966,
    0.07674472703423241,
    0.0762055555340087,
    0.08213803627629682,
    0.0816103925024814,
    0.08175629938924962,
    0.08477576172882968,
    0.09604531017565492,
    0.09012141705739617,
    0.09376430721713765,
    0.0904967877829429,
    0.10066936338449468,
    0.0931358759909278,
    0.10108878622108167,
    0.09972033402559781,
    0.10321520608250458,
    0.1052554225051167,
    0.10344280335720223,
    0.12886470227991,
    0.12558563949890655,
    0.12324063055733643,
    0.11524539625290597,
    0.1244751250389779,
    0.12976393310150297,
    0.13042860245793172,
    0.13618154093475626,
    0.14316001427498196,
    0.13431273655283568,
    0.1418129003210233,
    0.15179375308279944,
    0.1457640556341941,
    0.14666248610851787,
    0.1557759817062628,
    0.16667155877198322,
    0.155843106642513,
    0.16855738658716182,
    0.16479607885426814,
    0.18905186350687897,
    0.17526595903062583,
    0.19649256197827877,
    0.196748090705069,
    0.20863978985217538,
    0.20923089361426853,
    0.18466559996699342,
    0.19878405598130558,
    0.20533087370124195,
    0.20623435589051484,
    0.2157291193114649,
    0.19990793652463668,
    0.21918361058624664,
    0.22475047948041765
  ],
  "val_loss": [
    2.5090146431556115,
    1.518993616104126,
    0.8981940746307373,
    0.7042275988138639,
    0.5040637185940375,
    0.4143089216489058,
    0.4462740352520576,
    0.3957069103534405,
    0.36672170574848467,
    0.25535629231196183,
    0.2699552040833693,
    0.2051500901579857,
    0.19464599799651366,
    0.19413242030602235,
    0.17758011645995653,
    0.17398700003440565,
    0.17431237835150498,
    0.16851324072250953,
    0.15549788853296867,
    0.14191781270962495,
    0.1413722915145067,
    0.15348689258098602,
    0.16115250151890975,
    0.16968505313763252,
    0.14660191879822657,
    0.13681271958809632,
    0.13074603390235168,
    0.12463388706629093,
    0.13624242062752062,
    0.14037160002268279,
    0.13266414060042456,
    0.1287587399666126,
    0.12637207083977187,
    0.13391631383162278,
    0.12414450771533526,
    0.11599545553326607,
    0.12092598728262462,
    0.12104875422441043,
    0.12623433826061395,
    0.11642321714988121,
    0.11974278722818081,
    0.12539138931494492,
    0.13418321712658957,
    0.12722604177319086,
    0.12759040926511472,
    0.11779816649281062,
    0.1208304029244643,
    0.12357107893778728,
    0.11258139489934994,
    0.11172298341989517,
    0.13906109848847756,
    0.12164507061243057,
    0.11977731063961983,
    0.12161472640358485,
    0.11724168119522241,
    0.13125373537723833,
    0.12574141902419236,
    0.14122912001151305,
    0.1209280975162983,
    0.1133563186113651,
    0.12752024800731585,
    0.11837870455705203,
    0.1131642094025245,
    0.14605898066208914,
    0.12210598817238441,
    0.13509531806294733,
    0.13897952437400818,
    0.1475990294263913,
    0.13219640575922453,
    0.13825416135100219,
    0.14696659606236678,
    0.15529534220695496,
    0.13621763684428656,
    0.1445063235094914,
    0.1439795860877404,
    0.1721868744263282,
    0.14377440856053278,
    0.14239383660829985,
    0.14585104756630385,
    0.1774358651958979,
    0.1710175356039634,
    0.14822791746029487,
    0.16522454814268991,
    0.15194778258983904,
    0.1825489653990819,
    0.18363089974109942,
    0.1841491638467862,
    0.17683348346215028,
    0.17640546881235564,
    0.26545097392338973,
    0.20741533258786568,
    0.1993910217514405,
    0.20363061359295478,
    0.228029031593066,
    0.23419190140870902,
    0.2190479739354207,
    0.21873646401442015,
    0.2188070553999681,
    0.24374782179410642,
    0.25229041049113643
  ],