{
  "epoch": [
    1,
    2,
    3,
    4,
    5,
    6,
    7,
    8,
    9,
    10,
    11,
    12,
    13,
    14,
    15,
    16,
    17,
    18,
    19,
    20,
    21,
    22,
    23,
    24,
    25,
    26,
    27,
    28,
    29,
    30,
    31,
    32,
    33,
    34,
    35,
    36,
    37,
    38,
    39,
    40,
    41,
    42,
    43,
    44,
    45,
    46,
    47,
    48,
    49,
    50,
    51,
    52,
    53,
    54,
    55,
    56,
    57,
    58,
    59,
    60,
    61,
    62,
    63,
    64,
    65,
    66,
    67,
    68,
    69,
    70,
    71,
    72,
    73,
    74,
    75,
    76,
    77,
    78,
    79,
    80,
    81,
    82,
    83,
    84,
    85,
    86,
    87,
    88,
    89,
    90,
    91,
    92,
    93,
    94,
    95,
    96,
    97,
    98,
    99,
    100,
    101,
    102
  ],
  "train_loss": [
    1.0407877478859213,
    0.3876871708596107,
    0.274782655852856,
    0.23204413167025784,
    0.20540901413648435,
    0.18704969295770815,
    0.17105571195335673,
    0.16217762401493468,
    0.14769119643928982,
    0.13886144904807063,
    0.12940402402736173,
    0.1216392507131147,
    0.11788190148844577,
    0.11059060073134923,
    0.10649517322383305,
    0.10141789820967334,
    0.0978818631887731,
    0.09568081630191,
    0.09019006938111074,
    0.08861270639123303,
    0.08636014904863763,
    0.08393230682036074,
    0.0813140621279726,
    0.07900627005365815,
    0.07690107944135618,
    0.07453318080394575,
    0.07285311298057584,
    0.07138045938076949,
    0.06822548480243376,
    0.06791507165030677,
    0.06674327583301186,
    0.0634218239142458,
    0.06507685203289632,
    0.05960220170419405,
    0.058557795757188065,
    0.05717984983457787,
    0.05597640392324417,
    0.05683690862785472,
    0.052751612563682077,
    0.05511244523827687,
    0.051941889568720714,
    0.049938190129059964,
    0.052325472115806425,
    0.04829547049864979,
    0.04890747255839334,
    0.04787006528845223,
    0.047729347435997264,
    0.046209583916507736,
    0.04480242576118153,
    0.04381657141897053,
    0.04546264159760558,
    0.041770055392148474,
    0.041602693705607464,
    0.0402047090638097,
    0.03998654061873065,
    0.03888240683418099,
    0.037498688177749664,
    0.039519644568277765,
    0.036281012478146225,
    0.03721140832686336,
    0.0385208912700931,
    0.03584244204592882,
    0.036148250268975106,
    0.0372634792774178,
    0.03431208404057687,
    0.03458427556670538,
    0.0357578753373853,
    0.03257493295310305,
    0.03363094169480523,
    0.03300391019570945,
    0.03201623808242159,
    0.03376468312050594,
    0.030708068119601743,
    0.029230575365392437,
    0.0292248958767862,
    0.030785677442788192,
    0.02951925267732822,
    0.028927456605995057,
    0.028976271777312355,
    0.029815874920032993,
    0.028859193081792335,
    0.026351353596195136,
    0.027607847203380696,
    0.026804411763067144,
    0.02836700654726955,
    0.024880193256874485,
    0.02365508589589286,
    0.024843015023368862,
    0.026852430008112056,
    0.023893893350579655,
    0.024560905919216648,
    0.025739009810224322,
    0.02543058265738263,
    0.023078054295723686,
    0.02435307041280857,
    0.02214334707356768,
    0.024120427709589207,
    0.02360758482994936,
    0.025000814283912133,
    0.022294345523903865,
    0.020683272367131224,
    0.021408558389780546
  ],
  "val_loss": [
    0.36062230513646054,
    0.22325882430259997,
    0.20035270143013734,
    0.17569434069670165,
    0.1548711170370762,
    0.14697869265308747,
    0.13721257018355223,
    0.128206627873274,
    0.11798130606229489,
    0.11260453267739369,
    0.12084005715755317,
    0.10932843559063397,
    0.11744631397036406,
    0.10970638864315473,
    0.1061545882660609,
    0.10035277158021927,
    0.10458266992981617,
    0.09086152438360912,
    0.09461874744066825,
    0.08486559729163463,
    0.09354380045372707,
    0.08209551498293877,
    0.08508189423726155,
    0.08359283724656472,
    0.07793975306244996,
    0.08306354599503371,
    0.07529123528645588,
    0.08275528123172429,
    0.07193899154663086,
    0.07184796651395467,
    0.07150942803575443,
    0.06687587657226966,
    0.07033761454602847,
    0.06755216161792095,
    0.07055482769814822,
    0.06618296061284266,
    0.07747518801345275,
    0.07227724919525477,
    0.06314431224018335,
    0.06713733345699999,
    0.06664835926718436,
    0.06251558435794252,
    0.06653572597469275,
    0.06388805197695127,
    0.06400812990390338,
    0.061853033383018695,
    0.05835948909561221,
    0.05923600516353662,
    0.05967384182776396,
    0.06088674183075245,
    0.06299475293893081,
    0.06725673019312896,
    0.05926180072128773,
    0.05866232980042696,
    0.0651898028042454,
    0.05801921266202743,
    0.06552580464631319,
    0.057576106037371434,
    0.0627699218547115,
    0.06187679145771723,
    0.05662896605924918,
    0.056137774426203504,
    0.06392306956247641,
    0.05716074361967353,
    0.05690946960105346,
    0.056375387053077035,
    0.056693707091303974,
    0.05795455172371406,
    0.06298621260346128,
    0.060624295415786594,
    0.05914744082838297,
    0.05860782522135056,
    0.059859487729576916,
    0.05988694387129866,
    0.055657753541779056,
    0.05673680647921104,
    0.05283643033068914,
    0.0578176613109043,
    0.0575517607279695,
    0.058369765452180915,
    0.055691193108661816,
    0.056331541102666124,
    0.05990865998543226,
    0.056542274327232286,
    0.06301292587214938,
    0.06151120151536396,
    0.06382507798620142,
    0.059971384739933103,
    0.06815387648888506,
    0.06181864691181825,
    0.06078620985723459,
    0.06217205950703759,
    0.058941309340298176,
    0.062187701427879244,
    0.056227916260608114,
    0.06108960720638816,
    0.0579707517933387,
    0.06062174720976215,
    0.059351100120693445,
    0.05763569701677905,
    0.06052269337054055,
    0.06490453963096325
  ],