{
  "epoch": [
    1,
    2,
    3,
    4,
    5,
    6,
    7,
    8,
    9,
    10,
    11,
    12,
    13,
    14,
    15,
    16,
    17,
    18,
    19,
    20,
    21,
    22,
    23,
    24,
    25,
    26,
    27,
    28,
    29,
    30,
    31,
    32,
    33,
    34,
    35,
    36,
    37,
    38,
    39,
    40,
    41,
    42,
    43,
    44,
    45,
    46,
    47,
    48,
    49,
    50,
    51,
    52,
    53,
    54,
    55,
    56,
    57,
    58,
    59,
    60,
    61,
    62,
    63,
    64,
    65,
    66,
    67,
    68,
    69,
    70,
    71,
    72,
    73,
    74,
    75,
    76,
    77,
    78,
    79,
    80,
    81,
    82,
    83,
    84,
    85,
    86,
    87,
    88,
    89,
    90,
    91,
    92,
    93,
    94,
    95,
    96,
    97
  ],
  "train_loss": [
    1.500840469733956,
    0.8562998366110104,
    0.6902849161133324,
    0.5830510891589922,
    0.5058596765564889,
    0.4434495995339659,
    0.39268664831353217,
    0.34582787544764193,
    0.3075770605931577,
    0.2776998131699169,
    0.2508621977776596,
    0.22963104181990182,
    0.21003992817143805,
    0.1950819857188107,
    0.17728005856582799,
    0.1697615061684982,
    0.15555708889955097,
    0.14594691799780757,
    0.13554259961874215,
    0.12655809076176477,
    0.12498427781554841,
    0.11680702461870675,
    0.1085575381005855,
    0.10411071262716018,
    0.09534350947774563,
    0.09136648389712437,
    0.08370346516447584,
    0.08447545966536728,
    0.0807659891001957,
    0.0753424234361839,
    0.07036382790424467,
    0.066541545947572,
    0.06286148738461672,
    0.05636436950184943,
    0.049237199156477895,
    0.04502279883653847,
    0.0416706436284885,
    0.040957135042732525,
    0.036992719636980406,
    0.036827248065089135,
    0.030566206782787424,
    0.03238559733192945,
    0.02849038666805502,
    0.029703375588161583,
    0.02901240644650054,
    0.029802142632837147,
    0.025138752597393756,
    0.026160050668398438,
    0.022777226302273496,
    0.02340066842926839,
    0.020430992813492865,
    0.02244408780555289,
    0.02291161746516363,
    0.019443402182041984,
    0.01906304633168062,
    0.01918435003128402,
    0.020589980774453467,
    0.016082047217179898,
    0.016925244584929236,
    0.016088383014856347,
    0.017564347515497163,
    0.016114263954937227,
    0.019111746186438527,
    0.017002051664977192,
    0.01674390046679674,
    0.014662096105856802,
    0.013485328566772653,
    0.014580912049139668,
    0.012898050824098634,
    0.014047088434550067,
    0.01580492931252499,
    0.012545003226871803,
    0.012928263985758321,
    0.01271814256774492,
    0.011802075654580305,
    0.010773704201823157,
    0.011284897548564201,
    0.0118872942913026,
    0.010947427529356797,
    0.01079881994999446,
    0.010950542816270585,
    0.009896213177065892,
    0.012345432912325966,
    0.010065867908817437,
    0.012103278384023086,
    0.010304674039926073,
    0.010182114493536292,
    0.008876200092982827,
    0.009523071452180768,
    0.009385233352827291,
    0.008323648002073072,
    0.008551660171150681,
    0.010311869799685137,
    0.006150242040526679,
    0.008009559150242736,
    0.007810194609229472,
    0.008215640603142223
  ],
  "val_loss": [
    0.643109353689047,
    0.5199217658776504,
    0.4537108953182514,
    0.4090437109653766,
    0.3523877950815054,
    0.33838151968442476,
    0.299904465675354,
    0.2870563795933357,
    0.2543186763158211,
    0.26244980555314285,
    0.25774193153931546,
    0.23942636985045213,
    0.2285423783155588,
    0.20647678008446327,
    0.20395082579209253,
    0.19637368963314936,
    0.20544308423995972,
    0.17939458099695352,
    0.1816396489739418,
    0.17299431275862914,
    0.1717784284399106,
    0.17133698899012345,
    0.14669357927945945,
    0.15030540296664605,
    0.13839651988102838,
    0.13183778237838012,
    0.1258517440695029,
    0.11775494481508549,
    0.12029417890768784,
    0.13169060074366057,
    0.14148726371618417,
    0.13420124351978302,
    0.12603648809286264,
    0.12801865832163736,
    0.10683216039951031,
    0.10469509202700394,
    0.09405201057401988,
    0.0892804588835973,
    0.08999816056054372,
    0.08939427395279591,
    0.08829747369656196,
    0.09621718425590259,
    0.09871311743672077,
    0.09360800970059174,
    0.08965834760322021,
    0.08876267877908853,
    0.0917878529200187,
    0.0905629048267236,
    0.09044424415780948,
    0.08946658885822846,
    0.09662288405860846,
    0.09328067159423462,
    0.09137190226465464,
    0.09169357191198148,
    0.08899076422676444,
    0.08806521732073563,
    0.09203011445844403,
    0.09472620408408917,
    0.09792625943485361,
    0.09043123071583417,
    0.09477069436644132,
    0.10222350476452938,
    0.0937704630375195,
    0.09472112604775108,
    0.08965474379678759,
    0.08577817291594468,
    0.0965770771010564,
    0.09233123167919424,
    0.0909435608280966,
    0.09335761588926499,
    0.08346053735854533,
    0.08260684041306376,
    0.09029589672214709,
    0.08910775206123407,
    0.08831778899408303,
    0.08790117530868603,
    0.08962241384702233,
    0.08924452775122169,
    0.08985326256459722,
    0.09096614787211785,
    0.09698649377633746,
    0.08854516476500206,
    0.09203092374194127,
    0.09308661248248357,
    0.10022388018954259,
    0.09781645079000065,
    0.0920979029749735,
    0.09713198523072955,
    0.09572515025054319,
    0.09144748005872735,
    0.09337026013347965,
    0.09619458341218817,
    0.09282049125669381,
    0.10519134540272017,
    0.09666744073351416,
    0.10135712919201559,
    0.10314281057351483
  ],