{
  "epoch": [
    1,
    2,
    3,
    4,
    5,
    6,
    7,
    8,
    9,
    10,
    11,
    12,
    13,
    14,
    15,
    16,
    17,
    18,
    19,
    20,
    21,
    22,
    23,
    24,
    25,
    26,
    27,
    28,
    29,
    30,
    31,
    32,
    33,
    34,
    35,
    36,
    37,
    38,
    39,
    40,
    41,
    42,
    43,
    44,
    45,
    46,
    47,
    48,
    49,
    50,
    51,
    52,
    53,
    54,
    55,
    56,
    57,
    58,
    59,
    60,
    61,
    62,
    63,
    64,
    65,
    66,
    67,
    68,
    69,
    70,
    71,
    72,
    73,
    74,
    75,
    76,
    77,
    78,
    79,
    80,
    81,
    82,
    83,
    84,
    85,
    86,
    87,
    88,
    89,
    90,
    91,
    92,
    93,
    94,
    95,
    96,
    97,
    98,
    99,
    100,
    101,
    102,
    103,
    104,
    105,
    106,
    107,
    108,
    109,
    110,
    111,
    112
  ],
  "train_loss": [
    1.4418170273918467,
    0.8327342397773388,
    0.6578569501331172,
    0.5462007103199812,
    0.45756115219027726,
    0.39142261737400724,
    0.3445281301116206,
    0.30381598431117757,
    0.2741509308827292,
    0.24788490744288436,
    0.2241636544619639,
    0.2077112245882295,
    0.18977058517564202,
    0.17395807261165885,
    0.1603377353515207,
    0.15073480606847203,
    0.14262119308114052,
    0.13174021259411095,
    0.12781407522786523,
    0.11701706551092188,
    0.10959790026788245,
    0.10566201871357013,
    0.10165792911015835,
    0.09277659295530048,
    0.0897832173354847,
    0.08457976155290284,
    0.07991689982219148,
    0.0755936531254004,
    0.07239362344952281,
    0.06959622294747646,
    0.06275436256234486,
    0.06312661101446324,
    0.05859512190536125,
    0.05561423566691654,
    0.053153828592951764,
    0.053387098782455795,
    0.048338946521512625,
    0.04589851245706536,
    0.04806617903763179,
    0.04537016884951862,
    0.04104245202519845,
    0.04057356461248908,
    0.03890916393090462,
    0.036598655366406,
    0.035183965770969376,
    0.03510552641849235,
    0.03543291172281522,
    0.03486853958462778,
    0.03240754127444834,
    0.03046260420809087,
    0.031534239390538524,
    0.030946757493195,
    0.0292252118641645,
    0.02690716028290311,
    0.02644790958891594,
    0.026651500863474363,
    0.026708027237507793,
    0.023707218948252423,
    0.02562230991286024,
    0.02522786538663906,
    0.02331287308461657,
    0.02372219228214517,
    0.02283262260037369,
    0.02139162350225157,
    0.021142580210394467,
    0.01948987841894178,
    0.01917791353795466,
    0.020965328428068572,
    0.02034970830415481,
    0.01971809891263772,
    0.015626205759094163,
    0.018674314341306227,
    0.01756758772955305,
    0.015469103319493612,
    0.017101768262626736,
    0.017273920426174,
    0.01559599437606857,
    0.01812677087079849,
    0.01723304106469852,
    0.015677661538968997,
    0.01445755032407235,
    0.01535970932256776,
    0.014312218754077042,
    0.014011779726247698,
    0.014236853501192996,
    0.015287152808351615,
    0.013522258990914705,
    0.013812100879617572,
    0.013441104727518773,
    0.012254833389006401,
    0.013826114665620873,
    0.014177065019822228,
    0.012652953487782519,
    0.01221186061600972,
    0.01169023585455377,
    0.012503468669163659,
    0.011780228175357291,
    0.01246322609949857,
    0.011560518534004343,
    0.01055667092591601,
    0.010827874902218157,
    0.012413805646500214,
    0.010345649061191673,
    0.009257188923752954,
    0.011645236301005423,
    0.010201384954588949,
    0.011186980154214082,
    0.009791047429634719,
    0.011219321062413919,
    0.010832666816998791,
    0.009554127809116329,
    0.009548100691166293
  ],
  "val_loss": [
    0.7325508319414579,
    0.5532525250544915,
    0.4591511075313275,
    0.42673078637856704,
    0.3745782169011923,
    0.34983184475165147,
    0.3435928982037764,
    0.3069117390192472,
    0.3012461822766524,
    0.2779860760156925,
    0.2736914192254727,
    0.2464833832704104,
    0.24859348283364222,
    0.21699112539107984,
    0.22697166525400603,
    0.21685115305277017,
    0.21402573127012986,
    0.19712838874413416,
    0.20320180631600893,
    0.1910680177120062,
    0.17831533344892356,
    0.1840390030008096,
    0.161588470523174,
    0.17361080990387842,
    0.16412751376628876,
    0.15494483709335327,
    0.15553741042430586,
    0.14900637016846582,
    0.1548930469613809,
    0.1491157320829538,
    0.14000142079133254,
    0.15038649852459246,
    0.1346583180129528,
    0.12633513057461151,
    0.12049077766445968,
    0.12333706422494008,
    0.11946713609191087,
    0.12753489155035752,
    0.11709219217300415,
    0.11719389746968563,
    0.11513715810500659,
    0.1154589567046899,
    0.11432857524890166,
    0.11391691118478775,
    0.11667669793734184,
    0.11434609041764186,
    0.11571531169689618,
    0.10986912021270165,
    0.106020891179259,
    0.11207851137106235,
    0.10810202789994386,
    0.11041214718268468,
    0.11827775606742272,
    0.11505301268054889,
    0.1010838457598136,
    0.10905580767072164,
    0.10303955654112193,
    0.10357486470960654,
    0.0976512056703751,
    0.10455008682150108,
    0.09805198286015254,
    0.1019471140148548,
    0.09319332270668103,
    0.09728782566694114,
    0.09961953544272827,
    0.09576471880651437,
    0.09215625719382213,
    0.09540495190482873,
    0.10324071605618183,
    0.09925946392692052,
    0.10085805247609432,
    0.08982470259070396,
    0.10036282241344452,
    0.10177696381623928,
    0.09830668855171937,
    0.09567480978484337,
    0.0975704534122577,
    0.10080095251592305,
    0.08752502286090301,
    0.08917231155702701,
    0.10159548028157307,
    0.09923300892114639,
    0.09307755888081513,
    0.0906261088899695,
    0.08865438050662096,
    0.085143918529726,
    0.08391308240019359,
    0.08734525124040934,
    0.0920230163834416,
    0.08852091402961658,
    0.08711813669651747,
    0.09421877176142655,
    0.09608561667398764,
    0.09065194427967072,
    0.09046735471257797,
    0.09221594608747043,
    0.08959238986986187,
    0.08800036911494456,
    0.08832484652073337,
    0.0972323094566281,
    0.0981494404662114,
    0.08724269629097901,
    0.0909806487795252,
    0.08901900454209401,
    0.08621020292719969,
    0.0909597330655043,
    0.09442976876520194,
    0.09888907679571556,
    0.09206644352525473,
    0.08980258711828636,
    0.0959393227329621,
    0.09393628084888825
  ],