{
  "epoch": [
    1,
    2,
    3,
    4,
    5,
    6,
    7,
    8,
    9,
    10,
    11,
    12,
    13,
    14,
    15,
    16,
    17,
    18,
    19,
    20,
    21,
    22,
    23,
    24,
    25,
    26,
    27,
    28,
    29,
    30,
    31,
    32,
    33,
    34,
    35,
    36,
    37,
    38,
    39,
    40,
    41,
    42,
    43,
    44,
    45,
    46,
    47,
    48,
    49,
    50,
    51,
    52,
    53,
    54,
    55,
    56,
    57,
    58,
    59,
    60,
    61,
    62,
    63,
    64,
    65,
    66,
    67,
    68,
    69,
    70,
    71,
    72,
    73,
    74,
    75,
    76,
    77,
    78,
    79,
    80,
    81,
    82,
    83,
    84,
    85,
    86,
    87,
    88,
    89,
    90,
    91,
    92,
    93,
    94,
    95,
    96,
    97,
    98,
    99,
    100,
    101
  ],
  "train_loss": [
    1.9721449112769254,
    0.7044704865241788,
    0.42939069291058274,
    0.3099828258771257,
    0.2456974337626364,
    0.20018105101339595,
    0.17459193478847287,
    0.1512133453771011,
    0.1378219867144356,
    0.12325586368973107,
    0.11077618938822721,
    0.10551940209049847,
    0.09392441641155284,
    0.08662405393095975,
    0.08126629697946236,
    0.07759553285258025,
    0.0783714988345722,
    0.07121102981384575,
    0.062230574471165534,
    0.06463362271273412,
    0.06340303265288011,
    0.05829420155778374,
    0.05271704562642064,
    0.05249791104615349,
    0.05385360320713179,
    0.04965344728114679,
    0.04675203520737435,
    0.04817626811924016,
    0.04944808838754585,
    0.045640469540736264,
    0.04434850901250065,
    0.04832162711164463,
    0.03978188932854106,
    0.039668959834296066,
    0.04052214542663051,
    0.034495603658028486,
    0.03638556663705439,
    0.03646922153156711,
    0.037138351312473644,
    0.033868759964141494,
    0.032244087552133295,
    0.030341042038869382,
    0.03196761277192224,
    0.03167686948898373,
    0.03325844777402343,
    0.031155219279978538,
    0.034648010448418254,
    0.0279815308257611,
    0.029954092977952557,
    0.029662253101087492,
    0.028683476015618166,
    0.03567670487328289,
    0.03844251954140737,
    0.052255165820806915,
    0.0703562095607679,
    0.08017855538439352,
    0.04983292037102672,
    0.04829146694776017,
    0.04330763475460567,
    0.037358537868394985,
    0.039365609314475095,
    0.04327417906978619,
    0.04300919391176442,
    0.04272331156259038,
    0.04424818473647243,
    0.04691167522375424,
    0.054615188255598864,
    0.05633119962504614,
    0.04935523287210729,
    0.06489090971317449,
    0.052427933997829856,
    0.05993047522707391,
    0.06092933103677423,
    0.06316199346647128,
    0.06042547972834448,
    0.05991140884568089,
    0.08185180520504406,
    0.07357152226889871,
    0.07810237283155937,
    0.08768051696614813,
    0.0920247605224092,
    0.08979409682497229,
    0.08736444391387026,
    0.09210017362859138,
    0.09690283525005444,
    0.10681467694374397,
    0.09863152192214254,
    0.1016777826223484,
    0.0927122016773396,
    0.09294654292620949,
    0.09863660882044699,
    0.11290993282244992,
    0.11488432166425838,
    0.1121551870877288,
    0.11529758145322197,
    0.1089311482135168,
    0.10870283584772926,
    0.13730395026504993,
    0.11827073432505131,
    0.0980413394413658,
    0.10233685551883326
  ],
  "val_loss": [
    1.1745441510127141,
    0.49490087078167844,
    0.3357137613571607,
    0.3455509635118338,
    0.22114915458055642,
    0.30773235169740826,
    0.20889984185879046,
    0.17738283024384424,
    0.16016567727694145,
    0.14950864475507003,
    0.1562180072069168,
    0.14751747250556946,
    0.1607292013672682,
    0.14921123448472756,
    0.13486458447117072,
    0.15005112955203423,
    0.14404000571140876,
    0.13617576257540628,
    0.1353223226391352,
    0.14967864379286766,
    0.13265835465146944,
    0.13466890557454184,
    0.14355269074440002,
    0.1460588717689881,
    0.1366825418976637,
    0.13951696484134748,
    0.13425874108305344,
    0.13658962255487075,
    0.1327581156331759,
    0.13137092541616696,
    0.14663339520876223,
    0.1376807110813948,
    0.1385016981512308,
    0.13187653141526076,
    0.12329225242137909,
    0.13963138369413522,
    0.1374659095532619,
    0.14897554668669516,
    0.1352648243594628,
    0.13954837785030788,
    0.13655227795243263,
    0.12898163640728363,
    0.13496007770299911,
    0.1416756436228752,
    0.1434201311606627,
    0.13609948496405894,
    0.13946144096553326,
    0.13097758648487237,
    0.13041942251416352,
    0.13558244733856276,
    0.1251860295350735,
    0.1285098037467553,
    0.14824917969795373,
    0.15494776459840628,
    0.18220348770801836,
    0.18320192740513727,
    0.16330416443256232,
    0.1813202454493596,
    0.16877182229207113,
    0.14851073548197746,
    0.16488996950479654,
    0.16481318353460386,
    0.16615618163576493,
    0.17537517215196902,
    0.15986929318079582,
    0.16715887819345182,
    0.1885398099055657,
    0.20306817384866568,
    0.19254256326418656,
    0.18660213683660215,
    0.19147551288971534,
    0.19030036089512017,
    0.18038566811726645,
    0.17889651828087294,
    0.17392848374751899,
    0.1861938049013798,
    0.20016768861275452,
    0.18881119673068708,
    0.1828860895564923,
    0.2201669944020418,
    0.22972751810000494,
    0.2204084344781362,
    0.21907888639431733,
    0.2373309043737558,
    0.23998997475092226,
    0.23757536250811356,
    0.2635819877569492,
    0.26016176778536576,
    0.27847760228010326,
    0.31706062532388246,
    0.3009591308923868,
    0.34831288571541125,
    0.39311514221704924,
    0.32402761624409604,
    0.3723729940561148,
    0.37959257341348207,
    0.39338419758356535,
    0.34303929484807527,
    0.34469125821040225,
    0.351515877705354,
    0.3183360959474857
  ],