{
  "epoch": [
    1,
    2,
    3,
    4,
    5,
    6,
    7,
    8,
    9,
    10,
    11,
    12,
    13,
    14,
    15,
    16,
    17,
    18,
    19,
    20,
    21,
    22,
    23,
    24,
    25,
    26,
    27,
    28,
    29,
    30,
    31,
    32,
    33,
    34,
    35,
    36,
    37,
    38,
    39,
    40,
    41,
    42,
    43,
    44,
    45,
    46,
    47,
    48,
    49,
    50,
    51,
    52,
    53,
    54,
    55,
    56,
    57,
    58,
    59,
    60,
    61,
    62,
    63,
    64,
    65,
    66,
    67,
    68,
    69,
    70,
    71,
    72,
    73,
    74,
    75,
    76,
    77,
    78,
    79,
    80,
    81,
    82,
    83,
    84,
    85,
    86,
    87,
    88,
    89,
    90,
    91,
    92,
    93,
    94,
    95,
    96,
    97,
    98,
    99,
    100,
    101,
    102,
    103,
    104,
    105,
    106,
    107,
    108,
    109,
    110,
    111,
    112,
    113,
    114
  ],
  "train_loss": [
    1.362163999883255,
    0.6211765255078231,
    0.48466426488196496,
    0.4175923708641883,
    0.3791091408174817,
    0.33938493572249273,
    0.3150484849615852,
    0.2926912984930643,
    0.27172863734240577,
    0.25142013141424346,
    0.23693126941671466,
    0.22439196218948554,
    0.21219911883668144,
    0.2022174539985043,
    0.19442540517832974,
    0.1796208995551166,
    0.1758999912307994,
    0.1672325296567218,
    0.16291454080307838,
    0.1552009164254264,
    0.149863504315957,
    0.14316783992960902,
    0.13575884249835912,
    0.13192117583043506,
    0.12479738950139226,
    0.11957025505823664,
    0.11569020026686168,
    0.11094236639466616,
    0.10562468087761709,
    0.1038449009013648,
    0.09711322594102066,
    0.09379533582394665,
    0.08802541526089801,
    0.08545261580902751,
    0.08283196220008454,
    0.07762621826317051,
    0.07812686898920795,
    0.07460476668311818,
    0.07112364876683396,
    0.06885680080492898,
    0.06497974620007052,
    0.06468253005480412,
    0.06345461012039444,
    0.05913595534344711,
    0.057837777761834686,
    0.05530361904956327,
    0.053476509979308244,
    0.05308813103797412,
    0.047892281656513117,
    0.04630938032180956,
    0.045160554644494956,
    0.04462711514886653,
    0.042449625208973885,
    0.04272093304829432,
    0.04015643210473037,
    0.037560325005266924,
    0.037483829147376045,
    0.03656527487616433,
    0.03655213999128578,
    0.03507130685271603,
    0.03319777153653673,
    0.030764119681155326,
    0.031062963068263956,
    0.03259485501722239,
    0.028582417544456992,
    0.028107846358625014,
    0.026004946265037698,
    0.02750321818829173,
    0.028884792013444228,
    0.026270273040131766,
    0.02470974052915036,
    0.02569322416208463,
    0.02480621540937388,
    0.022613129933539887,
    0.022278589463912615,
    0.020971501075505914,
    0.021355398870672625,
    0.02041234644498713,
    0.018577156214984042,
    0.017804715344405704,
    0.0194367370660426,
    0.01905088748155844,
    0.017855007404295523,
    0.017894249381774134,
    0.016976131707208582,
    0.015037773633467973,
    0.015502685358249906,
    0.01615747499353446,
    0.014846671100632093,
    0.013400718099483759,
    0.014074062276170543,
    0.01383366941999976,
    0.013089851978797428,
    0.012013495713011316,
    0.013964928705060836,
    0.013566721196166507,
    0.011933721378353416,
    0.012992322654693876,
    0.011569913183938307,
    0.011899874819959006,
    0.010776113257697313,
    0.011247317793105942,
    0.010845678289061283,
    0.010517826481344233,
    0.011051888978754235,
    0.00950766721795691,
    0.010350662684713555,
    0.011984685705605857,
    0.010496504007755677,
    0.008761605063434874,
    0.011339927538261187,
    0.009041121999484182,
    0.008089984972306554,
    0.00836099970896756
  ],
  "val_loss": [
    0.7002341105387762,
    0.4801301130881676,
    0.41331061033102184,
    0.3707361427637247,
    0.34326613407868606,
    0.30884010058182937,
    0.3083112033513876,
    0.2885523713552035,
    0.27656580622379595,
    0.25461798447829026,
    0.2511325352467023,
    0.2489268951691114,
    0.24880428784168684,
    0.23918768305044907,
    0.23103537353185508,
    0.21653078783016938,
    0.20960736045470604,
    0.23185376421763346,
    0.22498118762786573,
    0.20759059144900396,
    0.21172089530871466,
    0.20018880241192305,
    0.20208280820112962,
    0.19452557139671767,
    0.19214513840583655,
    0.1878917641364611,
    0.17729418323590204,
    0.18574440192717773,
    0.1821404999265304,
    0.17994650109456137,
    0.18137461577470487,
    0.17582106532958838,
    0.17617612102857003,
    0.17876625519532424,
    0.16874148295475885,
    0.17439915297123101,
    0.18178658961103514,
    0.17754646906485924,
    0.17102023156789634,
    0.17442014469550207,
    0.17883965716912195,
    0.18134615570306778,
    0.18575642315241006,
    0.15491515627274147,
    0.16617785136287028,
    0.16176804928825453,
    0.16334713393679032,
    0.15881678777245375,
    0.15821505710482597,
    0.15573778060766366,
    0.15802970413978285,
    0.15673977738389602,
    0.1555089893249365,
    0.1526411846280098,
    0.14770808729987878,
    0.15111938004310316,
    0.15860073583630416,
    0.1651815419586805,
    0.15406019412554228,
    0.14902299413314232,
    0.15132232927359068,
    0.17260416539815757,
    0.1571235109407168,
    0.1582700415299489,
    0.15353847610262725,
    0.1512530827178405,
    0.15156187690221345,
    0.15605618202915558,
    0.14865850685880735,
    0.1387034094390961,
    0.14675531507684633,
    0.14585808435311684,
    0.1463471267085809,
    0.132545288795462,
    0.14516501357922187,
    0.14269090601457998,
    0.14922846037034804,
    0.1371752079576254,
    0.13420247014325398,
    0.1499707609988176,
    0.1472909479187085,
    0.1460289594072562,
    0.14302775636315346,
    0.14724358572409704,
    0.13890473573253706,
    0.14288292896862215,
    0.14168933134239453,
    0.13162450621334407,
    0.1308927581860469,
    0.13756229198322847,
    0.14534934610128403,
    0.14270259597553656,
    0.14320290002685326,
    0.15085961368794626,
    0.145864557618132,
    0.14992504223034933,
    0.14911118507958376,
    0.14035037217231897,
    0.13970461645378515,
    0.13981534426028913,
    0.13848190339138874,
    0.1405586532961864,
    0.14395465057056683,
    0.14012250662423098,
    0.15255216093590626,
    0.1410288015523782,
    0.13907231848973495,
    0.13738898818309492,
    0.13787225920420426,
    0.14013857724001774,
    0.13463765647835457,
    0.131674859386224,
    0.13095253684486335,
    0.1357108476356818
  ],