{
  "epoch": [
    1,
    2,
    3,
    4,
    5,
    6,
    7,
    8,
    9,
    10,
    11,
    12,
    13,
    14,
    15,
    16,
    17,
    18,
    19,
    20,
    21,
    22,
    23,
    24,
    25,
    26,
    27,
    28,
    29,
    30,
    31,
    32,
    33,
    34,
    35,
    36,
    37,
    38,
    39,
    40,
    41,
    42,
    43,
    44,
    45,
    46,
    47,
    48,
    49,
    50,
    51,
    52,
    53,
    54,
    55,
    56,
    57,
    58,
    59,
    60,
    61,
    62,
    63,
    64,
    65,
    66,
    67,
    68,
    69,
    70,
    71,
    72,
    73,
    74,
    75,
    76,
    77,
    78,
    79,
    80,
    81,
    82,
    83,
    84,
    85,
    86,
    87,
    88,
    89,
    90,
    91,
    92,
    93,
    94,
    95,
    96,
    97,
    98,
    99
  ],
  "train_loss": [
    0.9901687610395176,
    0.42649711545595187,
    0.26441811301659063,
    0.1756098002733029,
    0.13209450091283345,
    0.10316589417070457,
    0.08514543327013242,
    0.07370104224987559,
    0.06317752892554727,
    0.057504376780587375,
    0.05040266752703903,
    0.045678773232418854,
    0.040531234710102844,
    0.03755834285342663,
    0.034098517408920934,
    0.032106086122083294,
    0.02783301679571111,
    0.0277055748666339,
    0.024746382906648916,
    0.024032543072496186,
    0.02205348052516503,
    0.02202471992788241,
    0.019743004648168524,
    0.020741761366827125,
    0.01757049642877711,
    0.01597096698512275,
    0.015103936909467519,
    0.01630269623476743,
    0.015149256849383032,
    0.016095240395180115,
    0.014989992398432619,
    0.01390919366433794,
    0.011932907233581177,
    0.011600411514458774,
    0.012009351712305905,
    0.011375416847325131,
    0.014587254973954147,
    0.01243932177456691,
    0.011211011893615203,
    0.011146636826787912,
    0.011811742949726771,
    0.00810209454514912,
    0.0077585260661021255,
    0.011564477246024251,
    0.009389452025961592,
    0.008378197139575501,
    0.008838157514266228,
    0.007917277825175371,
    0.007266572934933026,
    0.010433082494011014,
    0.009867966226386098,
    0.007718067789647114,
    0.0088397939701459,
    0.006692378388384127,
    0.008151159611873847,
    0.00858233910331205,
    0.00835677313428737,
    0.005907237211112701,
    0.0064815692792612985,
    0.005956387751886966,
    0.006040089396452627,
    0.006743943289320762,
    0.007119938196823212,
    0.007195225890099369,
    0.008232098918278538,
    0.00609242342581694,
    0.005895628223613327,
    0.004892026612501515,
    0.005774159081035399,
    0.005554750231520715,
    0.006072848259660982,
    0.006204805657784839,
    0.0052309202802302696,
    0.0045154022601056245,
    0.00498041111814487,
    0.005098560465542965,
    0.0045007735363432185,
    0.005062708168797022,
    0.005302884250359619,
    0.0048800641666322505,
    0.0047481240537833695,
    0.005027463885723882,
    0.004284483169537931,
    0.0041507416249963345,
    0.005233434290182897,
    0.0035440189256536843,
    0.0040868084638297905,
    0.0067899169179955355,
    0.00453735829241569,
    0.006947600523210322,
    0.005490303229475778,
    0.0034655872022807503,
    0.003543139787372226,
    0.003389551611521195,
    0.0037805731517812427,
    0.002955776477186369,
    0.0035708280141914226,
    0.004651732698605593,
    0.003888140826788491
  ],
  "val_loss": [
    0.35228647177035993,
    0.26603329410919774,
    0.21041896710029015,
    0.15915776502627593,
    0.1667170048906253,
    0.15304164015329802,
    0.13723461272624823,
    0.13600734965159342,
    0.15270916601786247,
    0.1391304229887632,
    0.12648388399527624,
    0.11992715213161248,
    0.11419749947694632,
    0.11732600973202632,
    0.11368227348877834,
    0.10908935476954167,
    0.10470005583304626,
    0.11219427720285378,
    0.10526696019447766,
    0.1116951506298322,
    0.10449726005586293,
    0.11214910089396514,
    0.10520052630454302,
    0.10219357205698124,
    0.1003338460309001,
    0.10339574702084064,
    0.09481970607661284,
    0.10079210251569748,
    0.09461328236816022,
    0.10021680192305492,
    0.0999403465539217,
    0.09564504442879787,
    0.095543551330383,
    0.09691814770205663,
    0.09602654782625344,
    0.09572122410799448,
    0.0917076300471448,
    0.10051332012965129,
    0.10199023263815504,
    0.08867356322634105,
    0.09712727708168901,
    0.08855434211615759,
    0.09754471889195535,
    0.09269755390974191,
    0.09805637184315576,
    0.08481584324573095,
    0.09525286298818313,
    0.09004067355551972,
    0.08596361231488678,
    0.08717481960327579,
    0.09109382510471803,
    0.08730850608732837,
    0.08240495063364506,
    0.0918975410123284,
    0.09740696485655811,
    0.09605030894566041,
    0.09105932357935952,
    0.09377096625618063,
    0.08858677037418462,
    0.09337906571678244,
    0.08698848584810129,
    0.09635362958607192,
    0.08727677123477826,
    0.09768986920020185,
    0.09864325456930181,
    0.0993702917252309,
    0.09005184818166666,
    0.08840575789173062,
    0.09005939219003686,
    0.09741596025056563,
    0.084994140582589,
    0.09173565866568914,
    0.0855804779387724,
    0.08178008186559264,
    0.08230673432206878,
    0.09118512699093956,
    0.0882522481887673,
    0.08897625402404138,
    0.08765527276465526,
    0.1009547688657991,
    0.09270467189176437,
    0.09434500885590051,
    0.09115861187008424,
    0.09237878074726233,
    0.09103420392001191,
    0.09753837450765647,
    0.09088251593773468,
    0.09376788481425208,
    0.09095679664124663,
    0.09518672242903939,
    0.09617370935694243,
    0.10220727767311753,
    0.09564032369794753,
    0.09927630681956473,
    0.09651036601728545,
    0.09225983563541937,
    0.08874329060423546,
    0.0983226615174387,
    0.1005315814131441
  ],