{
  "epoch": [
    1,
    2,
    3,
    4,
    5,
    6,
    7,
    8,
    9,
    10,
    11,
    12,
    13,
    14,
    15,
    16,
    17,
    18,
    19,
    20,
    21,
    22,
    23,
    24,
    25,
    26,
    27,
    28,
    29,
    30,
    31,
    32,
    33,
    34,
    35,
    36,
    37,
    38,
    39,
    40,
    41,
    42,
    43,
    44,
    45,
    46,
    47,
    48,
    49,
    50,
    51,
    52,
    53,
    54,
    55,
    56,
    57,
    58,
    59,
    60,
    61,
    62,
    63,
    64,
    65,
    66,
    67,
    68,
    69,
    70,
    71,
    72,
    73,
    74,
    75,
    76,
    77,
    78,
    79,
    80,
    81,
    82,
    83,
    84,
    85,
    86,
    87,
    88,
    89,
    90,
    91,
    92,
    93,
    94,
    95,
    96,
    97,
    98,
    99,
    100,
    101
  ],
  "train_loss": [
    0.9990686396561047,
    0.3391379674177359,
    0.25112116410590635,
    0.21864868818533303,
    0.19195779044144223,
    0.17169343871940482,
    0.15757061201747102,
    0.14735863099593927,
    0.1369020685110942,
    0.13060443309864195,
    0.1218122631532721,
    0.11476180676629047,
    0.11289990361374204,
    0.10358560417253192,
    0.09787661301912648,
    0.09311955208235448,
    0.09106000265715146,
    0.0831930050534187,
    0.07920208066185512,
    0.07658070541623205,
    0.07628108660625939,
    0.06896291769082004,
    0.06452803787692349,
    0.06325450283244695,
    0.06167198566369491,
    0.05862922909309958,
    0.05681204886203355,
    0.054424546179499954,
    0.049205618163589204,
    0.04971212495376568,
    0.047661605291068554,
    0.04483743173319219,
    0.045326296922446475,
    0.041494802405854854,
    0.041828373548491754,
    0.03930158444707937,
    0.038798903539260424,
    0.03625107776041668,
    0.037915533980225576,
    0.03545317877231553,
    0.035120329690525434,
    0.032959268649689635,
    0.03286283679011435,
    0.03010029573509894,
    0.029746462646318545,
    0.02983725303322962,
    0.028431408061175653,
    0.026987054200824534,
    0.027255621130144833,
    0.025280845388401262,
    0.027129692970636752,
    0.02383845858736941,
    0.021800962521113677,
    0.024064246348409663,
    0.0204967880335701,
    0.020137347746640444,
    0.020551559201782883,
    0.02109438910766846,
    0.01842562919759219,
    0.017486498216259302,
    0.018152553742603942,
    0.018074210304398052,
    0.01905085444265958,
    0.020029265205329744,
    0.016908178645379766,
    0.01582215792766892,
    0.016199388979279465,
    0.01632272080970135,
    0.01575031275123284,
    0.013895215360576859,
    0.015340514338141915,
    0.014321757460907471,
    0.013769531060047078,
    0.014000648399814963,
    0.014169254513125461,
    0.014400292229423723,
    0.013831336726665054,
    0.012363521778716309,
    0.010564090709414074,
    0.011143513231326153,
    0.010887302008761776,
    0.012183091623966795,
    0.011708114608559795,
    0.011977446018856499,
    0.01160339111840297,
    0.009877561620381283,
    0.010987659660398517,
    0.01024821239735673,
    0.010334326464931785,
    0.009320325518976713,
    0.009677880388306508,
    0.009486574480208652,
    0.008905550599845108,
    0.008783653182540051,
    0.009861539452253739,
    0.008032807716661788,
    0.009322075906329521,
    0.009664619649820362,
    0.009340321382341704,
    0.007195061753909703,
    0.006640312475691743
  ],
  "val_loss": [
    0.3619991151186136,
    0.24517746957448813,
    0.21779999022300428,
    0.18591041347155204,
    0.17632735749849907,
    0.16615083068609238,
    0.1583913455788906,
    0.15184741811110422,
    0.15104030531186324,
    0.1496149651133097,
    0.14584464809069267,
    0.1385961094727883,
    0.13454300451737183,
    0.13328206739746606,
    0.12646765147264188,
    0.12626056688336226,
    0.12774466923796213,
    0.11882530324734174,
    0.1298092448940644,
    0.1220948572915334,
    0.11896069491138825,
    0.12468917983082625,
    0.12730810017539904,
    0.12076968613725442,
    0.12072140150345288,
    0.12011977227834555,
    0.1111011689958664,
    0.11325452620020279,
    0.11478866737049359,
    0.12167510433265796,
    0.11685463872093421,
    0.11101492465688632,
    0.11376755168804756,
    0.1157703001338702,
    0.1162642862361211,
    0.11160532084222023,
    0.1078807614170588,
    0.11044381902768062,
    0.113635493012575,
    0.11129981308029248,
    0.10705917385908273,
    0.10455575871926087,
    0.10446786207075302,
    0.10476451911605321,
    0.10980339391300312,
    0.11041772738099098,
    0.10752713938172047,
    0.11633030511438847,
    0.11428431521814603,
    0.10492343183320302,
    0.1085375020853602,
    0.10343992595489208,
    0.10663306971008961,
    0.10614578784085237,
    0.10148207420626512,
    0.10256719345656726,
    0.1081380546092987,
    0.10372157674282789,
    0.10118730516674426,
    0.10404657937872869,
    0.11083920880292471,
    0.10785052094321984,
    0.10694798340017979,
    0.09903022260046922,
    0.09880042864153019,
    0.09731709204900724,
    0.10174726537213875,
    0.09929738881496283,
    0.10498298632983978,
    0.10155643006929985,
    0.09590654354542494,
    0.09924396177610526,
    0.09657716980347267,
    0.09308930142567708,
    0.09429975240849532,
    0.09263015169507036,
    0.09960835663458475,
    0.09793130716738793,
    0.098757678642869,
    0.09876936362483181,
    0.09777319599659397,
    0.09619882982224226,
    0.09726648054157312,
    0.10712226021748322,
    0.10018464779624572,
    0.10197895521727893,
    0.10360556174642764,
    0.10047464502545503,
    0.1051355584596212,
    0.0954129330527324,
    0.09857066068798304,
    0.10833092872053385,
    0.09737041671402179,
    0.09765206983026403,
    0.10711323641813718,
    0.10226616979791568,
    0.10695541685876939,
    0.10058683973665421,
    0.09681450031124629,
    0.09691936186013314,
    0.09912844342537798
  ],