{
  "epoch": [
    1,
    2,
    3,
    4,
    5,
    6,
    7,
    8,
    9,
    10,
    11,
    12,
    13,
    14,
    15,
    16,
    17,
    18,
    19,
    20,
    21,
    22,
    23,
    24,
    25,
    26,
    27,
    28,
    29,
    30,
    31,
    32,
    33,
    34,
    35,
    36,
    37,
    38,
    39,
    40,
    41,
    42,
    43,
    44,
    45,
    46,
    47,
    48,
    49,
    50,
    51,
    52,
    53,
    54,
    55,
    56,
    57,
    58,
    59
  ],
  "train_loss": [
    0.7501246226896153,
    0.26264004040472577,
    0.2062164305312799,
    0.17831254809504687,
    0.160002436599519,
    0.14357953087085545,
    0.13221083400715697,
    0.12050205483885094,
    0.10983231350189389,
    0.10416489869061082,
    0.09623380075439368,
    0.09058046927398974,
    0.08619954680452252,
    0.08136487636014376,
    0.07794379500100518,
    0.07308741963219524,
    0.07044483392988102,
    0.06488347118074941,
    0.0624897791496893,
    0.05936405379878412,
    0.06103184494641748,
    0.05643322436821343,
    0.05266867959779678,
    0.052740954840094736,
    0.05070888800638737,
    0.047449863386700056,
    0.04595318080691418,
    0.04427453173822401,
    0.04122778398012466,
    0.041232768722837515,
    0.03979261585575814,
    0.03682222711567831,
    0.0349412323482851,
    0.03354205087860032,
    0.03379437170627684,
    0.03277401706332912,
    0.03135527645486711,
    0.02949413670558888,
    0.02797692268164736,
    0.030207547474431225,
    0.025896831512414287,
    0.02612249197733432,
    0.02520786746322076,
    0.024076022147800368,
    0.023769577739225462,
    0.02547408720146459,
    0.02188091312931611,
    0.02160658453600389,
    0.021037379918288034,
    0.020574282753364283,
    0.02324498596942366,
    0.019085371857601226,
    0.01906614261448826,
    0.01933730440675327,
    0.017996940851709484,
    0.01811293452876703,
    0.0180112085129955,
    0.017809926850333956,
    0.016139907607956246
  ],
  "val_loss": [
    0.2942963242530823,
    0.1938801258802414,
    0.168728710940251,
    0.15247896829476723,
    0.13566144527151033,
    0.12441506695288879,
    0.11635410957611524,
    0.10732901497529103,
    0.10499346342224342,
    0.10415654443204403,
    0.09644100327904408,
    0.08904288623195428,
    0.08625221266769446,
    0.08213196981411713,
    0.08044997301812355,
    0.08099300872821075,
    0.08326657216709393,
    0.07226348754305106,
    0.07240136311604427,
    0.06772333111327428,
    0.06745452211739925,
    0.07113826676056935,
    0.06779477544702016,
    0.06604698701546742,
    0.06673671068766943,
    0.06545686707473718,
    0.06418791642555824,
    0.06519852750576459,
    0.06409703345539478,
    0.06695994082838297,
    0.06125175258001456,
    0.06853531952947378,
    0.06595380783367616,
    0.059190754778683186,
    0.06699239548582298,
    0.06239317422016309,
    0.06352364099942721,
    0.06103281347224346,
    0.06731448530291136,
    0.06394253578037024,
    0.0645721870689438,
    0.06194662983314349,
    0.06617462284003313,
    0.0656678367119569,
    0.06816350991049638,
    0.0644088384623711,
    0.062361395273071066,
    0.06254977661256607,
    0.06089349094635019,
    0.06377138792035672,
    0.06482318255047385,
    0.06177886496656216,
    0.06188129554860867,
    0.0625793981867341,
    0.06621617693095826,
    0.06827497183201978,
    0.0653678727372048,
    0.06618051349113767,
    0.06284687886587702
  ],
  "train_transduce": [
    0.7501246226896153,
    0.26264004040472577,
    0.2062164305312799,
    0.17831254809504687,
    0.160002436599519,
    0.14357953087085545,
    0.13221083400715697,
    0.12050205483885094,
    0.10983231350189389,
    0.10416489869061082,
    0.09623380075439368,
    0.09058046927398974,
    0.08619954680452252,
    0.08136487636014376,
    0.07794379500100518,
    0.07308741963219524,
    0.07044483392988102,
    0.06488347118074941,
    0.0624897791496893,
    0.05936405379878412,
    0.06103184494641748,
    0.05643322436821343,
    0.05266867959779678,
    0.052740954840094736,
    0.05070888800638737,
    0.047449863386700056,
    0.04595318080691418,
    0.04427453173822401,
    0.04122778398012466,
    0.041232768722837515,
    0.03979261585575814,
    0.03682222711567831,
    0.0349412323482851,
    0.03354205087860032,
    0.03379437170627684,
    0.03277401706332912,
    0.03135527645486711,
    0.02949413670558888,
    0.02797692268164736,
    0.030207547474431225,
    0.025896831512414287,
    0.02612249197733432,
    0.02520786746322076,
    0.024076022147800368,
    0.023769577739225462,
    0.02547408720146459,
    0.02188091312931611,
    0.02160658453600389,
    0.021037379918288034,
    0.020574282753364283,
    0.02324498596942366,
    0.019085371857601226,
    0.01906614261448826,
    0.01933730440675327,
    0.017996940851709484,
    0.01811293452876703,
    0.0180112085129955,
    0.017809926850333956,
    0.016139907607956246
  ],
  "val_transduce": [
    0.2942963242530823,
    0.1938801258802414,
    0.168728710940251,
    0.15247896829476723,
    0.13566144527151033,
    0.12441506695288879,
    0.11635410957611524,
    0.10732901497529103,
    0.10499346342224342,
    0.10415654443204403,
    0.09644100327904408,
    0.08904288623195428,
    0.08625221266769446,
    0.08213196981411713,
    0.08044997301812355,
    0.08099300872821075,
    0.08326657216709393,
    0.07226348754305106,
    0.07240136311604427,
    0.06772333111327428,
    0.06745452211739925,
    0.07113826676056935,
    0.06779477544702016,
    0.06604698701546742,
    0.06673671068766943,
    0.06545686707473718,
    0.06418791642555824,
    0.06519852750576459,
    0.06409703345539478,
    0.06695994082838297,
    0.06125175258001456,
    0.06853531952947378,
    0.06595380783367616,
    0.059190754778683186,
    0.06699239548582298,
    0.06239317422016309,
    0.06352364099942721,
    0.06103281347224346,
    0.06731448530291136,
    0.06394253578037024,
    0.0645721870689438,
    0.06194662983314349,
    0.06617462284003313,
    0.0656678367119569,
    0.06816350991049638,
    0.0644088384623711,
    0.062361395273071066,
    0.06254977661256607,
    0.06089349094635019,
    0.06377138792035672,
    0.06482318255047385,
    0.06177886496656216,
    0.06188129554860867,
    0.0625793981867341,
    0.06621617693095826,
    0.06827497183201978,
    0.0653678727372048,
    0.06618051349113767,
    0.06284687886587702
  ],
  "l0": [
    0.0,
    0.0,
    0.0,
    0.0,
    0.0,
    0.0,
    0.0,
    0.0,
    0.0,
    0.0,
    0.0,
    0.0,
    0.0,
    0.0,
    0.0,
    0.0,
    0.0,
    0.0,
    0.0,
    0.0,
    0.0,
    0.0,
    0.0,
    0.0,
    0.0,
    0.0,
    0.0,
    0.0,
    0.0,
    0.0,
    0.0,
    0.0,
    0.0,
    0.0,
    0.0,
    0.0,
    0.0,
    0.0,
    0.0,
    0.0,
    0.0,
    0.0,
    0.0,
    0.0,
    0.0,
    0.0,
    0.0,
    0.0,
    0.0,
    0.0,
    0.0,
    0.0,
    0.0,
    0.0,
    0.0,
    0.0,
    0.0,
    0.0,
    0.0
  ],
  "lambda_l0_effective": [
    0.01,
    0.01,
    0.01,
    0.01,
    0.01,
    0.01,
    0.01,
    0.01,
    0.01,
    0.01,
    0.01,
    0.01,
    0.01,
    0.01,
    0.01,
    0.01,
    0.01,
    0.01,
    0.01,
    0.01,
    0.01,
    0.01,
    0.01,
    0.01,
    0.01,
    0.01,
    0.01,
    0.01,
    0.01,
    0.01,
    0.01,
    0.01,
    0.01,
    0.01,
    0.01,
    0.01,
    0.01,
    0.01,
    0.01,
    0.01,
    0.01,
    0.01,
    0.01,
    0.01,
    0.01,
    0.01,
    0.01,
    0.01,
    0.01,
    0.01,
    0.01,
    0.01,
    0.01,
    0.01,
    0.01,
    0.01,
    0.01,
    0.01,
    0.01
  ],
  "recon_loss": [],
  "balance_loss": []
}