{
  "epoch": [
    1,
    2,
    3,
    4,
    5,
    6,
    7,
    8,
    9,
    10,
    11,
    12,
    13,
    14,
    15,
    16,
    17,
    18,
    19,
    20,
    21,
    22,
    23,
    24,
    25,
    26,
    27,
    28,
    29,
    30,
    31,
    32,
    33,
    34,
    35,
    36,
    37,
    38,
    39,
    40,
    41,
    42,
    43,
    44,
    45,
    46,
    47,
    48,
    49,
    50,
    51,
    52,
    53,
    54,
    55,
    56,
    57,
    58,
    59,
    60,
    61
  ],
  "train_loss": [
    0.9896869539600057,
    0.5903447334913864,
    0.45038728108725595,
    0.3551632440120904,
    0.2809312036356975,
    0.23342764769325552,
    0.19071146542417636,
    0.16511237579061813,
    0.14635509993765772,
    0.13024427376917957,
    0.11639576685643688,
    0.10667205482874949,
    0.09749792253156912,
    0.08934222787772257,
    0.08292110788530295,
    0.07849169968022514,
    0.0726612594036251,
    0.069501796727712,
    0.0650004273011666,
    0.06052423326164177,
    0.057043739738538095,
    0.053815933040429635,
    0.05465581306477183,
    0.05034152438537669,
    0.048673647263845835,
    0.04698020527043294,
    0.045089342213744665,
    0.04358708260331264,
    0.04160494453360125,
    0.042003399754884006,
    0.040394485942520125,
    0.039490595795982276,
    0.038093297607889494,
    0.03733593704342151,
    0.035208408483160064,
    0.03747154901418643,
    0.03396108144049331,
    0.03190469780946439,
    0.03210144425915151,
    0.030519045666148215,
    0.030030222055166193,
    0.028591640159180483,
    0.029936338489222312,
    0.028787842380439806,
    0.02866004041117645,
    0.02787788428447795,
    0.0276770948326772,
    0.028143326079799344,
    0.026286262375561847,
    0.02462454639932083,
    0.025830113261784474,
    0.024733830920238162,
    0.02510902040983675,
    0.024497393749116622,
    0.024046865277491586,
    0.024128210332398255,
    0.02258150842876087,
    0.022717941983257297,
    0.021000453101749503,
    0.02235865747296856,
    0.021285212024465473
  ],
  "val_loss": [
    0.40634050506811875,
    0.3054485779542189,
    0.2664615695293133,
    0.21503215455091917,
    0.18689669439425835,
    0.172781663445326,
    0.17123967982255495,
    0.15028741038762605,
    0.15869193524122238,
    0.15552386154349035,
    0.1567193464590953,
    0.14359494470632994,
    0.14451107955895937,
    0.1474376578743641,
    0.1447134533753762,
    0.1421375538294132,
    0.13640629299558127,
    0.13765158905432776,
    0.13274393087396255,
    0.1320064148077598,
    0.13708151275148758,
    0.13681929071362203,
    0.13824496532862002,
    0.12860420546852624,
    0.1326804759983833,
    0.1332493143586012,
    0.13165708688589242,
    0.12991140868801337,
    0.1292483164713933,
    0.1334256443839807,
    0.12473246770409438,
    0.12252099582782158,
    0.13979582517192915,
    0.12210282425467785,
    0.12059891195251392,
    0.1190575799689843,
    0.12234003927845222,
    0.13601320466169944,
    0.12928872011028802,
    0.1267822261613149,
    0.12315340483417878,
    0.12418466677459386,
    0.12365950242831157,
    0.12699075329762238,
    0.12831517738791612,
    0.12900687009096146,
    0.1276261224769629,
    0.13287622968737894,
    0.1305214845790313,
    0.13714609266473696,
    0.13039886793838099,
    0.12990212297210327,
    0.12839612594017616,
    0.12766442390588614,
    0.13014533227452865,
    0.12577585130929947,
    0.12642118363426283,
    0.12686028360174254,
    0.12719908929788148,
    0.12599409142365822,
    0.13211432873056486
  ],
  "train_transduce": [
    0.9896869539600057,
    0.5903447334913864,
    0.45038728108725595,
    0.3551632440120904,
    0.2809312036356975,
    0.23342764769325552,
    0.19071146542417636,
    0.16511237579061813,
    0.14635509993765772,
    0.13024427376917957,
    0.11639576685643688,
    0.10667205482874949,
    0.09749792253156912,
    0.08934222787772257,
    0.08292110788530295,
    0.07849169968022514,
    0.0726612594036251,
    0.069501796727712,
    0.0650004273011666,
    0.06052423326164177,
    0.057043739738538095,
    0.053815933040429635,
    0.05465581306477183,
    0.05034152438537669,
    0.048673647263845835,
    0.04698020527043294,
    0.045089342213744665,
    0.04358708260331264,
    0.04160494453360125,
    0.042003399754884006,
    0.040394485942520125,
    0.039490595795982276,
    0.038093297607889494,
    0.03733593704342151,
    0.035208408483160064,
    0.03747154901418643,
    0.03396108144049331,
    0.03190469780946439,
    0.03210144425915151,
    0.030519045666148215,
    0.030030222055166193,
    0.028591640159180483,
    0.029936338489222312,
    0.028787842380439806,
    0.02866004041117645,
    0.02787788428447795,
    0.0276770948326772,
    0.028143326079799344,
    0.026286262375561847,
    0.02462454639932083,
    0.025830113261784474,
    0.024733830920238162,
    0.02510902040983675,
    0.024497393749116622,
    0.024046865277491586,
    0.024128210332398255,
    0.02258150842876087,
    0.022717941983257297,
    0.021000453101749503,
    0.02235865747296856,
    0.021285212024465473
  ],
  "val_transduce": [
    0.40634050506811875,
    0.3054485779542189,
    0.2664615695293133,
    0.21503215455091917,
    0.18689669439425835,
    0.172781663445326,
    0.17123967982255495,
    0.15028741038762605,
    0.15869193524122238,
    0.15552386154349035,
    0.1567193464590953,
    0.14359494470632994,
    0.14451107955895937,
    0.1474376578743641,
    0.1447134533753762,
    0.1421375538294132,
    0.13640629299558127,
    0.13765158905432776,
    0.13274393087396255,
    0.1320064148077598,
    0.13708151275148758,
    0.13681929071362203,
    0.13824496532862002,
    0.12860420546852624,
    0.1326804759983833,
    0.1332493143586012,
    0.13165708688589242,
    0.12991140868801337,
    0.1292483164713933,
    0.1334256443839807,
    0.12473246770409438,
    0.12252099582782158,
    0.13979582517192915,
    0.12210282425467785,
    0.12059891195251392,
    0.1190575799689843,
    0.12234003927845222,
    0.13601320466169944,
    0.12928872011028802,
    0.1267822261613149,
    0.12315340483417878,
    0.12418466677459386,
    0.12365950242831157,
    0.12699075329762238,
    0.12831517738791612,
    0.12900687009096146,
    0.1276261224769629,
    0.13287622968737894,
    0.1305214845790313,
    0.13714609266473696,
    0.13039886793838099,
    0.12990212297210327,
    0.12839612594017616,
    0.12766442390588614,
    0.13014533227452865,
    0.12577585130929947,
    0.12642118363426283,
    0.12686028360174254,
    0.12719908929788148,
    0.12599409142365822,
    0.13211432873056486
  ],
  "l0": [
    0.0,
    0.0,
    0.0,
    0.0,
    0.0,
    0.0,
    0.0,
    0.0,
    0.0,
    0.0,
    0.0,
    0.0,
    0.0,
    0.0,
    0.0,
    0.0,
    0.0,
    0.0,
    0.0,
    0.0,
    0.0,
    0.0,
    0.0,
    0.0,
    0.0,
    0.0,
    0.0,
    0.0,
    0.0,
    0.0,
    0.0,
    0.0,
    0.0,
    0.0,
    0.0,
    0.0,
    0.0,
    0.0,
    0.0,
    0.0,
    0.0,
    0.0,
    0.0,
    0.0,
    0.0,
    0.0,
    0.0,
    0.0,
    0.0,
    0.0,
    0.0,
    0.0,
    0.0,
    0.0,
    0.0,
    0.0,
    0.0,
    0.0,
    0.0,
    0.0,
    0.0
  ],
  "lambda_l0_effective": [
    0.01,
    0.01,
    0.01,
    0.01,
    0.01,
    0.01,
    0.01,
    0.01,
    0.01,
    0.01,
    0.01,
    0.01,
    0.01,
    0.01,
    0.01,
    0.01,
    0.01,
    0.01,
    0.01,
    0.01,
    0.01,
    0.01,
    0.01,
    0.01,
    0.01,
    0.01,
    0.01,
    0.01,
    0.01,
    0.01,
    0.01,
    0.01,
    0.01,
    0.01,
    0.01,
    0.01,
    0.01,
    0.01,
    0.01,
    0.01,
    0.01,
    0.01,
    0.01,
    0.01,
    0.01,
    0.01,
    0.01,
    0.01,
    0.01,
    0.01,
    0.01,
    0.01,
    0.01,
    0.01,
    0.01,
    0.01,
    0.01,
    0.01,
    0.01,
    0.01,
    0.01
  ],
  "recon_loss": [],
  "balance_loss": []
}