{
  "epoch": [
    1,
    2,
    3,
    4,
    5,
    6,
    7,
    8,
    9,
    10,
    11,
    12,
    13,
    14,
    15,
    16,
    17,
    18,
    19,
    20,
    21,
    22,
    23,
    24,
    25,
    26,
    27,
    28,
    29,
    30,
    31,
    32,
    33,
    34,
    35,
    36,
    37,
    38,
    39,
    40,
    41,
    42,
    43,
    44,
    45
  ],
  "train_loss": [
    2.55162078756647,
    1.0694618280400936,
    0.5989934740607271,
    0.39525830807145107,
    0.28555046682505264,
    0.21516372927838995,
    0.1694637263174524,
    0.12839111353549146,
    0.10657836884721038,
    0.08330079427315402,
    0.07569195641223918,
    0.0642819718371347,
    0.05628415569663048,
    0.05038990629548879,
    0.03650551167383943,
    0.034510764514201694,
    0.03107729008824555,
    0.023552981800562943,
    0.018652587197721004,
    0.01889020406170604,
    0.017297109358550347,
    0.017336175911435762,
    0.011411290731012207,
    0.006621339857655088,
    0.005692395477642103,
    0.004194407368597296,
    0.009051828731581108,
    0.003455024980699893,
    0.00013758787482055193,
    -0.00016856711050591518,
    -0.0014404805146695412,
    0.0006456994979651933,
    -0.0024196219620938155,
    -0.004133512909264909,
    -0.004457720180915803,
    -0.004336946394256095,
    -0.0011511715705093649,
    -0.0029519543474175267,
    -0.0051926255187730195,
    -0.007133350621179207,
    -0.00853154062264666,
    -0.006210833279051117,
    -0.010650200682893856,
    -0.00985301963831346,
    -0.009421756567875134
  ],
  "val_loss": [
    1.45664774454557,
    0.5335367023944855,
    0.25288221813165224,
    0.1413882592549691,
    0.10213723320227402,
    0.07618631393863605,
    0.03890945017337799,
    0.03667792276694225,
    0.029962004663852546,
    0.021000803949741218,
    0.025406371945371993,
    0.015239708985273655,
    0.020647636972940885,
    0.01405495462509302,
    0.015190071068131007,
    0.01787427397301564,
    0.012333335498204598,
    0.01141017904648414,
    0.021003374113486364,
    0.010504504522451987,
    0.012929428798648028,
    0.01466203466630899,
    0.01185882449723207,
    0.012554593527546296,
    0.015516328267180003,
    0.014125578965132054,
    0.012955551823744407,
    0.02417644328222825,
    0.017279978125141218,
    0.01464255010852447,
    0.014881391651355304,
    0.017111289100005075,
    0.023285038912525542,
    0.017479623309694804,
    0.021368598135618064,
    0.020156589551613882,
    0.01946797279211191,
    0.023013254054463826,
    0.022017275914549828,
    0.02559404017833563,
    0.02670581080019474,
    0.020595296214406308,
    0.02412195489383661,
    0.02728561799113567,
    0.030800564787708797
  ],
  "train_transduce": [
    2.553751441621289,
    1.0948952832787306,
    0.6255417080576887,
    0.42233023446859774,
    0.3129533788131684,
    0.242781606685255,
    0.19725763555808165,
    0.15631265078008788,
    0.13463744530742316,
    0.11148180230760697,
    0.103965657503949,
    0.09262451072482719,
    0.08469697606471396,
    0.07885274840230794,
    0.06501517679119848,
    0.0630402180183794,
    0.05964859007598506,
    0.05216244844834983,
    0.047275079731090165,
    0.04753195533298494,
    0.04596732749805315,
    0.046018315690387154,
    0.04012002055197186,
    0.03534600576481868,
    0.03442828070862008,
    0.03294658884598115,
    0.037803033743648955,
    0.032219497815792246,
    0.02891487150558645,
    0.02861821424868918,
    0.027358704983477585,
    0.029453904730431045,
    0.026405502809211612,
    0.024698029805128415,
    0.024383997184598875,
    0.024510357010456705,
    0.027698298148119572,
    0.025915291238355346,
    0.023674625686139407,
    0.02174385779023593,
    0.020350993434495302,
    0.022675540127801066,
    0.018243308618338297,
    0.019050184008425352,
    0.01948760322429547
  ],
  "val_transduce": [
    1.4806270691064687,
    0.559996804365745,
    0.2798235427874785,
    0.1687005374294061,
    0.12982351791400176,
    0.10381228362138455,
    0.06673609279096127,
    0.06462733863064876,
    0.05798563189231432,
    0.049315435955157645,
    0.05365376260418158,
    0.043633589413590156,
    0.049045142538558975,
    0.042544540913345724,
    0.0437194850618163,
    0.04645074244875174,
    0.040881442837417126,
    0.04002746816079777,
    0.049604083357665404,
    0.03912453220870633,
    0.041461492458788246,
    0.04339740056401262,
    0.04053458598299095,
    0.04129771587367241,
    0.0442553715278896,
    0.0429481960600242,
    0.04176061407018166,
    0.05290067134998166,
    0.046077478603155426,
    0.04329634373649382,
    0.04369222069418846,
    0.04586454826550415,
    0.052128834202169225,
    0.04632779175433545,
    0.0502498845251886,
    0.04893612201200225,
    0.04830788097080166,
    0.05189226681474023,
    0.050875128620716095,
    0.054457686528062016,
    0.05556652442296931,
    0.0494224141036214,
    0.05304124666368947,
    0.05617392879391376,
    0.05959618347137271
  ],
  "l0": [
    0.0,
    0.0,
    0.0,
    0.0,
    0.0,
    0.0,
    0.0,
    0.0,
    0.0,
    0.0,
    0.0,
    0.0,
    0.0,
    0.0,
    0.0,
    0.0,
    0.0,
    0.0,
    0.0,
    0.0,
    0.0,
    0.0,
    0.0,
    0.0,
    0.0,
    0.0,
    0.0,
    0.0,
    0.0,
    0.0,
    0.0,
    0.0,
    0.0,
    0.0,
    0.0,
    0.0,
    0.0,
    0.0,
    0.0,
    0.0,
    0.0,
    0.0,
    0.0,
    0.0,
    0.0
  ],
  "lambda_l0_effective": [
    0.01,
    0.01,
    0.01,
    0.01,
    0.01,
    0.01,
    0.01,
    0.01,
    0.01,
    0.01,
    0.01,
    0.01,
    0.01,
    0.01,
    0.01,
    0.01,
    0.01,
    0.01,
    0.01,
    0.01,
    0.01,
    0.01,
    0.01,
    0.01,
    0.01,
    0.01,
    0.01,
    0.01,
    0.01,
    0.01,
    0.01,
    0.01,
    0.01,
    0.01,
    0.01,
    0.01,
    0.01,
    0.01,
    0.01,
    0.01,
    0.01,
    0.01,
    0.01,
    0.01,
    0.01
  ],
  "recon_loss": [],
  "balance_loss": [
    3.0030302073537687,
    3.9999723090338954,
    3.9999942238797845,
    3.9999978726672145,
    3.9999968894978157,
    3.9999960427431716,
    3.9999972717049195,
    3.999996754312024,
    3.999998283140438,
    3.9999994469672133,
    3.9999983556491814,
    3.9999985055825147,
    3.9999990917972683,
    3.999998981190711,
    3.999998590380875,
    3.9999988779579243,
    3.9999989455508205,
    3.9999993928928963,
    3.9999992454174866,
    3.9999994580278693,
    3.999999532994536,
    3.9999995821530057,
    3.9999993781453553,
    3.9999992736836067,
    3.9999995993584703,
    3.9999996509748637,
    3.9999992269830607,
    3.9999994862939894,
    3.9999995489710387,
    3.9999996681803283,
    3.999999518246995,
    3.9999996177928963,
    3.9999995096442627,
    3.9999995145601095,
    3.9999994322196724,
    3.9999995784661206,
    3.9999993670847,
    3.9999995010415303,
    3.9999995846109293,
    3.999999337589618,
    3.9999992859732245,
    3.999999225754099,
    3.999999390434973,
    3.9999996177928963,
    3.9999995256207654
  ]
}