{
  "epoch": [
    1,
    2,
    3,
    4,
    5,
    6,
    7,
    8,
    9,
    10,
    11,
    12,
    13,
    14,
    15,
    16,
    17,
    18,
    19,
    20,
    21,
    22,
    23,
    24,
    25,
    26,
    27,
    28,
    29,
    30,
    31,
    32,
    33,
    34,
    35,
    36,
    37,
    38,
    39,
    40,
    41,
    42,
    43,
    44,
    45,
    46,
    47,
    48,
    49,
    50,
    51,
    52,
    53,
    54,
    55,
    56,
    57,
    58,
    59,
    60,
    61,
    62,
    63,
    64,
    65,
    66,
    67,
    68,
    69,
    70,
    71,
    72,
    73,
    74,
    75,
    76,
    77,
    78,
    79,
    80,
    81,
    82,
    83,
    84,
    85,
    86,
    87,
    88,
    89,
    90,
    91,
    92,
    93,
    94,
    95,
    96,
    97,
    98,
    99,
    100,
    101,
    102,
    103,
    104,
    105,
    106,
    107,
    108,
    109,
    110,
    111,
    112,
    113,
    114,
    115,
    116,
    117,
    118,
    119
  ],
  "train_loss": [
    0.9708202318979962,
    0.3498190235678512,
    0.2674772782195913,
    0.23002573840393878,
    0.20412481163102802,
    0.18626920996916177,
    0.17257020703636775,
    0.16286753044270053,
    0.15436170973105007,
    0.1450991663012174,
    0.1392411267993474,
    0.1340547261925617,
    0.12812801620157638,
    0.12302776300671077,
    0.11730600222207532,
    0.11535962840708175,
    0.11178303587407169,
    0.1058491631457121,
    0.10426109188263959,
    0.09915601886292495,
    0.09778206548330808,
    0.09477915275509995,
    0.0915359677101421,
    0.08963677595083666,
    0.08498014185098138,
    0.08497296122483688,
    0.0834905443768395,
    0.0784091772788232,
    0.07788439122683341,
    0.07714400632251607,
    0.075909607886973,
    0.07331938873792049,
    0.07174926271459253,
    0.07096588718566564,
    0.06855682702274016,
    0.06531504660586615,
    0.0652954100935471,
    0.06491211436615132,
    0.06339974952216196,
    0.06358232244959858,
    0.05875590999638385,
    0.05912490189997571,
    0.05882484643803079,
    0.05852273989026204,
    0.054152582744413084,
    0.05763583515060715,
    0.055812400341550314,
    0.054561288833691934,
    0.05461912104251361,
    0.05156153169377606,
    0.05224080806100132,
    0.051868186267738293,
    0.04845734031889403,
    0.04989597773972419,
    0.04775892012743371,
    0.04733875456109348,
    0.045365150552242994,
    0.04788125914954903,
    0.04485944906563157,
    0.04627981454152429,
    0.04495463863310247,
    0.044182223834945716,
    0.04378512620206664,
    0.04322020884252863,
    0.04188504607628773,
    0.04140027120506557,
    0.04216842013549539,
    0.04107558277278844,
    0.03964917979083291,
    0.037985011478793795,
    0.0390740409309026,
    0.03889143198156859,
    0.03746931925692623,
    0.040334967107945444,
    0.036865166010390416,
    0.03678244703661392,
    0.03605119424346503,
    0.03691399271719822,
    0.035432605165066106,
    0.03511408940049829,
    0.03461208431474348,
    0.03440392181498579,
    0.03339366501861132,
    0.03334518659417287,
    0.034924173114434034,
    0.03406909631454561,
    0.03172550059504586,
    0.03221934508430854,
    0.031933327791013634,
    0.03118453957924232,
    0.03199438522869518,
    0.02960704703640082,
    0.030363966540276708,
    0.03019189823068457,
    0.030069541015505494,
    0.028710321283502743,
    0.028936216718342046,
    0.02795063200784792,
    0.02756577025232191,
    0.026654030751934885,
    0.028869198561452404,
    0.02540547532804015,
    0.029189701252017575,
    0.026679983308382036,
    0.025665287918521847,
    0.027270148651176454,
    0.02653762888126444,
    0.026787486319236532,
    0.02633489185649127,
    0.026252073201230994,
    0.02578031316418016,
    0.026361213890964737,
    0.02616500822218633,
    0.025215134672396403,
    0.022688061240968286,
    0.022842197738919812,
    0.021209319026467603,
    0.023813011689517317,
    0.023514500120654702
  ],
  "val_loss": [
    0.3200892129769692,
    0.22528586364709413,
    0.20009269966528967,
    0.17551907209249643,
    0.1630895768220608,
    0.15550670600854433,
    0.15055608577453172,
    0.13731464113180453,
    0.1387294058043223,
    0.12377280598649612,
    0.12528575498324174,
    0.13252820647679842,
    0.11971888920435539,
    0.10894854939900912,
    0.10661829864749542,
    0.1156722275683513,
    0.10140269392958054,
    0.10675803600595547,
    0.10178213022076167,
    0.09787193943674748,
    0.1047601937674559,
    0.0963973248234162,
    0.099639642983675,
    0.09070761731037727,
    0.09115052137237328,
    0.09083859737102802,
    0.098210680943269,
    0.08894646311035523,
    0.09037951809855607,
    0.09384773958187836,
    0.09279544637180291,
    0.09731062845541881,
    0.08546553838711518,
    0.08414195936459762,
    0.085344714900622,
    0.08172991126775742,
    0.08217608470183152,
    0.0828746035695076,
    0.09068416001705024,
    0.08185935851473075,
    0.07936615367921498,
    0.07567200236595593,
    0.08328809073338142,
    0.07864987019162911,
    0.08251904065792377,
    0.09477348023882279,
    0.07760043470905377,
    0.09406535126841985,
    0.07893530680583073,
    0.08360097012840785,
    0.07890894063390218,
    0.08415493827599746,
    0.08428234291764405,
    0.08165708986612466,
    0.08178457245230675,
    0.08011060208082199,
    0.08487970109742421,
    0.07777145247046764,
    0.08245635505479115,
    0.07915350193014511,
    0.07880753020827587,
    0.0779392822430684,
    0.07653547952381465,
    0.07631391258193897,
    0.0821437997600207,
    0.07503121410711454,
    0.07942043244838715,
    0.07471312955021858,
    0.07390509459834832,
    0.07588576854994664,
    0.0787450265712463,
    0.0788681164670449,
    0.08360385536574401,
    0.0807051554035682,
    0.0809547660442499,
    0.07831471248601492,
    0.07596650991875392,
    0.07670734765437934,
    0.0757016188536699,
    0.08115875864258179,
    0.07339264323505071,
    0.07168113468931271,
    0.07692784550957955,
    0.07448948138894942,
    0.07947870043034737,
    0.07850722022927724,
    0.07537041146021622,
    0.07487871891890581,
    0.07408528517072017,
    0.07376623468903395,
    0.07631041575223207,
    0.07300006770170651,
    0.07447742742414658,
    0.06805555594082062,
    0.07393938030761021,
    0.07406481262296438,
    0.07404243817123082,
    0.07851760676847054,
    0.08083261040827402,
    0.0800053457228037,
    0.07939279179733533,
    0.08350460410404664,
    0.07761267930842362,
    0.07544164961347213,
    0.07902657670470384,
    0.07324099769959083,
    0.07676488175415076,
    0.07326982349443895,
    0.07572292343068582,
    0.07662999694450544,
    0.07561544665636924,
    0.07554567927637926,
    0.0762152885301755,
    0.07045311667025089,
    0.07555763416278821,
    0.07298688142775343,
    0.0743995040225295,
    0.07133954390883446,
    0.07351022464438127
  ],