{
  "epoch": [
    1,
    2,
    3,
    4,
    5,
    6,
    7,
    8,
    9,
    10,
    11,
    12,
    13,
    14,
    15,
    16,
    17,
    18,
    19,
    20,
    21,
    22,
    23,
    24,
    25,
    26,
    27,
    28,
    29,
    30,
    31,
    32,
    33,
    34,
    35,
    36,
    37,
    38,
    39,
    40,
    41,
    42,
    43,
    44,
    45,
    46,
    47,
    48,
    49,
    50,
    51,
    52,
    53,
    54
  ],
  "train_loss": [
    0.9492009500252832,
    0.2502752433809423,
    0.13113705502803794,
    0.07699949420105244,
    0.05334316088443564,
    0.04562530330545509,
    0.03315803375738414,
    0.02828761099924132,
    0.02652779627908213,
    0.02218906166027156,
    0.018844556219434153,
    0.017088305497945277,
    0.016268446478637455,
    0.014113821865769928,
    0.013989953430412701,
    0.012737526435323405,
    0.015779854534745945,
    0.012108165431124418,
    0.007732869806392214,
    0.007833634790923619,
    0.009384086383170611,
    0.010263028566619939,
    0.009806138616338488,
    0.009544268204559352,
    0.008225059059338126,
    0.0064511604890042495,
    0.008774576053988264,
    0.007037278426782295,
    0.007228981260661535,
    0.00758756117336572,
    0.008461863205458527,
    0.005394323769183925,
    0.008226058450671508,
    0.00650125473033224,
    0.005760521946004448,
    0.004753523825841222,
    0.003229209687935846,
    0.00460610072609738,
    0.006510125517547515,
    0.006585628929015095,
    0.004073623493034753,
    0.00414123078356629,
    0.0065530471611148725,
    0.004627765019735701,
    0.0029887872379478404,
    0.00593844798359643,
    0.009202799601534372,
    0.0032646507041267188,
    0.004255133377884385,
    0.004080547236167758,
    0.004702525268193003,
    0.0033479719822560247,
    0.004666658563138233,
    0.003183589784928643
  ],
  "val_loss": [
    0.20980773407679337,
    0.11932324503476803,
    0.09154058391085038,
    0.07870971311170322,
    0.07464342335095772,
    0.07389993535784575,
    0.07738268361068688,
    0.07379651442170143,
    0.08170013695668715,
    0.07973460853099823,
    0.07741538130749877,
    0.07533517608848903,
    0.07516432769345836,
    0.08574081463022874,
    0.08118501479307619,
    0.07745516056624743,
    0.07468616766317819,
    0.07363983261613892,
    0.08177519764733286,
    0.08398470773289983,
    0.07496356143831061,
    0.07880859748155881,
    0.07590844240397789,
    0.08078979145592222,
    0.08029945809931423,
    0.07836536211946693,
    0.07439707871974231,
    0.0811465939097196,
    0.07325163890625565,
    0.08863003831804515,
    0.07947381121966128,
    0.09269632769820209,
    0.08535638415756133,
    0.09068415815440509,
    0.0824630271929961,
    0.0792037915581694,
    0.0872789436129656,
    0.09353925531300214,
    0.09280690683338505,
    0.08901010030240286,
    0.07969709127568282,
    0.08747174232625045,
    0.09017102745397446,
    0.09023298881947994,
    0.08355746171079002,
    0.11515105630342777,
    0.08312974390215598,
    0.09452989131498796,
    0.0929398131198608,
    0.08964526375684027,
    0.07780820479204592,
    0.08081875128734212,
    0.09286396982721411,
    0.0894355107134638
  ],
  "train_transduce": [
    0.9492009500252832,
    0.2502752433809423,
    0.13113705502803794,
    0.07699949420105244,
    0.05334316088443564,
    0.04562530330545509,
    0.03315803375738414,
    0.02828761099924132,
    0.02652779627908213,
    0.02218906166027156,
    0.018844556219434153,
    0.017088305497945277,
    0.016268446478637455,
    0.014113821865769928,
    0.013989953430412701,
    0.012737526435323405,
    0.015779854534745945,
    0.012108165431124418,
    0.007732869806392214,
    0.007833634790923619,
    0.009384086383170611,
    0.010263028566619939,
    0.009806138616338488,
    0.009544268204559352,
    0.008225059059338126,
    0.0064511604890042495,
    0.008774576053988264,
    0.007037278426782295,
    0.007228981260661535,
    0.00758756117336572,
    0.008461863205458527,
    0.005394323769183925,
    0.008226058450671508,
    0.00650125473033224,
    0.005760521946004448,
    0.004753523825841222,
    0.003229209687935846,
    0.00460610072609738,
    0.006510125517547515,
    0.006585628929015095,
    0.004073623493034753,
    0.00414123078356629,
    0.0065530471611148725,
    0.004627765019735701,
    0.0029887872379478404,
    0.00593844798359643,
    0.009202799601534372,
    0.0032646507041267188,
    0.004255133377884385,
    0.004080547236167758,
    0.004702525268193003,
    0.0033479719822560247,
    0.004666658563138233,
    0.003183589784928643
  ],
  "val_transduce": [
    0.20980773407679337,
    0.11932324503476803,
    0.09154058391085038,
    0.07870971311170322,
    0.07464342335095772,
    0.07389993535784575,
    0.07738268361068688,
    0.07379651442170143,
    0.08170013695668715,
    0.07973460853099823,
    0.07741538130749877,
    0.07533517608848903,
    0.07516432769345836,
    0.08574081463022874,
    0.08118501479307619,
    0.07745516056624743,
    0.07468616766317819,
    0.07363983261613892,
    0.08177519764733286,
    0.08398470773289983,
    0.07496356143831061,
    0.07880859748155881,
    0.07590844240397789,
    0.08078979145592222,
    0.08029945809931423,
    0.07836536211946693,
    0.07439707871974231,
    0.0811465939097196,
    0.07325163890625565,
    0.08863003831804515,
    0.07947381121966128,
    0.09269632769820209,
    0.08535638415756133,
    0.09068415815440509,
    0.0824630271929961,
    0.0792037915581694,
    0.0872789436129656,
    0.09353925531300214,
    0.09280690683338505,
    0.08901010030240286,
    0.07969709127568282,
    0.08747174232625045,
    0.09017102745397446,
    0.09023298881947994,
    0.08355746171079002,
    0.11515105630342777,
    0.08312974390215598,
    0.09452989131498796,
    0.0929398131198608,
    0.08964526375684027,
    0.07780820479204592,
    0.08081875128734212,
    0.09286396982721411,
    0.0894355107134638
  ],
  "l0": [
    0.0,
    0.0,
    0.0,
    0.0,
    0.0,
    0.0,
    0.0,
    0.0,
    0.0,
    0.0,
    0.0,
    0.0,
    0.0,
    0.0,
    0.0,
    0.0,
    0.0,
    0.0,
    0.0,
    0.0,
    0.0,
    0.0,
    0.0,
    0.0,
    0.0,
    0.0,
    0.0,
    0.0,
    0.0,
    0.0,
    0.0,
    0.0,
    0.0,
    0.0,
    0.0,
    0.0,
    0.0,
    0.0,
    0.0,
    0.0,
    0.0,
    0.0,
    0.0,
    0.0,
    0.0,
    0.0,
    0.0,
    0.0,
    0.0,
    0.0,
    0.0,
    0.0,
    0.0,
    0.0
  ],
  "lambda_l0_effective": [
    0.01,
    0.01,
    0.01,
    0.01,
    0.01,
    0.01,
    0.01,
    0.01,
    0.01,
    0.01,
    0.01,
    0.01,
    0.01,
    0.01,
    0.01,
    0.01,
    0.01,
    0.01,
    0.01,
    0.01,
    0.01,
    0.01,
    0.01,
    0.01,
    0.01,
    0.01,
    0.01,
    0.01,
    0.01,
    0.01,
    0.01,
    0.01,
    0.01,
    0.01,
    0.01,
    0.01,
    0.01,
    0.01,
    0.01,
    0.01,
    0.01,
    0.01,
    0.01,
    0.01,
    0.01,
    0.01,
    0.01,
    0.01,
    0.01,
    0.01,
    0.01,
    0.01,
    0.01,
    0.01
  ],
  "recon_loss": [],
  "balance_loss": []
}