{
  "epoch": [
    1,
    2,
    3,
    4,
    5,
    6,
    7,
    8,
    9,
    10,
    11,
    12,
    13,
    14,
    15,
    16,
    17,
    18,
    19,
    20,
    21,
    22,
    23,
    24,
    25,
    26,
    27,
    28,
    29,
    30,
    31,
    32,
    33,
    34,
    35,
    36,
    37,
    38,
    39,
    40,
    41,
    42,
    43,
    44,
    45,
    46,
    47,
    48,
    49,
    50,
    51,
    52,
    53,
    54,
    55,
    56,
    57,
    58,
    59,
    60,
    61,
    62,
    63,
    64,
    65,
    66,
    67,
    68,
    69,
    70,
    71,
    72,
    73,
    74,
    75,
    76,
    77,
    78,
    79,
    80,
    81,
    82,
    83,
    84,
    85,
    86,
    87,
    88,
    89,
    90,
    91,
    92,
    93,
    94,
    95,
    96,
    97,
    98,
    99,
    100
  ],
  "train_loss": [
    1.3325989455291904,
    0.6995553907352624,
    0.5229727977637163,
    0.40058835111942487,
    0.30894654766493235,
    0.25168276770213216,
    0.20747430925977597,
    0.17533153694929535,
    0.15416819030015738,
    0.13539326279280112,
    0.11954316085914976,
    0.10815612259368922,
    0.09955785782604488,
    0.08657262401328873,
    0.08109574256099991,
    0.0737379985122183,
    0.0698829022879453,
    0.06101092556011431,
    0.0587619048418458,
    0.052346333630920686,
    0.04786923693819452,
    0.047691995969291814,
    0.044373722098882976,
    0.04144255982558291,
    0.03788125129493395,
    0.035736953695640734,
    0.03532563272345158,
    0.03242783996362969,
    0.03240730910629187,
    0.029261333450252554,
    0.02749353492651711,
    0.026949279502360632,
    0.02481964865901037,
    0.024456245107000174,
    0.02224536478932294,
    0.0216541539892055,
    0.019903685405523966,
    0.019125673553867975,
    0.019738839154333335,
    0.01866594057760595,
    0.016321947651713627,
    0.0151759874970969,
    0.014635148569797501,
    0.016690518194569525,
    0.015015118097713621,
    0.015191493710723812,
    0.014656054919355154,
    0.014066807983308723,
    0.012987426893795197,
    0.011712823990857248,
    0.01219570020288133,
    0.01168750102701357,
    0.011888002596925176,
    0.011218381709582413,
    0.009857350041052884,
    0.010503433443745118,
    0.009481997572404054,
    0.009592830196872699,
    0.01086097148747529,
    0.010995696488703053,
    0.013273178402348854,
    0.010092204096415033,
    0.010007362589528113,
    0.009135537220347557,
    0.007835971578276361,
    0.00793014938934687,
    0.006933699142951134,
    0.006834535103125651,
    0.009442765650953906,
    0.007761913736065197,
    0.00938508087245882,
    0.008939804929337398,
    0.007926558414726163,
    0.007208451005803018,
    0.006111717951836871,
    0.005389010409624124,
    0.0056580819688214126,
    0.006254813619457262,
    0.006725542113027708,
    0.0052951537608229024,
    0.006500098569565885,
    0.008006753406268977,
    0.005868463423859193,
    0.006126887839198708,
    0.0048300428220734585,
    0.0068699241048457175,
    0.007064418343061428,
    0.006447950717705043,
    0.006989740941057836,
    0.005793775359652312,
    0.004675884447876632,
    0.006238054216493727,
    0.005180302431588494,
    0.004577553807937819,
    0.0056986018058786305,
    0.004743989463415496,
    0.005160614394477194,
    0.005477139562459605,
    0.004495925310376273,
    0.0053217509788756265
  ],
  "val_loss": [
    0.5961043880536006,
    0.45136377673882705,
    0.3794090151786804,
    0.32402777901062596,
    0.297139714543636,
    0.27725156339315266,
    0.2417510851071431,
    0.24099006446508262,
    0.21856010647920462,
    0.19959347465863594,
    0.1992366359784053,
    0.18421403375955728,
    0.16484337242750022,
    0.1637166944833902,
    0.1578057328095803,
    0.15252510114358023,
    0.15555809581509003,
    0.1634585610949076,
    0.1404198218996708,
    0.14669586030336526,
    0.13001002056094316,
    0.13184466356268296,
    0.1264636255800724,
    0.12034009855527145,
    0.12942520213814881,
    0.12906252392209494,
    0.12530404802125233,
    0.1254348731957949,
    0.11465009760398132,
    0.10982156573579861,
    0.11841495879567586,
    0.12010095984889911,
    0.1218869355148994,
    0.11370633384929253,
    0.12473326119092795,
    0.11589588669057076,
    0.11103558404227862,
    0.11698433255346921,
    0.11049281519192916,
    0.10590651287482335,
    0.1035790593148424,
    0.10751295318970314,
    0.10472525484286822,
    0.1048573234046881,
    0.09876628320377606,
    0.10033752360882667,
    0.10478057382771602,
    0.09903939895761701,
    0.10255708900065376,
    0.09650140363149919,
    0.10832433194781725,
    0.10366333544684145,
    0.09782310532262692,
    0.0982952075652205,
    0.10422468901826785,
    0.10433522941401371,
    0.09967720200522588,
    0.09870895338602938,
    0.09597399787834057,
    0.09582410509196612,
    0.09258288947435525,
    0.09555880947468373,
    0.09783889801026537,
    0.09293190945083132,
    0.0917618141706603,
    0.09315986357306918,
    0.0988036759215622,
    0.10177699718266152,
    0.09581944733284987,
    0.09538581166774608,
    0.09331919162426718,
    0.09554602911409277,
    0.09639757715810376,
    0.10082327451807661,
    0.08783894325964726,
    0.09531209766506575,
    0.09551694196684715,
    0.0981927069907005,
    0.09517203530189224,
    0.09751699629347198,
    0.0986292429554921,
    0.09538383742507833,
    0.09723024691293876,
    0.10094053654644924,
    0.09774855214009921,
    0.09841049010328089,
    0.09673884138464928,
    0.09257688513025641,
    0.09212358065773375,
    0.0957933246749095,
    0.10170231852680445,
    0.09274855704279616,
    0.09500497505024004,
    0.09559654741315171,
    0.09858154423328905,
    0.09565229203480367,
    0.09944067868995123,
    0.10069506285407652,
    0.09921730948665825,
    0.10066261674420765
  ],