{
  "epoch": [
    1,
    2,
    3,
    4,
    5,
    6,
    7,
    8,
    9,
    10,
    11,
    12,
    13,
    14,
    15,
    16,
    17,
    18,
    19,
    20,
    21,
    22,
    23,
    24,
    25,
    26,
    27,
    28,
    29,
    30,
    31,
    32,
    33,
    34,
    35,
    36,
    37,
    38,
    39,
    40,
    41,
    42,
    43,
    44,
    45,
    46,
    47,
    48,
    49,
    50,
    51,
    52,
    53,
    54,
    55,
    56,
    57,
    58,
    59,
    60,
    61,
    62,
    63,
    64,
    65,
    66,
    67,
    68,
    69,
    70,
    71,
    72,
    73,
    74,
    75,
    76,
    77,
    78,
    79,
    80,
    81,
    82,
    83,
    84,
    85,
    86,
    87,
    88,
    89,
    90,
    91,
    92,
    93,
    94,
    95,
    96,
    97,
    98,
    99,
    100,
    101,
    102,
    103,
    104,
    105,
    106,
    107,
    108,
    109,
    110,
    111,
    112,
    113,
    114,
    115,
    116,
    117,
    118,
    119,
    120,
    121,
    122,
    123,
    124,
    125,
    126,
    127,
    128,
    129,
    130,
    131,
    132,
    133,
    134,
    135,
    136
  ],
  "train_loss": [
    1.7296636494079438,
    0.9977877193158216,
    0.8182548626814738,
    0.7065801886048647,
    0.6312967367691569,
    0.5712874095038613,
    0.5271635816829039,
    0.4879620565046178,
    0.45512230059888104,
    0.43174306827016395,
    0.403415848122965,
    0.39062363765027264,
    0.3682946664567041,
    0.3517437649540382,
    0.3348958837513876,
    0.32624033388524953,
    0.3084072306899741,
    0.2989617879733001,
    0.2889308650599848,
    0.2808760425241867,
    0.26763122049298615,
    0.2619430273771286,
    0.24780970265959748,
    0.24513522852765451,
    0.2338885511502181,
    0.22674553007772652,
    0.2192759843598498,
    0.2087095592281606,
    0.20262285712921974,
    0.19918806718127563,
    0.18753789394798845,
    0.1804840969714788,
    0.176570422504798,
    0.1702413478552705,
    0.16638895242226007,
    0.15832575617155226,
    0.1569649797707501,
    0.15119212032249657,
    0.1460424164439192,
    0.14218486026667132,
    0.1375980974719076,
    0.13289402779376153,
    0.128390763360675,
    0.12460523729424665,
    0.121073482429037,
    0.11396808523942928,
    0.11209077587222109,
    0.1076071437927756,
    0.10376173999197412,
    0.10222352934208247,
    0.09860886412091774,
    0.09497928309558641,
    0.09316864561769042,
    0.08715811604172877,
    0.08399514820758659,
    0.08322495391758361,
    0.08236183665028893,
    0.08037858740380495,
    0.07568067847059505,
    0.07776912607916511,
    0.0707551688324697,
    0.07258282327047079,
    0.06534499118086134,
    0.06548216916842035,
    0.06653528752745969,
    0.06185005793329513,
    0.06089444569136837,
    0.05903213602112661,
    0.05650001235011191,
    0.056358014666798094,
    0.05397416479738042,
    0.05088212278367269,
    0.05011690020708755,
    0.049697690320634605,
    0.0477773167819965,
    0.04684490067792116,
    0.04817740110182526,
    0.0462909455936734,
    0.04371106725112341,
    0.04417070672653689,
    0.042854258661518,
    0.04334505538612899,
    0.03989888394786285,
    0.03645150951746077,
    0.038843827146926135,
    0.03790191724195634,
    0.03722977181804357,
    0.035694449264002906,
    0.03465979355433495,
    0.03387010979954854,
    0.031850764850652455,
    0.032223245433282734,
    0.03280822115738203,
    0.030472571924697645,
    0.028914677071394307,
    0.030252576814872204,
    0.02860778887378107,
    0.027552788173503213,
    0.026132897898038424,
    0.026664392492448043,
    0.026993992876740966,
    0.02649726330459413,
    0.024538230851735218,
    0.024610675945140346,
    0.022022055213035335,
    0.022708543599352683,
    0.02572556039189348,
    0.021815881206847652,
    0.021596499672620603,
    0.02116969080254583,
    0.020329957947798884,
    0.019507907437031517,
    0.020361923681811826,
    0.018751988915892522,
    0.019184879018086017,
    0.020212282943032164,
    0.01786179304823722,
    0.020245198192683483,
    0.019737557014727063,
    0.01825728571263723,
    0.018036009587052437,
    0.018015033062916287,
    0.0155268697238684,
    0.017015738938335735,
    0.017656099636771595,
    0.016413730617594158,
    0.015027377745228828,
    0.016534062531214245,
    0.015170503615189602,
    0.015784056080357715,
    0.013556093415522044,
    0.015561572815485225,
    0.014465749528867627,
    0.014517819437447309,
    0.014532048660929841,
    0.013491258453946598
  ],
  "val_loss": [
    0.8730963560251089,
    0.6972970779125507,
    0.6215356084016653,
    0.52843783222712,
    0.5039176482420701,
    0.45026826629271877,
    0.4226820239653954,
    0.4012957880130181,
    0.3834247291088104,
    0.3603454599013695,
    0.35613428400113034,
    0.3395672062268624,
    0.32928049449737257,
    0.30786387622356415,
    0.2993067353963852,
    0.29535402128329646,
    0.29400867452988255,
    0.27408499327989727,
    0.2699760634165544,
    0.2708979615798363,
    0.25829743995116305,
    0.24014070687385705,
    0.2530510121813187,
    0.24780307423609954,
    0.23481951883206,
    0.23144694761588022,
    0.22608387756806153,
    0.21273306298714417,
    0.21167989992178404,
    0.2095683291554451,
    0.20762424342907393,
    0.19982581872206467,
    0.1864523933484004,
    0.19179346985541856,
    0.19161874113174585,
    0.1866090830702048,
    0.1812614001906835,
    0.17406586844187516,
    0.17174438731028482,
    0.17096131123029268,
    0.17087820229622033,
    0.1667084046281301,
    0.16767287368957812,
    0.16581363918689582,
    0.15643184460126436,
    0.16924768313765526,
    0.1595081025018142,
    0.158746666346605,
    0.15265241064704382,
    0.15256740955206063,
    0.149612306115719,
    0.15260645260031408,
    0.1502626188672506,
    0.1438564480497287,
    0.143898078168814,
    0.1412163651906527,
    0.14171166775318292,
    0.13772694479960662,
    0.14255711952081093,
    0.147381646415362,
    0.14062152659663787,
    0.13496927143289492,
    0.13801249088003084,
    0.14364558458328247,
    0.13262412181267372,
    0.13108876118293175,
    0.13201791076706007,
    0.12451760069682048,
    0.13122566216267073,
    0.13729958723370844,
    0.12558884173631668,
    0.12919388596828169,
    0.1327179171718084,
    0.13564184308052063,
    0.13053976085323554,
    0.13088380402097335,
    0.13058574153826788,
    0.13258487100784594,
    0.12985810035696396,
    0.12466857668298942,
    0.12232179739154302,
    0.1263116578070017,
    0.13028159078497153,
    0.13009170242227042,
    0.12532142005287683,
    0.1323366933144056,
    0.12459546614151734,
    0.12892996290555367,
    0.12878182272498423,
    0.1253304954331655,
    0.12709503735487276,
    0.13284678212725198,
    0.13047894262350523,
    0.12131795631005214,
    0.12342619752654663,
    0.1295597805426671,
    0.12426471538268603,
    0.12762127014306876,
    0.13157851019730935,
    0.13031027953212077,
    0.1377026799779672,
    0.13295695930719376,
    0.12415739091543052,
    0.13298139721155167,
    0.12821828029476678,
    0.12473673574053325,
    0.12340765818953514,
    0.12339248708807506,
    0.12304323940322949,
    0.12098146975040436,
    0.12011053441808774,
    0.12165694827070603,
    0.12502705535063377,
    0.12386561844211358,
    0.12930695855846772,
    0.1250642088170235,
    0.13258765781155,
    0.12059997451993135,
    0.12714274027026617,
    0.1278334638247123,
    0.12827183191592878,
    0.12733807328801888,
    0.12500428451368442,
    0.1336677773640706,
    0.1258065035709968,
    0.1263088692839329,
    0.1323053025855468,
    0.1299877456174447,
    0.13230371188658935,
    0.1301508199136991,
    0.12603913534146088,
    0.12448823108122899,
    0.12208299911939181,
    0.12429566050951298,
    0.12768922975430122,
    0.13490533943359667
  ],