{
  "epoch": [
    1,
    2,
    3,
    4,
    5,
    6,
    7,
    8,
    9,
    10,
    11,
    12,
    13,
    14,
    15,
    16,
    17,
    18,
    19,
    20,
    21,
    22,
    23,
    24,
    25,
    26,
    27,
    28,
    29,
    30,
    31,
    32,
    33,
    34,
    35,
    36,
    37,
    38,
    39,
    40,
    41,
    42,
    43,
    44,
    45,
    46,
    47,
    48,
    49,
    50,
    51,
    52,
    53,
    54,
    55,
    56,
    57,
    58,
    59,
    60,
    61,
    62,
    63,
    64,
    65,
    66,
    67,
    68,
    69,
    70,
    71,
    72,
    73,
    74,
    75,
    76,
    77,
    78,
    79,
    80,
    81,
    82,
    83,
    84,
    85,
    86,
    87,
    88,
    89,
    90,
    91,
    92,
    93,
    94,
    95,
    96,
    97,
    98,
    99,
    100,
    101,
    102,
    103,
    104,
    105,
    106,
    107,
    108,
    109,
    110,
    111
  ],
  "train_loss": [
    1.5401578492457324,
    0.7855868256918275,
    0.600174354444636,
    0.5027473152864097,
    0.4420310285421881,
    0.3990754311037536,
    0.3680403936322373,
    0.3394627085711696,
    0.3153031615927668,
    0.2921637906001346,
    0.2840953761398202,
    0.26927416616737254,
    0.2504017631901373,
    0.2394152730703354,
    0.22965479885587597,
    0.21920724788514695,
    0.2081890333406996,
    0.19994559596375663,
    0.19356027732391168,
    0.18836849551684787,
    0.17983703167721776,
    0.1715606140470741,
    0.16525623836729786,
    0.16170727564851836,
    0.15474721877881797,
    0.1507125312444007,
    0.14648261430239914,
    0.14308485071552862,
    0.13703963580993142,
    0.1312671078018623,
    0.12583772856557723,
    0.12377707461024275,
    0.1210445858685687,
    0.1185195939154318,
    0.11360368862895683,
    0.11088649054417515,
    0.10858257502169892,
    0.10279213426874416,
    0.09986152861377981,
    0.09875323095976717,
    0.09571938190867404,
    0.09339781160844435,
    0.09224428664339651,
    0.08800669781642385,
    0.08691269915440294,
    0.08236887951446052,
    0.08158481128440045,
    0.07978295221334637,
    0.0805339589715004,
    0.07686185442132525,
    0.07392547464016641,
    0.07210992676860625,
    0.0678863933512775,
    0.06862573279528925,
    0.06645266921951039,
    0.06592109426856041,
    0.0649257135015018,
    0.06586906649541147,
    0.06068136140999227,
    0.0610199951114926,
    0.05798081321512709,
    0.05714181889918181,
    0.05765882597332544,
    0.05478675692978472,
    0.053357450900101425,
    0.052483114238717765,
    0.051574530762315975,
    0.05022180834692894,
    0.04948869880547028,
    0.050384249445973056,
    0.04767411296246665,
    0.045075779264368634,
    0.04421720233294043,
    0.04437556594499562,
    0.04472670796336514,
    0.042907932302960666,
    0.043416535675451895,
    0.04317319494589131,
    0.041154392635320676,
    0.0404638030501728,
    0.039864370700820245,
    0.03901513957298628,
    0.038017906635852146,
    0.03756663390426057,
    0.03817203946153421,
    0.035956919608213525,
    0.035410431098414234,
    0.0330026352704309,
    0.03454762161478843,
    0.034398377882224496,
    0.033300107414142625,
    0.03321970900576009,
    0.03164765680448549,
    0.03195394153273342,
    0.0315484984289154,
    0.03211551873326892,
    0.03108023176209466,
    0.029786050771501395,
    0.029808553862431558,
    0.028611769351075487,
    0.026716445609558336,
    0.028196225920231036,
    0.02921921415438894,
    0.028131182056547393,
    0.027941172449194855,
    0.02768241957586148,
    0.02638367104279523,
    0.026409669216759135,
    0.025150246245067308,
    0.02605354568764272,
    0.025547771894437545
  ],
  "val_loss": [
    0.7188289303046006,
    0.49118443635793835,
    0.423608844096844,
    0.3787154543858308,
    0.35972115168204677,
    0.33802755635518295,
    0.3113396316766739,
    0.30200883746147156,
    0.28588581543702346,
    0.27237540941972,
    0.2716640864427273,
    0.24759733161100975,
    0.23500113934278488,
    0.2231840594456746,
    0.22161227693924537,
    0.20999068537583718,
    0.20732822097264803,
    0.1900764824106143,
    0.19421723141120031,
    0.18953033307423958,
    0.17918077397804993,
    0.1796643120738176,
    0.16674126455417046,
    0.16952666296408728,
    0.159749424801423,
    0.1576775613312538,
    0.15111720877198073,
    0.16019542916462973,
    0.15794331265183595,
    0.1528670653127707,
    0.14981633338790673,
    0.13916482489842635,
    0.13844744517252996,
    0.13634401187300682,
    0.14044419217568177,
    0.13199783632388482,
    0.13708892980447182,
    0.13110412685916975,
    0.13704515133912748,
    0.13244072061318618,
    0.12818888202309608,
    0.12056510265056904,
    0.12882792978332594,
    0.12272279480328926,
    0.11860350891947746,
    0.11487635396994077,
    0.11193683399603917,
    0.11515468273025292,
    0.11625352358588806,
    0.11914862262514922,
    0.11331214927710019,
    0.11818274339804283,
    0.11174228443549229,
    0.1155784774858218,
    0.11181280475396377,
    0.1126130475447728,
    0.10473771937764607,
    0.10598638109289683,
    0.10773184866859363,
    0.09819008094760087,
    0.10566591213528927,
    0.10009363838113271,
    0.10233638550226505,
    0.10164523067382666,
    0.10166493029548572,
    0.10958734097389075,
    0.10411462331047425,
    0.09950222991980039,
    0.09670914594943707,
    0.10566311300947116,
    0.09619803382800175,
    0.09441366849037316,
    0.09956788787474999,
    0.0965321737413223,
    0.09713832403604801,
    0.09489369850892287,
    0.09454645087512639,
    0.09449344429259117,
    0.08878855177989373,
    0.1005224627084457,
    0.09046199086766976,
    0.09114558736865337,
    0.08946249232842372,
    0.09148201260429162,
    0.08667523141663808,
    0.08600841319331756,
    0.09343971097125457,
    0.08998134789558557,
    0.09113662374707368,
    0.08793076643576989,
    0.08939861119366609,
    0.08774840975036988,
    0.09257615816134673,
    0.08652966971007678,
    0.10221782899819888,
    0.09298979147122456,
    0.08859651979918663,
    0.0875410669698165,
    0.08798015877031364,
    0.08766507887496398,
    0.08911894290493085,
    0.08718593046069145,
    0.08756060568759075,
    0.08895120339897963,
    0.08884796485877954,
    0.09401190954332168,
    0.08954937383532524,
    0.08948918747214171,
    0.08988807178460635,
    0.09024047572165728,
    0.09715340343805459
  ],