{
  "epoch": [
    1,
    2,
    3,
    4,
    5,
    6,
    7,
    8,
    9,
    10,
    11,
    12,
    13,
    14,
    15,
    16,
    17,
    18,
    19,
    20,
    21,
    22,
    23,
    24,
    25,
    26,
    27,
    28,
    29,
    30,
    31,
    32,
    33,
    34,
    35,
    36,
    37,
    38,
    39,
    40,
    41,
    42,
    43,
    44,
    45,
    46,
    47,
    48,
    49,
    50,
    51,
    52,
    53,
    54,
    55,
    56,
    57,
    58,
    59,
    60,
    61,
    62,
    63,
    64,
    65,
    66,
    67,
    68,
    69,
    70,
    71,
    72,
    73,
    74,
    75,
    76,
    77,
    78,
    79,
    80,
    81,
    82,
    83
  ],
  "train_loss": [
    1.523498556970321,
    0.8548600664458323,
    0.6741026753617316,
    0.5678627431085429,
    0.4918244820587414,
    0.4272128504883383,
    0.3737210526908796,
    0.3319348119890567,
    0.29049171522720574,
    0.25752309164435594,
    0.22950059874463327,
    0.2117344147535329,
    0.19413788747234442,
    0.17699624283104828,
    0.16331133112004123,
    0.14936363001920513,
    0.1384022806569473,
    0.13231399835845858,
    0.12600386588229345,
    0.11494963604611219,
    0.10947135467197477,
    0.10145235781740282,
    0.094274372208057,
    0.09086021262499475,
    0.08642017860541638,
    0.07868781505325406,
    0.07824735931053604,
    0.07181000344685673,
    0.07021462851079162,
    0.06634380299713194,
    0.06251650471624333,
    0.06020628387281268,
    0.058563704093553354,
    0.056506318789090695,
    0.05225676768603399,
    0.05362272692709854,
    0.04883354587346008,
    0.04605172412258755,
    0.047427684659157525,
    0.042777281897814615,
    0.04047621043456584,
    0.04104552586495723,
    0.04090872573541458,
    0.03992247536836058,
    0.036400842917218956,
    0.03678670543793243,
    0.03773456556991357,
    0.03729407475858005,
    0.033629841164004096,
    0.0316451253350248,
    0.031543760519647565,
    0.033197170173864546,
    0.028643736992626616,
    0.028873407075508048,
    0.028104021924442238,
    0.028508653266585825,
    0.026922097057584173,
    0.025965576691399376,
    0.029207191322018038,
    0.026941006995987185,
    0.026904424201197846,
    0.02462065924371871,
    0.024108831242648596,
    0.024010584197611998,
    0.02529898409722085,
    0.025606875426673628,
    0.025923522897352724,
    0.023700008579270588,
    0.022991716747709848,
    0.022773257498725403,
    0.02260275604443375,
    0.02016557423582723,
    0.020884136579325904,
    0.021876167039118093,
    0.02144895093731544,
    0.01948188885700764,
    0.02069471012224856,
    0.018353060517968974,
    0.02322875745786527,
    0.019622789561441263,
    0.019485421889802422,
    0.017945378751148346,
    0.016821691083491387
  ],
  "val_loss": [
    0.7378257283797631,
    0.4909440806278816,
    0.4280648369055528,
    0.3976830289914058,
    0.35778116492124706,
    0.3196953558004819,
    0.2873177161583534,
    0.27246489089268905,
    0.22719594263113463,
    0.221252536544433,
    0.22153721405909613,
    0.2124251012618725,
    0.18054172224723375,
    0.1771380494420345,
    0.1632859964783375,
    0.16387781558128503,
    0.1607872024178505,
    0.14578723047788328,
    0.13714350989231697,
    0.13380451357135406,
    0.13187863677740097,
    0.1234233001103768,
    0.12899710782445395,
    0.1145741011087711,
    0.1105728977574752,
    0.11807026599462216,
    0.10321800926556954,
    0.10461459796016033,
    0.09615067134682949,
    0.10051481970227681,
    0.09333257219539239,
    0.09862737300304267,
    0.09507337771356106,
    0.09518136700185445,
    0.08409265600717984,
    0.0912813561467024,
    0.08691874920175625,
    0.07890215773995106,
    0.08360002505091521,
    0.08581746641833049,
    0.08912093751132488,
    0.07851650229153725,
    0.08285257435188843,
    0.0846955502549043,
    0.08317620848090602,
    0.08272149313527805,
    0.07952910303496398,
    0.08056629148240273,
    0.07811506293140925,
    0.07366374278297791,
    0.08608450991316484,
    0.08231712863422357,
    0.07322175421107274,
    0.0792227265639947,
    0.08436491970832531,
    0.0735275476024701,
    0.075318112790298,
    0.06821497476014954,
    0.07651208337539664,
    0.07678497736700453,
    0.07389456696378496,
    0.08302893969588555,
    0.07803120037827355,
    0.06823537588262787,
    0.06966456387621853,
    0.0745709533444964,
    0.07343065541667435,
    0.07445091775690134,
    0.07639498890449221,
    0.07449303209208526,
    0.07264231582387136,
    0.08297490844359764,
    0.08106984233913514,
    0.07630522509750265,
    0.08706983386610563,
    0.08403082041499707,
    0.07547101113372125,
    0.08564942939063677,
    0.07352422149135517,
    0.0783355598552869,
    0.08105546594239198,
    0.08464691350952937,
    0.07429726518547305
  ],
  "train_transduce": [
    1.523498556970321,
    0.8548600664458323,
    0.6741026753617316,
    0.5678627431085429,
    0.4918244820587414,
    0.4272128504883383,
    0.3737210526908796,
    0.3319348119890567,
    0.29049171522720574,
    0.25752309164435594,
    0.22950059874463327,
    0.2117344147535329,
    0.19413788747234442,
    0.17699624283104828,
    0.16331133112004123,
    0.14936363001920513,
    0.1384022806569473,
    0.13231399835845858,
    0.12600386588229345,
    0.11494963604611219,
    0.10947135467197477,
    0.10145235781740282,
    0.094274372208057,
    0.09086021262499475,
    0.08642017860541638,
    0.07868781505325406,
    0.07824735931053604,
    0.07181000344685673,
    0.07021462851079162,
    0.06634380299713194,
    0.06251650471624333,
    0.06020628387281268,
    0.058563704093553354,
    0.056506318789090695,
    0.05225676768603399,
    0.05362272692709854,
    0.04883354587346008,
    0.04605172412258755,
    0.047427684659157525,
    0.042777281897814615,
    0.04047621043456584,
    0.04104552586495723,
    0.04090872573541458,
    0.03992247536836058,
    0.036400842917218956,
    0.03678670543793243,
    0.03773456556991357,
    0.03729407475858005,
    0.033629841164004096,
    0.0316451253350248,
    0.031543760519647565,
    0.033197170173864546,
    0.028643736992626616,
    0.028873407075508048,
    0.028104021924442238,
    0.028508653266585825,
    0.026922097057584173,
    0.025965576691399376,
    0.029207191322018038,
    0.026941006995987185,
    0.026904424201197846,
    0.02462065924371871,
    0.024108831242648596,
    0.024010584197611998,
    0.02529898409722085,
    0.025606875426673628,
    0.025923522897352724,
    0.023700008579270588,
    0.022991716747709848,
    0.022773257498725403,
    0.02260275604443375,
    0.02016557423582723,
    0.020884136579325904,
    0.021876167039118093,
    0.02144895093731544,
    0.01948188885700764,
    0.02069471012224856,
    0.018353060517968974,
    0.02322875745786527,
    0.019622789561441263,
    0.019485421889802422,
    0.017945378751148346,
    0.016821691083491387
  ],