{
  "epoch": [
    1,
    2,
    3,
    4,
    5,
    6,
    7,
    8,
    9,
    10,
    11,
    12,
    13,
    14,
    15,
    16,
    17,
    18,
    19,
    20,
    21,
    22,
    23,
    24,
    25,
    26,
    27,
    28,
    29,
    30,
    31,
    32,
    33,
    34,
    35,
    36,
    37,
    38,
    39,
    40,
    41,
    42,
    43,
    44,
    45,
    46,
    47,
    48,
    49,
    50,
    51,
    52,
    53,
    54,
    55,
    56,
    57,
    58,
    59,
    60,
    61,
    62,
    63,
    64,
    65,
    66,
    67,
    68,
    69,
    70,
    71,
    72,
    73,
    74,
    75,
    76,
    77,
    78,
    79,
    80,
    81,
    82,
    83,
    84,
    85,
    86,
    87,
    88,
    89,
    90,
    91,
    92,
    93,
    94,
    95,
    96,
    97,
    98,
    99,
    100,
    101,
    102,
    103,
    104,
    105,
    106,
    107,
    108,
    109,
    110,
    111,
    112,
    113
  ],
  "train_loss": [
    1.339585794670747,
    0.5507843771783432,
    0.4039912442169567,
    0.3401893862698338,
    0.3000486780806343,
    0.2688685968370721,
    0.2503416831835662,
    0.23275298485071352,
    0.21725050846833993,
    0.20553523840585558,
    0.19709507958723768,
    0.18109685426006222,
    0.17557921068798196,
    0.16886271425698063,
    0.1624125823526099,
    0.15620295873077789,
    0.15125981246185774,
    0.1448217727022596,
    0.1394834935222522,
    0.1331645723174114,
    0.13224458605936257,
    0.1263053715597875,
    0.12299199568310587,
    0.11957033033860792,
    0.11631819550501238,
    0.1134024890195025,
    0.10868695024216529,
    0.10730619935115965,
    0.10513693581123164,
    0.10341762618558241,
    0.09762247898938632,
    0.09577937228697361,
    0.09232540019225366,
    0.09227636559764937,
    0.09146395867856422,
    0.08750813255215635,
    0.08393832711078743,
    0.08264902684063015,
    0.0804792081402375,
    0.07757699058049976,
    0.0774710953678235,
    0.07502017057694421,
    0.07264489695282265,
    0.07298864732210589,
    0.0695552130109898,
    0.06666037283542722,
    0.06569407909813493,
    0.062287514374619074,
    0.06084296726944423,
    0.06093774825371433,
    0.05703754020430664,
    0.05364527095957558,
    0.05442495649625169,
    0.05433899864997014,
    0.053173761298455816,
    0.050561505379063065,
    0.05059552259079301,
    0.04656753484344128,
    0.046145003833024216,
    0.0452700178277227,
    0.042042365426769354,
    0.0424584650646637,
    0.04373840765455867,
    0.040896843169068935,
    0.04093539349199964,
    0.03931424743726407,
    0.03850321716970146,
    0.03733696907500524,
    0.03610151872905617,
    0.03721310220898526,
    0.03627014896454345,
    0.0344077816306807,
    0.035159942680176824,
    0.033652194014907176,
    0.03332930458432967,
    0.03212756945723944,
    0.031247929328739054,
    0.031442830228421946,
    0.02953002360732396,
    0.030126203870456114,
    0.029111838267913255,
    0.028148873003734514,
    0.027475061042621585,
    0.027826077954862083,
    0.02867330293779695,
    0.026605752716301986,
    0.02659725046965598,
    0.024571014452946953,
    0.023732239790814052,
    0.023890702044683517,
    0.023070190461481562,
    0.023295557670442776,
    0.024449833694126198,
    0.022849571024353553,
    0.023082767468001142,
    0.025011848939564263,
    0.02211327249377892,
    0.02295202516840015,
    0.0202162670695435,
    0.02070726296348073,
    0.021236382503210024,
    0.020781739264505335,
    0.01937549677907978,
    0.018598531142319782,
    0.019301758627268937,
    0.019376407204527813,
    0.017451756661481195,
    0.018956323264922838,
    0.01861428860160015,
    0.016603413104808125,
    0.01505861272989302,
    0.01875901107773148,
    0.0161631756881713
  ],
  "val_loss": [
    0.5025012905781086,
    0.3300587340043141,
    0.2812830347281236,
    0.26475079701497006,
    0.2432729917076918,
    0.2315177648113324,
    0.2184373467014386,
    0.20602810784028128,
    0.21170623485858625,
    0.1885933681176259,
    0.18384524377492759,
    0.18069649545046,
    0.18168356326910165,
    0.15973639459564135,
    0.15954121775352037,
    0.17036233154626992,
    0.16121807579810804,
    0.15408370844446695,
    0.14754457141344363,
    0.14195950587208456,
    0.1351250298321247,
    0.13264008324879867,
    0.13101256266236305,
    0.12250506849243091,
    0.1164634210559038,
    0.11954999543153323,
    0.11528677321397342,
    0.10928483307361603,
    0.10762243374035908,
    0.10647951539319295,
    0.10008628795353267,
    0.10306901427415702,
    0.0981662471133929,
    0.09690437752466935,
    0.09038549604324195,
    0.09125744880965123,
    0.0922949044750287,
    0.08944356756714675,
    0.08795388759328769,
    0.08813867789621536,
    0.08874045283748554,
    0.08789786911354615,
    0.08554254243007073,
    0.08705939961454043,
    0.08707708965700406,
    0.09130192318787941,
    0.07928930294628327,
    0.08530721383599135,
    0.07865240525167722,
    0.07974015749417819,
    0.0769666125281499,
    0.07475783303380013,
    0.07871468279224175,
    0.07909776313373676,
    0.07307186414702581,
    0.08005208579393533,
    0.07491499815995876,
    0.08177488748557292,
    0.0796512051557119,
    0.07444218847040947,
    0.06996472989423917,
    0.07286763384651679,
    0.06744663188090691,
    0.06782141535614546,
    0.06915368411976558,
    0.0707037029787898,
    0.06582181130607541,
    0.0643401903888354,
    0.06483258872937697,
    0.06883641651186806,
    0.06727740053947155,
    0.06317443056748463,
    0.0645606001982322,
    0.06715110341946666,
    0.0660770393979664,
    0.06162538350774692,
    0.06438963437596193,
    0.0640001712152018,
    0.0638679159590258,
    0.06561091366725472,
    0.06579896288279158,
    0.06578025393761121,
    0.06633326977204818,
    0.06484798026772645,
    0.06432457035407424,
    0.0629364988193489,
    0.06074761395127727,
    0.05839354895914976,
    0.05902833495145807,
    0.06111715207449519,
    0.05899817729368806,
    0.060557795831790336,
    0.061112116753625184,
    0.060431615162927374,
    0.06287902955395672,
    0.06457147381913203,
    0.06202721835758824,
    0.06378582444113608,
    0.06342250384533635,
    0.06250176942334153,
    0.06220171725950562,
    0.0605558932114106,
    0.05932695637098872,
    0.061049027959457956,
    0.06339936309422438,
    0.06357641836914879,
    0.06668037382097772,
    0.06702428479464008,
    0.06535969903835884,
    0.06553891928006823,
    0.06618974938129003,
    0.06398212161058417,
    0.06737334424486527
  ],