{
  "epoch": [
    1,
    2,
    3,
    4,
    5,
    6,
    7,
    8,
    9,
    10,
    11,
    12,
    13,
    14,
    15,
    16,
    17,
    18,
    19,
    20,
    21,
    22,
    23,
    24,
    25,
    26,
    27,
    28,
    29,
    30,
    31,
    32,
    33,
    34,
    35,
    36,
    37,
    38,
    39,
    40,
    41,
    42,
    43,
    44,
    45,
    46,
    47,
    48,
    49,
    50,
    51,
    52
  ],
  "train_loss": [
    1.0039531325863809,
    0.46052430723745796,
    0.29847656705023085,
    0.21313125325232438,
    0.15481691419617416,
    0.12326680534740084,
    0.10252383078650101,
    0.08531705535871466,
    0.07967198332867671,
    0.06710622219618448,
    0.06006076827299656,
    0.0535522749570688,
    0.049817783479607594,
    0.04455739314447051,
    0.042014703653829616,
    0.03798599153776298,
    0.03640094955365375,
    0.03305963592930246,
    0.0319230695082278,
    0.029611980573744656,
    0.030650741022233804,
    0.026379615992557295,
    0.027194439435915388,
    0.02604585765505728,
    0.022611252382666487,
    0.02318069076684025,
    0.02306172209935858,
    0.019542032723151838,
    0.019571568456852866,
    0.018915977644657276,
    0.021747479442094174,
    0.02050218340633533,
    0.018182856482021587,
    0.017405636973448636,
    0.017783903045767015,
    0.016322563927423824,
    0.017591242354420812,
    0.016399753364595135,
    0.015504072303883731,
    0.014857615299220438,
    0.015355442416585367,
    0.016667572412995102,
    0.014235199928360502,
    0.014795308318781215,
    0.013573084744869625,
    0.012870858464817296,
    0.015411296358917715,
    0.012536092783137196,
    0.012225358525516716,
    0.012015806187901972,
    0.012045558943165965,
    0.013054521580961216
  ],
  "val_loss": [
    0.3274481502863077,
    0.25396830302018386,
    0.19978412412680113,
    0.1735627421965966,
    0.16506338234131152,
    0.15615719499496314,
    0.14316576432723266,
    0.14618638444405335,
    0.128193515424545,
    0.13227573295052236,
    0.1217032352892252,
    0.1267436800094751,
    0.11591106280684471,
    0.11406898842408107,
    0.11581259564711498,
    0.11464749018733318,
    0.11290619536661185,
    0.11393870398975335,
    0.11286807103225818,
    0.11080378465927564,
    0.1156754049544151,
    0.11349589549578153,
    0.11633264388029392,
    0.10824605249441586,
    0.11628086091234134,
    0.10512596024916722,
    0.0992387904284092,
    0.10248067702811497,
    0.10976836586800906,
    0.1194120103923174,
    0.10371126478108075,
    0.10596174847048062,
    0.10711391929250497,
    0.11090503317805436,
    0.10740217552162133,
    0.1090398422227456,
    0.11403898464945647,
    0.11375635976974781,
    0.11566822345440204,
    0.11086926609277725,
    0.11168988070522363,
    0.11817296623037411,
    0.11914084751445514,
    0.11955156320562729,
    0.1143369352301726,
    0.1110622864932968,
    0.1189286124247771,
    0.11822740962872139,
    0.11800057204583517,
    0.1108412966132164,
    0.11901416142399494,
    0.12044042076628941
  ],
  "train_transduce": [
    1.0039531325863809,
    0.46052430723745796,
    0.29847656705023085,
    0.21313125325232438,
    0.15481691419617416,
    0.12326680534740084,
    0.10252383078650101,
    0.08531705535871466,
    0.07967198332867671,
    0.06710622219618448,
    0.06006076827299656,
    0.0535522749570688,
    0.049817783479607594,
    0.04455739314447051,
    0.042014703653829616,
    0.03798599153776298,
    0.03640094955365375,
    0.03305963592930246,
    0.0319230695082278,
    0.029611980573744656,
    0.030650741022233804,
    0.026379615992557295,
    0.027194439435915388,
    0.02604585765505728,
    0.022611252382666487,
    0.02318069076684025,
    0.02306172209935858,
    0.019542032723151838,
    0.019571568456852866,
    0.018915977644657276,
    0.021747479442094174,
    0.02050218340633533,
    0.018182856482021587,
    0.017405636973448636,
    0.017783903045767015,
    0.016322563927423824,
    0.017591242354420812,
    0.016399753364595135,
    0.015504072303883731,
    0.014857615299220438,
    0.015355442416585367,
    0.016667572412995102,
    0.014235199928360502,
    0.014795308318781215,
    0.013573084744869625,
    0.012870858464817296,
    0.015411296358917715,
    0.012536092783137196,
    0.012225358525516716,
    0.012015806187901972,
    0.012045558943165965,
    0.013054521580961216
  ],
  "val_transduce": [
    0.3274481502863077,
    0.25396830302018386,
    0.19978412412680113,
    0.1735627421965966,
    0.16506338234131152,
    0.15615719499496314,
    0.14316576432723266,
    0.14618638444405335,
    0.128193515424545,
    0.13227573295052236,
    0.1217032352892252,
    0.1267436800094751,
    0.11591106280684471,
    0.11406898842408107,
    0.11581259564711498,
    0.11464749018733318,
    0.11290619536661185,
    0.11393870398975335,
    0.11286807103225818,
    0.11080378465927564,
    0.1156754049544151,
    0.11349589549578153,
    0.11633264388029392,
    0.10824605249441586,
    0.11628086091234134,
    0.10512596024916722,
    0.0992387904284092,
    0.10248067702811497,
    0.10976836586800906,
    0.1194120103923174,
    0.10371126478108075,
    0.10596174847048062,
    0.10711391929250497,
    0.11090503317805436,
    0.10740217552162133,
    0.1090398422227456,
    0.11403898464945647,
    0.11375635976974781,
    0.11566822345440204,
    0.11086926609277725,
    0.11168988070522363,
    0.11817296623037411,
    0.11914084751445514,
    0.11955156320562729,
    0.1143369352301726,
    0.1110622864932968,
    0.1189286124247771,
    0.11822740962872139,
    0.11800057204583517,
    0.1108412966132164,
    0.11901416142399494,
    0.12044042076628941
  ],
  "l0": [
    0.0,
    0.0,
    0.0,
    0.0,
    0.0,
    0.0,
    0.0,
    0.0,
    0.0,
    0.0,
    0.0,
    0.0,
    0.0,
    0.0,
    0.0,
    0.0,
    0.0,
    0.0,
    0.0,
    0.0,
    0.0,
    0.0,
    0.0,
    0.0,
    0.0,
    0.0,
    0.0,
    0.0,
    0.0,
    0.0,
    0.0,
    0.0,
    0.0,
    0.0,
    0.0,
    0.0,
    0.0,
    0.0,
    0.0,
    0.0,
    0.0,
    0.0,
    0.0,
    0.0,
    0.0,
    0.0,
    0.0,
    0.0,
    0.0,
    0.0,
    0.0,
    0.0
  ],
  "lambda_l0_effective": [
    0.01,
    0.01,
    0.01,
    0.01,
    0.01,
    0.01,
    0.01,
    0.01,
    0.01,
    0.01,
    0.01,
    0.01,
    0.01,
    0.01,
    0.01,
    0.01,
    0.01,
    0.01,
    0.01,
    0.01,
    0.01,
    0.01,
    0.01,
    0.01,
    0.01,
    0.01,
    0.01,
    0.01,
    0.01,
    0.01,
    0.01,
    0.01,
    0.01,
    0.01,
    0.01,
    0.01,
    0.01,
    0.01,
    0.01,
    0.01,
    0.01,
    0.01,
    0.01,
    0.01,
    0.01,
    0.01,
    0.01,
    0.01,
    0.01,
    0.01,
    0.01,
    0.01
  ],
  "recon_loss": [],
  "balance_loss": []
}