{
  "epoch": [
    1,
    2,
    3,
    4,
    5,
    6,
    7,
    8,
    9,
    10,
    11,
    12,
    13,
    14,
    15,
    16,
    17,
    18,
    19,
    20,
    21,
    22,
    23,
    24,
    25,
    26,
    27,
    28,
    29,
    30,
    31,
    32,
    33,
    34,
    35,
    36,
    37,
    38,
    39,
    40,
    41,
    42,
    43,
    44,
    45,
    46,
    47,
    48,
    49,
    50,
    51,
    52,
    53,
    54,
    55,
    56,
    57
  ],
  "train_loss": [
    0.6950220523199232,
    0.2385476779672179,
    0.178695012437235,
    0.14904803642542055,
    0.12672186912138864,
    0.11284127547451765,
    0.1047524772953279,
    0.09267120400794071,
    0.08567926355886578,
    0.07709938957180718,
    0.07098483679687033,
    0.06580175798718292,
    0.061849948424513974,
    0.05668729938345381,
    0.053020207358911484,
    0.04911469424715136,
    0.04642808446568428,
    0.04254185923808577,
    0.04013203393372864,
    0.03870175347322285,
    0.03585822560298856,
    0.03375526664243771,
    0.03221983489313043,
    0.0300044278605002,
    0.027398455233340807,
    0.029755193518825097,
    0.025786467007186155,
    0.02495467404161792,
    0.024049649628266546,
    0.02168512270131176,
    0.02117190711052701,
    0.02035432941012896,
    0.01985462494471138,
    0.018613422695215386,
    0.020855703460292356,
    0.01863529073019134,
    0.01917525370015145,
    0.015142677865904008,
    0.016752338940554327,
    0.016709341577687623,
    0.014792071092910695,
    0.012570753663612327,
    0.013411487206023667,
    0.013673597937542022,
    0.012114473942455163,
    0.011606723561163733,
    0.01240156624595275,
    0.01207206226968308,
    0.01436034384377227,
    0.012818030180815275,
    0.011006337280458965,
    0.012779002036382952,
    0.009287850706524556,
    0.010454986574091387,
    0.009351157967121073,
    0.007742120603117907,
    0.008729181412635095
  ],
  "val_loss": [
    0.2887999128836852,
    0.20928605473958528,
    0.1892888993024826,
    0.16712481729113138,
    0.14998879770819956,
    0.13737285481049463,
    0.1319945351435588,
    0.12733864927521119,
    0.11507823977332848,
    0.11852397253880134,
    0.11359372878303894,
    0.1090282307794461,
    0.10859042291457836,
    0.1134331779411206,
    0.10635558014305738,
    0.10860763490200043,
    0.09944386407732964,
    0.1112692655565647,
    0.11005965591623233,
    0.09583459221399747,
    0.10249072800462063,
    0.0944526853183141,
    0.11097854662400025,
    0.09091483285793892,
    0.10415146944041435,
    0.10015442637869945,
    0.09970279568089889,
    0.10652220621705055,
    0.09724089804177101,
    0.10305869923188136,
    0.09913421192994484,
    0.08721868034738761,
    0.09553830583508198,
    0.09295555519369933,
    0.10441525824941121,
    0.0986761306054317,
    0.09405288487099685,
    0.106925522048886,
    0.10305618021923763,
    0.10854111669155267,
    0.10163826122879982,
    0.10747719613405374,
    0.11319112734725842,
    0.0969659684655758,
    0.11206837435467885,
    0.10639533644112256,
    0.10576781487235656,
    0.10376536702880493,
    0.10495648676386246,
    0.10864902259065555,
    0.10229777215191951,
    0.10788397612766577,
    0.10139909773491897,
    0.10597606196712989,
    0.10369313565584329,
    0.11215462571439835,
    0.11564794798883107
  ],
  "train_transduce": [
    0.6950220523199232,
    0.2385476779672179,
    0.178695012437235,
    0.14904803642542055,
    0.12672186912138864,
    0.11284127547451765,
    0.1047524772953279,
    0.09267120400794071,
    0.08567926355886578,
    0.07709938957180718,
    0.07098483679687033,
    0.06580175798718292,
    0.061849948424513974,
    0.05668729938345381,
    0.053020207358911484,
    0.04911469424715136,
    0.04642808446568428,
    0.04254185923808577,
    0.04013203393372864,
    0.03870175347322285,
    0.03585822560298856,
    0.03375526664243771,
    0.03221983489313043,
    0.0300044278605002,
    0.027398455233340807,
    0.029755193518825097,
    0.025786467007186155,
    0.02495467404161792,
    0.024049649628266546,
    0.02168512270131176,
    0.02117190711052701,
    0.02035432941012896,
    0.01985462494471138,
    0.018613422695215386,
    0.020855703460292356,
    0.01863529073019134,
    0.01917525370015145,
    0.015142677865904008,
    0.016752338940554327,
    0.016709341577687623,
    0.014792071092910695,
    0.012570753663612327,
    0.013411487206023667,
    0.013673597937542022,
    0.012114473942455163,
    0.011606723561163733,
    0.01240156624595275,
    0.01207206226968308,
    0.01436034384377227,
    0.012818030180815275,
    0.011006337280458965,
    0.012779002036382952,
    0.009287850706524556,
    0.010454986574091387,
    0.009351157967121073,
    0.007742120603117907,
    0.008729181412635095
  ],
  "val_transduce": [
    0.2887999128836852,
    0.20928605473958528,
    0.1892888993024826,
    0.16712481729113138,
    0.14998879770819956,
    0.13737285481049463,
    0.1319945351435588,
    0.12733864927521119,
    0.11507823977332848,
    0.11852397253880134,
    0.11359372878303894,
    0.1090282307794461,
    0.10859042291457836,
    0.1134331779411206,
    0.10635558014305738,
    0.10860763490200043,
    0.09944386407732964,
    0.1112692655565647,
    0.11005965591623233,
    0.09583459221399747,
    0.10249072800462063,
    0.0944526853183141,
    0.11097854662400025,
    0.09091483285793892,
    0.10415146944041435,
    0.10015442637869945,
    0.09970279568089889,
    0.10652220621705055,
    0.09724089804177101,
    0.10305869923188136,
    0.09913421192994484,
    0.08721868034738761,
    0.09553830583508198,
    0.09295555519369933,
    0.10441525824941121,
    0.0986761306054317,
    0.09405288487099685,
    0.106925522048886,
    0.10305618021923763,
    0.10854111669155267,
    0.10163826122879982,
    0.10747719613405374,
    0.11319112734725842,
    0.0969659684655758,
    0.11206837435467885,
    0.10639533644112256,
    0.10576781487235656,
    0.10376536702880493,
    0.10495648676386246,
    0.10864902259065555,
    0.10229777215191951,
    0.10788397612766577,
    0.10139909773491897,
    0.10597606196712989,
    0.10369313565584329,
    0.11215462571439835,
    0.11564794798883107
  ],
  "l0": [
    0.0,
    0.0,
    0.0,
    0.0,
    0.0,
    0.0,
    0.0,
    0.0,
    0.0,
    0.0,
    0.0,
    0.0,
    0.0,
    0.0,
    0.0,
    0.0,
    0.0,
    0.0,
    0.0,
    0.0,
    0.0,
    0.0,
    0.0,
    0.0,
    0.0,
    0.0,
    0.0,
    0.0,
    0.0,
    0.0,
    0.0,
    0.0,
    0.0,
    0.0,
    0.0,
    0.0,
    0.0,
    0.0,
    0.0,
    0.0,
    0.0,
    0.0,
    0.0,
    0.0,
    0.0,
    0.0,
    0.0,
    0.0,
    0.0,
    0.0,
    0.0,
    0.0,
    0.0,
    0.0,
    0.0,
    0.0,
    0.0
  ],
  "lambda_l0_effective": [
    0.01,
    0.01,
    0.01,
    0.01,
    0.01,
    0.01,
    0.01,
    0.01,
    0.01,
    0.01,
    0.01,
    0.01,
    0.01,
    0.01,
    0.01,
    0.01,
    0.01,
    0.01,
    0.01,
    0.01,
    0.01,
    0.01,
    0.01,
    0.01,
    0.01,
    0.01,
    0.01,
    0.01,
    0.01,
    0.01,
    0.01,
    0.01,
    0.01,
    0.01,
    0.01,
    0.01,
    0.01,
    0.01,
    0.01,
    0.01,
    0.01,
    0.01,
    0.01,
    0.01,
    0.01,
    0.01,
    0.01,
    0.01,
    0.01,
    0.01,
    0.01,
    0.01,
    0.01,
    0.01,
    0.01,
    0.01,
    0.01
  ],
  "recon_loss": [],
  "balance_loss": []
}