{
  "epoch": [
    1,
    2,
    3,
    4,
    5,
    6,
    7,
    8,
    9,
    10,
    11,
    12,
    13,
    14,
    15,
    16,
    17,
    18,
    19,
    20,
    21,
    22,
    23,
    24,
    25,
    26,
    27,
    28,
    29,
    30,
    31,
    32,
    33,
    34,
    35,
    36
  ],
  "train_loss": [
    2.152062376749884,
    0.7427439562131449,
    0.40447721461352615,
    0.26153192623067145,
    0.18371596509955593,
    0.13603210756459186,
    0.10752031011218877,
    0.092455428938583,
    0.07413092878714357,
    0.06470169103944425,
    0.05887841906628965,
    0.0524000921958731,
    0.04824600097982539,
    0.04141487572918233,
    0.038368026476315,
    0.03641676764272768,
    0.03281043100737266,
    0.030703959492102417,
    0.031608757250894286,
    0.029486721271130535,
    0.027960326829829168,
    0.02614199981506261,
    0.022223895209236552,
    0.021263160687612043,
    0.020831600623685366,
    0.020434094559324465,
    0.021356386030524893,
    0.015827907234929578,
    0.01854024681301077,
    0.018198363461349273,
    0.021469841851641608,
    0.014050586286514575,
    0.01592369629526223,
    0.015412004778555297,
    0.015270944537124452,
    0.013046526362682626
  ],
  "val_loss": [
    1.02100336093169,
    0.36526783269185287,
    0.2887441928570087,
    0.16023161233617708,
    0.0903155140292186,
    0.07381866127252579,
    0.06942351957639822,
    0.08663954858023387,
    0.05840682994144467,
    0.07589593715965748,
    0.05641888411572346,
    0.06595417962839398,
    0.05688003552719378,
    0.07024091197392689,
    0.05910944344046024,
    0.06836457244263819,
    0.07261839166928369,
    0.06412427453324199,
    0.06426476234964167,
    0.07323986198753119,
    0.0838306274694892,
    0.06387466153291126,
    0.0711968523145725,
    0.06740644332827427,
    0.06625945178362039,
    0.0707180888320391,
    0.07173235689585383,
    0.0691898443037644,
    0.06617602308352406,
    0.06633980287453876,
    0.0745308786303772,
    0.07102733197433946,
    0.08430383630240193,
    0.07278482699677205,
    0.06839473474806604,
    0.07033111398385909
  ],
  "train_transduce": [
    2.152062376749884,
    0.7427439562131449,
    0.40447721461352615,
    0.26153192623067145,
    0.18371596509955593,
    0.13603210756459186,
    0.10752031011218877,
    0.092455428938583,
    0.07413092878714357,
    0.06470169103944425,
    0.05887841906628965,
    0.0524000921958731,
    0.04824600097982539,
    0.04141487572918233,
    0.038368026476315,
    0.03641676764272768,
    0.03281043100737266,
    0.030703959492102417,
    0.031608757250894286,
    0.029486721271130535,
    0.027960326829829168,
    0.02614199981506261,
    0.022223895209236552,
    0.021263160687612043,
    0.020831600623685366,
    0.020434094559324465,
    0.021356386030524893,
    0.015827907234929578,
    0.01854024681301077,
    0.018198363461349273,
    0.021469841851641608,
    0.014050586286514575,
    0.01592369629526223,
    0.015412004778555297,
    0.015270944537124452,
    0.013046526362682626
  ],
  "val_transduce": [
    1.02100336093169,
    0.36526783269185287,
    0.2887441928570087,
    0.16023161233617708,
    0.0903155140292186,
    0.07381866127252579,
    0.06942351957639822,
    0.08663954858023387,
    0.05840682994144467,
    0.07589593715965748,
    0.05641888411572346,
    0.06595417962839398,
    0.05688003552719378,
    0.07024091197392689,
    0.05910944344046024,
    0.06836457244263819,
    0.07261839166928369,
    0.06412427453324199,
    0.06426476234964167,
    0.07323986198753119,
    0.0838306274694892,
    0.06387466153291126,
    0.0711968523145725,
    0.06740644332827427,
    0.06625945178362039,
    0.0707180888320391,
    0.07173235689585383,
    0.0691898443037644,
    0.06617602308352406,
    0.06633980287453876,
    0.0745308786303772,
    0.07102733197433946,
    0.08430383630240193,
    0.07278482699677205,
    0.06839473474806604,
    0.07033111398385909
  ],
  "l0": [
    0.0,
    0.0,
    0.0,
    0.0,
    0.0,
    0.0,
    0.0,
    0.0,
    0.0,
    0.0,
    0.0,
    0.0,
    0.0,
    0.0,
    0.0,
    0.0,
    0.0,
    0.0,
    0.0,
    0.0,
    0.0,
    0.0,
    0.0,
    0.0,
    0.0,
    0.0,
    0.0,
    0.0,
    0.0,
    0.0,
    0.0,
    0.0,
    0.0,
    0.0,
    0.0,
    0.0
  ],
  "lambda_l0_effective": [
    0.01,
    0.01,
    0.01,
    0.01,
    0.01,
    0.01,
    0.01,
    0.01,
    0.01,
    0.01,
    0.01,
    0.01,
    0.01,
    0.01,
    0.01,
    0.01,
    0.01,
    0.01,
    0.01,
    0.01,
    0.01,
    0.01,
    0.01,
    0.01,
    0.01,
    0.01,
    0.01,
    0.01,
    0.01,
    0.01,
    0.01,
    0.01,
    0.01,
    0.01,
    0.01,
    0.01
  ],
  "recon_loss": [],
  "balance_loss": []
}