{
  "epoch": [
    1,
    2,
    3,
    4,
    5,
    6,
    7,
    8,
    9,
    10,
    11,
    12,
    13,
    14,
    15,
    16,
    17,
    18,
    19,
    20,
    21,
    22,
    23,
    24,
    25,
    26,
    27,
    28,
    29,
    30,
    31,
    32,
    33,
    34,
    35,
    36,
    37,
    38,
    39,
    40,
    41,
    42,
    43,
    44,
    45,
    46,
    47,
    48,
    49,
    50,
    51,
    52,
    53,
    54,
    55,
    56,
    57,
    58,
    59,
    60,
    61,
    62,
    63,
    64,
    65,
    66,
    67,
    68,
    69,
    70,
    71,
    72,
    73,
    74,
    75,
    76,
    77,
    78,
    79,
    80,
    81,
    82,
    83,
    84,
    85,
    86,
    87,
    88,
    89,
    90,
    91,
    92,
    93,
    94,
    95,
    96,
    97,
    98,
    99,
    100,
    101,
    102,
    103,
    104,
    105,
    106,
    107,
    108,
    109,
    110,
    111,
    112,
    113,
    114,
    115,
    116,
    117,
    118,
    119,
    120,
    121,
    122,
    123,
    124,
    125,
    126,
    127,
    128,
    129,
    130,
    131,
    132,
    133,
    134,
    135,
    136,
    137,
    138,
    139,
    140,
    141,
    142,
    143,
    144,
    145
  ],
  "train_loss": [
    0.9683849728933656,
    0.4371208861322686,
    0.3242219130296518,
    0.27598956743679426,
    0.24793121543261085,
    0.22863165104743277,
    0.21203220111898857,
    0.2006653829818905,
    0.1883362049956133,
    0.1777887064779159,
    0.16577100857059554,
    0.1559216306351199,
    0.1501050547207936,
    0.14499739232924905,
    0.13893263130494865,
    0.13120393348064754,
    0.12778552887168262,
    0.121812788898697,
    0.11810120962338873,
    0.11279497782487681,
    0.11177174367084361,
    0.10841860622167587,
    0.10627270445670231,
    0.09984475735685613,
    0.0982134997807812,
    0.09840342561059659,
    0.0930691662401256,
    0.09172539239620218,
    0.09077669241198219,
    0.08760761453004756,
    0.08470743450124076,
    0.0829330491326233,
    0.08266918820393558,
    0.08249945182463911,
    0.07907177825080286,
    0.07934089777714545,
    0.07730393923155152,
    0.07600500010470353,
    0.0755930936314387,
    0.07459591096728155,
    0.07255856787767445,
    0.07185059785842896,
    0.07121026606326646,
    0.07167303809287524,
    0.06886880789505373,
    0.06851462228684732,
    0.06547611091507248,
    0.06314875091435296,
    0.06360181190516098,
    0.06269351348723515,
    0.06441481265765016,
    0.06200902054252306,
    0.06449540000003164,
    0.060051772217865625,
    0.06342779144202129,
    0.06191592876531995,
    0.05904890142270539,
    0.05953104221400353,
    0.060325829367531406,
    0.05808397751338411,
    0.058336191469489936,
    0.05505906701973169,
    0.05552953554520217,
    0.05492632419313535,
    0.05344265457795988,
    0.05384278214435176,
    0.055000935745711375,
    0.05325704718027079,
    0.05168354526014611,
    0.053620254030764695,
    0.05377898487437627,
    0.05324321084351528,
    0.05056186268419618,
    0.05169103971433522,
    0.05176893833766479,
    0.05005541442902667,
    0.05100648440789468,
    0.04833260190553299,
    0.04882905718012907,
    0.04812480524034783,
    0.04753555511908218,
    0.047290661252371156,
    0.047015510610129575,
    0.04710714807641683,
    0.047840679557717376,
    0.04652103056928309,
    0.048988404610000626,
    0.04909498894605601,
    0.04362248936391408,
    0.043272191474195754,
    0.044104948732079846,
    0.04374339449966308,
    0.04439452424239699,
    0.04445172199924098,
    0.045593347695499366,
    0.04423576780585664,
    0.044801570161586944,
    0.04255862111723659,
    0.043460241279168296,
    0.041928138076742685,
    0.043037545111140996,
    0.04164944111028373,
    0.04266324218842062,
    0.03908470532589472,
    0.043351028073062695,
    0.04015442343557825,
    0.038397068881641815,
    0.03976959324819912,
    0.040334631177126476,
    0.03841910938418811,
    0.03894331315901167,
    0.041122278507503836,
    0.03937208537694694,
    0.039577897702629615,
    0.0390283294427808,
    0.04074792863137209,
    0.037718182102325234,
    0.039719705852578474,
    0.03922215770782515,
    0.03903772981173479,
    0.039080566307068756,
    0.038984242965015445,
    0.036233983265401996,
    0.03799063190910043,
    0.03657022159140889,
    0.0355571519749442,
    0.03704084494695215,
    0.03428231176947898,
    0.035280762775109546,
    0.037362835858718,
    0.035488173665275964,
    0.03448404335776473,
    0.03548776505441211,
    0.03688737962597815,
    0.03551173602037205,
    0.035699215240426144,
    0.03613565585317809,
    0.03770802253949465,
    0.03530332531392722,
    0.034458524091077025,
    0.03378882985285456,
    0.03440002581602571,
    0.035320936522382024,
    0.03319334432870002,
    0.03533372609866875
  ],