{
  "epoch": [
    1,
    2,
    3,
    4,
    5,
    6,
    7,
    8,
    9,
    10,
    11,
    12,
    13,
    14,
    15,
    16,
    17,
    18,
    19,
    20,
    21,
    22,
    23,
    24,
    25,
    26,
    27,
    28,
    29,
    30,
    31,
    32,
    33,
    34,
    35,
    36,
    37,
    38,
    39,
    40,
    41,
    42,
    43,
    44,
    45,
    46,
    47,
    48,
    49,
    50,
    51,
    52,
    53,
    54,
    55,
    56,
    57,
    58,
    59,
    60,
    61,
    62,
    63,
    64,
    65,
    66,
    67,
    68,
    69,
    70,
    71,
    72,
    73,
    74,
    75,
    76,
    77,
    78,
    79,
    80,
    81,
    82,
    83,
    84,
    85,
    86,
    87,
    88,
    89,
    90,
    91,
    92,
    93,
    94,
    95,
    96,
    97,
    98,
    99,
    100,
    101,
    102,
    103,
    104,
    105,
    106,
    107,
    108,
    109,
    110,
    111,
    112,
    113,
    114,
    115,
    116,
    117,
    118,
    119,
    120,
    121,
    122,
    123,
    124,
    125,
    126,
    127,
    128,
    129,
    130,
    131,
    132,
    133,
    134,
    135,
    136,
    137,
    138,
    139,
    140,
    141,
    142,
    143,
    144,
    145,
    146,
    147
  ],
  "train_loss": [
    1.5265891416785644,
    0.9837343729648393,
    0.7939252082220057,
    0.692779506604696,
    0.6150342204521612,
    0.5516990546098689,
    0.500237275644676,
    0.4558542960697843,
    0.41320883659357877,
    0.3831468568634741,
    0.35044959126059544,
    0.32060135294174413,
    0.29436989074822556,
    0.27735340472349185,
    0.253351298343275,
    0.23666889082217954,
    0.22273131183435008,
    0.2099662837140339,
    0.19925519420774943,
    0.18640637313274994,
    0.17545090412202569,
    0.16342049341687223,
    0.15762267246381523,
    0.15360995758440077,
    0.14312858952535795,
    0.13724935054779053,
    0.12844076487667783,
    0.12463221825736086,
    0.12115605321434356,
    0.11490124066542719,
    0.11094982645560786,
    0.1029716056685165,
    0.10432027721988786,
    0.09641704182188536,
    0.09435464380328189,
    0.09126079213066199,
    0.08838144660994564,
    0.08525992451792526,
    0.08188146423817295,
    0.0797744588254346,
    0.07625887776273735,
    0.07274016643845543,
    0.07355958736050375,
    0.06941669766512729,
    0.07003190033329823,
    0.06577074062079191,
    0.06405058340889584,
    0.061385098883171674,
    0.06145152134686401,
    0.05924464674839347,
    0.05837907993532333,
    0.057020898284294554,
    0.05750005728728378,
    0.054727063331868234,
    0.05513234210882297,
    0.0531532960588631,
    0.05290187085431415,
    0.052299204940149155,
    0.05164885278023088,
    0.051450511968704225,
    0.04985676552697094,
    0.0490345268692706,
    0.047027494686358064,
    0.04776206563140467,
    0.04568821866756555,
    0.04554705449005531,
    0.04450853407555788,
    0.04597422018282346,
    0.0446601695784358,
    0.04442801419165485,
    0.04300409223711521,
    0.0416414380990468,
    0.04392949352040887,
    0.04088608411707215,
    0.04135220047547338,
    0.03729186475411365,
    0.041939415937750454,
    0.03833856795117566,
    0.039461817424360314,
    0.038321752350815794,
    0.03796213852078414,
    0.03745392156457625,
    0.03565750875001408,
    0.03772961724184684,
    0.03587587931452645,
    0.03757785311083972,
    0.0347970160607671,
    0.03407529332031755,
    0.035088465565853974,
    0.03374910137865731,
    0.03501050310574241,
    0.03290152978920138,
    0.034437194099342545,
    0.03321527224514134,
    0.03353742988463299,
    0.032471755161862244,
    0.0329604688215732,
    0.030170400564549203,
    0.030887735741136155,
    0.03209524901017316,
    0.030698198683502285,
    0.03033466744668705,
    0.030701197299760643,
    0.029711603688690618,
    0.029979618093402115,
    0.028034350369125605,
    0.02909797527011215,
    0.029906957163043396,
    0.029015668124181323,
    0.02807443040739937,
    0.026867347637421844,
    0.02931830373391048,
    0.028218868577411186,
    0.029251507132976633,
    0.02759539260956238,
    0.02788691907717856,
    0.027926037690515833,
    0.025620909599760145,
    0.027872112997298696,
    0.02635049536228948,
    0.026805119718588198,
    0.026295941075809376,
    0.027916844975030452,
    0.02553454438013207,
    0.026054622060571287,
    0.025508309654488238,
    0.0255853265641526,
    0.025519901658552363,
    0.025950634674428357,
    0.02555382784369603,
    0.025314336338982984,
    0.02522931268592317,
    0.024364680995127744,
    0.02537378186081565,
    0.024737314796363263,
    0.025317860479207383,
    0.024947450334235028,
    0.023019818632296987,
    0.024661218604677806,
    0.023975035780560726,
    0.02372796137063505,
    0.023683001863357332,
    0.02188704176877923,
    0.024323874755676107,
    0.022707272654629705,
    0.022333510433678927,
    0.023862275021323532
  ],