{
  "epoch": [
    1,
    2,
    3,
    4,
    5,
    6,
    7,
    8,
    9,
    10,
    11,
    12,
    13,
    14,
    15,
    16,
    17,
    18,
    19,
    20,
    21,
    22,
    23,
    24,
    25,
    26,
    27,
    28,
    29,
    30,
    31,
    32,
    33,
    34,
    35,
    36,
    37,
    38,
    39,
    40,
    41,
    42,
    43,
    44,
    45,
    46,
    47,
    48,
    49,
    50,
    51,
    52,
    53,
    54,
    55,
    56,
    57,
    58,
    59,
    60,
    61,
    62,
    63,
    64,
    65,
    66,
    67,
    68,
    69,
    70,
    71,
    72,
    73,
    74,
    75,
    76
  ],
  "train_loss": [
    1.0874433216360426,
    0.5933124840874033,
    0.45643315779179644,
    0.37315380803703035,
    0.3052650164697588,
    0.2596803706945832,
    0.22470837793092138,
    0.19563734051339404,
    0.17140712765688748,
    0.15346167912495504,
    0.14085506498045527,
    0.12884594730495177,
    0.11928110692611675,
    0.109365052341954,
    0.10082525686965775,
    0.0964249954126852,
    0.08914392924454716,
    0.08430254515068433,
    0.08026765410778756,
    0.07597188828224988,
    0.0734633799335084,
    0.0678202196302795,
    0.06788336236471522,
    0.061652297730144766,
    0.062436655682233194,
    0.0610587712348506,
    0.05564734142408082,
    0.05319993568526715,
    0.049559528574577925,
    0.05216812607400196,
    0.04913688070361608,
    0.04887193178316367,
    0.04638418154406947,
    0.046085151027619224,
    0.04371343530503284,
    0.04233006836328002,
    0.04259482031380854,
    0.04257729484402027,
    0.04099383415923137,
    0.04030754864839933,
    0.037154908793661554,
    0.0385231810559509,
    0.035302641429487115,
    0.0379524679192025,
    0.03657786806411657,
    0.035392624652493244,
    0.033130453762684746,
    0.034636718835489654,
    0.03232710364697136,
    0.03298690345272729,
    0.032940639348547025,
    0.031205451461611335,
    0.03042562793911502,
    0.030183986727071486,
    0.03129139810454907,
    0.029822690105161715,
    0.029911312634682226,
    0.0277440207482306,
    0.030785473649265226,
    0.028887864643919098,
    0.027085384435606066,
    0.026949833476071043,
    0.02689000961764418,
    0.029210119807046176,
    0.026548722021992214,
    0.025855670313437266,
    0.026034190254669982,
    0.024465783698407493,
    0.024135146208453116,
    0.023800736859671233,
    0.024473710242447627,
    0.02372585259589184,
    0.02266815752055035,
    0.023694501182822913,
    0.023646385664571577,
    0.02276095485353132
  ],
  "val_loss": [
    0.37754818338614243,
    0.27726563352804917,
    0.24429228901863098,
    0.2323571672806373,
    0.19198883840670952,
    0.1765412837266922,
    0.15926598528256783,
    0.14534694185623756,
    0.14760122849391058,
    0.13287999079777643,
    0.1301793805681742,
    0.1385695727971884,
    0.1316541674045416,
    0.1243532824401672,
    0.13302071736409113,
    0.12440227975065891,
    0.10944927741701786,
    0.1194320023059845,
    0.11024034223877467,
    0.1127184726870977,
    0.11202140267078693,
    0.1129117037814397,
    0.11044962503589116,
    0.11192898710186665,
    0.1052102088355101,
    0.10286587304793872,
    0.10524967570717518,
    0.0987732599561031,
    0.11581820163589257,
    0.10054279319368876,
    0.0991728686942504,
    0.09866355560146846,
    0.10106974009137887,
    0.0918596636217374,
    0.10058802538193189,
    0.10721042580329455,
    0.10633683835084622,
    0.095945408854347,
    0.09931438158337887,
    0.10137174908931439,
    0.0978672901311746,
    0.08983282988461164,
    0.10032111907807681,
    0.10077125048981263,
    0.08602643027328528,
    0.0938137352753144,
    0.08772745671180579,
    0.09324413136794017,
    0.09476317952458675,
    0.08391928751594745,
    0.08315754782121915,
    0.09351415530993389,
    0.09012609533965588,
    0.09791224937026317,
    0.09201524463983682,
    0.08332790004519317,
    0.09873219393193722,
    0.0880339341238141,
    0.08810968367526165,
    0.0923297585059817,
    0.084857765191163,
    0.08595120706237279,
    0.0911084208637476,
    0.08720685154772721,
    0.0843100819306878,
    0.09271293491698228,
    0.08912407313115321,
    0.08560059427355345,
    0.08787076074916583,
    0.08834354113787413,
    0.08531275871568002,
    0.08491956807959539,
    0.0918030570476101,
    0.08879197474855643,
    0.08792460881746732,
    0.08791128775248161
  ],
  "train_transduce": [
    1.0841026997443326,
    0.5931277247433809,
    0.45605752056406945,
    0.3725873730385426,
    0.30482652729626786,
    0.2593083934685619,
    0.22416240875561214,
    0.1951801834877619,
    0.17077417253065355,
    0.15306059847173004,
    0.14038896483858837,
    0.12811946734478794,
    0.11880829924544722,
    0.10884378403041166,
    0.10036427640961003,
    0.09577392327800854,
    0.08857451305369433,
    0.08397188508095815,
    0.07983375204362206,
    0.0756138547026005,
    0.07311840852741729,
    0.06725915210302343,
    0.06747060405935362,
    0.0612204321900133,
    0.062064686434861925,
    0.06059466862628601,
    0.05510048650819616,
    0.052784118935773054,
    0.04928322067273032,
    0.05183945022062542,
    0.048791504911502304,
    0.048447795778743384,
    0.04599225067427939,
    0.04581753895666028,
    0.043451569158315044,
    0.042002180355994664,
    0.042201999450083245,
    0.04216074238329665,
    0.04057670743732723,
    0.03991606358448332,
    0.036757186676865235,
    0.03809608832078496,
    0.03496519391204125,
    0.037558542641321406,
    0.03619614616036415,
    0.03508051776221579,
    0.032736837959934754,
    0.034294664602937924,
    0.031984370494664634,
    0.0326531021471721,
    0.03261021662445873,
    0.03091945126412686,
    0.030077021105752624,
    0.029801768682820282,
    0.03080162092006391,
    0.029423285371710343,
    0.029540865446834527,
    0.027369689244354508,
    0.03042098185402754,
    0.028513491307337258,
    0.026687206651237746,
    0.02662176729813602,
    0.026536848775312764,
    0.028839379265789212,
    0.02619780445250577,
    0.025471703036563452,
    0.025692596276693968,
    0.024036575225781957,
    0.02373535910107618,
    0.023489187451165898,
    0.02414955034823224,
    0.023434548614757883,
    0.022398148524123675,
    0.023388338562091524,
    0.023309501862518258,
    0.022446095786230236
  ],