{
  "epoch": [
    1,
    2,
    3,
    4,
    5,
    6,
    7,
    8,
    9,
    10,
    11,
    12,
    13,
    14,
    15,
    16,
    17,
    18,
    19,
    20,
    21,
    22,
    23,
    24,
    25,
    26,
    27,
    28,
    29,
    30,
    31,
    32,
    33,
    34,
    35,
    36,
    37,
    38,
    39,
    40,
    41,
    42,
    43
  ],
  "train_loss": [
    2.493410952926911,
    1.0600784052278578,
    0.5985985442842405,
    0.39150996437085045,
    0.28981223794602856,
    0.21722727161400096,
    0.16878709634861996,
    0.12929897338689603,
    0.10467769000103179,
    0.08382867877707653,
    0.07299958507424777,
    0.05908315544275893,
    0.04822127955015173,
    0.04095950303119175,
    0.03672718816465631,
    0.03450754183085309,
    0.02130340299924317,
    0.0218274213335256,
    0.020961639692181164,
    0.014789714669981567,
    0.011875297086908645,
    0.00960387107100069,
    0.007202549463080377,
    0.003814142648629921,
    0.003971956871910808,
    0.0013478765187343372,
    0.0035199965398336193,
    -0.0003632743430045462,
    -0.001419984821959869,
    0.0001813321921628775,
    -5.50870678013133e-05,
    -0.0021656321016015464,
    -0.00286295899602863,
    -0.0032391218929407523,
    -0.007119920277564796,
    -0.006920411385903039,
    -0.006640226753025325,
    -0.010439819713920048,
    -0.009868019126048408,
    -0.005109631610054945,
    -0.010022571704052772,
    -0.010597461277676612,
    -0.009754963920058049
  ],
  "val_loss": [
    1.4257694391103892,
    0.5525799164405236,
    0.27078999693577105,
    0.14172353308934432,
    0.13014576813349357,
    0.06109716657262582,
    0.04817663333736933,
    0.03386951610445976,
    0.03572823709020248,
    0.029308467673567627,
    0.028742651670024946,
    0.020978996816736,
    0.024641000020962495,
    0.025337648219787158,
    0.021527340492376916,
    0.020823930605099752,
    0.022020076903013084,
    0.020224017306016043,
    0.02537530417052599,
    0.023026624551186196,
    0.022869328466745522,
    0.022622899797100287,
    0.020346056383389693,
    0.027844906569673464,
    0.02428609447983595,
    0.026632091030478477,
    0.02835813293663355,
    0.030561725823925093,
    0.03006813832773612,
    0.031608037650585175,
    0.03242372048015778,
    0.03529012117248315,
    0.029451379982324746,
    0.0327065446628974,
    0.03455953042094524,
    0.03224751467888172,
    0.032911897995151006,
    0.03078929535471476,
    0.034286988039429374,
    0.04023595469502302,
    0.040411388931366116,
    0.04183970062205425,
    0.04018026074537864
  ],
  "train_transduce": [
    2.504368680039632,
    1.0866654877810134,
    0.6254856096407801,
    0.41869452349918407,
    0.31727151134886694,
    0.24486051722592914,
    0.19658058171266132,
    0.15723195963913633,
    0.13273370550158098,
    0.11198973277410895,
    0.10127203802088487,
    0.087408637800782,
    0.07661886647650876,
    0.0694228235881814,
    0.06523981396608132,
    0.06305306964582696,
    0.04987422909741242,
    0.05043476418179182,
    0.04959777714780618,
    0.043453641826306115,
    0.040552507049029636,
    0.03829034692943864,
    0.0359182695656554,
    0.03255234227141308,
    0.03272509789238348,
    0.03011142326154045,
    0.03230270992522848,
    0.028423141853730242,
    0.027383378908499,
    0.029005459136540818,
    0.02876906002362825,
    0.026670524207203044,
    0.025975682856707077,
    0.025605766244290264,
    0.021740933831003447,
    0.021948675998275352,
    0.022238727921821636,
    0.018440101430127302,
    0.019014517200592253,
    0.02377945308443927,
    0.018874357844530076,
    0.018304047472390932,
    0.01915059194986507
  ],
  "val_transduce": [
    1.4522308019491343,
    0.5790364879828233,
    0.2981994622028791,
    0.1690739278609936,
    0.1577729468162243,
    0.08874207563125171,
    0.07610835765416805,
    0.06187492623352087,
    0.06383908511354373,
    0.0576162116172222,
    0.057029519230127335,
    0.049325036601378366,
    0.05305259323750551,
    0.05377982657116193,
    0.05004364825212038,
    0.04936631134926127,
    0.050570475349489316,
    0.048851522240931027,
    0.0540510683427923,
    0.05170955924460521,
    0.05154073126434993,
    0.051391121841823824,
    0.04909334278020721,
    0.05651864181093585,
    0.05301831221172156,
    0.05539800502055396,
    0.057154248092466824,
    0.059366562618659094,
    0.058842339033547506,
    0.060434311180590436,
    0.06127064337040512,
    0.06419186071994212,
    0.05834064565491504,
    0.06156238088330541,
    0.06343273899535863,
    0.06112220413902273,
    0.06179026858612465,
    0.0596817058909577,
    0.06315315331896552,
    0.06913757383098038,
    0.06931166989782539,
    0.07074532282646172,
    0.06911850259460223
  ],
  "l0": [
    0.0,
    0.0,
    0.0,
    0.0,
    0.0,
    0.0,
    0.0,
    0.0,
    0.0,
    0.0,
    0.0,
    0.0,
    0.0,
    0.0,
    0.0,
    0.0,
    0.0,
    0.0,
    0.0,
    0.0,
    0.0,
    0.0,
    0.0,
    0.0,
    0.0,
    0.0,
    0.0,
    0.0,
    0.0,
    0.0,
    0.0,
    0.0,
    0.0,
    0.0,
    0.0,
    0.0,
    0.0,
    0.0,
    0.0,
    0.0,
    0.0,
    0.0,
    0.0
  ],
  "lambda_l0_effective": [
    0.01,
    0.01,
    0.01,
    0.01,
    0.01,
    0.01,
    0.01,
    0.01,
    0.01,
    0.01,
    0.01,
    0.01,
    0.01,
    0.01,
    0.01,
    0.01,
    0.01,
    0.01,
    0.01,
    0.01,
    0.01,
    0.01,
    0.01,
    0.01,
    0.01,
    0.01,
    0.01,
    0.01,
    0.01,
    0.01,
    0.01,
    0.01,
    0.01,
    0.01,
    0.01,
    0.01,
    0.01,
    0.01,
    0.01,
    0.01,
    0.01,
    0.01,
    0.01
  ],
  "recon_loss": [],
  "balance_loss": [
    3.578973056729307,
    3.9999913026377096,
    3.9999967997836086,
    3.9999915324535564,
    3.9999881282295147,
    3.999986217193997,
    3.9999939141814242,
    3.9999969153060126,
    3.9999987513748643,
    3.9999988238836073,
    3.9999988570655742,
    3.9999980324322415,
    3.9999980176847005,
    3.999998729253553,
    3.9999987218797823,
    3.999998816509837,
    3.9999988939344266,
    3.999999000854099,
    3.999952904956857,
    3.999988784495088,
    3.999992846213665,
    3.9999907102781473,
    3.9999906893857977,
    3.999989053637711,
    3.999994978462298,
    3.9999922931808785,
    3.999991325987983,
    3.9999923816661247,
    3.9999925229967257,
    3.9999929973759603,
    3.999991164993994,
    3.9999931362486376,
    3.9999911342699503,
    3.999987768143723,
    3.9999927564994575,
    3.999988795555744,
    3.9999875334120287,
    3.999985027559025,
    3.9999882253174928,
    3.9999863204267836,
    3.999988784495088,
    3.999979134687443,
    3.999984231191812
  ]
}