{
  "epoch": [
    1,
    2,
    3,
    4,
    5,
    6,
    7,
    8,
    9,
    10,
    11,
    12,
    13,
    14,
    15,
    16,
    17,
    18,
    19,
    20,
    21,
    22,
    23,
    24,
    25,
    26,
    27,
    28,
    29,
    30,
    31,
    32,
    33,
    34,
    35,
    36,
    37,
    38,
    39,
    40,
    41,
    42,
    43,
    44,
    45,
    46,
    47,
    48,
    49,
    50,
    51,
    52,
    53,
    54,
    55,
    56,
    57,
    58,
    59,
    60,
    61,
    62,
    63,
    64,
    65,
    66,
    67,
    68,
    69,
    70,
    71,
    72,
    73,
    74,
    75,
    76
  ],
  "train_loss": [
    1.266783012250035,
    0.7013368514395252,
    0.5484042923475049,
    0.44361138681775514,
    0.3653950096712899,
    0.30802506269867885,
    0.25536390032964884,
    0.21675426244121238,
    0.18380945245015254,
    0.15990257194054494,
    0.1425330333565314,
    0.12492743641445317,
    0.11120904553873637,
    0.10123266901859303,
    0.0911338342372904,
    0.08183942070787716,
    0.0759628468490753,
    0.07221729622328098,
    0.06699969662718244,
    0.05944132585961794,
    0.054883724472187846,
    0.053787284684319474,
    0.049196955901522614,
    0.04719100881982403,
    0.039808531915864996,
    0.04027279213877376,
    0.039036901552498955,
    0.036030836067325676,
    0.03248090940748447,
    0.031079785807115824,
    0.03192707216463138,
    0.028031199236794077,
    0.025375323754149613,
    0.02411205996039141,
    0.026172617289535318,
    0.02294494764706523,
    0.021308077842515614,
    0.021677056445077676,
    0.019867145696405283,
    0.018778489106910823,
    0.019943244709662095,
    0.018468314632965426,
    0.016769162718849928,
    0.014793719129622481,
    0.01455771894021363,
    0.014576878117819884,
    0.016606773500637988,
    0.0171237573454867,
    0.01388358715477582,
    0.013179355353169796,
    0.012957527243397823,
    0.012819943890772453,
    0.011023214196104594,
    0.012047608619431015,
    0.011927460853764116,
    0.010667232476707702,
    0.010254968143159467,
    0.01021943259840236,
    0.010938611339427261,
    0.011114883062564144,
    0.012797228298894101,
    0.010144422786099087,
    0.009597451451892206,
    0.00992041544841132,
    0.009551273092997173,
    0.009858541164220762,
    0.007959649268929012,
    0.009276204029597418,
    0.008936761923436766,
    0.009138396014303411,
    0.008871714937975918,
    0.008034517878148052,
    0.008224580662274618,
    0.00826749635215839,
    0.007560920965504958,
    0.007392049019678601
  ],
  "val_loss": [
    0.5636365276116592,
    0.42255558646642244,
    0.372886224434926,
    0.3656198474077078,
    0.30589215342815107,
    0.2710348952275056,
    0.2768062914793308,
    0.24249005203063673,
    0.21575052119218385,
    0.2078636368879905,
    0.1791186917286653,
    0.1844802166406925,
    0.1775417528473414,
    0.17809502321940202,
    0.15808990196539804,
    0.13978885801938865,
    0.14717683081443494,
    0.15199002165060777,
    0.1364045747770713,
    0.13567385249412978,
    0.12876394104499084,
    0.12391860525195415,
    0.12151826574252202,
    0.1170254389827068,
    0.11874164211062285,
    0.11624742213350076,
    0.10866351311023419,
    0.10999995899888185,
    0.11605006112502171,
    0.10737619219491115,
    0.10502014624384734,
    0.10449942502264793,
    0.11185531490124188,
    0.11601276810352619,
    0.10049305784587677,
    0.10789857131357376,
    0.11397124339754765,
    0.10809630141235314,
    0.10969383025971743,
    0.10512923463605918,
    0.11242530380304043,
    0.10760880920749444,
    0.10158686998945016,
    0.10235834866762161,
    0.09891314159792203,
    0.1102816412368646,
    0.11046917349673234,
    0.10206513894865146,
    0.09378873098355073,
    0.09113210353713769,
    0.09025178419855925,
    0.10209828758468995,
    0.10801740979345945,
    0.1040245397732808,
    0.11126985859412414,
    0.11583715505324878,
    0.1001211109642799,
    0.10238742183607358,
    0.10048588472776689,
    0.10221181451701201,
    0.10688918126890293,
    0.10670769279106306,
    0.10622769966721535,
    0.10792010936599511,
    0.10098336751644428,
    0.10564681966430865,
    0.11094303601063214,
    0.1095724179624365,
    0.11003784061624454,
    0.1133539961077846,
    0.1051215770869301,
    0.11433144759100217,
    0.1052046985580371,
    0.1016755413550597,
    0.10541551775084092,
    0.10532831515257175
  ],
  "train_transduce": [
    1.2653803886826505,
    0.7012091733745693,
    0.5481183800807933,
    0.44316970318863075,
    0.3645879770677114,
    0.30685021467122836,
    0.25497248484609053,
    0.21667757392236867,
    0.18379148019036068,
    0.1598935838903963,
    0.14252892977644488,
    0.12491982750901856,
    0.11120807329557605,
    0.1012310376870878,
    0.09113117213332161,
    0.08183861076447767,
    0.07596271655992749,
    0.07221643368415918,
    0.06699808132018625,
    0.059440051781532076,
    0.05488313572270047,
    0.0537870599955474,
    0.04919683614496103,
    0.047186886171627904,
    0.03980328124400574,
    0.04027273313900859,
    0.03903685617692692,
    0.03603072673773643,
    0.03248092125544382,
    0.031079801625197696,
    0.03192708874121308,
    0.028031214570012137,
    0.025375330556644916,
    0.02411187246691474,
    0.026172417796879392,
    0.02294493911874279,
    0.0213079700563295,
    0.02167697530479852,
    0.01986692981919293,
    0.01877784834977854,
    0.019942261052999607,
    0.018468295147200834,
    0.016769001706858577,
    0.014793216589281392,
    0.014557076507660839,
    0.014576681337520941,
    0.016606735149590473,
    0.017123741222564708,
    0.01388314374681735,
    0.013179355636407073,
    0.012957494393274304,
    0.012819941018794462,
    0.011022807084523217,
    0.012045930646187098,
    0.011926544530763646,
    0.010667209007018773,
    0.010254948510975605,
    0.010219420881260224,
    0.010938593402466517,
    0.011114305499749086,
    0.012797210478948755,
    0.010144414721637695,
    0.00959743475469463,
    0.00991729092298162,
    0.009551235376233138,
    0.00985850702932815,
    0.007959639981506662,
    0.009276196479403712,
    0.008936750777869859,
    0.009138278241002856,
    0.008871240110182175,
    0.00803353580929454,
    0.008220621710223117,
    0.008267095107849226,
    0.007560851290634805,
    0.00739199340135848
  ],