{
  "epoch": [
    1,
    2,
    3,
    4,
    5,
    6,
    7,
    8,
    9,
    10,
    11,
    12,
    13,
    14,
    15,
    16,
    17,
    18,
    19,
    20,
    21,
    22,
    23,
    24,
    25,
    26,
    27,
    28,
    29,
    30,
    31,
    32,
    33,
    34,
    35,
    36,
    37,
    38,
    39,
    40,
    41,
    42,
    43,
    44,
    45,
    46,
    47,
    48,
    49,
    50,
    51,
    52,
    53,
    54,
    55,
    56,
    57,
    58,
    59,
    60,
    61,
    62,
    63,
    64,
    65,
    66,
    67,
    68,
    69,
    70,
    71,
    72,
    73,
    74,
    75,
    76,
    77,
    78,
    79,
    80,
    81,
    82,
    83,
    84,
    85,
    86,
    87,
    88,
    89,
    90,
    91,
    92,
    93,
    94,
    95,
    96,
    97,
    98,
    99,
    100,
    101,
    102,
    103,
    104,
    105,
    106,
    107,
    108,
    109,
    110,
    111,
    112
  ],
  "train_loss": [
    1.9540215187733716,
    1.0008180253576524,
    0.806314217572165,
    0.6918897003230482,
    0.6127193658658774,
    0.5638187852236304,
    0.5191949614793947,
    0.48149090474194817,
    0.4505366730217886,
    0.4267875614142654,
    0.4022402996473973,
    0.3806505011449946,
    0.3616949783103301,
    0.34964309057386794,
    0.33370473243222376,
    0.32362483810670306,
    0.3086174460920957,
    0.29951783277020594,
    0.28686729958741974,
    0.2802899934277676,
    0.27035034927401214,
    0.25873964316774123,
    0.24793940059619374,
    0.24381372185036687,
    0.23743177389744485,
    0.2264665841761202,
    0.22252449614576775,
    0.2153177940756968,
    0.2088428245912684,
    0.19893120332519607,
    0.19946110912478796,
    0.19612088755215748,
    0.18592810697189652,
    0.1833963661943332,
    0.17903577595359027,
    0.1729148716324627,
    0.16658517983880375,
    0.1633453324142069,
    0.15659366924278806,
    0.15590740504241227,
    0.15183622714611564,
    0.14723990614166355,
    0.14499838377284532,
    0.140141359945335,
    0.14047486246517388,
    0.13432420052514218,
    0.13016592216963815,
    0.12814268499317735,
    0.12491513995250852,
    0.12217620018832755,
    0.11915010531054865,
    0.11573374219755135,
    0.11321332718771283,
    0.11045879973928527,
    0.10950439356931366,
    0.10374738578454103,
    0.10392604299848622,
    0.10158507459529556,
    0.09593402203356866,
    0.09782931813509158,
    0.0934598102870554,
    0.08917715832000912,
    0.09152027628947013,
    0.08847905750764479,
    0.08828068380751232,
    0.08505966577051889,
    0.08205634709632043,
    0.08340791882117196,
    0.07855558952335084,
    0.07844499233040479,
    0.07460033928625065,
    0.07292225514308061,
    0.0751777907261754,
    0.07077673689858748,
    0.07019903411221977,
    0.06569659055238312,
    0.06815977802149731,
    0.06672998943762613,
    0.06366667284233736,
    0.0614672883386069,
    0.06174915256255334,
    0.05759441767736237,
    0.058393731104707955,
    0.05574939434997516,
    0.053634745133395244,
    0.049569320818870374,
    0.05040309969151374,
    0.04999155381528458,
    0.04595042461769121,
    0.04553583714336452,
    0.04258389866883212,
    0.0437665739013712,
    0.042414228265902194,
    0.04057124354830473,
    0.0380376862859962,
    0.037497858433882786,
    0.03803949101394651,
    0.0375003223445746,
    0.03786223189960612,
    0.03550454396016822,
    0.0326197772093191,
    0.0335438149603139,
    0.0344702646800197,
    0.03186146489870135,
    0.031648923227987666,
    0.03131896473172278,
    0.0293150042635527,
    0.029459011602667298,
    0.027361416211812803,
    0.02912204232214406,
    0.02743083168060915,
    0.027820572690429663
  ],
  "val_loss": [
    0.8747443144138043,
    0.6961944882686322,
    0.5788479493214533,
    0.5173811041391813,
    0.4784052830476027,
    0.43790212044349086,
    0.40312408254696774,
    0.3772736145899846,
    0.3530870836514693,
    0.34349026129795956,
    0.3239869291965778,
    0.34317518082948834,
    0.31468348090465253,
    0.2894188222976831,
    0.27827302194558656,
    0.2893969428080779,
    0.27524116176825303,
    0.27581222355365753,
    0.26672610067404234,
    0.2559946339863997,
    0.2561791298481134,
    0.24275884719995353,
    0.2332151199762638,
    0.24545989128259513,
    0.23087217945318955,
    0.22558211363278902,
    0.21760558623533982,
    0.21510854134192833,
    0.21512097808030936,
    0.21564588065330798,
    0.20547965742074525,
    0.1956789092375682,
    0.20808317225712997,
    0.19313524262263224,
    0.19516690075397491,
    0.18521373661664817,
    0.18106223012392336,
    0.18905079995210355,
    0.18735118153003547,
    0.1735755933018831,
    0.17551646152367958,
    0.16835204798441666,
    0.1666211520250027,
    0.1584967919267141,
    0.1651355457993654,
    0.15280983998225287,
    0.15664925884742004,
    0.15637245029211044,
    0.15414994611189917,
    0.14400769942081892,
    0.14666477189614222,
    0.14513829866280922,
    0.14266041666269302,
    0.14685454620764807,
    0.13667014642403677,
    0.1376870830471699,
    0.13790255498427612,
    0.13251142060527435,
    0.13112131850077555,
    0.12728582379909661,
    0.12378418273650683,
    0.12756957744176572,
    0.12761399350487268,
    0.12467116776567239,
    0.11743880120607522,
    0.1159901782297171,
    0.11991761653469159,
    0.12122957752301143,
    0.12365672536767446,
    0.11356273952585,
    0.10974178577844913,
    0.10926839078848179,
    0.1104510546876834,
    0.10561033051747543,
    0.10726154266068569,
    0.10383436628259145,
    0.09758901166228148,
    0.10471649453617059,
    0.09546561868718037,
    0.0925604491852797,
    0.09095076786784026,
    0.08392229361029771,
    0.08271360497635144,
    0.09290917332355793,
    0.08295504806133416,
    0.08000066776115161,
    0.07683228328824043,
    0.08660879014776303,
    0.08931539222024955,
    0.08645760182004708,
    0.09261051250191835,
    0.08829285834844296,
    0.08830355322704865,
    0.08676474082928437,
    0.09065642566061936,
    0.08874042676045345,
    0.08774048476838149,
    0.09198381479542989,
    0.08095354472215359,
    0.08321973151312424,
    0.08179802246964894,
    0.08647146276556529,
    0.08236485289839598,
    0.08130305346388084,
    0.07807730238598126,
    0.08418181495597729,
    0.08021971096213047,
    0.07964487975606552,
    0.08217863480632122,
    0.08595483492200191,
    0.09485338284419133,
    0.0817239974410488
  ],