{
  "epoch": [
    1,
    2,
    3,
    4,
    5,
    6,
    7,
    8,
    9,
    10,
    11,
    12,
    13,
    14,
    15,
    16,
    17,
    18,
    19,
    20,
    21,
    22,
    23,
    24,
    25,
    26,
    27,
    28,
    29,
    30,
    31,
    32,
    33,
    34,
    35,
    36,
    37,
    38,
    39,
    40,
    41,
    42,
    43,
    44,
    45,
    46,
    47,
    48,
    49,
    50,
    51,
    52,
    53,
    54,
    55,
    56,
    57,
    58,
    59,
    60,
    61,
    62,
    63,
    64,
    65,
    66,
    67,
    68,
    69,
    70,
    71,
    72,
    73,
    74,
    75,
    76,
    77,
    78,
    79,
    80,
    81,
    82,
    83,
    84,
    85,
    86,
    87,
    88,
    89,
    90,
    91,
    92,
    93,
    94,
    95,
    96,
    97,
    98,
    99,
    100,
    101,
    102,
    103,
    104,
    105,
    106,
    107,
    108,
    109,
    110,
    111,
    112,
    113,
    114,
    115,
    116,
    117,
    118,
    119,
    120,
    121,
    122,
    123,
    124,
    125,
    126,
    127,
    128,
    129,
    130,
    131,
    132,
    133
  ],
  "train_loss": [
    2.4062310339200614,
    1.5237489761692462,
    1.234872823894614,
    1.0767545481719594,
    0.9612082420009198,
    0.8717882639110679,
    0.7965200207020977,
    0.750139333233975,
    0.6967607344141101,
    0.6622717622483131,
    0.6315593642763572,
    0.6027978437371774,
    0.5817022019683724,
    0.5455129043300553,
    0.5257236001515152,
    0.5099998550249798,
    0.49891043269988333,
    0.46703903214766246,
    0.45786327684279715,
    0.44239630498508414,
    0.4307085700554423,
    0.41724464562859864,
    0.4206813337779281,
    0.40392963278411637,
    0.38443983574905016,
    0.3796969703813591,
    0.36432729012305193,
    0.35508787130365277,
    0.345056153169953,
    0.343211088587742,
    0.3394563381034549,
    0.3230232407551001,
    0.3172308138691553,
    0.31023536799567764,
    0.3056462410062847,
    0.30638937932429927,
    0.2986969413733718,
    0.292082751298895,
    0.2895613815819863,
    0.28146437430145715,
    0.27507478972472765,
    0.27461519394770706,
    0.2606803971056891,
    0.25701686607138946,
    0.2560025850440016,
    0.25964438074296065,
    0.2523950181975223,
    0.24932882322533295,
    0.2442181321358917,
    0.23870360253766032,
    0.23917027747276987,
    0.23217318494721215,
    0.23402345888685472,
    0.22778163105249405,
    0.23111262674083805,
    0.22669036915101629,
    0.2193432594880019,
    0.22036617286134474,
    0.21849773787330873,
    0.214758366788968,
    0.21419017518510913,
    0.19692199640344865,
    0.20024426318336241,
    0.19630475069331652,
    0.19527311490313842,
    0.2068378894340874,
    0.1930986203179501,
    0.1938214682706512,
    0.18761981219643414,
    0.1867510463931773,
    0.18622725929069048,
    0.1907578742150033,
    0.18405092411702223,
    0.18902117884395145,
    0.18046398202676583,
    0.17470342658533908,
    0.1729343491468099,
    0.177223607602686,
    0.170030814291227,
    0.17711729010437974,
    0.1679538275198181,
    0.1686199457928686,
    0.1652949432482814,
    0.16255571324341367,
    0.16326860714666913,
    0.15738479520129686,
    0.15716635339921065,
    0.15308115915349213,
    0.15398166944632435,
    0.15023365011899778,
    0.15377942834160116,
    0.15141457547940831,
    0.14524093901019286,
    0.155148515164262,
    0.14057761371725858,
    0.14903561977466734,
    0.14688993097826986,
    0.13796065430534948,
    0.1501323129280959,
    0.14579266154825096,
    0.1496412354235602,
    0.13740443607958236,
    0.13324676070472982,
    0.14003804407202372,
    0.14699242950075925,
    0.13435724547298827,
    0.13062126392332635,
    0.13114083886589153,
    0.12791075837789195,
    0.13094426352198762,
    0.12754820615495785,
    0.1256789330872569,
    0.11578312103110965,
    0.12523589419698952,
    0.11509641864807299,
    0.11978880319707465,
    0.13020100687990094,
    0.12009769150673753,
    0.11493555253537574,
    0.12166070314769697,
    0.11724541008029835,
    0.12104308878136154,
    0.11383973810784888,
    0.1159804755139469,
    0.11201015616407489,
    0.10384251011332662,
    0.107930326815879,
    0.1127531986572955,
    0.0996637505543704,
    0.10555503978440077,
    0.11177014847203057,
    0.11306614863990556,
    0.10310484210748484
  ],
  "val_loss": [
    1.781027757204496,
    1.400185933479896,
    1.2042772678228526,
    1.0927645793327918,
    0.9745493852175199,
    0.875595211982727,
    0.8294785068585322,
    0.7906341369335468,
    0.7536244025597205,
    0.7100171721898593,
    0.6741898793440598,
    0.6418527639829196,
    0.626322287779588,
    0.5917162161607009,
    0.5752699306377997,
    0.5595818001490372,
    0.5467729408007401,
    0.5475530876563146,
    0.5192610644377195,
    0.5096296966075897,
    0.4815558653611403,
    0.49358193232462955,
    0.4716830735023205,
    0.46804370329930234,
    0.4486399476344769,
    0.4398381274480086,
    0.4470833975535173,
    0.4278529997055347,
    0.42231191580112165,
    0.4258074095615974,
    0.4215695605828212,
    0.4258696941229013,
    0.41117699100421023,
    0.40135552562200105,
    0.38710163877560544,
    0.4093645215034485,
    0.39211371082525986,
    0.3914428422084221,
    0.3908442717332106,
    0.3841033119421739,
    0.38873098676021284,
    0.3800478210816017,
    0.3847688367733589,
    0.3799484899410835,
    0.3737710118293762,
    0.37135918782307553,
    0.37795746326446533,
    0.3671776193838853,
    0.36470617468540484,
    0.36383747366758495,
    0.36210500506254345,
    0.3440185303871448,
    0.3441219169359941,
    0.34345428530986494,
    0.3589974343776703,
    0.34695305732580334,
    0.3540127231524541,
    0.3640982646208543,
    0.3646248785349039,
    0.35116558693922484,
    0.3589895963668823,
    0.3551236643241002,
    0.36488393407601577,
    0.36659802152560306,
    0.3566154493735387,
    0.35719536588742185,
    0.3586200704941383,
    0.3534544362471654,
    0.3752252780474149,
    0.35438384459568906,
    0.35638264738596404,
    0.37272704335359425,
    0.35497090449699986,
    0.3478803290770604,
    0.3750843589122479,
    0.34624713544662183,
    0.349393381522252,
    0.3382877902342723,
    0.33527401777414173,
    0.3496634295353523,
    0.3513874640831581,
    0.34372638968320995,
    0.35424279937377345,
    0.33366212019553554,
    0.3396552250935481,
    0.3415458660859328,
    0.343647110920686,
    0.33879294303747326,
    0.3396564790835747,
    0.34195810785660374,
    0.3570420306462508,
    0.33767520235135007,
    0.3481177653257663,
    0.34317460312293124,
    0.3420790502658257,
    0.3281642324649371,
    0.3365139915392949,
    0.3295369159716826,
    0.3232308534475473,
    0.33255635201931,
    0.3369223658855145,
    0.32598070800304413,
    0.3165283822096311,
    0.334490010371575,
    0.3379586602632816,
    0.3381840449113112,
    0.3344582892381228,
    0.33321677492215085,
    0.3344895404118758,
    0.33314629242970395,
    0.32726310881284565,
    0.33827612147881436,
    0.33743887222730196,
    0.3318612151421033,
    0.33427116733330947,
    0.33427724012961757,
    0.34413066047888535,
    0.33311792405752033,
    0.32760767294810367,
    0.31737863558989304,
    0.3359781904862477,
    0.3333304593196282,
    0.32100193431744206,
    0.3339973000379709,
    0.3310137734963344,
    0.3351268974634317,
    0.32677964866161346,
    0.34035693452908444,
    0.3285167102630322,
    0.3458348443874946,
    0.3450782952400354,
    0.33176464988635135,
    0.3284272700548172
  ],