{
  "epoch": [
    1,
    2,
    3,
    4,
    5,
    6,
    7,
    8,
    9,
    10,
    11,
    12,
    13,
    14,
    15,
    16,
    17,
    18,
    19,
    20,
    21,
    22,
    23,
    24,
    25,
    26,
    27,
    28,
    29,
    30,
    31,
    32,
    33,
    34,
    35,
    36,
    37,
    38,
    39,
    40
  ],
  "train_loss": [
    2.5167105296223435,
    1.060834569107626,
    0.6074971238669661,
    0.40448745140402587,
    0.2892317380948165,
    0.21379512801920017,
    0.16586421564528622,
    0.1306425325726111,
    0.10948943920894381,
    0.09351331266315327,
    0.0776190622181622,
    0.060086247463201736,
    0.0580132344411206,
    0.0455463232146096,
    0.03510554263502667,
    0.03540821356180402,
    0.02753261683182311,
    0.024643786722006872,
    0.021898103753085603,
    0.014941162842604303,
    0.017925535683932993,
    0.012961949836270711,
    0.00907036059142388,
    0.008172039489847483,
    0.006246334201051402,
    0.007762568637959121,
    0.0031563278633294648,
    0.0021246582000833195,
    0.0007346311257672065,
    -0.0013610294818417314,
    -0.00246218421025989,
    -0.002380453155750466,
    -0.0021540285328153484,
    -0.00445532812208859,
    -0.003290068799841035,
    -0.005047180689871311,
    -0.009333310888830534,
    -0.004711785238505024,
    -0.003690836231041815,
    -0.002648212284464197
  ],
  "val_loss": [
    1.3781116742354174,
    0.550384310575632,
    0.2726586541304222,
    0.16781033346286187,
    0.11042621359229088,
    0.07772601539125809,
    0.06598328856321481,
    0.04727128620904226,
    0.046408782354914226,
    0.030844919956647433,
    0.03600832920234937,
    0.029021167697814796,
    0.024307434232189104,
    0.030675035829727467,
    0.02164468040259985,
    0.025791887050637834,
    0.027351572823065978,
    0.02707089870595015,
    0.033684540969821125,
    0.023569791076275017,
    0.028575962982498683,
    0.02560259201205694,
    0.032176690749250926,
    0.034644273754495844,
    0.03130950277241377,
    0.028691806472264804,
    0.03985603870107578,
    0.03225155690541634,
    0.03607324195595888,
    0.03215688051512608,
    0.03286272559601527,
    0.03963203412982134,
    0.03949206007214693,
    0.038843792504989184,
    0.04240917700987596,
    0.06297575911650291,
    0.042733775021938175,
    0.048462015648300834,
    0.052325644745276526,
    0.03944930591835426
  ],
  "train_transduce": [
    2.5196181842961263,
    1.0870732640482716,
    0.634181047223278,
    0.4315328716310029,
    0.31659344384043486,
    0.24140124284115033,
    0.19364729335473985,
    0.1585779453138101,
    0.1375336338065027,
    0.12169876936631105,
    0.10589406268728763,
    0.08842715546104711,
    0.08642156537353378,
    0.07400745943611123,
    0.0636036182686533,
    0.06394775993353927,
    0.05610887363514642,
    0.05324233397265378,
    0.05053160467770757,
    0.04359579911052259,
    0.04660613668276016,
    0.04165517301634722,
    0.037793224288592324,
    0.036899186934814934,
    0.03498884357665617,
    0.03652603032317051,
    0.03194825071601447,
    0.030925289355698472,
    0.029547520236294603,
    0.027454748473696642,
    0.026368525415687755,
    0.026449854138844944,
    0.02668771251181582,
    0.024400780817551405,
    0.025578073185110062,
    0.02382614908226257,
    0.01954779427705006,
    0.024178705651063434,
    0.025209865278381968,
    0.026261062724947853
  ],
  "val_transduce": [
    1.4037036437254686,
    0.5768626034259796,
    0.2997245272764793,
    0.19510002262317216,
    0.13811240459863955,
    0.10552673729566428,
    0.09383242992827526,
    0.0751810626914868,
    0.07429786914816269,
    0.05916700594557019,
    0.06438130957002823,
    0.05742359383461567,
    0.05279552365223376,
    0.05920084100216627,
    0.0502099580794143,
    0.05441483914350661,
    0.05592643141818161,
    0.05565300316084176,
    0.062249580644465126,
    0.052185113761180006,
    0.057291328463739216,
    0.054308596080563105,
    0.060883898847700596,
    0.06334495467868131,
    0.06005441706600742,
    0.05748593593307305,
    0.06866544191815102,
    0.061079585661690756,
    0.064877964801361,
    0.06104759357493514,
    0.06159525748584061,
    0.06846255830784614,
    0.06838009466390269,
    0.06766161348787136,
    0.0712952041425384,
    0.09186490628389248,
    0.07159647786130126,
    0.07734911230027837,
    0.08120578773377929,
    0.06839499410125427
  ],
  "l0": [
    0.0,
    0.0,
    0.0,
    0.0,
    0.0,
    0.0,
    0.0,
    0.0,
    0.0,
    0.0,
    0.0,
    0.0,
    0.0,
    0.0,
    0.0,
    0.0,
    0.0,
    0.0,
    0.0,
    0.0,
    0.0,
    0.0,
    0.0,
    0.0,
    0.0,
    0.0,
    0.0,
    0.0,
    0.0,
    0.0,
    0.0,
    0.0,
    0.0,
    0.0,
    0.0,
    0.0,
    0.0,
    0.0,
    0.0,
    0.0
  ],
  "lambda_l0_effective": [
    0.01,
    0.01,
    0.01,
    0.01,
    0.01,
    0.01,
    0.01,
    0.01,
    0.01,
    0.01,
    0.01,
    0.01,
    0.01,
    0.01,
    0.01,
    0.01,
    0.01,
    0.01,
    0.01,
    0.01,
    0.01,
    0.01,
    0.01,
    0.01,
    0.01,
    0.01,
    0.01,
    0.01,
    0.01,
    0.01,
    0.01,
    0.01,
    0.01,
    0.01,
    0.01,
    0.01,
    0.01,
    0.01,
    0.01,
    0.01
  ],
  "recon_loss": [],
  "balance_loss": [
    3.399045633901026,
    3.9999836277715937,
    3.9999866633071113,
    3.9999865699060186,
    3.999992696280332,
    3.999992398871589,
    3.9999930784874356,
    3.9999955413267783,
    3.999997543305466,
    3.9999984994377056,
    3.999998688697815,
    3.999998532619673,
    3.999998619875957,
    3.9999992847442627,
    3.9999994285327873,
    3.999999176595629,
    3.9999993978087436,
    3.9999993105524596,
    3.9999996374562845,
    3.999999590755738,
    3.999999464172678,
    3.9999994457382515,
    3.9999996964464484,
    3.999999497354645,
    3.9999996964464484,
    3.999999341276503,
    3.9999996804699456,
    3.9999994580278693,
    3.999999365855738,
    3.9999994604857925,
    3.999999278599454,
    3.9999987218797823,
    3.9999995415972682,
    3.9999997959923497,
    3.999999878332787,
    3.9999998082819674,
    3.999999646059017,
    3.9999995735502734,
    3.999999643601093,
    3.9999997296284153
  ]
}