{
  "epoch": [
    1,
    2,
    3,
    4,
    5,
    6,
    7,
    8,
    9,
    10,
    11,
    12,
    13,
    14,
    15,
    16,
    17,
    18,
    19,
    20,
    21,
    22,
    23,
    24,
    25,
    26,
    27,
    28,
    29,
    30,
    31,
    32,
    33,
    34,
    35,
    36,
    37,
    38,
    39,
    40,
    41,
    42,
    43,
    44,
    45,
    46,
    47,
    48,
    49,
    50,
    51,
    52,
    53,
    54,
    55,
    56,
    57,
    58,
    59,
    60,
    61
  ],
  "train_loss": [
    0.751887059447789,
    0.26342497943061416,
    0.20556235549473525,
    0.17763792111141846,
    0.15532029921760654,
    0.1373171752853559,
    0.12778555170291722,
    0.11778042122426599,
    0.10841086879372597,
    0.10219085323485998,
    0.09566758252163925,
    0.09029012029566387,
    0.08481946572808936,
    0.08093205348837494,
    0.07933509720507825,
    0.0733284778376617,
    0.07040475144761034,
    0.06671737763329898,
    0.06371838739602873,
    0.06239669707299459,
    0.06028628019191841,
    0.05595603441395382,
    0.05432475527914444,
    0.05211419111468119,
    0.04935257874502994,
    0.049022037923188495,
    0.04710702167473512,
    0.04615624861256911,
    0.045629663134712985,
    0.04181141571353863,
    0.03924759930128803,
    0.0380637336079732,
    0.03760702489404985,
    0.03463831207816406,
    0.036284661925591453,
    0.033905025756005014,
    0.03149975645863036,
    0.03248427097344458,
    0.030615399748382,
    0.03020645013669192,
    0.030331650352345245,
    0.028291955839215528,
    0.02581639140198874,
    0.025944898315327296,
    0.026374779826048578,
    0.024480077009279243,
    0.02543096879202098,
    0.02147732921276647,
    0.020301851955712727,
    0.020883068359355526,
    0.02134932718461029,
    0.02100353298874775,
    0.0208198593947852,
    0.01888874145731846,
    0.019751477463281538,
    0.0182174795288777,
    0.018708117333895498,
    0.01819243939999159,
    0.01697907986414462,
    0.017229042343315806,
    0.01741327130982634
  ],
  "val_loss": [
    0.31248457385943484,
    0.2274495649796266,
    0.2007178601164084,
    0.17784592738518348,
    0.1606583337371166,
    0.14421175649532905,
    0.13349413900421217,
    0.1261934761244517,
    0.11757615409218349,
    0.12405324526704274,
    0.104005241766572,
    0.10003578290343285,
    0.09783193626655982,
    0.09516804221157844,
    0.093794143687074,
    0.08972199991918527,
    0.08553220976430637,
    0.08105868344696668,
    0.08235768515330094,
    0.07859061737186633,
    0.07767860183062461,
    0.0727166931073253,
    0.07220341272365588,
    0.0770006779438028,
    0.07612469269392583,
    0.07257370378535527,
    0.06956209829793526,
    0.07142961469407265,
    0.06603581100129165,
    0.0678062173179709,
    0.0677323701003423,
    0.07011306013625401,
    0.07192765677777621,
    0.06816288126775852,
    0.06898527406156063,
    0.06340004518055,
    0.06820653085238658,
    0.06818451660756882,
    0.0662370750035804,
    0.06532180445412031,
    0.06421891757502006,
    0.06474963568437558,
    0.06704117268180618,
    0.0657557611926817,
    0.07208781528214996,
    0.06353127669829589,
    0.06419351328021058,
    0.06797317700245632,
    0.06880981647051297,
    0.07283938840891306,
    0.0729741773281533,
    0.07415000463907535,
    0.0666375974408136,
    0.06799089007724363,
    0.06630318977225286,
    0.06658522340540703,
    0.06686818635521027,
    0.0660911004524678,
    0.06972047509267353,
    0.0714885478015416,
    0.06626888343061392
  ],
  "train_transduce": [
    0.751887059447789,
    0.26342497943061416,
    0.20556235549473525,
    0.17763792111141846,
    0.15532029921760654,
    0.1373171752853559,
    0.12778555170291722,
    0.11778042122426599,
    0.10841086879372597,
    0.10219085323485998,
    0.09566758252163925,
    0.09029012029566387,
    0.08481946572808936,
    0.08093205348837494,
    0.07933509720507825,
    0.0733284778376617,
    0.07040475144761034,
    0.06671737763329898,
    0.06371838739602873,
    0.06239669707299459,
    0.06028628019191841,
    0.05595603441395382,
    0.05432475527914444,
    0.05211419111468119,
    0.04935257874502994,
    0.049022037923188495,
    0.04710702167473512,
    0.04615624861256911,
    0.045629663134712985,
    0.04181141571353863,
    0.03924759930128803,
    0.0380637336079732,
    0.03760702489404985,
    0.03463831207816406,
    0.036284661925591453,
    0.033905025756005014,
    0.03149975645863036,
    0.03248427097344458,
    0.030615399748382,
    0.03020645013669192,
    0.030331650352345245,
    0.028291955839215528,
    0.02581639140198874,
    0.025944898315327296,
    0.026374779826048578,
    0.024480077009279243,
    0.02543096879202098,
    0.02147732921276647,
    0.020301851955712727,
    0.020883068359355526,
    0.02134932718461029,
    0.02100353298874775,
    0.0208198593947852,
    0.01888874145731846,
    0.019751477463281538,
    0.0182174795288777,
    0.018708117333895498,
    0.01819243939999159,
    0.01697907986414462,
    0.017229042343315806,
    0.01741327130982634
  ],
  "val_transduce": [
    0.31248457385943484,
    0.2274495649796266,
    0.2007178601164084,
    0.17784592738518348,
    0.1606583337371166,
    0.14421175649532905,
    0.13349413900421217,
    0.1261934761244517,
    0.11757615409218349,
    0.12405324526704274,
    0.104005241766572,
    0.10003578290343285,
    0.09783193626655982,
    0.09516804221157844,
    0.093794143687074,
    0.08972199991918527,
    0.08553220976430637,
    0.08105868344696668,
    0.08235768515330094,
    0.07859061737186633,
    0.07767860183062461,
    0.0727166931073253,
    0.07220341272365588,
    0.0770006779438028,
    0.07612469269392583,
    0.07257370378535527,
    0.06956209829793526,
    0.07142961469407265,
    0.06603581100129165,
    0.0678062173179709,
    0.0677323701003423,
    0.07011306013625401,
    0.07192765677777621,
    0.06816288126775852,
    0.06898527406156063,
    0.06340004518055,
    0.06820653085238658,
    0.06818451660756882,
    0.0662370750035804,
    0.06532180445412031,
    0.06421891757502006,
    0.06474963568437558,
    0.06704117268180618,
    0.0657557611926817,
    0.07208781528214996,
    0.06353127669829589,
    0.06419351328021058,
    0.06797317700245632,
    0.06880981647051297,
    0.07283938840891306,
    0.0729741773281533,
    0.07415000463907535,
    0.0666375974408136,
    0.06799089007724363,
    0.06630318977225286,
    0.06658522340540703,
    0.06686818635521027,
    0.0660911004524678,
    0.06972047509267353,
    0.0714885478015416,
    0.06626888343061392
  ],
  "l0": [
    0.0,
    0.0,
    0.0,
    0.0,
    0.0,
    0.0,
    0.0,
    0.0,
    0.0,
    0.0,
    0.0,
    0.0,
    0.0,
    0.0,
    0.0,
    0.0,
    0.0,
    0.0,
    0.0,
    0.0,
    0.0,
    0.0,
    0.0,
    0.0,
    0.0,
    0.0,
    0.0,
    0.0,
    0.0,
    0.0,
    0.0,
    0.0,
    0.0,
    0.0,
    0.0,
    0.0,
    0.0,
    0.0,
    0.0,
    0.0,
    0.0,
    0.0,
    0.0,
    0.0,
    0.0,
    0.0,
    0.0,
    0.0,
    0.0,
    0.0,
    0.0,
    0.0,
    0.0,
    0.0,
    0.0,
    0.0,
    0.0,
    0.0,
    0.0,
    0.0,
    0.0
  ],
  "lambda_l0_effective": [
    0.01,
    0.01,
    0.01,
    0.01,
    0.01,
    0.01,
    0.01,
    0.01,
    0.01,
    0.01,
    0.01,
    0.01,
    0.01,
    0.01,
    0.01,
    0.01,
    0.01,
    0.01,
    0.01,
    0.01,
    0.01,
    0.01,
    0.01,
    0.01,
    0.01,
    0.01,
    0.01,
    0.01,
    0.01,
    0.01,
    0.01,
    0.01,
    0.01,
    0.01,
    0.01,
    0.01,
    0.01,
    0.01,
    0.01,
    0.01,
    0.01,
    0.01,
    0.01,
    0.01,
    0.01,
    0.01,
    0.01,
    0.01,
    0.01,
    0.01,
    0.01,
    0.01,
    0.01,
    0.01,
    0.01,
    0.01,
    0.01,
    0.01,
    0.01,
    0.01,
    0.01
  ],
  "recon_loss": [],
  "balance_loss": []
}