{
  "epoch": [
    1,
    2,
    3,
    4,
    5,
    6,
    7,
    8,
    9,
    10,
    11,
    12,
    13,
    14,
    15,
    16,
    17,
    18,
    19,
    20,
    21,
    22,
    23,
    24,
    25,
    26,
    27,
    28,
    29,
    30,
    31,
    32,
    33,
    34,
    35,
    36,
    37,
    38,
    39,
    40,
    41,
    42,
    43,
    44,
    45,
    46,
    47,
    48,
    49,
    50,
    51,
    52,
    53,
    54,
    55,
    56,
    57,
    58,
    59,
    60,
    61,
    62,
    63,
    64,
    65,
    66,
    67,
    68,
    69,
    70,
    71,
    72,
    73,
    74,
    75,
    76,
    77,
    78,
    79,
    80,
    81,
    82,
    83,
    84,
    85,
    86,
    87,
    88,
    89,
    90,
    91,
    92,
    93,
    94
  ],
  "train_loss": [
    1.2217419513107575,
    0.725190677747284,
    0.5856430882338396,
    0.4967801378867061,
    0.4432586809409033,
    0.39075695684890155,
    0.3485362698736879,
    0.3103147793522815,
    0.28222747846055274,
    0.2569060510734922,
    0.24089423060109935,
    0.2220704252111543,
    0.2035867201606023,
    0.19155054539442062,
    0.17644614722464502,
    0.16790005372664363,
    0.15856758290037667,
    0.15267532841139234,
    0.1401923520048869,
    0.13666149778003545,
    0.12826526487611004,
    0.1239434573991397,
    0.11722730403554808,
    0.11780845880815663,
    0.10911326206375643,
    0.10779760032892227,
    0.10489856849242117,
    0.10015875830785516,
    0.09675264095445883,
    0.09301740639679826,
    0.09106852533775814,
    0.08786053182653238,
    0.08506460182522375,
    0.0810731874644449,
    0.08240389842155975,
    0.07969982283593145,
    0.07828081804375674,
    0.07836108306211602,
    0.07229271063523501,
    0.0726586474662589,
    0.06973379348241485,
    0.06888555154473204,
    0.06854807472182918,
    0.06795286558107617,
    0.061524705298859436,
    0.06293869103045807,
    0.06342174437319495,
    0.06283981314639456,
    0.0621302033457713,
    0.05832213309315062,
    0.05741323643968892,
    0.05991786236865158,
    0.05876297434580695,
    0.056877766947079564,
    0.05519998267043343,
    0.053417903827215285,
    0.05423804325502865,
    0.05079607901249811,
    0.05154269373466827,
    0.05319801447721025,
    0.0505911064161391,
    0.04861723371906225,
    0.04937985915325813,
    0.04898786288446065,
    0.04850623425883577,
    0.049125092718558215,
    0.045977342184921055,
    0.044560783211449066,
    0.046565232688042614,
    0.04716502777156756,
    0.04606491405536065,
    0.04405701664017187,
    0.04451652600900414,
    0.042558458633720875,
    0.04345161177832441,
    0.043157908592622765,
    0.043847558299828435,
    0.04319512469636411,
    0.04345745336955663,
    0.04167324439958506,
    0.03892910008597159,
    0.04132021658756223,
    0.040300556319314486,
    0.04103878890068184,
    0.03890199050998565,
    0.03711895483843598,
    0.0376974029764149,
    0.039504816381203144,
    0.036290830380484924,
    0.036038286897555456,
    0.0341610048499112,
    0.034290894067884645,
    0.03614379401011489,
    0.03560316261412941
  ],
  "val_loss": [
    0.4290988789154933,
    0.3444046057187594,
    0.28573204347720516,
    0.2626272187783168,
    0.24227357598451468,
    0.22293329926637503,
    0.20474769175052643,
    0.18834859362015358,
    0.19679949031426355,
    0.17997191731746381,
    0.17071012063668325,
    0.1674411199413813,
    0.1616521609517244,
    0.152852686551901,
    0.15077490015671804,
    0.14560132359082884,
    0.1366893775188006,
    0.1389490274282602,
    0.12035694030614999,
    0.12231151530375847,
    0.13158123195171356,
    0.12241397912685688,
    0.12056824736870252,
    0.11407577275083615,
    0.11839785713415879,
    0.11908663580050835,
    0.11553114881882301,
    0.11495740081255253,
    0.11171027444876157,
    0.11384246441034171,
    0.10410004051832053,
    0.10285418509290768,
    0.10629308911470267,
    0.10825566231058194,
    0.10536377074626777,
    0.09567059003389798,
    0.10099106826461278,
    0.10183102637529373,
    0.09941075226435295,
    0.10993327401005305,
    0.10063825633663398,
    0.1014154450251506,
    0.10148918256163597,
    0.10116232845645684,
    0.10461934913809483,
    0.09889942923417458,
    0.10691588142743477,
    0.09806991053315309,
    0.09322776387517269,
    0.10101601767998475,
    0.10196894407272339,
    0.0974813516323383,
    0.10329835374767964,
    0.09789463648429284,
    0.09685609862208366,
    0.09309259572854409,
    0.08985671644600537,
    0.09374334648824655,
    0.09727841300460008,
    0.10395050879854423,
    0.10106442209619743,
    0.09277616942731234,
    0.09209165435570937,
    0.09535300129881272,
    0.09233099021590672,
    0.09500879135269386,
    0.09357588666562851,
    0.09180234272319537,
    0.08467856794595718,
    0.09260346554219723,
    0.09063516055735257,
    0.08845203226575485,
    0.0911984730225343,
    0.09124876587436749,
    0.08819825703708026,
    0.09128048858390404,
    0.09032331091853288,
    0.09361342426676017,
    0.09049439788437806,
    0.0889458846873962,
    0.09481738264170977,
    0.09343968854787257,
    0.09212592788613759,
    0.09634233538347942,
    0.08840908532818922,
    0.08749111827749473,
    0.08868859701145154,
    0.08946347824082924,
    0.09369380170336136,
    0.09931145708721417,
    0.09173481452923554,
    0.0942100935543959,
    0.09133284818381071,
    0.09004968805955006
  ],
  "train_transduce": [
    1.220309329708827,
    0.7251419495675981,
    0.5854960188423235,
    0.49648016906276193,
    0.4428942162044269,
    0.3903465997619727,
    0.3480402556891294,
    0.3098470992648724,
    0.28177113493078765,
    0.256464859105877,
    0.24031031062615285,
    0.2216744611481416,
    0.20300815031700528,
    0.19092959449770525,
    0.17574988973816646,
    0.1673988481388264,
    0.15805887354096188,
    0.15216775941326446,
    0.13972782600939887,
    0.13612478894671215,
    0.12780476956791484,
    0.12343701075032815,
    0.11671789589616441,
    0.11739710199925088,
    0.10861632080038183,
    0.10732780097378898,
    0.10427442886242547,
    0.0995710619254825,
    0.09626678728796158,
    0.09243638888385493,
    0.09059188589837748,
    0.08742954281456385,
    0.08459134834828143,
    0.08059148326247316,
    0.08190391484417558,
    0.07919742468475681,
    0.07779858943036537,
    0.07779057500595898,
    0.0718557727955205,
    0.07203930687428135,
    0.06922857902137582,
    0.06835675407585103,
    0.06804985457013563,
    0.06744263985568714,
    0.06106432316075895,
    0.062423628466875894,
    0.0629894891945818,
    0.06232634008161186,
    0.06162395688330697,
    0.05781166646245521,
    0.056914122232725635,
    0.05952809234005735,
    0.05830575764832115,
    0.056232753593820274,
    0.054619461624431855,
    0.05291834005548321,
    0.05372604174232207,
    0.050370617788861094,
    0.05094689602205127,
    0.05262402072548866,
    0.05003822380292815,
    0.047991727954064756,
    0.04897671299938535,
    0.048440379325838126,
    0.04801212746611575,
    0.04877950464250501,
    0.04553647200365733,
    0.044115394435477316,
    0.04612463598197192,
    0.046773008152496874,
    0.04563061944113027,
    0.04366293723320531,
    0.04411105018531539,
    0.0421262551099062,
    0.04295257794833982,
    0.042773477149858456,
    0.04330472211286272,
    0.042703057831326094,
    0.04301112679975856,
    0.041164012433788214,
    0.038444046852822156,
    0.04078104642709506,
    0.03977376424717074,
    0.04050888906991512,
    0.03841653704576041,
    0.036602310361052603,
    0.03718480019897376,
    0.03906461747228792,
    0.035777394556603635,
    0.03547321894618961,
    0.03365766716228088,
    0.03382110973032787,
    0.035621293885249296,
    0.03515855889268143
  ],