{
  "epoch": [
    1,
    2,
    3,
    4,
    5,
    6,
    7,
    8,
    9,
    10,
    11,
    12,
    13,
    14,
    15,
    16,
    17,
    18,
    19,
    20,
    21,
    22,
    23,
    24,
    25,
    26,
    27,
    28,
    29,
    30,
    31,
    32,
    33,
    34,
    35,
    36,
    37,
    38,
    39,
    40,
    41,
    42,
    43,
    44,
    45,
    46,
    47,
    48,
    49,
    50,
    51,
    52,
    53,
    54,
    55,
    56,
    57,
    58,
    59,
    60,
    61,
    62,
    63,
    64,
    65,
    66,
    67,
    68,
    69,
    70,
    71,
    72,
    73,
    74,
    75,
    76,
    77,
    78,
    79,
    80,
    81,
    82,
    83
  ],
  "train_loss": [
    1.423734851104697,
    0.8507122879790276,
    0.6808565452541273,
    0.575296213485531,
    0.49424519412910817,
    0.4303115938127655,
    0.3736042131468193,
    0.33258988047690735,
    0.29570480850861247,
    0.2663479596376419,
    0.24159849120169571,
    0.21435258376229668,
    0.18444746037580304,
    0.16753194934314058,
    0.14924933922659492,
    0.13551924335434265,
    0.12462984292393493,
    0.11525097706345554,
    0.1062879435257199,
    0.09825744942675546,
    0.09085786580732189,
    0.08683407277867351,
    0.07977246863709897,
    0.07400556908171509,
    0.07264817141226887,
    0.06630721104513738,
    0.06157558668673653,
    0.05972782516679198,
    0.05785537734819749,
    0.052576994965064155,
    0.04989508700739477,
    0.04692159332911071,
    0.04353051497264929,
    0.04243686073219653,
    0.039819948048782104,
    0.03995183038707707,
    0.03865899502770188,
    0.034551154644487755,
    0.034305378900284005,
    0.03244961413660461,
    0.03117795328888082,
    0.028422418633744735,
    0.027358097797163677,
    0.02779116650284796,
    0.025177322870562065,
    0.026387460527403914,
    0.023746758329768462,
    0.02333716888067111,
    0.021521303020225663,
    0.02078011883518745,
    0.01983956065624184,
    0.01949597337792061,
    0.018933626419874196,
    0.019047793626218803,
    0.02004846287339196,
    0.018185156187493855,
    0.017127688080024395,
    0.016591887120589538,
    0.01637571367744798,
    0.016494710692060516,
    0.015522375029569357,
    0.014697784122281237,
    0.015189185946190864,
    0.014252505549613732,
    0.01682171353364613,
    0.011783774417090546,
    0.01452106703312818,
    0.01301929152861103,
    0.01491860461543727,
    0.0134697744770446,
    0.012521655319172159,
    0.012062286321414616,
    0.012734105405469723,
    0.011767305011294553,
    0.01141246044516237,
    0.011735254008750211,
    0.009449648645048788,
    0.011147152419446861,
    0.01129074884247342,
    0.011180105108465309,
    0.009837457461921094,
    0.009515795300441035,
    0.01168017187959889
  ],
  "val_loss": [
    0.683989011324369,
    0.4977603027453789,
    0.42635947924393874,
    0.382815074462157,
    0.35976856029950655,
    0.3271758693915147,
    0.2920026504076444,
    0.27796409221795887,
    0.2563443642396193,
    0.2593524811359552,
    0.24375661061360285,
    0.22348573460028723,
    0.21970261748020464,
    0.19599246405638182,
    0.17734224234636015,
    0.16729154896277648,
    0.16224069492175028,
    0.16078091240846193,
    0.15236814549336067,
    0.14664131918778786,
    0.14345546124073175,
    0.13583998668652314,
    0.12786272168159485,
    0.12254526007633942,
    0.11847838644797985,
    0.11542051915939038,
    0.1203268044270002,
    0.11078947983109035,
    0.10802165562143692,
    0.11096786936888328,
    0.1080516751569051,
    0.10199096956505226,
    0.10028115330407253,
    0.10153066424223092,
    0.0976157493602771,
    0.09047215847441784,
    0.09346297254356054,
    0.09215293609752105,
    0.08818694261404184,
    0.08612579114448565,
    0.08699734365710846,
    0.09082769559553036,
    0.08351547894282983,
    0.08337542393173163,
    0.08273594518407033,
    0.08201698371424125,
    0.07845183200417803,
    0.08232780631918174,
    0.0800975625618146,
    0.07313006317529541,
    0.07622825888057168,
    0.07436642079399182,
    0.08987674611405684,
    0.08135894585687381,
    0.0773641330619844,
    0.07880338012742308,
    0.07729995114585528,
    0.07158174784854054,
    0.07390211529743212,
    0.07376770836372788,
    0.08340307192590374,
    0.07810040520360836,
    0.08009814827416378,
    0.07470916551896013,
    0.08185961380457649,
    0.08196475019212812,
    0.08412971467567751,
    0.08118394638698262,
    0.0866879504173994,
    0.0864270882269081,
    0.08686403344528607,
    0.08647915053790292,
    0.08591794904966193,
    0.08890372357116295,
    0.08517472175523065,
    0.08529810298484965,
    0.08975363396502171,
    0.08079050874445014,
    0.08216957755100268,
    0.07933370242468439,
    0.08704882541384834,
    0.09038359571534854,
    0.0792526904708491
  ],
  "train_transduce": [
    1.4218669042144854,
    0.8506288792669159,
    0.6806502557292426,
    0.5749348277590939,
    0.4936680793762207,
    0.4294563086376977,
    0.3727676306188721,
    0.33110951117633547,
    0.29449709573971855,
    0.2647996322856736,
    0.23985163429655978,
    0.21265791360404074,
    0.18414262355756514,
    0.1674461627820718,
    0.14922514035529696,
    0.13548904807143605,
    0.12459051812586096,
    0.1152457062577464,
    0.10628220156680063,
    0.09824332604472785,
    0.09084192413798313,
    0.08683024479325899,
    0.07976618245935317,
    0.07400312514726035,
    0.07263835536834505,
    0.06630253225334526,
    0.06157490118531529,
    0.059727569600355995,
    0.057855145256851134,
    0.052576199015506454,
    0.04989475969071548,
    0.04692157548996284,
    0.0435304137081215,
    0.04243659685586685,
    0.039819746705482606,
    0.03995155050064024,
    0.038658547743233206,
    0.03455077378156105,
    0.034305158037615496,
    0.032448720057331716,
    0.031177784033004464,
    0.02842026977732624,
    0.02735803842294923,
    0.027790903466628845,
    0.025177115113618448,
    0.02638716359392346,
    0.023746593437666438,
    0.023336716517133965,
    0.021521066773932465,
    0.020776946323242076,
    0.019839431478440302,
    0.019495900349509085,
    0.018933474436671156,
    0.019047522500935058,
    0.02004821235842081,
    0.018185072459674143,
    0.01712634778082294,
    0.016591776928086718,
    0.01637536469611733,
    0.01649470403958496,
    0.015522363896904149,
    0.014697757688802235,
    0.015189144898388419,
    0.014252459198313276,
    0.016821693418998772,
    0.011783673890059833,
    0.014521021921590892,
    0.01301920768377592,
    0.014918577433659782,
    0.01346975909281983,
    0.012521643484414546,
    0.012062270824374995,
    0.012734070690300739,
    0.011767277362655619,
    0.011412428489156528,
    0.011735231681611658,
    0.009449637493181052,
    0.01114714488965584,
    0.011290740944233905,
    0.011180076952159558,
    0.009837410842985414,
    0.009515765712346844,
    0.011680131728914519
  ],