{
  "epoch": [
    1,
    2,
    3,
    4,
    5,
    6,
    7,
    8,
    9,
    10,
    11,
    12,
    13,
    14,
    15,
    16,
    17,
    18,
    19,
    20,
    21,
    22,
    23,
    24,
    25,
    26,
    27,
    28,
    29,
    30,
    31,
    32,
    33,
    34,
    35,
    36,
    37,
    38,
    39,
    40,
    41,
    42,
    43,
    44,
    45,
    46,
    47,
    48,
    49,
    50,
    51,
    52,
    53,
    54,
    55,
    56,
    57,
    58,
    59,
    60,
    61,
    62,
    63,
    64,
    65,
    66,
    67,
    68,
    69,
    70,
    71,
    72,
    73,
    74,
    75,
    76,
    77,
    78,
    79,
    80,
    81,
    82
  ],
  "train_loss": [
    0.9566236846533018,
    0.43350805680161897,
    0.27952036791548285,
    0.19496785926142918,
    0.14427726489213324,
    0.11264926644483793,
    0.09191263476674705,
    0.07895864146886412,
    0.06945114333144169,
    0.058966866953624894,
    0.05286617810386665,
    0.047395059877296086,
    0.04326626921034197,
    0.03747513767370244,
    0.03314910537188815,
    0.03525157810006406,
    0.029234245342692148,
    0.030568156204157575,
    0.025793414476529223,
    0.02290553924118735,
    0.020805213245150354,
    0.022629668907329592,
    0.018870705719461145,
    0.018960649873725303,
    0.021436747660399557,
    0.019432856029225995,
    0.016947101289166388,
    0.01595087846160204,
    0.01463045932702989,
    0.012646143174653431,
    0.012484614637718756,
    0.013744046321719616,
    0.013057261418560808,
    0.013712463122144457,
    0.011758432778789057,
    0.011420964169167174,
    0.010565835521700456,
    0.01166352697230453,
    0.010723945331284488,
    0.009819389797372687,
    0.008995213719881764,
    0.008836944744749399,
    0.009848791764468224,
    0.010601180969838283,
    0.007712683883152383,
    0.008005182719945466,
    0.006577339957674639,
    0.007353312771565751,
    0.007902859741361025,
    0.008168849334379984,
    0.008632473109923686,
    0.009146568311087922,
    0.008174946796588273,
    0.008382762046278809,
    0.006754323997962068,
    0.0058756242132656875,
    0.006503520372621331,
    0.005939283731967192,
    0.007762952938438249,
    0.006552390974601875,
    0.006345524361114661,
    0.005608247110281696,
    0.006865291333710535,
    0.005276435692647602,
    0.008451204522682075,
    0.005619981688160459,
    0.006289706030319272,
    0.003966375713380049,
    0.004014408437234527,
    0.005133684074683787,
    0.006508115159057215,
    0.005963175510897627,
    0.005278741325024928,
    0.005897193150378802,
    0.004323366030897062,
    0.004972892885319001,
    0.003392130932194594,
    0.004076827613315209,
    0.004176455680112902,
    0.004761310457341978,
    0.0041447373333005424,
    0.004429183042543393
  ],
  "val_loss": [
    0.3213939918921544,
    0.2646783452767592,
    0.24657902694665468,
    0.18463859879053557,
    0.1645435496018483,
    0.14815443181074583,
    0.14406525057095748,
    0.1257941247178958,
    0.12654958206873673,
    0.1263365802856592,
    0.11783460928843571,
    0.1140234384399194,
    0.10993150105843177,
    0.10739467207055825,
    0.11255552204182515,
    0.10111484304070473,
    0.10289543609206493,
    0.10229498434525269,
    0.0952003115358261,
    0.09455466557007569,
    0.09526648730612718,
    0.08722497565815082,
    0.09006561611134273,
    0.0992308185937313,
    0.08929161168634892,
    0.09468533270634137,
    0.09642143117693755,
    0.09007710949159585,
    0.08625206193671776,
    0.08980401533727463,
    0.09360141593676347,
    0.0861441743775056,
    0.08202022564812349,
    0.0869560341995496,
    0.08885803818702698,
    0.08931280507777746,
    0.09738742130307051,
    0.08119446992014463,
    0.08876898942085412,
    0.092812144340804,
    0.09873632972057049,
    0.08573739044368267,
    0.097940366428632,
    0.09063729973366627,
    0.08660252564228497,
    0.08212612340083489,
    0.07762008633178014,
    0.07588111516088247,
    0.08364985173997971,
    0.08330459255152024,
    0.0878498308503857,
    0.08718037662597802,
    0.07917581398326617,
    0.08410170359107164,
    0.0754555079799432,
    0.07663027533831504,
    0.07404511894744176,
    0.08051593633941732,
    0.09386414173059165,
    0.0914802668401255,
    0.09099843983466809,
    0.09003883607399005,
    0.0822166631069894,
    0.0861533353678309,
    0.08631825905579787,
    0.08477482423544504,
    0.09440167978979074,
    0.09144611921734534,
    0.09541174006433441,
    0.10189308756246017,
    0.08799014315725519,
    0.09593843236171569,
    0.09656527788879779,
    0.09261549335832779,
    0.09452156203154188,
    0.09228815626388845,
    0.09713443182184935,
    0.0913854772135472,
    0.09481778405069445,
    0.1009152469296868,
    0.10235150998386626,
    0.09595664818054782
  ],
  "train_transduce": [
    0.9546779922603332,
    0.43294607302577226,
    0.2789668046014825,
    0.19459351152181625,
    0.14422425654591972,
    0.11262663353964225,
    0.09190396106197048,
    0.07894732630283562,
    0.06944391369512401,
    0.0589613721408334,
    0.052858699621997546,
    0.047385528942896535,
    0.04326585367725221,
    0.03747463816796074,
    0.033148716751140415,
    0.035251444460075235,
    0.02923413556664414,
    0.030567869001557838,
    0.02579291869607783,
    0.022905076738715786,
    0.020804992903350403,
    0.022629265039775175,
    0.01887056653954319,
    0.018960580014930943,
    0.02134929967986554,
    0.019432524082337303,
    0.016945787621469994,
    0.015950513217530993,
    0.014630250323122157,
    0.01264523049533252,
    0.01248426577700398,
    0.01374018138704207,
    0.013056966858992795,
    0.013712251366874607,
    0.011758300456573669,
    0.011420731200505355,
    0.010565715928360359,
    0.011663223560371427,
    0.010723320611862984,
    0.009819322859162715,
    0.008995144914226011,
    0.008836900124076716,
    0.009848736984458435,
    0.010601147427823702,
    0.007712663942527929,
    0.008005106788651883,
    0.006577290587676881,
    0.007353289326480062,
    0.007902847424439951,
    0.008168821628733548,
    0.008632452764245922,
    0.009146545972547868,
    0.008174931115924487,
    0.00838275433886441,
    0.00675431342847098,
    0.005875619912799688,
    0.006503517161748737,
    0.005939279746842696,
    0.007762157720226804,
    0.006549644999394491,
    0.006345430902564255,
    0.005608230284817238,
    0.006865281748649012,
    0.005276426125513438,
    0.00845118098113369,
    0.00561997947251885,
    0.006289704235183008,
    0.00396637298107044,
    0.004014407116310676,
    0.005133681925800965,
    0.006508110523747146,
    0.005963172608165589,
    0.0052787403545472,
    0.005897192072411927,
    0.00432336482758869,
    0.004972891940794688,
    0.003392130379896904,
    0.00407682619082799,
    0.0041764545539146785,
    0.004761308144112525,
    0.004144737038361725,
    0.004429139971574673
  ],