{
  "epoch": [
    1,
    2,
    3,
    4,
    5,
    6,
    7,
    8,
    9,
    10,
    11,
    12,
    13,
    14,
    15,
    16,
    17,
    18,
    19,
    20,
    21,
    22,
    23,
    24,
    25,
    26,
    27,
    28,
    29,
    30,
    31,
    32,
    33,
    34,
    35,
    36,
    37,
    38,
    39,
    40,
    41,
    42,
    43,
    44,
    45,
    46,
    47,
    48,
    49,
    50,
    51,
    52,
    53,
    54,
    55,
    56,
    57,
    58,
    59,
    60,
    61,
    62,
    63,
    64,
    65,
    66,
    67,
    68,
    69,
    70,
    71,
    72,
    73,
    74,
    75,
    76,
    77
  ],
  "train_loss": [
    2.6719238510226258,
    1.4091416721296783,
    0.7229621230375649,
    0.4596451886809698,
    0.32787568159032576,
    0.24091956041531987,
    0.1962792639537613,
    0.16722929964561273,
    0.13310208621591624,
    0.11656198193236153,
    0.10475353155248236,
    0.09611535164536816,
    0.08478842956004756,
    0.08324559254221398,
    0.07187665827424809,
    0.07187971148160424,
    0.060479390822203445,
    0.06178229671008516,
    0.056363640196326344,
    0.052850167202477406,
    0.05433567397591501,
    0.05117529010086661,
    0.052761865807420545,
    0.043688184461823786,
    0.042201871762402574,
    0.03977829785464276,
    0.03951182103448427,
    0.03926817259502293,
    0.0360077676169648,
    0.03493639011636819,
    0.035634281146017334,
    0.033546026671618816,
    0.035504231967105726,
    0.03267608138981579,
    0.036730673574464454,
    0.03350687719014759,
    0.02741346373637714,
    0.025514243322765768,
    0.027935354223493303,
    0.028449770496549582,
    0.026551906404426635,
    0.027008378836741245,
    0.02601247676878725,
    0.02143234761874422,
    0.025808451139358896,
    0.022241859528521944,
    0.02510686353134858,
    0.0209310094268052,
    0.02091684852413243,
    0.021022372494110524,
    0.01971203702188438,
    0.027264202223389898,
    0.02847436343845312,
    0.0244931125331043,
    0.020453587732287032,
    0.017581743552432496,
    0.014749392691889022,
    0.01678270380828751,
    0.016018123614906083,
    0.020270018697725517,
    0.020628340936514854,
    0.0160628482134607,
    0.015761407744600484,
    0.01482546448449392,
    0.01687950977253368,
    0.018341135673944166,
    0.017807948137956237,
    0.015881532226288044,
    0.01316230337073252,
    0.012815144268039725,
    0.014940438399063699,
    0.01324575070503841,
    0.01828411872968963,
    0.017833561117825383,
    0.016368591857124304,
    0.013949068984717573,
    0.014671982224514284
  ],
  "val_loss": [
    1.8399246289179876,
    0.7098938089150649,
    0.3508428128866049,
    0.21827823382157546,
    0.1297226565388533,
    0.10348481054489429,
    0.09270740701602055,
    0.07937046842506298,
    0.07732936417540678,
    0.07307624917190808,
    0.06505950834028996,
    0.060024520059904225,
    0.06063167865459736,
    0.05917060450435831,
    0.06055995105550839,
    0.05523051586575233,
    0.05251273922980405,
    0.054657341804928504,
    0.05354478344536172,
    0.048974444498666204,
    0.049238344439520285,
    0.0508996368958973,
    0.04759979849824539,
    0.0433642914554534,
    0.04297059684848556,
    0.046042647767955296,
    0.04324383442648328,
    0.04183437162114737,
    0.042872324890385456,
    0.04418205580889033,
    0.04674403784939876,
    0.0514284047889165,
    0.042239461273241505,
    0.04204756350149042,
    0.04258393224042196,
    0.046319926399379395,
    0.042971712201296426,
    0.04192314145620912,
    0.04213885490137797,
    0.047858859170586444,
    0.04653867077118216,
    0.041493855273494355,
    0.0407239909355457,
    0.04285165010235058,
    0.042734163759562835,
    0.04436917541226229,
    0.03916409007237794,
    0.04443527554842429,
    0.046683230316445515,
    0.04410090724615237,
    0.05035716021218552,
    0.0440316518338827,
    0.04031832136052589,
    0.04330329929227726,
    0.04358249257067935,
    0.040969134003926926,
    0.046485845429392963,
    0.04356557527521195,
    0.049192860579261415,
    0.041711581172421575,
    0.04677909728175459,
    0.04718738950144213,
    0.04654034365711805,
    0.04239660384169278,
    0.045022693467147365,
    0.046999772191226766,
    0.040482633877008296,
    0.044314873637631536,
    0.04268299753759773,
    0.04082218857589536,
    0.04058576992695005,
    0.045438667316025555,
    0.05098163953068881,
    0.048345246562698424,
    0.04159099641793336,
    0.04801773883473988,
    0.04978608122417846
  ],
  "train_transduce": [
    2.6719238510226258,
    1.4091416721296783,
    0.7229621230375649,
    0.4596451886809698,
    0.32787568159032576,
    0.24091956041531987,
    0.1962792639537613,
    0.16722929964561273,
    0.13310208621591624,
    0.11656198193236153,
    0.10475353155248236,
    0.09611535164536816,
    0.08478842956004756,
    0.08324559254221398,
    0.07187665827424809,
    0.07187971148160424,
    0.060479390822203445,
    0.06178229671008516,
    0.056363640196326344,
    0.052850167202477406,
    0.05433567397591501,
    0.05117529010086661,
    0.052761865807420545,
    0.043688184461823786,
    0.042201871762402574,
    0.03977829785464276,
    0.03951182103448427,
    0.03926817259502293,
    0.0360077676169648,
    0.03493639011636819,
    0.035634281146017334,
    0.033546026671618816,
    0.035504231967105726,
    0.03267608138981579,
    0.036730673574464454,
    0.03350687719014759,
    0.02741346373637714,
    0.025514243322765768,
    0.027935354223493303,
    0.028449770496549582,
    0.026551906404426635,
    0.027008378836741245,
    0.02601247676878725,
    0.02143234761874422,
    0.025808451139358896,
    0.022241859528521944,
    0.02510686353134858,
    0.0209310094268052,
    0.02091684852413243,
    0.021022372494110524,
    0.01971203702188438,
    0.027264202223389898,
    0.02847436343845312,
    0.0244931125331043,
    0.020453587732287032,
    0.017581743552432496,
    0.014749392691889022,
    0.01678270380828751,
    0.016018123614906083,
    0.020270018697725517,
    0.020628340936514854,
    0.0160628482134607,
    0.015761407744600484,
    0.01482546448449392,
    0.01687950977253368,
    0.018341135673944166,
    0.017807948137956237,
    0.015881532226288044,
    0.01316230337073252,
    0.012815144268039725,
    0.014940438399063699,
    0.01324575070503841,
    0.01828411872968963,
    0.017833561117825383,
    0.016368591857124304,
    0.013949068984717573,
    0.014671982224514284
  ],