{
  "epoch": [
    1,
    2,
    3,
    4,
    5,
    6,
    7,
    8,
    9,
    10
  ],
  "train_loss": [
    1.5058857740200673,
    0.7595715845368572,
    0.5458300685145191,
    0.4235156103200519,
    0.3530061211168152,
    0.28625867285372053,
    0.23489079201958843,
    0.20042020236093974,
    0.17778283634136632,
    0.15810331206807157
  ],
  "val_loss": [
    0.667772636963771,
    0.4893164863953224,
    0.39911590401942915,
    0.32889421398823077,
    0.2798557843153293,
    0.2641685731135882,
    0.24730220093176916,
    0.21613926956286797,
    0.20390295179990622,
    0.17888202059727448
  ],
  "train_transduce": [
    1.5058857740200673,
    0.7595715845368572,
    0.5458300685145191,
    0.4235156103200519,
    0.3530061211168152,
    0.28625867285372053,
    0.23489079201958843,
    0.20042020236093974,
    0.17778283634136632,
    0.15810331206807157
  ],
  "val_transduce": [
    0.667772636963771,
    0.4893164863953224,
    0.39911590401942915,
    0.32889421398823077,
    0.2798557843153293,
    0.2641685731135882,
    0.24730220093176916,
    0.21613926956286797,
    0.20390295179990622,
    0.17888202059727448
  ],
  "l0": [
    0.0,
    0.0,
    0.0,
    0.0,
    0.0,
    0.0,
    0.0,
    0.0,
    0.0,
    0.0
  ],
  "lambda_l0_effective": [
    0.01,
    0.01,
    0.01,
    0.01,
    0.01,
    0.01,
    0.01,
    0.01,
    0.01,
    0.01
  ],
  "recon_loss": [],
  "balance_loss": [],
  "val_reg_acc": [
    0.08571428571428572,
    0.2753246753246753,
    0.4077922077922078,
    0.45194805194805193,
    0.5064935064935064,
    0.5454545454545454,
    0.5168831168831168,
    0.6519480519480519,
    0.6285714285714286,
    0.7142857142857143
  ],
  "val_irr_acc": [
    0.05555555555555555,
    0.16666666666666666,
    0.2222222222222222,
    0.2777777777777778,
    0.3333333333333333,
    0.3333333333333333,
    0.3333333333333333,
    0.4444444444444444,
    0.3888888888888889,
    0.3888888888888889
  ],
  "val_acc": [
    0.08436724565756824,
    0.2704714640198511,
    0.39950372208436724,
    0.4441687344913151,
    0.4987593052109181,
    0.5359801488833746,
    0.5086848635235732,
    0.6426799007444168,
    0.6178660049627791,
    0.6997518610421837
  ],
  "phase": [
    0,
    0,
    0,
    0,
    0,
    0,
    0,
    0,
    0,
    0
  ]
}