{
  "epoch": [
    1,
    2,
    3,
    4,
    5,
    6,
    7,
    8,
    9,
    10,
    11,
    12,
    13,
    14,
    15,
    16,
    17,
    18,
    19,
    20,
    21,
    22,
    23,
    24,
    25,
    26,
    27,
    28,
    29,
    30,
    31,
    32,
    33,
    34,
    35,
    36,
    37,
    38,
    39,
    40,
    41,
    42,
    43,
    44,
    45,
    46,
    47,
    48,
    49,
    50,
    51,
    52,
    53,
    54,
    55,
    56,
    57,
    58,
    59,
    60,
    61,
    62,
    63,
    64,
    65,
    66,
    67,
    68,
    69,
    70,
    71,
    72,
    73,
    74,
    75,
    76,
    77,
    78,
    79,
    80,
    81,
    82,
    83,
    84,
    85,
    86,
    87,
    88,
    89,
    90,
    91,
    92,
    93,
    94,
    95,
    96,
    97,
    98,
    99,
    100,
    101,
    102,
    103,
    104,
    105,
    106,
    107,
    108,
    109,
    110,
    111,
    112,
    113,
    114,
    115,
    116,
    117,
    118,
    119,
    120,
    121,
    122,
    123,
    124,
    125,
    126,
    127,
    128,
    129,
    130,
    131,
    132,
    133,
    134,
    135,
    136,
    137,
    138,
    139,
    140,
    141,
    142,
    143,
    144,
    145
  ],
  "train_loss": [
    1.4816579547258888,
    0.909849474925806,
    0.6979013817145092,
    0.580632859232402,
    0.5129309095958672,
    0.46598767909673183,
    0.43217246868822834,
    0.4035931627939243,
    0.37845893366502065,
    0.35453168236383115,
    0.3369010402129428,
    0.31691502772345403,
    0.300246791674359,
    0.28671434595443235,
    0.2766884324869307,
    0.2627402802210043,
    0.25255637401991554,
    0.2444371898280512,
    0.23499618146089044,
    0.22579019996199276,
    0.21666648364303134,
    0.21097019381157242,
    0.20067574563297894,
    0.19922176143615553,
    0.19006232932062433,
    0.1858985182082299,
    0.17827239308026757,
    0.17564812243574918,
    0.16873873216976035,
    0.1661436073850877,
    0.1585949208624292,
    0.15495709647046457,
    0.152840757650314,
    0.14976291476499917,
    0.14555717458819398,
    0.1426655283511275,
    0.13752334697706864,
    0.1356364591139378,
    0.1341373828230518,
    0.12814743658251102,
    0.12668109987631881,
    0.12481954760185562,
    0.12106808145890141,
    0.1171348696150402,
    0.11544489974875262,
    0.1160409940351354,
    0.11140222316331203,
    0.10644139423228727,
    0.1054812319355436,
    0.10573550365348854,
    0.10260828237722416,
    0.1027493860830765,
    0.09815105666766072,
    0.09614226067125207,
    0.09400469983125677,
    0.0931541961756083,
    0.09107152708243615,
    0.08892313955296384,
    0.08837206916201233,
    0.08950344362471363,
    0.0857092221036996,
    0.08441386777575653,
    0.08251373709575964,
    0.08265786042602935,
    0.0787591427601505,
    0.07772376303478043,
    0.07793263574637989,
    0.07527985023611253,
    0.07471369026173459,
    0.07336777778766533,
    0.07060865751735054,
    0.07183732682525522,
    0.06778642406115437,
    0.06832625086207202,
    0.06743467689519471,
    0.06518025712875447,
    0.06606332483784397,
    0.06480436744445031,
    0.06510266403455546,
    0.06391736197442112,
    0.06208845807036551,
    0.061949272391082034,
    0.06163178533684499,
    0.058699401851632804,
    0.059714190883211574,
    0.05702676849052458,
    0.05755631889373359,
    0.056742292985615166,
    0.05581039477988045,
    0.05479789123234182,
    0.05526399641934008,
    0.0540316076488188,
    0.053225162798667895,
    0.053678721724317806,
    0.054122650258169314,
    0.05053845472117462,
    0.0527415310152539,
    0.053429276332037874,
    0.051629941679979904,
    0.049145002277697074,
    0.048601753456462726,
    0.04982515650404857,
    0.04853111128368885,
    0.048833389388452664,
    0.050340816037415866,
    0.047835787822778274,
    0.04727394099688471,
    0.04710971556677677,
    0.04715775454988574,
    0.04615554531648903,
    0.04773006438840144,
    0.04528992779848009,
    0.045480579432874625,
    0.044652480005037666,
    0.044782050995912294,
    0.04507224923829631,
    0.043503815040803785,
    0.04269598438266185,
    0.04349224501759699,
    0.04327585693854507,
    0.04198877601008309,
    0.04113424969560439,
    0.043849720868586316,
    0.043056276110508065,
    0.04154409737427636,
    0.0432269883222214,
    0.042088548689711805,
    0.042268475785040026,
    0.043338759848386935,
    0.03943149305621881,
    0.04099133765638465,
    0.04160512595594224,
    0.041576186812823955,
    0.04261688764511359,
    0.03997100644403755,
    0.03862220056742282,
    0.040229433787857545,
    0.04003696880386312,
    0.03923916342751224,
    0.03844650893352262,
    0.03790202724867233,
    0.040121981200974176,
    0.040819216823887707,
    0.03869110279910193,
    0.03923253491889722
  ],