{
  "epoch": [
    1,
    2,
    3,
    4,
    5,
    6,
    7,
    8,
    9,
    10,
    11,
    12,
    13,
    14,
    15,
    16,
    17,
    18,
    19,
    20,
    21,
    22,
    23,
    24,
    25,
    26,
    27,
    28,
    29,
    30,
    31,
    32,
    33,
    34,
    35,
    36,
    37,
    38,
    39,
    40,
    41,
    42,
    43,
    44,
    45,
    46,
    47,
    48,
    49,
    50,
    51,
    52,
    53,
    54,
    55,
    56,
    57,
    58,
    59,
    60,
    61,
    62,
    63,
    64,
    65,
    66,
    67,
    68,
    69,
    70,
    71,
    72,
    73,
    74,
    75,
    76,
    77,
    78,
    79,
    80,
    81,
    82,
    83,
    84,
    85,
    86,
    87,
    88,
    89,
    90,
    91,
    92,
    93,
    94,
    95,
    96,
    97,
    98,
    99,
    100,
    101,
    102,
    103,
    104,
    105,
    106,
    107,
    108,
    109,
    110,
    111,
    112,
    113,
    114,
    115,
    116,
    117,
    118,
    119,
    120,
    121,
    122,
    123,
    124,
    125,
    126,
    127,
    128,
    129,
    130,
    131,
    132,
    133,
    134,
    135
  ],
  "train_loss": [
    1.2151926436375098,
    0.5693465429790241,
    0.3408867163756459,
    0.24137219717514882,
    0.18500978203932034,
    0.15551763166164614,
    0.1278638013244904,
    0.11399897637287366,
    0.09935384280211532,
    0.0905392761582259,
    0.08107863923477143,
    0.07332479935523468,
    0.06674848646693624,
    0.061232465012095026,
    0.05289311139585124,
    0.04877484105911452,
    0.04693241675681982,
    0.04366605471550804,
    0.041811433236700356,
    0.03875852982062347,
    0.035981840425238165,
    0.03431350166534947,
    0.030964960622572407,
    0.030255985590293237,
    0.02618024085609953,
    0.028402515987087925,
    0.025013309536194524,
    0.023200154722159364,
    0.023992668894916466,
    0.02275809051094519,
    0.020079118233250894,
    0.018931032784916844,
    0.01789993076037961,
    0.01700972042348927,
    0.01728206171327722,
    0.01701319776715461,
    0.015476232428180496,
    0.015961380352592577,
    0.01570060076888113,
    0.014723592533816382,
    0.013758364810425904,
    0.01426674632509191,
    0.014901808789479979,
    0.01324034564451497,
    0.012266724015773302,
    0.011732475629277988,
    0.012404238658755557,
    0.012365382199521302,
    0.01068517989803048,
    0.011260667773198873,
    0.00921533265770365,
    0.01021703085610067,
    0.00880862107037173,
    0.010038004487815323,
    0.009702751573208795,
    0.010456932259761948,
    0.009683085391273933,
    0.008855816618342567,
    0.009341234444477355,
    0.007928343411755854,
    0.007942244994391678,
    0.007744470595612584,
    0.008000152710628379,
    0.007537612092642824,
    0.009142013248080177,
    0.006580913546207102,
    0.008463146976920171,
    0.008988608420135203,
    0.006856912227657134,
    0.006916003713393872,
    0.006685654454823756,
    0.006100783126666355,
    0.0067540230640551055,
    0.007914106265855377,
    0.007686874795028191,
    0.005251806145041855,
    0.006329275791733717,
    0.006364000246190399,
    0.006255786285673259,
    0.006214293371045904,
    0.005480305125190367,
    0.005742236339821979,
    0.004277098705792876,
    0.006367200798926318,
    0.006150013761032017,
    0.00614820536977333,
    0.004233968731456378,
    0.005142666944350625,
    0.00529675550723434,
    0.005304059464983719,
    0.004890443996607912,
    0.005244454289138432,
    0.0045540608354956965,
    0.0037270825891515488,
    0.005625434482746791,
    0.004250331060059571,
    0.005215712747213757,
    0.004732600046614588,
    0.005201453428695065,
    0.0037166786406515645,
    0.0044061891974181595,
    0.003909637655561175,
    0.0034207117441650385,
    0.0046818356589863035,
    0.0037554488698117792,
    0.0031024100741709956,
    0.003435470456360676,
    0.0027781745062459297,
    0.003417260707061997,
    0.003755441596179471,
    0.004200884164581027,
    0.003283763907957203,
    0.0032470292480303617,
    0.002810616513126717,
    0.0032444569141515194,
    0.0030662758801235654,
    0.0028009820747796504,
    0.003093021286779909,
    0.0029777879534936126,
    0.0033413031874776618,
    0.003738010517164306,
    0.002929313009537003,
    0.0027984791240575676,
    0.002781658642392752,
    0.0025010757538617215,
    0.0024597145796356815,
    0.0023633910478218748,
    0.003064689406622249,
    0.0025615415623778783,
    0.00315004016434595,
    0.002399607964331697,
    0.002621500109844138,
    0.0023962399247897544,
    0.0023393633278622652,
    0.0023780471020313364
  ],