{
  "epoch": [
    1,
    2,
    3,
    4,
    5,
    6,
    7,
    8,
    9,
    10,
    11,
    12,
    13,
    14,
    15,
    16,
    17,
    18,
    19,
    20,
    21,
    22,
    23,
    24,
    25,
    26,
    27,
    28,
    29,
    30,
    31,
    32,
    33,
    34,
    35,
    36,
    37,
    38,
    39,
    40,
    41,
    42,
    43,
    44,
    45,
    46,
    47,
    48,
    49,
    50,
    51,
    52,
    53,
    54,
    55,
    56,
    57,
    58,
    59,
    60
  ],
  "train_loss": [
    2.937924857186799,
    2.187266184551881,
    1.7969965899344718,
    1.5459352590069912,
    1.3821451321686848,
    1.2569577682136308,
    1.1639631815475993,
    1.0856040580437916,
    1.0212136684077802,
    0.9656355510843863,
    0.9195300275736517,
    0.8791841433780028,
    0.8389253899602607,
    0.800487466967932,
    0.7716519690976285,
    0.7344419661134777,
    0.7102635479209447,
    0.6836050902262772,
    0.6637528639028568,
    0.6399612860514385,
    0.6177420598445552,
    0.5968295651497227,
    0.5790162464179615,
    0.5626410015738836,
    0.5459081627944908,
    0.5287799271616606,
    0.5139590932591127,
    0.5003191704797273,
    0.49375266515382443,
    0.4764968805974073,
    0.463044802151104,
    0.4577559985146664,
    0.44774356543427646,
    0.42829711336900694,
    0.4187628325849476,
    0.4144262633111217,
    0.4044477824527438,
    0.393700108669772,
    0.38764694156032975,
    0.3812494705809225,
    0.3719741961743572,
    0.3604743462978023,
    0.35646756863830115,
    0.349236322068932,
    0.33886745940930774,
    0.33048450150112113,
    0.32829494567790835,
    0.3202523431270429,
    0.31341166572995705,
    0.3083115165481473,
    0.3027821732039499,
    0.30018579561521513,
    0.29019416986715674,
    0.2858641129909175,
    0.281856965458039,
    0.27617075375401146,
    0.27835700653567175,
    0.2658937803589472,
    0.26390610915599483,
    0.25811652308053307
  ],
  "val_loss": [
    2.47520925448491,
    1.9068881640067468,
    1.5755846316997821,
    1.37854396379911,
    1.2525161596444936,
    1.2367716477467463,
    1.1575361490249634,
    1.1047097903031569,
    1.084009234721844,
    1.055859854588142,
    1.0395574936499963,
    1.0183164523198054,
    0.9275343876618606,
    0.8627741153423603,
    0.8592264560552744,
    0.9504660459665152,
    0.8195674006755536,
    0.871126651763916,
    0.8740131442363446,
    0.9454612365135779,
    0.9760167919672452,
    0.9176062024556674,
    0.9261331558227539,
    0.8223619644458477,
    0.7731703428121713,
    0.9085238392536457,
    0.8333464081470783,
    0.7799519208761362,
    0.8287199827340933,
    0.7849985498648423,
    0.7814226379761329,
    0.8021237529241122,
    0.8842572294748746,
    0.8581685561400193,
    0.7564960443056546,
    0.8010028921640836,
    0.7950082971499517,
    0.8395429987173814,
    0.8076972778026874,
    0.8173784751158494,
    0.8305916144297674,
    0.8227507334489089,
    0.9038053017396194,
    0.8607932512576764,
    0.7911031016936669,
    0.7981902223366958,
    0.8637886460010822,
    0.8437313437461853,
    0.8442976291363056,
    0.8617404332527747,
    0.8548180323380691,
    0.8627905112046462,
    0.959086904158959,
    0.9002531445943392,
    0.8040846586227417,
    0.7854656806358924,
    0.8474575372842642,
    0.9544504239008977,
    0.8762922791334299,
    0.8581750255364639
  ],
  "train_transduce": [
    2.931076448742706,
    2.181944448168915,
    1.7920771967066396,
    1.544634454321153,
    1.3810936224342574,
    1.2555598988391385,
    1.1625361472073168,
    1.0848352991708434,
    1.0207794780778412,
    0.9647148304646558,
    0.9192112725560028,
    0.8787201867245211,
    0.8386198471088221,
    0.80012978716652,
    0.7714345632213178,
    0.7341955764458912,
    0.7100791175766746,
    0.683343774021262,
    0.6635104948931402,
    0.6397745293555873,
    0.617529954355542,
    0.5966857111099924,
    0.5787561476820766,
    0.5623252365258661,
    0.5457022511723018,
    0.528562328012863,
    0.5138256620652605,
    0.5001948086342008,
    0.49349254841851714,
    0.47637139098479014,
    0.4628984370444081,
    0.4576287597122759,
    0.447571734685709,
    0.4280511875553886,
    0.41860913079563933,
    0.4143186447643998,
    0.40417841844039387,
    0.39345006216870676,
    0.38753392967847317,
    0.3809945025656483,
    0.37184815654660214,
    0.360399463684252,
    0.35633205083927305,
    0.34914728630297254,
    0.33881155807192964,
    0.3304530571002771,
    0.32826677525397574,
    0.3202300629403331,
    0.3134045369259202,
    0.3082984536886215,
    0.30276926894589223,
    0.3001786303697246,
    0.290184217514378,
    0.2858613137856568,
    0.28185504335578127,
    0.2761571973857313,
    0.2783510571364129,
    0.2658922309332555,
    0.2639044163250687,
    0.25811505243919863
  ],
  "val_transduce": [
    2.4601735518528867,
    1.8944111879055316,
    1.5726851591697106,
    1.3614949996654804,
    1.2498346200356116,
    1.2355735026873076,
    1.1561001172432532,
    1.1029994579461904,
    1.0804315025989826,
    1.0551073872126067,
    1.0376407412382274,
    1.0179339555593638,
    0.9271268156858591,
    0.8625355317042425,
    0.8585876776621892,
    0.9491566465451167,
    0.8193313066775982,
    0.8709062200326186,
    0.8721232414245605,
    0.9445412342364972,
    0.9755516143945547,
    0.9172572401853708,
    0.9219270256849436,
    0.8220603466033936,
    0.7730447237308209,
    0.9084475040435791,
    0.8332279874728277,
    0.7789744047018198,
    0.8283680356465853,
    0.7843377039982722,
    0.7812240857344407,
    0.8014180660247803,
    0.8842104214888352,
    0.8577741476205679,
    0.7559061096264765,
    0.7999164828887353,
    0.794450058386876,
    0.8379169977628268,
    0.8066544624475332,
    0.8158774513464707,
    0.8302784057763907,
    0.8226176637869614,
    0.9034568621562078,
    0.860134496138646,
    0.7910513006723844,
    0.7980477397258465,
    0.8637241216806265,
    0.8436551369153537,
    0.8442938373639033,
    0.8616358912908114,
    0.8548053961533767,
    0.862788214133336,
    0.9590857625007629,
    0.9002500543227563,
    0.8040840396514306,
    0.7854018669862014,
    0.84745559325585,
    0.9544502955216628,
    0.8762865387476407,
    0.8581746403987591
  ],
  "l0": [
    0.018293103203177452,
    0.008208831772208214,
    0.000903695821762085,
    0.011644799262285233,
    0.0006344520952552557,
    2.3758493625791743e-05,
    0.002751527586951852,
    9.69641623669304e-05,
    0.001689174328930676,
    5.442660039989278e-05,
    0.000745529483538121,
    0.0004082262748852372,
    3.015386255356134e-06,
    3.461834785412066e-05,
    7.634567009517923e-05,
    0.0004896103637292981,
    1.6216802123381058e-06,
    4.2302231122448575e-06,
    0.0012924313778057694,
    0.00025647427537478507,
    0.00010806202044477686,
    4.1820348997134715e-05,
    0.003653174266219139,
    5.436955689219758e-05,
    1.0117121746588964e-05,
    0.00018446185276843607,
    9.60573561314959e-06,
    0.0002633643161971122,
    2.4121660317177884e-05,
    0.00013393608969636261,
    7.6119695222587325e-06,
    0.0002235606370959431,
    0.0001673924271017313,
    3.796420423896052e-05,
    0.00018179947801399976,
    0.00042482512071728706,
    0.00011124261072836816,
    0.0007537296623922884,
    0.00042309710988774896,
    0.0005454563652165234,
    2.4225228116847575e-05,
    9.063179277291056e-06,
    5.650248931488022e-05,
    0.0002049911709036678,
    1.7572347132954746e-08,
    4.576443097903393e-05,
    5.328565748641267e-06,
    1.7643851606408134e-05,
    1.6251765373453964e-06,
    5.432123361970298e-05,
    2.161862539651338e-06,
    4.714448095910484e-06,
    3.844940238195704e-06,
    3.1124500310397707e-07,
    6.661143636677025e-09,
    3.928281148546375e-05,
    2.024062837335805e-07,
    4.150026597926626e-07,
    1.7880084897115012e-06,
    8.390636594413081e-07
  ],