{
  "epoch": [
    1,
    2,
    3,
    4,
    5,
    6,
    7,
    8,
    9,
    10,
    11,
    12,
    13,
    14,
    15,
    16,
    17,
    18,
    19,
    20,
    21,
    22,
    23,
    24,
    25,
    26,
    27,
    28,
    29,
    30,
    31,
    32,
    33,
    34,
    35,
    36,
    37,
    38,
    39,
    40,
    41,
    42,
    43,
    44,
    45,
    46,
    47,
    48,
    49,
    50,
    51,
    52,
    53,
    54,
    55,
    56,
    57,
    58
  ],
  "train_loss": [
    1.307666701139863,
    0.7268641274614432,
    0.5724745011821235,
    0.4724861908819258,
    0.3960156290187049,
    0.3339429206608497,
    0.27060250553888143,
    0.22189887382627763,
    0.18660506763562715,
    0.16222260358560944,
    0.14105229625075133,
    0.12348304304879965,
    0.10974524982427199,
    0.10228007451928768,
    0.09094632246061084,
    0.08285469166243199,
    0.0783645780661057,
    0.07029322149788904,
    0.06540815602296714,
    0.06058230373970012,
    0.05612769978332151,
    0.05028802527057141,
    0.050626199946921205,
    0.04502126959526969,
    0.04293163496636085,
    0.04206394287997607,
    0.037245287079863326,
    0.037204786707867976,
    0.03510692573546134,
    0.030504253481697177,
    0.03176440598836802,
    0.03330532200010397,
    0.027563774206954026,
    0.029105362835215386,
    0.0265565490561355,
    0.02548471440023445,
    0.025236903190535984,
    0.02386331382524414,
    0.02264394220348793,
    0.02144152359777735,
    0.020781080527759167,
    0.018429087569754685,
    0.022798269619857987,
    0.018256136617075997,
    0.018487262563568724,
    0.01846422682175432,
    0.018216922160324438,
    0.018336126141576578,
    0.01728272885228171,
    0.017001429161047275,
    0.014759062353123133,
    0.015108885033507399,
    0.015122805772464453,
    0.013541442424313347,
    0.01508671513905019,
    0.015903743912259443,
    0.014856725118660666,
    0.01546233280180214
  ],
  "val_loss": [
    0.49341459228442264,
    0.3753372086928441,
    0.34462487582977,
    0.314467741892888,
    0.2757125118604073,
    0.27764546756560987,
    0.22607693420006678,
    0.21871211780951574,
    0.20258456812455103,
    0.20114112129578224,
    0.18127190722868994,
    0.17916443600104406,
    0.16610987541767266,
    0.17353861033916473,
    0.16786323774319428,
    0.15021348228821388,
    0.1620492419371238,
    0.14790384127543524,
    0.13733726739883423,
    0.14555480617743272,
    0.138874396108664,
    0.13491739533268488,
    0.1420962601326979,
    0.14308162062213972,
    0.13189412768070513,
    0.13214223860548094,
    0.1254484663502528,
    0.13377408024210197,
    0.12284769719609848,
    0.1192370759179959,
    0.13183157575818208,
    0.1312654339350187,
    0.11500936560332775,
    0.12296238627571326,
    0.12658962979912758,
    0.12485183746768878,
    0.12296575938279812,
    0.11871723687419525,
    0.12416902757607974,
    0.11776494979858398,
    0.12306192560264698,
    0.12341453994695957,
    0.11669292043034847,
    0.12597133992956236,
    0.12830167535979015,
    0.12831532596968687,
    0.12784141244796607,
    0.12487295026389453,
    0.1178755179907267,
    0.12259739651702918,
    0.12522953963623598,
    0.12193310547333497,
    0.12182276036876899,
    0.1305972238859305,
    0.11608021061580914,
    0.1318278327011145,
    0.12857387587428093,
    0.1322259673705468
  ],
  "train_transduce": [
    1.3061267589170908,
    0.7267729526328057,
    0.5718640878642958,
    0.4720047260682607,
    0.3951493950234246,
    0.3327435645246014,
    0.2699554766883555,
    0.2218230100175769,
    0.1865770757275144,
    0.16218377941662504,
    0.14103338372000715,
    0.12347985500681032,
    0.10973902133091823,
    0.10227865330183629,
    0.09094519936239596,
    0.08285404338510995,
    0.07836188740797878,
    0.07029292688311375,
    0.06540735849400156,
    0.06058183355621763,
    0.05612730852222627,
    0.05028797353896284,
    0.050626164825498754,
    0.04502107540011099,
    0.04293157981190177,
    0.04206383971919872,
    0.03724516612794442,
    0.037204777279427066,
    0.035106904075010534,
    0.030504199260960995,
    0.03176439062874649,
    0.03330528581294125,
    0.027563767054012603,
    0.029105356577591796,
    0.026556475181612617,
    0.02548471295524427,
    0.025236899530054212,
    0.023863294437892504,
    0.022643847095770473,
    0.021441504329241353,
    0.020781078419081635,
    0.018429083980082236,
    0.02279825407541213,
    0.018256128116357188,
    0.018487254098854652,
    0.01846354211003702,
    0.018216577210924446,
    0.018336025600744047,
    0.01728271240531707,
    0.01700140072690496,
    0.014759029914053715,
    0.015096653362054416,
    0.015122737798518165,
    0.013541411373826685,
    0.015086693533806648,
    0.01590331058142726,
    0.014856638617875995,
    0.015462287286411702
  ],
  "val_transduce": [
    0.4933150869149428,
    0.3750262718934279,
    0.34422732201906353,
    0.3137251390860631,
    0.2748049394442485,
    0.2774573690616168,
    0.22391354349943307,
    0.21847205322522384,
    0.2023401787647834,
    0.20093538669439462,
    0.18125512622869933,
    0.17912113150724998,
    0.16605665706671202,
    0.17350177294932878,
    0.16784214629576757,
    0.15020128396841195,
    0.16203039024884885,
    0.14789276398145235,
    0.1373168473633436,
    0.1455023724299211,
    0.13886813991344893,
    0.13491419072334582,
    0.14209256435816103,
    0.14308039987316498,
    0.13189277009895214,
    0.13214077628575838,
    0.12544825042669588,
    0.13377376101337946,
    0.12284731664336644,
    0.11923631194692391,
    0.13183043639247233,
    0.13126508232492667,
    0.1150090373479403,
    0.12296210401333295,
    0.12658957936442816,
    0.12485180107446817,
    0.122965683014347,
    0.11871708098512429,
    0.12416884217124718,
    0.11776486927500138,
    0.12306188648709884,
    0.12341450957151559,
    0.11669279362719792,
    0.125971286629255,
    0.12830161288953745,
    0.12831495043176872,
    0.1278409854723857,
    0.12487272058541958,
    0.11787507425133999,
    0.12259720924955148,
    0.1252294578231298,
    0.12193245182816799,
    0.12182223639236046,
    0.13059701355030903,
    0.11607985571026802,
    0.13182748925800508,
    0.12857341365172312,
    0.13222570688678667
  ],
  "l0": [
    0.00011612824164330959,
    0.00033527318737469614,
    0.0003049081133212894,
    0.00028836182900704443,
    5.963992225588299e-05,
    4.3766114686150104e-05,
    0.0015321087557822466,
    0.00021039928833488375,
    0.00022132402227725834,
    0.00020359399786684662,
    1.2943706678925082e-05,
    3.546747757354751e-05,
    5.7471494073979557e-05,
    3.3759130019461736e-05,
    1.8321214156458154e-05,
    7.696399734413717e-06,
    2.4061220756266266e-05,
    1.4104301953921095e-05,
    3.121836198261008e-05,
    7.687089237151667e-05,
    6.925656634848565e-06,
    3.970862962887622e-06,
    4.30940463047591e-06,
    1.4444867701968178e-06,
    1.656940185057465e-06,
    1.8905147953773849e-06,
    1.621584146960231e-07,
    1.8417267710901797e-07,
    2.456909555803577e-07,
    5.438010362013301e-07,
    6.734446742484579e-07,
    3.589757966437901e-07,
    2.6841058797799633e-07,
    1.7368529370287433e-07,
    3.5926461805502186e-08,
    2.2776532659918303e-08,
    6.195568857947364e-08,
    8.144576213453547e-08,
    5.5599741699552396e-08,
    3.982273710789741e-08,
    2.25611529458547e-08,
    1.3928058706369484e-08,
    6.890564918649034e-08,
    1.542963445899659e-08,
    1.602762722541229e-08,
    6.077448233554605e-08,
    1.8890938235927024e-07,
    8.655865713080857e-08,
    2.9783228683299967e-07,
    1.1141310096718371e-07,
    3.915943125321064e-08,
    3.604056928452337e-07,
    2.0326530147940503e-07,
    8.240112947532907e-08,
    1.3868907444702927e-07,
    3.136506734335853e-07,
    4.6821355681458954e-07,
    1.9792628336290363e-07
  ],