{
  "epoch": [
    1,
    2,
    3,
    4,
    5,
    6,
    7,
    8,
    9,
    10,
    11,
    12,
    13,
    14,
    15,
    16,
    17,
    18,
    19,
    20,
    21,
    22,
    23,
    24,
    25,
    26,
    27,
    28,
    29,
    30,
    31,
    32,
    33,
    34,
    35,
    36,
    37,
    38,
    39,
    40,
    41,
    42,
    43,
    44,
    45,
    46,
    47,
    48,
    49,
    50,
    51,
    52,
    53,
    54,
    55,
    56,
    57,
    58,
    59,
    60,
    61,
    62,
    63,
    64,
    65,
    66,
    67,
    68,
    69,
    70,
    71,
    72,
    73,
    74,
    75,
    76,
    77,
    78,
    79,
    80,
    81,
    82,
    83,
    84,
    85,
    86,
    87,
    88,
    89,
    90,
    91,
    92,
    93,
    94,
    95,
    96,
    97,
    98,
    99,
    100,
    101,
    102,
    103,
    104
  ],
  "train_loss": [
    1.3378249090356924,
    0.844905494414654,
    0.6815400817959579,
    0.5846427195158201,
    0.5166567660791358,
    0.4587386003167359,
    0.4131969314875062,
    0.3691396429059432,
    0.3343200533814037,
    0.30719471983995633,
    0.27995414732350515,
    0.25576123787263005,
    0.23455554485013805,
    0.2189574952131694,
    0.20409393064754525,
    0.19046983952374802,
    0.17890919372439384,
    0.16559954375489472,
    0.15608383991669134,
    0.14792765342851275,
    0.13929244353599154,
    0.13264977206120787,
    0.12759713306254947,
    0.12052256840559625,
    0.11615381013486803,
    0.10977636448578122,
    0.1072324989651589,
    0.10212108921067617,
    0.09839017608577443,
    0.09570808109548903,
    0.09117132191037394,
    0.0884279571857649,
    0.08412406651168755,
    0.08199109987730217,
    0.08122683763888079,
    0.0781771140077065,
    0.07467721238463502,
    0.0751694271475384,
    0.07128165446260233,
    0.0672331390537552,
    0.06932502810257613,
    0.07003793168390535,
    0.06655522401339,
    0.062332060648915694,
    0.062432346683110776,
    0.0622857683962307,
    0.059919152413638904,
    0.05999018229812998,
    0.05792432837188244,
    0.05965747740887797,
    0.05438243213695349,
    0.05655050985323092,
    0.05516796850973798,
    0.05596981927291634,
    0.053665132554651225,
    0.05194001802310501,
    0.05286816774973089,
    0.050361429974820814,
    0.05009880073887018,
    0.048264417672510614,
    0.047872961273167244,
    0.04827986978301682,
    0.04805779101365467,
    0.046554185978146555,
    0.046191112757612444,
    0.04713036403655238,
    0.04637989433981555,
    0.0465485843080912,
    0.04457367555785578,
    0.04244225897067755,
    0.04279285698610636,
    0.04442730233476488,
    0.042573522445121685,
    0.04127567458763411,
    0.04086021061977083,
    0.04254805238091761,
    0.0404273822865228,
    0.04004950975980034,
    0.03965504191210974,
    0.03889026478912259,
    0.0394362171406176,
    0.039623172876914754,
    0.040024305405767305,
    0.03829041374943305,
    0.03750500396210892,
    0.03837797278778378,
    0.03731359166246791,
    0.03898243293329382,
    0.037466872689919065,
    0.035827040189838746,
    0.037196323866043816,
    0.037544201512235344,
    0.034262065799695623,
    0.03487443305388784,
    0.03637480781144779,
    0.03309628955261379,
    0.033186428496114834,
    0.03403561689996535,
    0.034227571097327415,
    0.033508641412481666,
    0.03232635851450188,
    0.03254362039469643,
    0.03243434576548098,
    0.03345964592641469
  ],
  "val_loss": [
    0.5741349825492272,
    0.4080651883895581,
    0.3645796248546013,
    0.32566317228170544,
    0.2825723256056125,
    0.2519909292459488,
    0.22379092757518476,
    0.20498648629738733,
    0.1931100613795794,
    0.18029796733306006,
    0.17854370577977255,
    0.16592547641350672,
    0.1522801684645506,
    0.14563014472906405,
    0.14321197282809478,
    0.12519036863858884,
    0.13393838531695879,
    0.12711956122746834,
    0.11608428278794655,
    0.1118741141488919,
    0.1164032518863678,
    0.10567976018557182,
    0.10245104506611824,
    0.10207235240019284,
    0.09956021033800565,
    0.10302841319487645,
    0.09473465010523796,
    0.09611557481380609,
    0.08955673816112372,
    0.09537282700722034,
    0.08368468370575172,
    0.08253276032897142,
    0.07987038963116132,
    0.08035508657877262,
    0.08256910340144084,
    0.08013120895394912,
    0.07889354314941627,
    0.08243596811707203,
    0.08117378302491628,
    0.07812493294477463,
    0.0782607406950914,
    0.07871322305156635,
    0.07770220734752141,
    0.07676401275854844,
    0.07492878832496129,
    0.07374981618844546,
    0.07491396711422847,
    0.07515413056199367,
    0.07092077070130752,
    0.07275318454664487,
    0.06825795884315784,
    0.07143291745048302,
    0.06980469135137704,
    0.06545526792223637,
    0.0693892975552724,
    0.06763596202318485,
    0.06800133376740493,
    0.06678283243225171,
    0.06739663561949363,
    0.06182119379249903,
    0.06537199220978297,
    0.06336702692967194,
    0.06128350172478419,
    0.06316005166333455,
    0.06861268256146175,
    0.06553235950951393,
    0.06480519502208783,
    0.06728980761881058,
    0.063626728951931,
    0.06288465019315481,
    0.06633622041688515,
    0.0635666805677689,
    0.06314317968029243,
    0.0668712709672176,
    0.06319627896524392,
    0.06441332743718074,
    0.06504920755441372,
    0.06667077197478367,
    0.059020031100282304,
    0.06251744001817244,
    0.06421890883491589,
    0.06719199997874406,
    0.06300431260695824,
    0.0630674552745544,
    0.06423890604995765,
    0.06525755215149659,
    0.061824857328946776,
    0.06100215963446177,
    0.06458214168938306,
    0.06084288026277836,
    0.06203032965556933,
    0.0643904977119886,
    0.06245589213302502,
    0.06466479499179584,
    0.0636116571437854,
    0.06242769268842844,
    0.06391436499185287,
    0.06449342125023787,
    0.061104379021204434,
    0.0618304258499008,
    0.0633271850215701,
    0.06299632293387102,
    0.06318892638843793,
    0.06287797547590274
  ],