{
  "epoch": [
    1,
    2,
    3,
    4,
    5,
    6,
    7,
    8,
    9,
    10,
    11,
    12,
    13,
    14,
    15,
    16,
    17,
    18,
    19,
    20,
    21,
    22,
    23,
    24,
    25,
    26,
    27,
    28,
    29,
    30,
    31,
    32,
    33,
    34,
    35,
    36,
    37,
    38,
    39,
    40,
    41,
    42,
    43,
    44,
    45,
    46,
    47,
    48,
    49,
    50,
    51,
    52,
    53,
    54,
    55,
    56,
    57,
    58,
    59,
    60,
    61,
    62,
    63,
    64,
    65,
    66,
    67,
    68,
    69,
    70,
    71,
    72,
    73,
    74,
    75,
    76,
    77,
    78,
    79,
    80,
    81,
    82,
    83,
    84,
    85,
    86,
    87,
    88,
    89,
    90,
    91,
    92,
    93,
    94,
    95,
    96,
    97,
    98,
    99,
    100,
    101
  ],
  "train_loss": [
    0.8071239868012985,
    0.29273711587532913,
    0.22823220882380363,
    0.19402059477449643,
    0.16933476762606367,
    0.15635213764882325,
    0.145032602519092,
    0.13376744644771707,
    0.126765853291986,
    0.12015165587758074,
    0.11436847066230113,
    0.10831135238456253,
    0.10224767335423149,
    0.09714217406540814,
    0.09436671391572102,
    0.08877082633795125,
    0.08407480675395172,
    0.08295162979255219,
    0.07991032573477466,
    0.07429768887376136,
    0.07457553488340708,
    0.07135150745732359,
    0.06752458395491732,
    0.06733023751490187,
    0.06435700373189283,
    0.06119337547017206,
    0.05940544747258767,
    0.05539313484315235,
    0.05840898032235627,
    0.05578205654268513,
    0.05345266992871714,
    0.05106630058276771,
    0.0504482278489683,
    0.051194249237380404,
    0.04737297791323745,
    0.046751470056058154,
    0.044817117190375774,
    0.042619797041510595,
    0.04428657346248332,
    0.04189309782099606,
    0.041796253597603576,
    0.03919528793580461,
    0.03891860654964895,
    0.03736386058095953,
    0.03803466549512036,
    0.03725506723996731,
    0.03356519686795845,
    0.03748657630461425,
    0.033910165176643886,
    0.03421583910020861,
    0.029929323403146302,
    0.03076238364516066,
    0.029947709402825574,
    0.029570617680760598,
    0.026548237184818725,
    0.026414355599681045,
    0.02562884039863354,
    0.024523150706018258,
    0.02396883161295906,
    0.02416866246638543,
    0.022094638077634395,
    0.023490052504262122,
    0.021407578454011738,
    0.021145584744096984,
    0.02072101273564714,
    0.020625310419772815,
    0.01944117863791635,
    0.019003102115567515,
    0.018021611330827865,
    0.018252808386275528,
    0.018820054575542706,
    0.01828231991356294,
    0.017514956716245207,
    0.017237089560505483,
    0.017386567257897983,
    0.01674940015217013,
    0.01566928587070122,
    0.013809990084794636,
    0.014870961220925766,
    0.0161624309078947,
    0.014783006193724895,
    0.013747343043151247,
    0.014171990673149944,
    0.013427331331324312,
    0.014273719324979305,
    0.014211290743026772,
    0.011927850123743831,
    0.013389441215820462,
    0.01325822812574224,
    0.014577828447961497,
    0.012734180095024628,
    0.010985412153687401,
    0.011788343515081129,
    0.011503705288638536,
    0.01096873915994005,
    0.010361317806245557,
    0.0109498948054757,
    0.011476906804865834,
    0.009931192803081346,
    0.00994564882896859,
    0.010294666367993312
  ],
  "val_loss": [
    0.28057050704956055,
    0.2023401902272151,
    0.17028969411666578,
    0.1438766629076921,
    0.13510217861487314,
    0.12887911412578362,
    0.11588974096454106,
    0.11974807971945176,
    0.11420371727301525,
    0.11063328070136216,
    0.09997230854171973,
    0.10546815424011304,
    0.09648236646675147,
    0.09475482083283938,
    0.09613209733596215,
    0.08944574514260659,
    0.08937394103178611,
    0.09427930729893538,
    0.09174515278293537,
    0.08933306069901356,
    0.08638493358515777,
    0.09022357114232503,
    0.09087463239064583,
    0.08462643107542625,
    0.08728285019214337,
    0.08470030444172713,
    0.087036404472131,
    0.0881771886577973,
    0.08279735165146682,
    0.089751844939131,
    0.0883567356146299,
    0.08502433105156972,
    0.09467741718085912,
    0.08570485676710422,
    0.08562558187315097,
    0.08502579079224513,
    0.08357348622610936,
    0.08865773119032383,
    0.08638864082212631,
    0.0825317745598463,
    0.07667540572583675,
    0.07569606480403589,
    0.07595348673371169,
    0.08038607526283997,
    0.08025760877017792,
    0.0773079079360916,
    0.0791441031660025,
    0.08024944107119854,
    0.07875469384285119,
    0.07336031824636918,
    0.07720216614409135,
    0.08699777521766149,
    0.07508878968656063,
    0.07447812118782447,
    0.0725161091496165,
    0.07853377811037578,
    0.07387236147545852,
    0.0772278718650341,
    0.07148949662223458,
    0.07319896392380962,
    0.07219226099550724,
    0.07576521754694673,
    0.06995180833081786,
    0.07135939275702605,
    0.07334851932067138,
    0.07348027760879351,
    0.07828720082313968,
    0.0742623984383849,
    0.06898856583911066,
    0.07767865419960938,
    0.07291311584413052,
    0.07553519673932058,
    0.07453690404788806,
    0.0743286436280379,
    0.07578324279389702,
    0.06874892040370749,
    0.06878259210274197,
    0.07600505293633503,
    0.07584396230343443,
    0.07623014192526731,
    0.07697574649221049,
    0.07611617908025017,
    0.07549771725629958,
    0.07053595811773378,
    0.07653748845824829,
    0.0791522406328183,
    0.08364358711808634,
    0.07997393395859174,
    0.07632369408383965,
    0.07535240064876583,
    0.07992343260691716,
    0.07683720860558634,
    0.07244127682553461,
    0.07235723769722077,
    0.07667026876543577,
    0.07655174385469693,
    0.0730782957890859,
    0.0702914490024201,
    0.07415148123310736,
    0.07467839324202102,
    0.07459117149790892
  ],