{
  "epoch": [
    1,
    2,
    3,
    4,
    5,
    6,
    7,
    8,
    9,
    10,
    11,
    12,
    13,
    14,
    15,
    16,
    17,
    18,
    19,
    20,
    21,
    22,
    23,
    24,
    25,
    26,
    27,
    28,
    29,
    30,
    31,
    32,
    33,
    34,
    35,
    36,
    37,
    38,
    39,
    40,
    41,
    42,
    43,
    44,
    45,
    46,
    47,
    48,
    49,
    50,
    51,
    52,
    53,
    54,
    55,
    56,
    57,
    58,
    59,
    60,
    61,
    62,
    63,
    64,
    65,
    66,
    67,
    68,
    69,
    70,
    71,
    72,
    73,
    74,
    75,
    76,
    77,
    78,
    79,
    80,
    81,
    82,
    83,
    84,
    85,
    86,
    87,
    88,
    89,
    90,
    91,
    92,
    93,
    94,
    95,
    96,
    97,
    98,
    99,
    100,
    101
  ],
  "train_loss": [
    1.075233265905097,
    0.38005463188827626,
    0.2858286876194548,
    0.2529001811353287,
    0.22715496825109613,
    0.206903669061047,
    0.19250422339923312,
    0.17892549504147898,
    0.16705079789799038,
    0.15508963027507952,
    0.14982573429841806,
    0.1420998261264055,
    0.1363904925413651,
    0.13156455342132267,
    0.12349146538146652,
    0.11766551051399496,
    0.11243186548057169,
    0.10827309641950202,
    0.10362053352712404,
    0.09972254695868728,
    0.09880275238711055,
    0.09235322519694225,
    0.08826069002694423,
    0.08742831706410588,
    0.08542316392211631,
    0.08169755310115248,
    0.07806333375744301,
    0.0755376908374895,
    0.07357984121040542,
    0.07141098479675774,
    0.06904017040044955,
    0.06788546721091365,
    0.06535306982327216,
    0.06408050174981651,
    0.06199800459170105,
    0.05775899183705892,
    0.05609932082640653,
    0.0577800016813349,
    0.05516786185452844,
    0.05260780353172876,
    0.05023549220497065,
    0.048180149259543656,
    0.04685587352971629,
    0.04578093407989139,
    0.0453467687389048,
    0.04417327219749441,
    0.04237223882228136,
    0.04321092636425897,
    0.04150108827997257,
    0.038808951615402015,
    0.041151794890808585,
    0.03559100974609356,
    0.03456805367944854,
    0.03628859565694734,
    0.03446221394040207,
    0.032439019549453614,
    0.03186737753377102,
    0.03028472354358966,
    0.03135965024997102,
    0.03194916767464711,
    0.030368134333281824,
    0.027819306322253576,
    0.028988871585098233,
    0.027705836404889526,
    0.028214274015794003,
    0.026557371255452975,
    0.025892992946549807,
    0.02434612013454927,
    0.023894965625598584,
    0.024529123171647585,
    0.023559811142374678,
    0.02444915607626928,
    0.023903784120805783,
    0.023312465698080192,
    0.02322841839090285,
    0.02126486832506512,
    0.019887650134226324,
    0.02034901345314661,
    0.01884893238968631,
    0.019874894936190973,
    0.020473020151257515,
    0.018732199138768092,
    0.01997924793400977,
    0.01721365638031154,
    0.01782687153842411,
    0.017680572253642696,
    0.0180013843853543,
    0.018457664612514694,
    0.01675415433030391,
    0.016408998583729316,
    0.01538138893331484,
    0.01695975770777331,
    0.017243675154513947,
    0.01605749141429505,
    0.014670565658673128,
    0.015964350746114655,
    0.01613738005842534,
    0.013915396857969832,
    0.015042117822196076,
    0.014006575677857394,
    0.013617689135751806
  ],
  "val_loss": [
    0.45395469665527344,
    0.2936299592256546,
    0.2689592780975195,
    0.2407743695836801,
    0.22214989020274237,
    0.21248298940750268,
    0.1959426420239302,
    0.18811885152871793,
    0.18145288183138922,
    0.16923026683238837,
    0.16530005576518866,
    0.16066604852676392,
    0.15732892545369956,
    0.15174426539586142,
    0.14790142614107865,
    0.14399512914510873,
    0.1360238051185241,
    0.13418066415649194,
    0.1380609033199457,
    0.12894062210734075,
    0.1304222010076046,
    0.12564577305546173,
    0.1221726333292631,
    0.12216855069765678,
    0.1206322876879802,
    0.12291834245507534,
    0.11922395773805104,
    0.12339707836508751,
    0.12127236706706193,
    0.11105282002916703,
    0.11550937736263642,
    0.11254287769015019,
    0.10948357645135659,
    0.11134938379892936,
    0.11245486283531556,
    0.11016946171338741,
    0.10707404005985993,
    0.11090840714482161,
    0.10895140726978962,
    0.1030240931476538,
    0.10538892190043743,
    0.10238063822572048,
    0.10266949121768658,
    0.1006932186965759,
    0.10870048804925038,
    0.1018114251872668,
    0.10543238715483592,
    0.10661868478816289,
    0.10070873223818265,
    0.10379573989372987,
    0.09800634189293934,
    0.1065293074800418,
    0.10375656072910015,
    0.10148546615472206,
    0.10681990333474599,
    0.10542089979235943,
    0.10269760741637303,
    0.10379052334106885,
    0.1030002785130189,
    0.09975267817767766,
    0.09379843163948792,
    0.09560799684662086,
    0.10013257224972431,
    0.10087847809952039,
    0.09902545121999887,
    0.09852508914012176,
    0.09989377899238697,
    0.09790693080196014,
    0.09914586019630615,
    0.09854043375414151,
    0.09793974072314225,
    0.09554081524793918,
    0.09861853575477234,
    0.1013982231513812,
    0.09475485149484414,
    0.09295711021583813,
    0.09586468625527161,
    0.0986423809081316,
    0.10073934266200432,
    0.09744207546688043,
    0.10392506764485286,
    0.10061551773777375,
    0.10099724923761991,
    0.10293975887963405,
    0.09562563409025852,
    0.09949846379458904,
    0.10199328067784126,
    0.10323319741739677,
    0.10101614663234124,
    0.09744040510402276,
    0.09447551447038467,
    0.09909386230775943,
    0.09921060674465619,
    0.09978707965749961,
    0.10137325582595971,
    0.10496629989491059,
    0.09973556347764455,
    0.10147313444087139,
    0.09809730990001789,
    0.09980898035260347,
    0.09925979633743946
  ],