{
  "epoch": [
    1,
    2,
    3,
    4,
    5,
    6,
    7,
    8,
    9,
    10,
    11,
    12,
    13,
    14,
    15,
    16,
    17,
    18,
    19,
    20,
    21,
    22,
    23,
    24,
    25,
    26,
    27,
    28,
    29,
    30,
    31,
    32,
    33,
    34,
    35,
    36,
    37,
    38,
    39,
    40,
    41,
    42,
    43,
    44,
    45,
    46,
    47,
    48,
    49,
    50,
    51,
    52,
    53,
    54,
    55,
    56,
    57,
    58,
    59,
    60,
    61,
    62,
    63,
    64,
    65,
    66,
    67,
    68,
    69,
    70,
    71,
    72,
    73,
    74,
    75,
    76,
    77,
    78,
    79,
    80,
    81,
    82,
    83,
    84,
    85,
    86,
    87,
    88,
    89,
    90,
    91,
    92,
    93,
    94,
    95,
    96,
    97,
    98,
    99
  ],
  "train_loss": [
    1.381983215661393,
    0.8027948798592558,
    0.6048422666247358,
    0.49009180145779835,
    0.39519734142981855,
    0.33149284715812233,
    0.28313211313228015,
    0.251542916847873,
    0.2256859332783935,
    0.19799162873748652,
    0.18139027304870567,
    0.1667454159751381,
    0.15343030699595964,
    0.1395433836991025,
    0.12865204778835945,
    0.12043424999130141,
    0.10991286092735443,
    0.10668354999926902,
    0.10035035547982786,
    0.0918927210162288,
    0.08509093361724283,
    0.07990570700506575,
    0.07612428472367759,
    0.07289430484674948,
    0.06951141251807975,
    0.06266802019372429,
    0.059379763430771754,
    0.05853831963901667,
    0.05332914007270766,
    0.050381776636716016,
    0.0476866619392615,
    0.04705639016459283,
    0.04361624572157245,
    0.04331542136742897,
    0.04054146422764536,
    0.03917776003057502,
    0.036118656248046256,
    0.034490939263331216,
    0.033107577823102474,
    0.03102815653360689,
    0.03137331315767519,
    0.030189959961229685,
    0.028379025533027256,
    0.027105856038745223,
    0.025947680070362602,
    0.026040370456067864,
    0.02506965160437082,
    0.021911329789010368,
    0.021535460765175905,
    0.02029175365094057,
    0.020583063426437145,
    0.02029765963544781,
    0.018694260094036377,
    0.017757774448291082,
    0.01608523855120251,
    0.018248756981416384,
    0.016982147372903822,
    0.016367275273840222,
    0.016235212148551243,
    0.015962532289403,
    0.014366180045510997,
    0.01437177637006281,
    0.014730518197727189,
    0.013327642039098229,
    0.012120573558201342,
    0.012538583141501955,
    0.012000608568790263,
    0.010611503508623651,
    0.012654835640299181,
    0.011765594465763682,
    0.011979728163647245,
    0.011546333735693515,
    0.011683031988027746,
    0.011009655078541795,
    0.010817176414552846,
    0.009485369715623596,
    0.010981976033005979,
    0.010504857180328061,
    0.009822947333192396,
    0.008369204454416813,
    0.0089599888480134,
    0.009143283336240914,
    0.008858562598950662,
    0.0072253759693565595,
    0.007507741334848106,
    0.008525440437580007,
    0.0076356154660089425,
    0.0076152695302093,
    0.006345950625716834,
    0.007286219133337787,
    0.007261601023462399,
    0.0075178645135950024,
    0.007507647533802623,
    0.006744442930680306,
    0.006769787218630525,
    0.007481888131317731,
    0.007338899053025933,
    0.00576098273465045,
    0.0064811851822089445
  ],
  "val_loss": [
    0.7838316559791565,
    0.5803537368774414,
    0.49533308010834914,
    0.4342964795919565,
    0.378425100674996,
    0.3527818780678969,
    0.33566015500288743,
    0.30473047265639674,
    0.2816829692858916,
    0.2804234085174707,
    0.2712332961650995,
    0.2656889431751691,
    0.24769842739288622,
    0.2354121093566601,
    0.23618255784878364,
    0.22322343691037252,
    0.21745597743071043,
    0.20798037831599897,
    0.1972998260305478,
    0.19495035364077642,
    0.18816808152657288,
    0.18477549862403136,
    0.18644743641981712,
    0.17884941742970392,
    0.17666601160397896,
    0.17922430714735618,
    0.1720196375480065,
    0.16646749010452858,
    0.16146579155555138,
    0.16150770823542887,
    0.16996126163464326,
    0.15456189387119734,
    0.1604426199427018,
    0.1495312311901496,
    0.15056208578439859,
    0.15000625384541658,
    0.1403872869335688,
    0.15214137704326555,
    0.1480080961034848,
    0.14931038165321717,
    0.14228186011314392,
    0.1372939649109657,
    0.1410441816999362,
    0.12869745779495972,
    0.13234233770232934,
    0.14050572824019653,
    0.1340617061807559,
    0.1308241423506003,
    0.1419387786434247,
    0.13530937782846963,
    0.1360928639769554,
    0.13716258481144905,
    0.1309712970486054,
    0.1392841261739914,
    0.1318008994253782,
    0.1306510607783611,
    0.13727343082427979,
    0.1243546143747293,
    0.13359247979063255,
    0.12441350662937531,
    0.14325091500694936,
    0.12719430229984796,
    0.12093388432493576,
    0.12931785503259072,
    0.13086559996008873,
    0.1394708434549662,
    0.11734451812047225,
    0.12353974494796532,
    0.13080423167691782,
    0.12677323331053442,
    0.12172249561318985,
    0.12433436914132191,
    0.12668287023328817,
    0.10836215317249298,
    0.12601444669640982,
    0.12733782827854156,
    0.11619491674579106,
    0.11591234616935253,
    0.12493828096641944,
    0.11775955457526904,
    0.12308641121937679,
    0.11594847389138661,
    0.12746021882272685,
    0.11954903631256177,
    0.12107216538144992,
    0.12406852998985694,
    0.12149016931653023,
    0.11711155938414428,
    0.1201099558518483,
    0.11591102168537103,
    0.11761650672325721,
    0.11345612214734921,
    0.11331338120194581,
    0.12536082388116762,
    0.1329666513663072,
    0.1154212226661352,
    0.12072316858057792,
    0.11760091409087181,
    0.11915031276070155
  ],