{
  "epoch": [
    1,
    2,
    3,
    4,
    5,
    6,
    7,
    8,
    9,
    10,
    11,
    12,
    13,
    14,
    15,
    16,
    17,
    18,
    19,
    20,
    21,
    22,
    23,
    24,
    25,
    26,
    27,
    28,
    29,
    30,
    31,
    32,
    33,
    34,
    35,
    36,
    37,
    38,
    39,
    40,
    41,
    42,
    43,
    44,
    45,
    46,
    47,
    48,
    49,
    50,
    51,
    52,
    53
  ],
  "train_loss": [
    0.8528748890481044,
    0.3306559173716712,
    0.19775901469834073,
    0.1348456444660413,
    0.1025020038689842,
    0.08553413370835412,
    0.06950395764571797,
    0.06151750990064796,
    0.05579838515787395,
    0.04840627645824066,
    0.04278192342710249,
    0.04241477962602506,
    0.03641395854581263,
    0.03580275837082377,
    0.0323828738758859,
    0.02911946204366143,
    0.029379335892165907,
    0.02638888171845183,
    0.028028681466221502,
    0.025277781405860615,
    0.02599251978867447,
    0.023715635355965225,
    0.020557141265130995,
    0.021568506714868714,
    0.022532477996494507,
    0.0194630038314835,
    0.018591890982880267,
    0.01990009233422731,
    0.017546700652131868,
    0.018227790974407007,
    0.015784744196691427,
    0.01757929818740729,
    0.017781361669287586,
    0.016089337534684035,
    0.015796841841704722,
    0.014652178022703253,
    0.015526196141079184,
    0.01407813929686246,
    0.01589972460786476,
    0.015730042129961447,
    0.013086318756098446,
    0.013287891654211298,
    0.012703582227407695,
    0.013321577271893044,
    0.012174664377582921,
    0.013082555740934884,
    0.014057280455257493,
    0.011393869382727738,
    0.011651941478497243,
    0.01352858033568896,
    0.012345650249380455,
    0.01128748439377793,
    0.01097841232237358
  ],
  "val_loss": [
    0.27600894753749555,
    0.2234527560380789,
    0.18672296404838562,
    0.1848622359908544,
    0.17965457760370696,
    0.15319226854122603,
    0.16610319568560675,
    0.18394413876992005,
    0.163611399439665,
    0.16791097361307877,
    0.16194220746938998,
    0.15857867724620378,
    0.15149367743959793,
    0.15067521797922942,
    0.15232691111472937,
    0.15292280740462816,
    0.15363636498267835,
    0.16823768042601073,
    0.1507376770560558,
    0.15617788611696318,
    0.15721344059476486,
    0.15415640060718244,
    0.15389628794330817,
    0.15386033688600248,
    0.1642278369802695,
    0.14397103396745828,
    0.14753427127232918,
    0.14246045798063278,
    0.163787629455328,
    0.1590136536038839,
    0.1720142510647957,
    0.1558330405790072,
    0.1565294795884536,
    0.15914541038756186,
    0.15269716284596002,
    0.1505308747291565,
    0.15408583630162936,
    0.15433633642701003,
    0.1523381808342842,
    0.15159113160692728,
    0.14661919526182687,
    0.153407997953204,
    0.15067201422957274,
    0.15598534477444795,
    0.16112167989978424,
    0.1560100600696527,
    0.1599107997921797,
    0.16081359925178382,
    0.15952480469758695,
    0.15454526002017352,
    0.15824201330542564,
    0.15432681143283844,
    0.1456876408595305
  ],
  "train_transduce": [
    0.8511454071273509,
    0.33008085751963645,
    0.19708355070696665,
    0.13421649351408801,
    0.10200570235700951,
    0.08505688484796543,
    0.06889976461216346,
    0.061081452765646055,
    0.055259753844326305,
    0.04813549585986076,
    0.04246938655383347,
    0.041986747808063156,
    0.03620288416877696,
    0.0356102375764899,
    0.03207699341469051,
    0.028851430949553388,
    0.029115304761306988,
    0.02611161948700157,
    0.02774950157678158,
    0.025056432694984004,
    0.025745836943483997,
    0.02354046923694076,
    0.020359372826936395,
    0.021363520137869667,
    0.02240126321245868,
    0.019296619525064052,
    0.018504511665783284,
    0.01977874397074554,
    0.01744823362894318,
    0.018128369597612506,
    0.01566804076374518,
    0.01747313889161175,
    0.01767587955001761,
    0.016023578669530216,
    0.015702889693334467,
    0.014614468428411895,
    0.01547961203098182,
    0.013980401114599068,
    0.015862539385987886,
    0.015647240801589545,
    0.013043800358103645,
    0.013262342775034113,
    0.012656991571948873,
    0.013313540308820275,
    0.012205293228052864,
    0.013154308605079837,
    0.014092409727943716,
    0.01142938170322822,
    0.01167731543345204,
    0.01356466603015319,
    0.012369678913676851,
    0.01134162230960804,
    0.010944751999821015
  ],
  "val_transduce": [
    0.2757812520632377,
    0.22073869177928337,
    0.18454650617562807,
    0.1787073314189911,
    0.17435350441015685,
    0.14906592609790656,
    0.15653600543737411,
    0.1756385123500457,
    0.15275047776790765,
    0.16003983926314574,
    0.15637325610105807,
    0.15077382584030813,
    0.14435612868804198,
    0.14306257263972208,
    0.14591156634000632,
    0.14764919676459753,
    0.1427497353691321,
    0.16076229942532685,
    0.1459580436348915,
    0.1499408520758152,
    0.14661680448513764,
    0.1485509671843969,
    0.15077625186397478,
    0.14729323295446542,
    0.15977955881792766,
    0.13976915180683136,
    0.14367312479477662,
    0.13957787204820377,
    0.15925306396988723,
    0.15396537746374422,
    0.16783206881238863,
    0.15179678625785387,
    0.151240135041567,
    0.1542855057005699,
    0.14752495073928282,
    0.14608625408548576,
    0.14956725732638285,
    0.15164221436358416,
    0.14914472859639388,
    0.14479095288194144,
    0.14221427245781973,
    0.15098338201642036,
    0.14893969893455505,
    0.15112663977421248,
    0.15685563563154295,
    0.15248590621810693,
    0.15420903666661337,
    0.15765439260464448,
    0.15734619389359766,
    0.15213313340567625,
    0.15586505343134588,
    0.15110912890388414,
    0.1427166242725574
  ],
  "l0": [
    0.00015870454080868512,
    0.0021289836149662733,
    0.0018255205359309912,
    0.005034477449953556,
    0.004236208740621805,
    0.0042641605250537395,
    0.008998623117804527,
    0.008019271306693554,
    0.009887545369565487,
    0.007794046308845282,
    0.004509979393333197,
    0.00712595647200942,
    0.006736908573657274,
    0.006272830069065094,
    0.007389232516288757,
    0.003612928092479706,
    0.010967257432639599,
    0.006477080751210451,
    0.0033047969918698072,
    0.005829629488289356,
    0.009837626479566097,
    0.005272040609270334,
    0.0027629323303699493,
    0.006092111114412546,
    0.003252832219004631,
    0.0035266163758933544,
    0.0022200224921107292,
    0.002044674241915345,
    0.0036024125292897224,
    0.0033722035586833954,
    0.0025529535487294197,
    0.0024376765359193087,
    0.004403049126267433,
    0.003650255734100938,
    0.004514287691563368,
    0.002591572469100356,
    0.002615609671920538,
    0.0015997092705219984,
    0.001707463525235653,
    0.006143095437437296,
    0.004404911771416664,
    0.0020779077894985676,
    0.000863285269588232,
    0.004346934147179127,
    0.0029303752817213535,
    0.003123041708022356,
    0.005401832051575184,
    0.0013536256738007069,
    0.000795458210632205,
    0.0012093499535694718,
    0.001013981644064188,
    0.0019890721887350082,
    0.0020383852533996105
  ],
  "lambda_l0_effective": [
    0.01,
    0.01,
    0.01,
    0.01,
    0.01,
    0.01,
    0.01,
    0.01,
    0.01,
    0.01,
    0.01,
    0.01,
    0.01,
    0.01,
    0.01,
    0.01,
    0.01,
    0.01,
    0.01,
    0.01,
    0.01,
    0.01,
    0.01,
    0.01,
    0.01,
    0.01,
    0.01,
    0.01,
    0.01,
    0.01,
    0.01,
    0.01,
    0.01,
    0.01,
    0.01,
    0.01,
    0.01,
    0.01,
    0.01,
    0.01,
    0.01,
    0.01,
    0.01,
    0.01,
    0.01,
    0.01,
    0.01,
    0.01,
    0.01,
    0.01,
    0.01,
    0.01,
    0.01
  ],
  "recon_loss": [],
  "balance_loss": []
}