{
  "epoch": [
    1,
    2,
    3,
    4,
    5,
    6,
    7,
    8,
    9,
    10,
    11,
    12,
    13,
    14,
    15,
    16,
    17,
    18,
    19,
    20,
    21,
    22,
    23,
    24,
    25,
    26,
    27,
    28,
    29,
    30,
    31,
    32,
    33,
    34,
    35,
    36,
    37
  ],
  "train_loss": [
    2.4235751421023637,
    1.1019270985554426,
    0.5811667717420138,
    0.36013241066382484,
    0.2608503005443475,
    0.18638845250392572,
    0.14914704790482156,
    0.12645751172915484,
    0.10653563434114822,
    0.09328104163018557,
    0.07250677838157385,
    0.06719233339222577,
    0.06275100037455558,
    0.056513656107470014,
    0.05051322444700278,
    0.05264501749322965,
    0.04103425979518738,
    0.042469589011027264,
    0.04023408112235558,
    0.03674141849653843,
    0.03718184567510317,
    0.0314743540297525,
    0.03226900433834929,
    0.02646911770869524,
    0.029272707112324544,
    0.02983632208779454,
    0.024254277408218537,
    0.02769882079357138,
    0.022541415765403937,
    0.022983913973737984,
    0.021537047535037764,
    0.021785466426696914,
    0.016473611066929805,
    0.024625051530221334,
    0.019765494920265598,
    0.018218950676516844,
    0.017314242308911605
  ],
  "val_loss": [
    1.3717615512701182,
    0.49883792721308196,
    0.2583887130022049,
    0.1460772196833904,
    0.11485104205516669,
    0.12071268890912716,
    0.07557926928767791,
    0.07773435746247952,
    0.07768572952884895,
    0.06608652280500302,
    0.06478220224380493,
    0.060686494725254864,
    0.06755252569340743,
    0.06240423775922794,
    0.06997810762662154,
    0.0662694567671189,
    0.06395842901502664,
    0.0692938960228975,
    0.07258905506191346,
    0.06518370443238662,
    0.07436786047541179,
    0.0755067106264715,
    0.07715973487267128,
    0.07137082975644332,
    0.07127097177390869,
    0.06987889017909765,
    0.06821453761166105,
    0.07061497096975262,
    0.08109841223519582,
    0.06719173498165149,
    0.07652161567686842,
    0.06825268297241284,
    0.07208597473800182,
    0.0784457941324665,
    0.07659613412733261,
    0.06673705226813371,
    0.08031821279571606
  ],
  "train_transduce": [
    2.4235751421023637,
    1.1019270985554426,
    0.5811667717420138,
    0.36013241066382484,
    0.2608503005443475,
    0.18638845250392572,
    0.14914704790482156,
    0.12645751172915484,
    0.10653563434114822,
    0.09328104163018557,
    0.07250677838157385,
    0.06719233339222577,
    0.06275100037455558,
    0.056513656107470014,
    0.05051322444700278,
    0.05264501749322965,
    0.04103425979518738,
    0.042469589011027264,
    0.04023408112235558,
    0.03674141849653843,
    0.03718184567510317,
    0.0314743540297525,
    0.03226900433834929,
    0.02646911770869524,
    0.029272707112324544,
    0.02983632208779454,
    0.024254277408218537,
    0.02769882079357138,
    0.022541415765403937,
    0.022983913973737984,
    0.021537047535037764,
    0.021785466426696914,
    0.016473611066929805,
    0.024625051530221334,
    0.019765494920265598,
    0.018218950676516844,
    0.017314242308911605
  ],
  "val_transduce": [
    1.3717615512701182,
    0.49883792721308196,
    0.2583887130022049,
    0.1460772196833904,
    0.11485104205516669,
    0.12071268890912716,
    0.07557926928767791,
    0.07773435746247952,
    0.07768572952884895,
    0.06608652280500302,
    0.06478220224380493,
    0.060686494725254864,
    0.06755252569340743,
    0.06240423775922794,
    0.06997810762662154,
    0.0662694567671189,
    0.06395842901502664,
    0.0692938960228975,
    0.07258905506191346,
    0.06518370443238662,
    0.07436786047541179,
    0.0755067106264715,
    0.07715973487267128,
    0.07137082975644332,
    0.07127097177390869,
    0.06987889017909765,
    0.06821453761166105,
    0.07061497096975262,
    0.08109841223519582,
    0.06719173498165149,
    0.07652161567686842,
    0.06825268297241284,
    0.07208597473800182,
    0.0784457941324665,
    0.07659613412733261,
    0.06673705226813371,
    0.08031821279571606
  ],
  "l0": [
    0.0,
    0.0,
    0.0,
    0.0,
    0.0,
    0.0,
    0.0,
    0.0,
    0.0,
    0.0,
    0.0,
    0.0,
    0.0,
    0.0,
    0.0,
    0.0,
    0.0,
    0.0,
    0.0,
    0.0,
    0.0,
    0.0,
    0.0,
    0.0,
    0.0,
    0.0,
    0.0,
    0.0,
    0.0,
    0.0,
    0.0,
    0.0,
    0.0,
    0.0,
    0.0,
    0.0,
    0.0
  ],
  "lambda_l0_effective": [
    0.01,
    0.01,
    0.01,
    0.01,
    0.01,
    0.01,
    0.01,
    0.01,
    0.01,
    0.01,
    0.01,
    0.01,
    0.01,
    0.01,
    0.01,
    0.01,
    0.01,
    0.01,
    0.01,
    0.01,
    0.01,
    0.01,
    0.01,
    0.01,
    0.01,
    0.01,
    0.01,
    0.01,
    0.01,
    0.01,
    0.01,
    0.01,
    0.01,
    0.01,
    0.01,
    0.01,
    0.01
  ],
  "recon_loss": [],
  "balance_loss": []
}