{
  "epoch": [
    1,
    2,
    3,
    4,
    5,
    6,
    7,
    8,
    9,
    10,
    11,
    12,
    13,
    14,
    15,
    16,
    17,
    18,
    19,
    20,
    21,
    22,
    23,
    24,
    25,
    26,
    27,
    28,
    29,
    30,
    31,
    32,
    33,
    34,
    35,
    36,
    37,
    38,
    39,
    40,
    41,
    42,
    43,
    44,
    45,
    46,
    47,
    48,
    49,
    50,
    51,
    52,
    53,
    54,
    55,
    56,
    57,
    58,
    59,
    60,
    61,
    62,
    63,
    64,
    65,
    66,
    67,
    68,
    69,
    70,
    71,
    72,
    73,
    74,
    75,
    76,
    77,
    78,
    79,
    80,
    81,
    82,
    83,
    84,
    85,
    86,
    87,
    88,
    89,
    90,
    91,
    92,
    93,
    94,
    95,
    96,
    97,
    98,
    99,
    100,
    101,
    102,
    103,
    104,
    105,
    106,
    107,
    108,
    109,
    110,
    111,
    112,
    113,
    114,
    115,
    116,
    117,
    118,
    119,
    120
  ],
  "train_loss": [
    3.372526272056029,
    3.1344940748411356,
    2.137116551399231,
    1.696062551945755,
    1.4682037959393768,
    1.3091660793294613,
    1.0518628045455696,
    1.1240413468523123,
    1.990569639451725,
    1.6221645535881986,
    1.5855120494193637,
    1.377788184537101,
    1.209862766499372,
    1.2144263952048784,
    1.1390446123388624,
    1.15129719505605,
    1.1633971947984598,
    0.933121032321576,
    0.8777222897588592,
    0.8294139498287869,
    0.8105570709275216,
    0.6932014210015228,
    0.7284329919163713,
    0.6860210746526718,
    0.6448251267069394,
    0.5664353018876204,
    0.518512978842578,
    0.47453714661376994,
    0.43873846861197774,
    0.4049658802213128,
    0.382095566499479,
    0.36345357785827104,
    0.34192558762031733,
    0.3205216082254636,
    0.30370430817309113,
    0.284162613688056,
    0.273565904419754,
    0.25782600517586335,
    0.25809523186732813,
    0.2438402831093552,
    0.23157382860165282,
    0.2166581075907368,
    0.22077090496715812,
    0.20396455256364396,
    0.2055489062187598,
    0.18691138692737855,
    0.18467335867666707,
    0.17663199646571248,
    0.17399033652522514,
    0.17142010610742667,
    0.1584561487333369,
    0.15774778257479372,
    0.152269064381565,
    0.14768526445805413,
    0.13908766492356345,
    0.133580755154343,
    0.1383555467365329,
    0.13450417790523508,
    0.12916137727419125,
    0.13069772009843403,
    0.12329210692382965,
    0.1207632438193277,
    0.1189003676828957,
    0.11519024032408122,
    0.11316250216638304,
    0.10892052527939536,
    0.10161860470573619,
    0.1020116945632647,
    0.10555740943197738,
    0.09932487321652703,
    0.09838186084417645,
    0.09652768578572371,
    0.09695636910223163,
    0.09202569027037658,
    0.08714770955830506,
    0.08952900373674545,
    0.08844963227849953,
    0.08734768228701402,
    0.08235425455015652,
    0.07792331944651824,
    0.08308375802505569,
    0.08219757710689123,
    0.08275111052255656,
    0.07645515962167806,
    0.07873321551656753,
    0.07312118827566966,
    0.07313304576907576,
    0.07280495414299142,
    0.07298144593489231,
    0.07498290049411434,
    0.06552345612921666,
    0.06730889154060446,
    0.06897631084508042,
    0.0645778715183248,
    0.06630228072424064,
    0.06665722720478613,
    0.0615925500553447,
    0.06559754701657701,
    0.060546759852044975,
    0.06036476973329008,
    0.05930203783143427,
    0.05540223143149897,
    0.05825991480678473,
    0.05537996997999162,
    0.05723931238573698,
    0.05698617611598877,
    0.049097318072640096,
    0.053018303746453575,
    0.052388489736032856,
    0.05329415636597989,
    0.0526036622156341,
    0.05179749143588328,
    0.06113455525224971,
    0.04971099140112931,
    0.05063205081297411,
    0.05248453377352394,
    0.0483245870876174,
    0.04849432697807698,
    0.04664725146842064,
    0.042967395340908585
  ],
  "val_loss": [
    3.1585126289954553,
    2.6078998125516453,
    1.936650826380803,
    1.7642662525177002,
    1.6648999452590942,
    1.436370482811561,
    1.1782780977395864,
    2.4117128482231727,
    1.757004976272583,
    1.8517206815572886,
    1.7798744256679828,
    1.7452292625720685,
    1.4894727009993334,
    1.4841148394804735,
    1.527889682696416,
    1.4449289762056792,
    1.3549759296270518,
    1.211790213218102,
    1.1982830396065345,
    1.1239766065890973,
    1.0064596854723418,
    0.946031588774461,
    1.0831774748288667,
    0.9861305814522964,
    0.9157621814654424,
    0.8055344774172857,
    0.7570680379867554,
    0.7487850831105158,
    0.6543366725628192,
    0.6257559817570907,
    0.6023328579389132,
    0.571067030613239,
    0.5203389066916245,
    0.5146804520717034,
    0.49728142756682175,
    0.4721098588063167,
    0.47776667659099287,
    0.4660058594666995,
    0.43482332275463986,
    0.43205191080386823,
    0.4091991644639235,
    0.40993911715654224,
    0.41146894372426546,
    0.38134511617513805,
    0.3970830555145557,
    0.37245446902055007,
    0.3611559856396455,
    0.3685470452675453,
    0.35977552143427044,
    0.36778697486107165,
    0.34775604193027204,
    0.3477134761902002,
    0.3501006800394792,
    0.36044129041525036,
    0.3322772326377722,
    0.3568590604341947,
    0.34832915090597594,
    0.3244967678418526,
    0.35008843816243684,
    0.32608383206220776,
    0.3408941970421718,
    0.32388239296583027,
    0.32210925221443176,
    0.3135497272014618,
    0.32895685273867387,
    0.3465895824707471,
    0.3327920241997792,
    0.33867365465714383,
    0.34783180401875424,
    0.35167758052165693,
    0.3102902208383267,
    0.3195843662206943,
    0.32499241828918457,
    0.33386889558572036,
    0.33037961102448976,
    0.319750326184126,
    0.3194970007126148,
    0.3083337511007602,
    0.3391445462520306,
    0.3070191454428893,
    0.3410969399488889,
    0.31001170781942516,
    0.3268056775514896,
    0.3104761724288647,
    0.29724222077773166,
    0.31526837326013124,
    0.3220154115786919,
    0.33159313064355117,
    0.3163676984035052,
    0.2970679264802199,
    0.33008183538913727,
    0.31328533245966983,
    0.31938283145427704,
    0.3192054056204282,
    0.32786088494154125,
    0.32358730183197904,
    0.31466082196969253,
    0.3078276709868358,
    0.2977181850717618,
    0.3216045074737989,
    0.32004846517856306,
    0.3076036606843655,
    0.33553154651935285,
    0.3259739749706708,
    0.3122044440645438,
    0.32132111948270065,
    0.3324516713619232,
    0.3296327109520252,
    0.3316214182055913,
    0.31310486736205906,
    0.32903491992216843,
    0.3342010287138132,
    0.32741187054377335,
    0.31603423620645815,
    0.3205641737351051,
    0.3130721856768315,
    0.3102791750660309,
    0.30819226858707577,
    0.33620638801501346,
    0.31820076875961745
  ],