{
  "epoch": [
    1,
    2,
    3,
    4,
    5,
    6,
    7,
    8,
    9,
    10,
    11,
    12,
    13,
    14,
    15,
    16,
    17,
    18,
    19,
    20,
    21,
    22,
    23,
    24,
    25,
    26,
    27,
    28,
    29,
    30,
    31,
    32,
    33,
    34,
    35,
    36,
    37,
    38,
    39,
    40,
    41,
    42,
    43,
    44,
    45,
    46,
    47,
    48,
    49,
    50,
    51,
    52,
    53,
    54,
    55,
    56,
    57,
    58,
    59,
    60,
    61,
    62,
    63,
    64,
    65,
    66,
    67,
    68,
    69,
    70,
    71,
    72,
    73,
    74,
    75,
    76,
    77,
    78,
    79,
    80,
    81,
    82,
    83
  ],
  "train_loss": [
    1.1125950733410943,
    0.5809237446981607,
    0.41990335193491474,
    0.32454270447037886,
    0.25488968838735954,
    0.1988940025420533,
    0.15798507169964388,
    0.13518636627602823,
    0.11500109398027056,
    0.09934202437625103,
    0.08771826649449535,
    0.07716806805164543,
    0.06916557167915954,
    0.06542312508429755,
    0.058374326781744194,
    0.053640343632894695,
    0.04952916505832955,
    0.04379611152233844,
    0.04087444384265499,
    0.038626917786704205,
    0.03481375733294438,
    0.03605162423372883,
    0.03271652857974632,
    0.0299233547555878,
    0.02835391840619064,
    0.02734804746560445,
    0.025860539639906324,
    0.024152627613241832,
    0.022515062528383947,
    0.025634396367600745,
    0.023250133653661024,
    0.0218561487608426,
    0.020223366348648963,
    0.019844766660622255,
    0.017400357938256384,
    0.018235493859410593,
    0.01724020857603971,
    0.017523007984657186,
    0.017112388318769402,
    0.01650644510326734,
    0.013813357036944824,
    0.017070436484742064,
    0.01523240889091352,
    0.015848581429532507,
    0.013102630155098615,
    0.012291071596243371,
    0.014615868808120758,
    0.012342770186975388,
    0.011601492695956846,
    0.011685502577990716,
    0.012485698060511813,
    0.01190130232134834,
    0.012049792404046532,
    0.01181488128057345,
    0.011336479685569336,
    0.011718353679938932,
    0.008368128890858138,
    0.008746217039159317,
    0.009523424145299941,
    0.011251924534270675,
    0.010949739631260601,
    0.009791322116087162,
    0.009203821321956563,
    0.007674933774978854,
    0.008157760860787263,
    0.008554621257569603,
    0.007533153944940441,
    0.009023674725634093,
    0.008900634794719229,
    0.00829011180945768,
    0.00751256012491589,
    0.007842443719297437,
    0.0077590757900532145,
    0.006509842827391676,
    0.0077726205094710244,
    0.007653248501304278,
    0.00692733465594878,
    0.006727417345133552,
    0.008060469880931741,
    0.006601507741581053,
    0.006907255170667621,
    0.006993720869770148,
    0.007417267140273494
  ],
  "val_loss": [
    0.4451716886116908,
    0.3285534152617821,
    0.3319982450741988,
    0.2531214069861632,
    0.2578209959543668,
    0.21694588317320898,
    0.194720382300707,
    0.1834234417631076,
    0.18134464782017928,
    0.18080534556737313,
    0.1749228651706989,
    0.21247171610593796,
    0.1626531298343952,
    0.1602201868708317,
    0.16230140397181878,
    0.14957732162796533,
    0.15135296147603255,
    0.13601697608828545,
    0.156297885454618,
    0.15059221220704225,
    0.1374311942893725,
    0.13983714838440603,
    0.13266095261161143,
    0.13635415154007766,
    0.14790031170615783,
    0.14237419300927565,
    0.13540156787404647,
    0.13335791960931742,
    0.1525342441522158,
    0.13153265273341766,
    0.138131825826489,
    0.1400428222349057,
    0.12880329572810575,
    0.1339203817053483,
    0.1392058808929645,
    0.13456556745446646,
    0.12947372819941777,
    0.1423932368365618,
    0.13247582259086463,
    0.1335939969867468,
    0.14624844434169623,
    0.14125991240143776,
    0.1340022558489671,
    0.13891726331068918,
    0.14814505697442934,
    0.1552176524240237,
    0.13397343048396018,
    0.13447867864026472,
    0.14273115046895468,
    0.13863882365135047,
    0.13923901348159864,
    0.14222139320694482,
    0.12960669684868592,
    0.13877056653683,
    0.1331084523923122,
    0.12035089301375243,
    0.1310218756015484,
    0.11897516967012332,
    0.17208251099173838,
    0.13587462099698874,
    0.1333960177233586,
    0.13710559209665427,
    0.13571417346023595,
    0.12975554970594552,
    0.1331228782924322,
    0.13550062749821407,
    0.14000816972782978,
    0.16155721476444831,
    0.14259656747946373,
    0.1313766106390036,
    0.12665053843878782,
    0.15079961287287566,
    0.13300978965484178,
    0.14310497589982474,
    0.14337184881934753,
    0.13735969708516046,
    0.1373901371485912,
    0.14665401870241532,
    0.14398410830360192,
    0.13419779404424703,
    0.1310403197287367,
    0.12804983312693927,
    0.132979572392427
  ],
  "train_transduce": [
    1.1111655600906647,
    0.5807249844074249,
    0.4187714247052203,
    0.32320917236436275,
    0.2539400131892912,
    0.19832790235883183,
    0.15792551448511094,
    0.13517794996192775,
    0.11499959944756989,
    0.09933312671239843,
    0.08770701869093266,
    0.07715975262762345,
    0.06916337852011022,
    0.06542157754302025,
    0.058374349795973175,
    0.053640464848848345,
    0.04952857500307031,
    0.04379617757903239,
    0.04087451189641178,
    0.038627063097029006,
    0.03481387889454352,
    0.03605166391095089,
    0.032716481533554415,
    0.02992336608027828,
    0.028353998331909942,
    0.027348151639315116,
    0.025860648995899047,
    0.024152735872290183,
    0.022515164251372066,
    0.02563121490967796,
    0.02324995862742521,
    0.021856067555754918,
    0.0202223637366917,
    0.019842910783163744,
    0.01739856569197259,
    0.01823551624235649,
    0.01724025593427269,
    0.01752301574847901,
    0.017111617421308897,
    0.016506353900863874,
    0.013813144381556506,
    0.01707046069012782,
    0.015232427190321968,
    0.01584860104851463,
    0.013102654557910353,
    0.012291093599939355,
    0.014615890798615003,
    0.012342767046762093,
    0.011601376740895595,
    0.011685488018274461,
    0.012485622191326404,
    0.011901258455575011,
    0.012049639566931105,
    0.011814832596766004,
    0.01133621269092924,
    0.011718346784131351,
    0.008367387298254546,
    0.008746203787915274,
    0.009523426737941168,
    0.011251886460159607,
    0.010949383487987342,
    0.009791282681897091,
    0.009200993749809922,
    0.007674531371767162,
    0.00815772377230592,
    0.008554482532661533,
    0.007533145640297437,
    0.009022116046290864,
    0.008900638533811345,
    0.00829011376631523,
    0.007512559515085628,
    0.00784244130307943,
    0.007759074879583384,
    0.006509844345141433,
    0.007772503426411314,
    0.007653240862148862,
    0.006927064551699417,
    0.0067270913885332665,
    0.008060375960470541,
    0.006601504991419095,
    0.006907244364745416,
    0.006993708597854999,
    0.007417243612826965
  ],