{
  "epoch": [
    1,
    2,
    3,
    4,
    5,
    6,
    7,
    8,
    9,
    10,
    11,
    12,
    13,
    14,
    15,
    16,
    17,
    18,
    19,
    20,
    21,
    22,
    23,
    24,
    25,
    26,
    27,
    28,
    29,
    30,
    31,
    32,
    33,
    34,
    35,
    36,
    37,
    38,
    39,
    40,
    41,
    42,
    43,
    44,
    45,
    46,
    47,
    48,
    49,
    50,
    51,
    52,
    53,
    54,
    55,
    56,
    57,
    58,
    59,
    60,
    61,
    62,
    63,
    64,
    65,
    66,
    67,
    68,
    69,
    70,
    71,
    72,
    73,
    74,
    75,
    76,
    77,
    78,
    79,
    80,
    81,
    82,
    83,
    84,
    85,
    86,
    87,
    88,
    89,
    90,
    91,
    92,
    93,
    94,
    95,
    96,
    97,
    98
  ],
  "train_loss": [
    1.2615161561729884,
    0.5648723896777276,
    0.40451828205939566,
    0.33474852070950045,
    0.2959350040643522,
    0.2694251587485323,
    0.24653079692680058,
    0.2277745405341139,
    0.21686115418330276,
    0.20387818811848613,
    0.19385515463234174,
    0.18502832572944095,
    0.17571285883388896,
    0.16521488801382556,
    0.1591563593633104,
    0.15247359982516506,
    0.1460017578141524,
    0.14458521374381414,
    0.1365756279613712,
    0.13152552462450348,
    0.12528707382112447,
    0.12418437671690884,
    0.11811580575338684,
    0.11561578069583024,
    0.11078692430464349,
    0.10894766317145659,
    0.10484153201969543,
    0.10526315558074724,
    0.09830019350099091,
    0.09541329490666342,
    0.09330906571433095,
    0.09125038457683998,
    0.08647169692829104,
    0.08162411680389749,
    0.08164813327095886,
    0.07953325954109135,
    0.07763657208052602,
    0.0728848125084792,
    0.07064968930317624,
    0.06962963414959389,
    0.0666806746348001,
    0.06668605104015016,
    0.06430428421659636,
    0.06010925945005204,
    0.058830312056706684,
    0.05665046644240323,
    0.0561540502280292,
    0.054954064410585576,
    0.053436907045174356,
    0.05413115306729727,
    0.05209648808335314,
    0.048131648091470254,
    0.04881677487035199,
    0.047829249154518146,
    0.04514151436304397,
    0.04280232569885136,
    0.04158532998460059,
    0.041456485831058855,
    0.03998483406693334,
    0.04216633207800955,
    0.03943057114830111,
    0.03629282561342905,
    0.037506235763430595,
    0.036070225004217416,
    0.0347189007575928,
    0.0360484157808789,
    0.0371245751157403,
    0.03465661642113977,
    0.0326323834164898,
    0.033636829193386404,
    0.03099303856713347,
    0.032419861142182406,
    0.03120579103948456,
    0.029118442248626804,
    0.029351939733075625,
    0.026484954581217895,
    0.028829386121233796,
    0.027015058079384046,
    0.02649073438294748,
    0.025687286842356223,
    0.023594762369215785,
    0.025192972876611028,
    0.023881783637467145,
    0.025447099921431873,
    0.023496514303831033,
    0.023080089954788437,
    0.023541323197452297,
    0.024235025186571155,
    0.021647641130972027,
    0.02152807257221182,
    0.02199292246547371,
    0.02131890771348066,
    0.019593516016600303,
    0.020830599962281857,
    0.020256546549591244,
    0.018891357878997626,
    0.019256600776991557,
    0.01881710778101172
  ],
  "val_loss": [
    0.4926474667512454,
    0.32315637973638683,
    0.27122612526783574,
    0.23834074919040388,
    0.2321424793738585,
    0.2258848949120595,
    0.21375665641747987,
    0.19127191775120223,
    0.1833592074421736,
    0.17573972791433334,
    0.16827860933083755,
    0.1615717846613664,
    0.15973175087800393,
    0.1506652717406933,
    0.15146988343734008,
    0.14472661740504777,
    0.14953211465707192,
    0.1349413492358648,
    0.13921913848473474,
    0.13061418470281821,
    0.1279793757085617,
    0.1359736521083575,
    0.12130599898787645,
    0.11845031810494569,
    0.1269083389869103,
    0.11930363596631931,
    0.10324065731121944,
    0.11027433551274814,
    0.10320540374288192,
    0.10580497980117798,
    0.09889602460540257,
    0.1002271195443777,
    0.10043195864328971,
    0.09327019521823296,
    0.09621577050823432,
    0.08498296800714272,
    0.08831712145071763,
    0.08703609154774593,
    0.08310807954806548,
    0.07990496691602927,
    0.08206895609887746,
    0.08139973449019286,
    0.08010736408715065,
    0.07655913354112552,
    0.07555300857012089,
    0.0778633258663691,
    0.08191217095232926,
    0.07512164452614692,
    0.07035302786299816,
    0.07273182960656974,
    0.07063474964637023,
    0.07151945042782105,
    0.07002345916743462,
    0.06719224771054891,
    0.07241755766937366,
    0.06978945516479704,
    0.07036444924485225,
    0.06663451680483726,
    0.06400752053237878,
    0.06855048461315724,
    0.06378689028609258,
    0.06629130537979878,
    0.062057578864579015,
    0.06383091085948624,
    0.06493710210690132,
    0.06642074728957735,
    0.0641317035859594,
    0.0658545855146188,
    0.06549216627788085,
    0.06488439605499689,
    0.060014935747648664,
    0.06908686491302572,
    0.05887648739063969,
    0.06262844177679373,
    0.06111477745267061,
    0.06627088197721885,
    0.06712644815874788,
    0.06528854943238772,
    0.06910451877718934,
    0.06770372190154515,
    0.06900789477647497,
    0.06459253413889271,
    0.06449166721162888,
    0.06524206776745044,
    0.07138526419965693,
    0.06817667277601476,
    0.07029808973535322,
    0.0682411884280065,
    0.06833922092874463,
    0.06325986050069332,
    0.06472417597587292,
    0.06209671432868792,
    0.06743446603202476,
    0.06911051058425353,
    0.07590186033541194,
    0.06924494320096877,
    0.06293308118788096,
    0.06542144461463277
  ],