{
  "epoch": [
    1,
    2,
    3,
    4,
    5,
    6,
    7,
    8,
    9,
    10,
    11,
    12,
    13,
    14,
    15,
    16,
    17,
    18,
    19,
    20,
    21,
    22,
    23,
    24,
    25,
    26,
    27,
    28,
    29,
    30,
    31,
    32,
    33,
    34,
    35,
    36,
    37,
    38,
    39,
    40,
    41,
    42,
    43,
    44,
    45,
    46,
    47,
    48,
    49,
    50,
    51,
    52,
    53,
    54,
    55,
    56,
    57,
    58,
    59,
    60,
    61,
    62,
    63,
    64,
    65,
    66,
    67,
    68,
    69,
    70,
    71,
    72,
    73,
    74,
    75,
    76,
    77,
    78,
    79,
    80,
    81,
    82,
    83,
    84,
    85,
    86,
    87,
    88,
    89,
    90,
    91,
    92,
    93,
    94,
    95,
    96,
    97,
    98,
    99,
    100,
    101,
    102,
    103,
    104,
    105,
    106,
    107,
    108,
    109,
    110,
    111,
    112,
    113,
    114,
    115,
    116,
    117,
    118,
    119,
    120
  ],
  "train_loss": [
    1.1592312815165755,
    0.5012027715692425,
    0.35539002642773165,
    0.30664869715081583,
    0.27567185387753024,
    0.2551527889353214,
    0.23896796794811098,
    0.2250729352235794,
    0.2140597552061081,
    0.2017794500040536,
    0.19279992027152884,
    0.18285041073761363,
    0.1761527504808832,
    0.1665992019790234,
    0.1609136397295659,
    0.15071058376590804,
    0.14585382815929923,
    0.1402192941249007,
    0.13872115432035806,
    0.130792171500697,
    0.12579318740875414,
    0.12264543653714775,
    0.11940183719195942,
    0.11347989819132455,
    0.1076590043335858,
    0.10700485597152522,
    0.10175678366334132,
    0.10088939629126303,
    0.09586067774360722,
    0.09393707046856975,
    0.08826491596306314,
    0.08849154593478335,
    0.08586668544033967,
    0.08220328670917171,
    0.08157713615363187,
    0.07765171785682144,
    0.07628130577135794,
    0.07477831187667233,
    0.07216344652051973,
    0.07174168541879937,
    0.06885407153185051,
    0.06747810537050856,
    0.06365352452243908,
    0.06406921672053856,
    0.05933265633290947,
    0.059887678445418285,
    0.058676391876865144,
    0.055975972776218214,
    0.056668032477102656,
    0.05516147876324335,
    0.05361237823225484,
    0.05089203585492502,
    0.050602201704341584,
    0.0494366148210103,
    0.04819260649198648,
    0.0485127610200555,
    0.04685680669649403,
    0.04321490769449732,
    0.04301692762107837,
    0.04644510795426841,
    0.04387532776719568,
    0.043584901894820796,
    0.042682491731599416,
    0.038654885614419925,
    0.03766054227616232,
    0.03889782744284609,
    0.03944442008096393,
    0.037393325838343344,
    0.03686136743146004,
    0.03656641580625483,
    0.03623850942395701,
    0.035219064876806025,
    0.03333673438536796,
    0.03516506269518839,
    0.03292088573429697,
    0.03192047162516282,
    0.03174686582648371,
    0.03232484505889882,
    0.030480857869370444,
    0.03148344854851908,
    0.029786004279140788,
    0.029241706055616684,
    0.027511434422086666,
    0.027870994434682744,
    0.02739085717182053,
    0.02745842330139315,
    0.02851753751055734,
    0.026033593738211853,
    0.02595609409439534,
    0.026003710335434072,
    0.027105844906983104,
    0.026610780530378665,
    0.024523234953827196,
    0.024739032970870486,
    0.02372860356169467,
    0.023217407608460083,
    0.024621509960714247,
    0.023412085797563934,
    0.022433386175054134,
    0.023878195074082603,
    0.020428644059834505,
    0.022253249675072362,
    0.022144957793655225,
    0.022658764128803764,
    0.02097015820978449,
    0.019287534473039727,
    0.021145747305991332,
    0.019490651479728595,
    0.021995356135844888,
    0.01988281484112365,
    0.019908187447558387,
    0.017619124950269367,
    0.02040836715259322,
    0.02074762899428606,
    0.019477908734674795,
    0.01805266023309219,
    0.019026182140085366,
    0.01924662813221538,
    0.01854752751048839,
    0.018338701182902598
  ],
  "val_loss": [
    0.5131237713190225,
    0.28619403220140016,
    0.24493574981506055,
    0.2351061334976783,
    0.2140464840027002,
    0.2071378414447491,
    0.20590379891487268,
    0.18716043176559302,
    0.19312869356228754,
    0.17740317434072495,
    0.17289222318392533,
    0.17166254955988663,
    0.16839366692763108,
    0.15766181567540535,
    0.1619798936522924,
    0.15293155725185686,
    0.15821987275893873,
    0.1399979370717819,
    0.13645309754289114,
    0.13928371066084275,
    0.13491932646586344,
    0.12195885439331715,
    0.12124916767844787,
    0.11282573382441814,
    0.1108251721240007,
    0.10323985379475814,
    0.10256942017720296,
    0.0959448037812343,
    0.09979870686164269,
    0.10199918454656234,
    0.09467743021937516,
    0.09433740004897118,
    0.08564857235894753,
    0.09219404224019784,
    0.08687774922985297,
    0.08299351913424638,
    0.08492858650592658,
    0.08927928584699447,
    0.07815611247832958,
    0.08872835896909237,
    0.07579813496424602,
    0.08157134686525051,
    0.07353216509979504,
    0.07377470356340592,
    0.07433442427561833,
    0.07618786666828853,
    0.0699827504845766,
    0.06898351887670848,
    0.06699334256924115,
    0.06617279379413678,
    0.06658070706404172,
    0.07501271152152465,
    0.06775397391846547,
    0.07424804912163661,
    0.07108126881604011,
    0.059906491866478555,
    0.07047138148202346,
    0.06896807862302431,
    0.06567202178904644,
    0.07124932074489501,
    0.06861602135289174,
    0.06846602984632437,
    0.07910703402012587,
    0.0628017450754459,
    0.06493037989219794,
    0.06667525657954124,
    0.06495345605967137,
    0.06709241996017787,
    0.06925833024657689,
    0.06140758663129348,
    0.06853674395153156,
    0.06794420629739761,
    0.06513590602060923,
    0.060882738433205165,
    0.06464037750489436,
    0.06363590161960858,
    0.06061703353547133,
    0.06774562174597612,
    0.07161370335290065,
    0.06644596424526893,
    0.05807109427853273,
    0.06482792660020865,
    0.07184939885225433,
    0.06326605623158124,
    0.062340357519972786,
    0.06011612964077638,
    0.06017572751555305,
    0.0625326385578284,
    0.061531867688665025,
    0.06255809851707174,
    0.05727289473781219,
    0.06282295544560139,
    0.06155551468523649,
    0.06370508255293736,
    0.0570835003342766,
    0.06044826420167318,
    0.059996687520581946,
    0.06276400308482923,
    0.06387499132408546,
    0.05726992550234382,
    0.059749745656377994,
    0.06449702725960658,
    0.06544159847096755,
    0.06011932995170355,
    0.062029754993720695,
    0.05946825881703542,
    0.06045881408051802,
    0.06432702456815885,
    0.06371826671350461,
    0.07381871306838897,
    0.06763493384306248,
    0.06593009249235575,
    0.06411114163123645,
    0.06651972176936957,
    0.0631386808012254,
    0.0690094019787816,
    0.06183583300130872,
    0.06700512097002222,
    0.06606884309663795,
    0.07730441339887105
  ],