{
  "epoch": [
    1,
    2,
    3,
    4,
    5,
    6,
    7,
    8,
    9,
    10,
    11,
    12,
    13,
    14,
    15,
    16,
    17,
    18,
    19,
    20,
    21,
    22,
    23,
    24,
    25,
    26,
    27,
    28,
    29,
    30,
    31,
    32,
    33,
    34,
    35,
    36,
    37,
    38,
    39,
    40,
    41,
    42,
    43,
    44,
    45,
    46,
    47,
    48,
    49,
    50,
    51,
    52,
    53,
    54,
    55,
    56,
    57,
    58,
    59,
    60,
    61,
    62,
    63,
    64,
    65,
    66,
    67,
    68,
    69,
    70,
    71,
    72,
    73,
    74,
    75,
    76,
    77,
    78,
    79,
    80,
    81,
    82,
    83,
    84,
    85,
    86,
    87,
    88,
    89,
    90,
    91
  ],
  "train_loss": [
    1.532447918788674,
    0.8707053218920207,
    0.694860933367739,
    0.5825636412986775,
    0.5026918906219227,
    0.433661373773801,
    0.3772111189426835,
    0.33402271476603046,
    0.29513983628184526,
    0.26242146280008494,
    0.23725479718336126,
    0.21008226644132555,
    0.19199431710636494,
    0.17514685668128052,
    0.16413594183233596,
    0.14926685861398264,
    0.13851864635944366,
    0.12883651406340993,
    0.11724557808225917,
    0.1135901146827592,
    0.1061067219977219,
    0.10093408122121059,
    0.09090881644911372,
    0.08873892421882178,
    0.08459431535958015,
    0.08247920828535385,
    0.07785946374624661,
    0.07382099431238531,
    0.06671692786219809,
    0.06549402765123193,
    0.06198166163887867,
    0.056127288129142264,
    0.0562002433790374,
    0.053884072267671224,
    0.0525315810359784,
    0.05135134742931299,
    0.04855809703507682,
    0.04832148993118983,
    0.04261613617046285,
    0.0410735352569711,
    0.04251832815040786,
    0.04098234194110042,
    0.03994190073140042,
    0.03681734458245721,
    0.03718902059763517,
    0.037148516317925505,
    0.03663380301951133,
    0.035185222377155705,
    0.03352752399208389,
    0.033994562112601455,
    0.031068098059250523,
    0.03201696163129791,
    0.031715380678375815,
    0.029218598031294868,
    0.029951170792553536,
    0.028733880062270716,
    0.02775945537003506,
    0.027695294104746936,
    0.027070517889368012,
    0.027387335925295797,
    0.0260273949423152,
    0.024932793694423493,
    0.02336508385145787,
    0.024850279171999123,
    0.025557704817158047,
    0.024832414731997803,
    0.021690787849515752,
    0.02213729387053202,
    0.020650039962252852,
    0.019569759092716136,
    0.022283438201897692,
    0.021587731353890572,
    0.022190946968003493,
    0.022006605018515948,
    0.020471123895684697,
    0.021022672956982225,
    0.021363145015298474,
    0.02014393196441233,
    0.01982981997023615,
    0.01878194474451935,
    0.017603381907749807,
    0.019512399492818938,
    0.01867480705175357,
    0.01892212594105603,
    0.018669703022394443,
    0.017320029506551045,
    0.01613346243291594,
    0.017815706342309907,
    0.017124467989617056,
    0.017666336224587232,
    0.017220435191195496
  ],
  "val_loss": [
    0.7044247159591088,
    0.5647899646025437,
    0.45482335411585295,
    0.42856911054024327,
    0.3749056343848889,
    0.36418412511165327,
    0.32309428315896255,
    0.295218105499561,
    0.29241565328377944,
    0.26673737741433656,
    0.25084717800984013,
    0.209559101324815,
    0.2077346329505627,
    0.19177290911857897,
    0.1812707306100772,
    0.1784126546520453,
    0.17354703408021194,
    0.16192936266844088,
    0.16280575898977426,
    0.152776066500407,
    0.1437922716140747,
    0.15238860478767982,
    0.15485027833626822,
    0.13278908826983893,
    0.13275224027725366,
    0.12988852365658834,
    0.11968237390884987,
    0.12842456251382828,
    0.1310692002566961,
    0.12311076602110496,
    0.11806291656998488,
    0.11121751969823471,
    0.10746650798962666,
    0.11493029932563122,
    0.10672971119101231,
    0.0990052019747404,
    0.09647549574191754,
    0.0907973817621286,
    0.09639038374790779,
    0.0964233588713866,
    0.09976561840337056,
    0.08969668270303653,
    0.0943489997432782,
    0.10073775697786075,
    0.09396530845417427,
    0.09413591858286124,
    0.0939935573305075,
    0.09504840766581205,
    0.08733396461376777,
    0.08559832535684109,
    0.08616465086547229,
    0.08213456906378269,
    0.07814373362522858,
    0.08577174206192677,
    0.09118511198231807,
    0.08270153761483155,
    0.07746753855966605,
    0.0781659151499088,
    0.0825505587630547,
    0.08231371354598266,
    0.0824827142059803,
    0.07610872151473394,
    0.08669097105470988,
    0.07599366047921088,
    0.07556672394275665,
    0.07547143724961923,
    0.07728787353978707,
    0.08588739552606757,
    0.07983980005463728,
    0.08223189184298882,
    0.08650790771039632,
    0.08228605505652152,
    0.082731576421513,
    0.07793610277943887,
    0.07732357604142565,
    0.07832939840423372,
    0.08556476858659433,
    0.07831440310781965,
    0.07645435015169474,
    0.08823706096826264,
    0.08200717645768936,
    0.08347674283700493,
    0.07763872517702672,
    0.07894330550558291,
    0.07676639042508143,
    0.07877368865928684,
    0.0811200742251598,
    0.08063633861736609,
    0.08058039134798142,
    0.08114779371624956,
    0.07753484406007025
  ],
  "train_transduce": [
    1.532447918788674,
    0.8707053218920207,
    0.694860933367739,
    0.5825636412986775,
    0.5026918906219227,
    0.433661373773801,
    0.3772111189426835,
    0.33402271476603046,
    0.29513983628184526,
    0.26242146280008494,
    0.23725479718336126,
    0.21008226644132555,
    0.19199431710636494,
    0.17514685668128052,
    0.16413594183233596,
    0.14926685861398264,
    0.13851864635944366,
    0.12883651406340993,
    0.11724557808225917,
    0.1135901146827592,
    0.1061067219977219,
    0.10093408122121059,
    0.09090881644911372,
    0.08873892421882178,
    0.08459431535958015,
    0.08247920828535385,
    0.07785946374624661,
    0.07382099431238531,
    0.06671692786219809,
    0.06549402765123193,
    0.06198166163887867,
    0.056127288129142264,
    0.0562002433790374,
    0.053884072267671224,
    0.0525315810359784,
    0.05135134742931299,
    0.04855809703507682,
    0.04832148993118983,
    0.04261613617046285,
    0.0410735352569711,
    0.04251832815040786,
    0.04098234194110042,
    0.03994190073140042,
    0.03681734458245721,
    0.03718902059763517,
    0.037148516317925505,
    0.03663380301951133,
    0.035185222377155705,
    0.03352752399208389,
    0.033994562112601455,
    0.031068098059250523,
    0.03201696163129791,
    0.031715380678375815,
    0.029218598031294868,
    0.029951170792553536,
    0.028733880062270716,
    0.02775945537003506,
    0.027695294104746936,
    0.027070517889368012,
    0.027387335925295797,
    0.0260273949423152,
    0.024932793694423493,
    0.02336508385145787,
    0.024850279171999123,
    0.025557704817158047,
    0.024832414731997803,
    0.021690787849515752,
    0.02213729387053202,
    0.020650039962252852,
    0.019569759092716136,
    0.022283438201897692,
    0.021587731353890572,
    0.022190946968003493,
    0.022006605018515948,
    0.020471123895684697,
    0.021022672956982225,
    0.021363145015298474,
    0.02014393196441233,
    0.01982981997023615,
    0.01878194474451935,
    0.017603381907749807,
    0.019512399492818938,
    0.01867480705175357,
    0.01892212594105603,
    0.018669703022394443,
    0.017320029506551045,
    0.01613346243291594,
    0.017815706342309907,
    0.017124467989617056,
    0.017666336224587232,
    0.017220435191195496
  ],