{
  "epoch": [
    1,
    2,
    3,
    4,
    5,
    6,
    7,
    8,
    9,
    10,
    11,
    12,
    13,
    14,
    15,
    16,
    17,
    18,
    19,
    20,
    21,
    22,
    23,
    24,
    25,
    26,
    27,
    28,
    29,
    30,
    31,
    32,
    33,
    34,
    35,
    36,
    37,
    38,
    39,
    40,
    41,
    42,
    43,
    44,
    45,
    46,
    47,
    48,
    49,
    50,
    51,
    52,
    53,
    54,
    55,
    56,
    57,
    58,
    59,
    60,
    61,
    62,
    63,
    64,
    65,
    66,
    67,
    68,
    69,
    70,
    71,
    72,
    73,
    74,
    75,
    76,
    77,
    78,
    79,
    80,
    81,
    82,
    83,
    84,
    85,
    86,
    87,
    88,
    89,
    90,
    91,
    92,
    93,
    94,
    95,
    96,
    97,
    98,
    99,
    100,
    101,
    102,
    103,
    104,
    105,
    106,
    107,
    108,
    109,
    110,
    111,
    112,
    113,
    114,
    115,
    116,
    117,
    118,
    119,
    120,
    121,
    122,
    123,
    124,
    125,
    126,
    127,
    128,
    129,
    130,
    131,
    132,
    133
  ],
  "train_loss": [
    1.13720871861448,
    0.5574981799137961,
    0.3849783324703728,
    0.28266109334132106,
    0.2220694989580469,
    0.18560798493089134,
    0.15923524083396823,
    0.14187972497233411,
    0.12300880326284576,
    0.1130440788170726,
    0.10364487504144919,
    0.09478123651183758,
    0.08466245815849181,
    0.07705775625312451,
    0.06650972537235501,
    0.060386465660766844,
    0.053334430493798456,
    0.04963039816117164,
    0.042769549308901596,
    0.041081285156962494,
    0.03921484814707151,
    0.036612648593703494,
    0.03350191936376937,
    0.032543038800550796,
    0.030125518473460504,
    0.02745390690373468,
    0.02638707543752089,
    0.024595367971846124,
    0.024479113041528874,
    0.021144528810856576,
    0.021975514414172965,
    0.019883764238029566,
    0.01846648301670001,
    0.01861880145026083,
    0.018269458669237792,
    0.01960408524010023,
    0.013924687725165379,
    0.016447914908304044,
    0.012112941013255454,
    0.014224854331540386,
    0.011990425016097341,
    0.014674534107865669,
    0.014265570971999587,
    0.011916687931702231,
    0.012781300321557396,
    0.01068869691231701,
    0.011198598869293737,
    0.01056603160710794,
    0.008713773661173074,
    0.010440144825609132,
    0.010611672345044803,
    0.009788084514175071,
    0.010387915151779415,
    0.008132112469912996,
    0.007492613015857227,
    0.009279024550215984,
    0.011896404930385617,
    0.008029528638496803,
    0.008570370077726805,
    0.0068277714047316924,
    0.006818249490419307,
    0.005695748986909166,
    0.006677270833026022,
    0.00782956704935395,
    0.005481179313945402,
    0.0068466500985224915,
    0.008488068282400191,
    0.005929096427580495,
    0.006241746305322428,
    0.006764677429713367,
    0.008580927265395132,
    0.006752316979811402,
    0.006019435780658147,
    0.0055173196377995976,
    0.004912225984411372,
    0.006904275060244884,
    0.005834743528316018,
    0.004654456938727346,
    0.005640412746363357,
    0.004752665692274267,
    0.006731453312071252,
    0.004590478594164057,
    0.004332351897808378,
    0.004208360168198964,
    0.004598023474322075,
    0.004417121013717668,
    0.005700896851137549,
    0.004945179029426672,
    0.0038128456236739385,
    0.003668366599235127,
    0.005243773749320211,
    0.0036337483257532946,
    0.004434313039720231,
    0.0038400642170580393,
    0.004174194150765129,
    0.003913789157804879,
    0.003148347453274836,
    0.0036436966539374984,
    0.004035377316971996,
    0.003710387750560557,
    0.0026794529126023337,
    0.0024758964280727483,
    0.0037070856317571728,
    0.003954545970401275,
    0.0039096708290522544,
    0.003495285608691701,
    0.0035573146576763936,
    0.0032363511587747557,
    0.0027661127691335986,
    0.003931047316636415,
    0.002745385735401327,
    0.0027299326593680402,
    0.0028948155171015857,
    0.002678229357265944,
    0.003190024349154105,
    0.002154577980280047,
    0.0026238122961715527,
    0.002129415316246486,
    0.0023712242404257005,
    0.0028646167177696757,
    0.0026887684199987842,
    0.0026709572295058213,
    0.002354191678885812,
    0.0026880330485639825,
    0.002387454699910637,
    0.001953993515758391,
    0.0021719763890828713,
    0.002070092900916298,
    0.002138816660515227,
    0.0020586939817897557,
    0.002251843077641583,
    0.0023800141892015465,
    0.0019123103882464551
  ],
  "val_loss": [
    0.49140801108800447,
    0.3823137375024649,
    0.3272461180503552,
    0.2920272843195842,
    0.2632038386968466,
    0.251900138763281,
    0.25234458996699405,
    0.22414122980374557,
    0.21915931885059065,
    0.2036681347168409,
    0.19860703670061552,
    0.17391937054120576,
    0.18256968890245145,
    0.16805419727013662,
    0.15986946454414955,
    0.1480639917919269,
    0.15148174275572485,
    0.15184415160463408,
    0.1485652565382994,
    0.14558514580130577,
    0.1413086956510177,
    0.14647475257515907,
    0.14689026027917862,
    0.13696477848749894,
    0.13592257121434578,
    0.1318039742226784,
    0.12153028754087594,
    0.1239636239524071,
    0.12272415997890326,
    0.12543398342453516,
    0.13285648435927355,
    0.11847982140114674,
    0.14142813017735115,
    0.12172980448947503,
    0.11225692211435391,
    0.11494254679060899,
    0.12275026810283844,
    0.11170936633761112,
    0.1218824816437868,
    0.11163477793049353,
    0.11813091930861656,
    0.1221597596573142,
    0.12593212931488568,
    0.11502007939494573,
    0.11687510260022603,
    0.10765497128550823,
    0.11010288239385073,
    0.1040560403982034,
    0.11117206800442475,
    0.10662195688256851,
    0.10727019837269416,
    0.11065093571176896,
    0.10565583078333965,
    0.10295829033622375,
    0.1030333457657924,
    0.10703249089419842,
    0.10778261047716324,
    0.1063006860920443,
    0.1113734426908195,
    0.09906015674082133,
    0.10252992618972293,
    0.1117094294884457,
    0.11213209598253553,
    0.10242972365365578,
    0.09409740658548589,
    0.11798043649357098,
    0.10703663341701031,
    0.12542250286787748,
    0.11127840953234297,
    0.11677002161741257,
    0.1028212126917564,
    0.10497615529367557,
    0.1039115097373724,
    0.10282676301610011,
    0.1052684596596429,
    0.0939558306350731,
    0.10166442196350545,
    0.09774444982982598,
    0.10574948110689338,
    0.10523709910921752,
    0.09282202690911408,
    0.10254021885339171,
    0.1045924328142204,
    0.10830074600660457,
    0.10283736490572874,
    0.10710864802464269,
    0.09344695838024983,
    0.09114629625736807,
    0.09967493565860562,
    0.10263898134088287,
    0.09223074483900116,
    0.0998549161460967,
    0.08971444736772145,
    0.09983933630596417,
    0.09627047234859604,
    0.09300521279398638,
    0.09227376287946334,
    0.1078683843728728,
    0.09770141227188735,
    0.09947734742980593,
    0.0970157363335602,
    0.1011098589336213,
    0.08949575506938764,
    0.10437445899543281,
    0.10548283268088618,
    0.0981244310700836,
    0.09341594075354245,
    0.0883475954984673,
    0.10191702807787806,
    0.09589536478205656,
    0.0976931974112701,
    0.09808393684215844,
    0.09493008049097486,
    0.10607159660699275,
    0.09031181703679837,
    0.0994583409673606,
    0.09858879397730701,
    0.10168427718767467,
    0.09254539160666844,
    0.09632072659531751,
    0.09342926263343543,
    0.09839879335441555,
    0.10238958939981575,
    0.10729438083944842,
    0.1049224683844771,
    0.10650960474203412,
    0.10059249325870322,
    0.10709056664759722,
    0.11014544929135948,
    0.10305827506817877,
    0.09958103643013881,
    0.10352954898889248,
    0.10434439914444318
  ],