{
  "epoch": [
    1,
    2,
    3,
    4,
    5,
    6,
    7,
    8,
    9,
    10,
    11,
    12,
    13,
    14,
    15,
    16,
    17,
    18,
    19,
    20,
    21,
    22,
    23,
    24,
    25,
    26,
    27,
    28,
    29,
    30,
    31,
    32,
    33,
    34,
    35,
    36,
    37,
    38,
    39,
    40,
    41,
    42,
    43,
    44,
    45,
    46,
    47,
    48,
    49,
    50,
    51,
    52,
    53,
    54,
    55,
    56,
    57,
    58,
    59,
    60,
    61,
    62,
    63,
    64,
    65,
    66,
    67,
    68,
    69,
    70,
    71,
    72,
    73,
    74,
    75,
    76,
    77,
    78,
    79,
    80,
    81,
    82,
    83,
    84,
    85,
    86,
    87,
    88,
    89,
    90,
    91,
    92,
    93,
    94,
    95,
    96,
    97,
    98,
    99,
    100,
    101,
    102,
    103,
    104,
    105,
    106,
    107,
    108,
    109,
    110,
    111,
    112,
    113,
    114,
    115,
    116,
    117,
    118,
    119,
    120,
    121,
    122,
    123,
    124,
    125,
    126,
    127,
    128,
    129,
    130,
    131,
    132,
    133,
    134,
    135,
    136,
    137,
    138,
    139,
    140,
    141,
    142,
    143,
    144,
    145,
    146,
    147,
    148,
    149,
    150,
    151,
    152,
    153
  ],
  "train_loss": [
    1.3020746082362562,
    0.6111266034664494,
    0.46076764771253753,
    0.3931934187317839,
    0.34982242560622717,
    0.3183265157265238,
    0.2925131860936042,
    0.27329058045207866,
    0.25609611181339414,
    0.24029686825700325,
    0.23197063936455414,
    0.21236575948129785,
    0.20650672735554157,
    0.19189339935189426,
    0.1860805789727976,
    0.17767557774734968,
    0.1691971975240377,
    0.16022300971026468,
    0.1535477751847541,
    0.15004746247046064,
    0.13891165865824953,
    0.13737042491683865,
    0.13011613794335045,
    0.12603532718402324,
    0.12075199444990346,
    0.1179349082383779,
    0.11069820655306967,
    0.10830244303929924,
    0.10519119886921184,
    0.09981035278870327,
    0.09513848455678119,
    0.0946282685393154,
    0.090793642962333,
    0.08870177915190706,
    0.08339470392554113,
    0.08008397835316045,
    0.08012479303939508,
    0.07841403339758958,
    0.07586268014689483,
    0.07334451491732409,
    0.06956749789343022,
    0.0692716036545168,
    0.06783900328791968,
    0.06481630406757392,
    0.059444927066417026,
    0.06055269548946088,
    0.05734776152242528,
    0.0557739214031118,
    0.053835357991185516,
    0.05306849348368031,
    0.051673156753329945,
    0.04920856374325139,
    0.05044665632050226,
    0.04490702293149316,
    0.04533274517864874,
    0.042273477356106336,
    0.04399919354052532,
    0.04215573459531706,
    0.04029951202175995,
    0.03907685386625552,
    0.035654172098430074,
    0.03748293262491427,
    0.03560030274093151,
    0.036925153945120845,
    0.0355765873676922,
    0.03173817336411759,
    0.03407764644131507,
    0.03277903691044833,
    0.03077034418019328,
    0.031205748899443313,
    0.030428550556523375,
    0.029221859225763543,
    0.026361126406579324,
    0.027298178648262627,
    0.02753288717479399,
    0.02557550539437792,
    0.024636635722795334,
    0.025378927809767204,
    0.025569059480313617,
    0.025099420449742588,
    0.020678932529569854,
    0.022879202721068765,
    0.021480145984061873,
    0.021616165037497435,
    0.021986228469205966,
    0.020823306901989008,
    0.021821599711876104,
    0.02097618025681465,
    0.02147224455112868,
    0.01960647755330152,
    0.019510560166459568,
    0.01969812732964459,
    0.017390737125631606,
    0.01702412441004031,
    0.0170952620602554,
    0.014395122748274024,
    0.015670323670648113,
    0.016774614742671203,
    0.015837057691878906,
    0.015970124143848914,
    0.016056395271829893,
    0.01547452577592639,
    0.015070235686339807,
    0.013037173939629061,
    0.013251068944222118,
    0.014255700653677088,
    0.013156393374602246,
    0.013398089476095715,
    0.012554758426613442,
    0.013929119342845856,
    0.013980016986018803,
    0.013086688822356633,
    0.013438396811678932,
    0.012144216997917779,
    0.010787371720076714,
    0.011282151366703876,
    0.011639316381868159,
    0.011223281332577514,
    0.010918211678301197,
    0.011466255337737574,
    0.011005489659348116,
    0.01133418928988573,
    0.010568130825932073,
    0.010879584516647577,
    0.009748793796101345,
    0.009802970289492445,
    0.011466966871642462,
    0.009982578064508663,
    0.010396780773517814,
    0.009193239601024675,
    0.009021426779264123,
    0.009424406319331046,
    0.00905321940254088,
    0.009457139994506494,
    0.008510291744669033,
    0.009232855895257528,
    0.01014526050749908,
    0.008745880870120876,
    0.008442323433585686,
    0.007998281832793636,
    0.0071681866106475785,
    0.009380197045301079,
    0.008815759728376818,
    0.008608126459587919,
    0.009028058320440647,
    0.007833196813849235,
    0.007385873478390092,
    0.007352998143633698,
    0.007796390852337648,
    0.007451827025806329,
    0.00846752793514308,
    0.008293879982591191,
    0.006986518664801917
  ],