{
  "epoch": [
    1,
    2,
    3,
    4,
    5,
    6,
    7,
    8,
    9,
    10,
    11,
    12,
    13,
    14,
    15,
    16,
    17,
    18,
    19,
    20,
    21,
    22,
    23,
    24,
    25,
    26,
    27,
    28,
    29,
    30,
    31,
    32,
    33,
    34,
    35,
    36,
    37,
    38,
    39,
    40,
    41,
    42,
    43,
    44,
    45,
    46,
    47,
    48,
    49,
    50,
    51,
    52,
    53,
    54,
    55,
    56,
    57,
    58,
    59,
    60,
    61,
    62,
    63,
    64,
    65,
    66,
    67,
    68,
    69,
    70,
    71,
    72,
    73,
    74,
    75,
    76,
    77,
    78,
    79,
    80,
    81,
    82,
    83,
    84,
    85,
    86,
    87,
    88,
    89,
    90,
    91
  ],
  "train_loss": [
    1.3311947064915883,
    0.699998108689318,
    0.5231982633932349,
    0.4160629123756566,
    0.33131143082048475,
    0.27500912332043204,
    0.23242081624945415,
    0.1968195117318753,
    0.17608360074383697,
    0.15362237397696554,
    0.13923396304557004,
    0.12350541157359929,
    0.11428665340945278,
    0.10380735131191839,
    0.09669922261508469,
    0.08589714673376575,
    0.08326300623413828,
    0.07740796800971646,
    0.07299825482876952,
    0.06620906141692216,
    0.06044197017230939,
    0.05701218504151426,
    0.05453315963872622,
    0.05121104798481329,
    0.0493480939581299,
    0.04544548493013093,
    0.042785162864656175,
    0.03953409620762332,
    0.0389478519539704,
    0.03855982130470196,
    0.03617044799413878,
    0.03313099521874767,
    0.03219728939446438,
    0.03138275971616974,
    0.031530722841313204,
    0.02855143222247356,
    0.027433888480240077,
    0.02689100826427955,
    0.02434428935131231,
    0.02450850143423784,
    0.024962743756255693,
    0.0234101901416542,
    0.021823963880078078,
    0.020032817016586123,
    0.020035392554361642,
    0.020471487477536975,
    0.018861084672401555,
    0.018364427152771465,
    0.017412528076410753,
    0.016371365377353023,
    0.016935864076997664,
    0.017301430828514097,
    0.015495877983000552,
    0.017300254193653074,
    0.017666909137990364,
    0.01603834897390154,
    0.016870191950859866,
    0.014469312418122613,
    0.015363284643528234,
    0.014136355191459591,
    0.01457228202051147,
    0.015947227973548563,
    0.01235114172588285,
    0.014191297215371173,
    0.013106408015315988,
    0.013845426929675369,
    0.012278069417981296,
    0.012072322165267062,
    0.012353036007795906,
    0.012263856443562112,
    0.012496410337391971,
    0.011476437045746128,
    0.011491450920374584,
    0.011581908015548684,
    0.011212205577920163,
    0.01023775881297944,
    0.010336361958983728,
    0.010148228413170953,
    0.009680780776555544,
    0.012000399068017135,
    0.010586205038203638,
    0.011107779056981168,
    0.008373349299534349,
    0.009750039032876454,
    0.010018017473054532,
    0.011080110642144494,
    0.009362686170113859,
    0.009003509154672898,
    0.01001511705792077,
    0.008636331742271762,
    0.008070822235091216
  ],
  "val_loss": [
    0.6030000402377202,
    0.4571639597415924,
    0.38812512159347534,
    0.3501057510192578,
    0.3232711542111177,
    0.2718060498054211,
    0.27365337082972896,
    0.24250114766451028,
    0.22216540231154516,
    0.21448132796929434,
    0.20793790828723174,
    0.22539973258972168,
    0.20152428631599134,
    0.19175967172934458,
    0.17605398022211516,
    0.1683525208097238,
    0.17469787139158982,
    0.17133350555713361,
    0.15338064414950517,
    0.1580045108611767,
    0.15663713933183596,
    0.15158365208369035,
    0.14922739221499517,
    0.14540698665838975,
    0.14233813492151406,
    0.1454052162858156,
    0.13712190292202509,
    0.13400404069286126,
    0.1333525269650496,
    0.1276323998776766,
    0.12629910128620955,
    0.1367031648181952,
    0.12199069989415315,
    0.1350513223845225,
    0.13584805337282327,
    0.12342626028336011,
    0.13355676600566277,
    0.13209854668149582,
    0.12600597366690636,
    0.12626216044792762,
    0.12520464309133017,
    0.12777610409718293,
    0.12839589869746795,
    0.11799601680384232,
    0.13147579935880807,
    0.11310747853265359,
    0.12050813364867981,
    0.12351679429411888,
    0.12721272328725228,
    0.12449342012405396,
    0.1290420303837611,
    0.12293919347799741,
    0.11913744646769303,
    0.1121462516200084,
    0.11417698473311387,
    0.12350956809062225,
    0.11092888492231186,
    0.11758073175755832,
    0.11504498038154382,
    0.11834446971233074,
    0.11352316254320052,
    0.10783044585528281,
    0.11468602924679334,
    0.10538786398963286,
    0.11401698881616959,
    0.10523191839456558,
    0.12188955367757724,
    0.11022071554683723,
    0.11536707320752052,
    0.11567837573014773,
    0.12317217549738976,
    0.1248374438056579,
    0.11211708374321461,
    0.12065658589395192,
    0.10738643975212024,
    0.11389114048618537,
    0.11758941168395373,
    0.10910370100576144,
    0.11012151629592364,
    0.11573783594828385,
    0.11507635964797093,
    0.11323619447648525,
    0.11688526275639351,
    0.10837802964334305,
    0.11747395454977567,
    0.11589271145371291,
    0.11739021768936744,
    0.12154140832045904,
    0.1172377484349104,
    0.1239396959829789,
    0.11703044476990516
  ],
  "train_transduce": [
    1.3311947064915883,
    0.699998108689318,
    0.5231982633932349,
    0.4160629123756566,
    0.33131143082048475,
    0.27500912332043204,
    0.23242081624945415,
    0.1968195117318753,
    0.17608360074383697,
    0.15362237397696554,
    0.13923396304557004,
    0.12350541157359929,
    0.11428665340945278,
    0.10380735131191839,
    0.09669922261508469,
    0.08589714673376575,
    0.08326300623413828,
    0.07740796800971646,
    0.07299825482876952,
    0.06620906141692216,
    0.06044197017230939,
    0.05701218504151426,
    0.05453315963872622,
    0.05121104798481329,
    0.0493480939581299,
    0.04544548493013093,
    0.042785162864656175,
    0.03953409620762332,
    0.0389478519539704,
    0.03855982130470196,
    0.03617044799413878,
    0.03313099521874767,
    0.03219728939446438,
    0.03138275971616974,
    0.031530722841313204,
    0.02855143222247356,
    0.027433888480240077,
    0.02689100826427955,
    0.02434428935131231,
    0.02450850143423784,
    0.024962743756255693,
    0.0234101901416542,
    0.021823963880078078,
    0.020032817016586123,
    0.020035392554361642,
    0.020471487477536975,
    0.018861084672401555,
    0.018364427152771465,
    0.017412528076410753,
    0.016371365377353023,
    0.016935864076997664,
    0.017301430828514097,
    0.015495877983000552,
    0.017300254193653074,
    0.017666909137990364,
    0.01603834897390154,
    0.016870191950859866,
    0.014469312418122613,
    0.015363284643528234,
    0.014136355191459591,
    0.01457228202051147,
    0.015947227973548563,
    0.01235114172588285,
    0.014191297215371173,
    0.013106408015315988,
    0.013845426929675369,
    0.012278069417981296,
    0.012072322165267062,
    0.012353036007795906,
    0.012263856443562112,
    0.012496410337391971,
    0.011476437045746128,
    0.011491450920374584,
    0.011581908015548684,
    0.011212205577920163,
    0.01023775881297944,
    0.010336361958983728,
    0.010148228413170953,
    0.009680780776555544,
    0.012000399068017135,
    0.010586205038203638,
    0.011107779056981168,
    0.008373349299534349,
    0.009750039032876454,
    0.010018017473054532,
    0.011080110642144494,
    0.009362686170113859,
    0.009003509154672898,
    0.01001511705792077,
    0.008636331742271762,
    0.008070822235091216
  ],