{
  "epoch": [
    1,
    2,
    3,
    4,
    5,
    6,
    7,
    8,
    9,
    10,
    11,
    12,
    13,
    14,
    15,
    16,
    17,
    18,
    19,
    20,
    21,
    22,
    23,
    24,
    25,
    26,
    27,
    28,
    29,
    30,
    31,
    32,
    33,
    34,
    35,
    36,
    37,
    38,
    39,
    40,
    41,
    42,
    43,
    44,
    45,
    46,
    47,
    48,
    49,
    50,
    51,
    52,
    53,
    54,
    55,
    56,
    57,
    58,
    59,
    60,
    61,
    62,
    63,
    64,
    65,
    66,
    67,
    68,
    69,
    70,
    71,
    72,
    73,
    74,
    75,
    76,
    77,
    78,
    79,
    80,
    81,
    82,
    83,
    84,
    85,
    86,
    87,
    88,
    89,
    90
  ],
  "train_loss": [
    2.0367303389249387,
    0.5991920864151925,
    0.303640033089623,
    0.18890251211591602,
    0.12939177125154697,
    0.09660770283224657,
    0.07849398745972778,
    0.0624238931449111,
    0.05092334823164436,
    0.04481108730044408,
    0.038905614336530114,
    0.02735633458030055,
    0.028309419280705378,
    0.02719994656232752,
    0.028911840848711116,
    0.025823805517200187,
    0.01874628364703781,
    0.020619228439040713,
    0.018658573915653853,
    0.012992840755932494,
    0.013968335441793748,
    0.019502554436876755,
    0.017130323318457326,
    0.015512389633756554,
    0.01467225090576547,
    0.012852747629987095,
    0.013848282963267922,
    0.013672554279802386,
    0.010989243419092033,
    0.008441152245516783,
    0.008367257262340066,
    0.01022623123669488,
    0.0165794861788583,
    0.009200953418801817,
    0.0088910721722491,
    0.008429139649997149,
    0.00932544839302001,
    0.01145874842768535,
    0.008848330288940618,
    0.010984473949065432,
    0.007615918151976675,
    0.007575675020637663,
    0.0046105549453827315,
    0.008690281826030636,
    0.006512211363272953,
    0.006543849728258624,
    0.004995771541833859,
    0.007522444357164204,
    0.0051630799766310695,
    0.005510844769719604,
    0.004689969815050981,
    0.004811666088272366,
    0.005931588070264288,
    0.004242359191004052,
    0.005869525431333705,
    0.005881545210548811,
    0.0043324136877907725,
    0.008394230403169299,
    0.0060632962435867984,
    0.0050289395046852455,
    0.004906232070781473,
    0.004098898348471716,
    0.0034488668127019037,
    0.004017707825753569,
    0.004483374863918198,
    0.004045829725975036,
    0.00246349208681909,
    0.0027283243456172526,
    0.002828590998686514,
    0.0036294001705774116,
    0.003013502620100572,
    0.0040012885026241285,
    0.0028677319529266504,
    0.002708620491924278,
    0.0048054552182630805,
    0.004666894492852266,
    0.003129810595374252,
    0.003424318858022386,
    0.0037014877199214526,
    0.004668407024171794,
    0.00241644848829685,
    0.002434914187594502,
    0.002779281508542367,
    0.003841281638312101,
    0.003280883217944533,
    0.002467254091487158,
    0.0032608342603687316,
    0.0022792428848633695,
    0.0022106951796230694,
    0.002241008016838903
  ],
  "val_loss": [
    0.8613458413344163,
    0.25810012221336365,
    0.12757080105634835,
    0.09033962138570271,
    0.06385204998346475,
    0.045967418127335034,
    0.044288705103099346,
    0.04335494640354927,
    0.033133506237600856,
    0.03237783625865212,
    0.029608069704129145,
    0.026853707610056378,
    0.03622423822525889,
    0.040675461471367344,
    0.03029643794378409,
    0.031433777865738824,
    0.024130349123599723,
    0.03264697632179237,
    0.03094363804960337,
    0.028557070665276393,
    0.032702356178420953,
    0.03441613633185625,
    0.03360683130001864,
    0.03250579229699305,
    0.024123967708034728,
    0.03103521672444633,
    0.02717088949821818,
    0.028024448386321846,
    0.026717294889609687,
    0.026302404191273335,
    0.028359244591019187,
    0.02721147592036197,
    0.029510138350395627,
    0.02673630310052361,
    0.026845980585606482,
    0.026527086975805175,
    0.030281421147474948,
    0.02736974397087649,
    0.029504825689050797,
    0.022476669271082547,
    0.024823440983219862,
    0.028134031750456555,
    0.035892804196919315,
    0.03134136698281509,
    0.03234413255379947,
    0.029697721166695164,
    0.030753288208730876,
    0.027107876733330507,
    0.029534670605454057,
    0.028535327091119073,
    0.0271017462207685,
    0.032737703277654455,
    0.02461275795842364,
    0.026127361962048432,
    0.026484801697594006,
    0.02947486145365894,
    0.03481670561870068,
    0.033561960222099375,
    0.03573722826765264,
    0.02690601684354568,
    0.029211498201360743,
    0.029026956944177913,
    0.027119158725187074,
    0.027871121010740844,
    0.027977370291269975,
    0.03249399553925077,
    0.03103421736348257,
    0.0342350262364142,
    0.034288091534388235,
    0.032795637927252895,
    0.035543023662634926,
    0.03525957066806139,
    0.03300206770864651,
    0.03381267563274658,
    0.0328516072867947,
    0.02909185050521046,
    0.03307550403147056,
    0.032658428521314745,
    0.04212985438362711,
    0.03322261996366321,
    0.031087321188701587,
    0.03534829098855251,
    0.04623337133671157,
    0.03339452026277566,
    0.030689816216601266,
    0.03507190060802783,
    0.035485543935814906,
    0.02981888992627109,
    0.0311887005864614,
    0.0305238317295544
  ],
  "train_transduce": [
    2.0367303389249387,
    0.5991920864151925,
    0.303640033089623,
    0.18890251211591602,
    0.12939177125154697,
    0.09660770283224657,
    0.07849398745972778,
    0.0624238931449111,
    0.05092334823164436,
    0.04481108730044408,
    0.038905614336530114,
    0.02735633458030055,
    0.028309419280705378,
    0.02719994656232752,
    0.028911840848711116,
    0.025823805517200187,
    0.01874628364703781,
    0.020619228439040713,
    0.018658573915653853,
    0.012992840755932494,
    0.013968335441793748,
    0.019502554436876755,
    0.017130323318457326,
    0.015512389633756554,
    0.01467225090576547,
    0.012852747629987095,
    0.013848282963267922,
    0.013672554279802386,
    0.010989243419092033,
    0.008441152245516783,
    0.008367257262340066,
    0.01022623123669488,
    0.0165794861788583,
    0.009200953418801817,
    0.0088910721722491,
    0.008429139649997149,
    0.00932544839302001,
    0.01145874842768535,
    0.008848330288940618,
    0.010984473949065432,
    0.007615918151976675,
    0.007575675020637663,
    0.0046105549453827315,
    0.008690281826030636,
    0.006512211363272953,
    0.006543849728258624,
    0.004995771541833859,
    0.007522444357164204,
    0.0051630799766310695,
    0.005510844769719604,
    0.004689969815050981,
    0.004811666088272366,
    0.005931588070264288,
    0.004242359191004052,
    0.005869525431333705,
    0.005881545210548811,
    0.0043324136877907725,
    0.008394230403169299,
    0.0060632962435867984,
    0.0050289395046852455,
    0.004906232070781473,
    0.004098898348471716,
    0.0034488668127019037,
    0.004017707825753569,
    0.004483374863918198,
    0.004045829725975036,
    0.00246349208681909,
    0.0027283243456172526,
    0.002828590998686514,
    0.0036294001705774116,
    0.003013502620100572,
    0.0040012885026241285,
    0.0028677319529266504,
    0.002708620491924278,
    0.0048054552182630805,
    0.004666894492852266,
    0.003129810595374252,
    0.003424318858022386,
    0.0037014877199214526,
    0.004668407024171794,
    0.00241644848829685,
    0.002434914187594502,
    0.002779281508542367,
    0.003841281638312101,
    0.003280883217944533,
    0.002467254091487158,
    0.0032608342603687316,
    0.0022792428848633695,
    0.0022106951796230694,
    0.002241008016838903
  ],