{
  "epoch": [
    1,
    2,
    3,
    4,
    5,
    6,
    7,
    8,
    9,
    10,
    11,
    12,
    13,
    14,
    15,
    16,
    17,
    18,
    19,
    20,
    21,
    22,
    23,
    24,
    25,
    26,
    27,
    28,
    29,
    30,
    31,
    32,
    33,
    34,
    35,
    36,
    37,
    38,
    39,
    40,
    41,
    42,
    43,
    44,
    45,
    46,
    47,
    48,
    49,
    50,
    51,
    52,
    53,
    54,
    55,
    56,
    57,
    58,
    59,
    60,
    61,
    62,
    63,
    64,
    65,
    66,
    67,
    68,
    69,
    70,
    71,
    72,
    73,
    74,
    75,
    76,
    77,
    78,
    79,
    80,
    81,
    82,
    83,
    84,
    85,
    86,
    87,
    88,
    89,
    90,
    91,
    92,
    93,
    94,
    95,
    96,
    97,
    98,
    99,
    100,
    101,
    102,
    103,
    104,
    105,
    106,
    107,
    108,
    109,
    110,
    111,
    112,
    113,
    114,
    115,
    116,
    117,
    118,
    119,
    120,
    121,
    122,
    123,
    124,
    125,
    126
  ],
  "train_loss": [
    1.1748571850285672,
    0.5280571627144767,
    0.40745734696341035,
    0.3597063001724753,
    0.3253270918780034,
    0.29954924589336507,
    0.27391593482824833,
    0.2567456175785254,
    0.24148670296267707,
    0.22779718262724358,
    0.21480276885599192,
    0.20608985564201185,
    0.1952793708827236,
    0.18756545180141335,
    0.18159673392477602,
    0.17314496474100813,
    0.1680615184330704,
    0.16018984983168025,
    0.15533565656088366,
    0.14945162043418034,
    0.14355813593852637,
    0.13884489112856366,
    0.13691916338878102,
    0.13149901885207338,
    0.1269229576360471,
    0.1254143432741708,
    0.12221776579718778,
    0.1183572386456008,
    0.11460632240713232,
    0.1098630695723661,
    0.10580899013151036,
    0.10317154527448191,
    0.09981942191572472,
    0.09628759298731784,
    0.09387798360226178,
    0.09260618166610746,
    0.08957866479707237,
    0.08611149506846277,
    0.08664578203075003,
    0.08174834776632857,
    0.07904571162001921,
    0.07894532585350594,
    0.07314272531040825,
    0.07236377271537733,
    0.07074185811204485,
    0.07096584329363143,
    0.06901081981561562,
    0.06342706194903591,
    0.06517138239918369,
    0.06487420112779825,
    0.06019011208105205,
    0.058792229760253785,
    0.05678201553476329,
    0.05476772226393223,
    0.05466385150678677,
    0.05219110643657127,
    0.052738252824338354,
    0.0507877450067513,
    0.04982714847394145,
    0.046740309842447245,
    0.04577422976530719,
    0.04624651007280491,
    0.04488656570268149,
    0.042072009525750534,
    0.04268669560182803,
    0.04196347140402782,
    0.04033719778687942,
    0.038219699193492974,
    0.03937244363645516,
    0.03702774568285683,
    0.0344684234645107,
    0.0351337294951819,
    0.0363469705225365,
    0.035414753620060954,
    0.03358474302815624,
    0.03459858178797335,
    0.03181598780879585,
    0.030951537127320718,
    0.029776408659792183,
    0.030426089421357258,
    0.029335195724253017,
    0.02963893467763273,
    0.029232250249916963,
    0.027165906171840015,
    0.02747015667028061,
    0.025890060728139215,
    0.024648860751623564,
    0.02498548612514935,
    0.02521665596246424,
    0.023302758379959234,
    0.023811860549457296,
    0.024541343101254193,
    0.023861617601412064,
    0.022388966906225622,
    0.02318626389110295,
    0.021658413965107485,
    0.022296835926573465,
    0.023118044341923577,
    0.02267158970624061,
    0.019344158166337132,
    0.02168527944935578,
    0.01872953628235967,
    0.019999343237959512,
    0.019450313319442886,
    0.016429142201190242,
    0.0189207500990222,
    0.01871930979339793,
    0.01984436289490302,
    0.017913422763974656,
    0.017524815899882428,
    0.015658091723752935,
    0.017489611618405225,
    0.016546942667095083,
    0.01571702485037322,
    0.016203831653064577,
    0.016678380761479976,
    0.01446543218300558,
    0.015016944253688106,
    0.01459975534183259,
    0.015313085585851038,
    0.015184076512140213,
    0.015491461667167668,
    0.01687623344426329,
    0.014663942990418856,
    0.01316839511192745,
    0.014422183667337246
  ],
  "val_loss": [
    0.5658343067535987,
    0.3947409001680521,
    0.34941708926971143,
    0.31924890210995305,
    0.2939196332142903,
    0.28171342267439914,
    0.2583032147242473,
    0.2540297909424855,
    0.2377900446836765,
    0.22234210257346815,
    0.2212738016476998,
    0.2068166004923674,
    0.20582058624579355,
    0.19730926419679934,
    0.1877555325627327,
    0.18477962567256048,
    0.1769612769667919,
    0.17688853981403205,
    0.16985921676342303,
    0.16546456916974142,
    0.16776350885629654,
    0.1585954874753952,
    0.15666673332452774,
    0.1555353357241704,
    0.1539386585354805,
    0.14938219407430062,
    0.14271264523267746,
    0.14469211634535056,
    0.14261850657371375,
    0.13967789652255866,
    0.13556468085600779,
    0.13359755248977587,
    0.128899829605451,
    0.1299924520918956,
    0.12830924443327463,
    0.12878755164834169,
    0.12308326822060806,
    0.12246760640006799,
    0.11949767802770321,
    0.11323723598168446,
    0.11915008293894622,
    0.12071409334356968,
    0.11797858230196513,
    0.1181047040109451,
    0.11269888511070839,
    0.1110141919209407,
    0.11201247658867103,
    0.10886923538950774,
    0.10949927511123511,
    0.10688715542738254,
    0.10644739694320239,
    0.10855174666413894,
    0.10304326478105325,
    0.1058625765144825,
    0.09803662592401871,
    0.10073281810260735,
    0.10720174530377755,
    0.09402046782466081,
    0.09546273946762085,
    0.09502539181938538,
    0.09942542761564255,
    0.09861065934483822,
    0.09781667188956188,
    0.09556561307265209,
    0.09645732950705749,
    0.09357562174017613,
    0.09264932601497723,
    0.09650391196975341,
    0.09037002090078133,
    0.09031939334594287,
    0.09196638631132933,
    0.09033062194402401,
    0.08871004114357325,
    0.08985536674467418,
    0.0849183711868066,
    0.08841601171745704,
    0.0918714263691352,
    0.08767520120510688,
    0.08629261759611276,
    0.08792671819145863,
    0.08732619394476597,
    0.09504262787791398,
    0.08684368961705612,
    0.0860205483264648,
    0.08234138328295487,
    0.08992512681736396,
    0.08961739734961437,
    0.08894812587935191,
    0.09013995456580932,
    0.08906441239210275,
    0.09234415352917634,
    0.08820247707458642,
    0.09265707834408833,
    0.08668448131244916,
    0.08548342866393235,
    0.08855195329166375,
    0.08930013371774784,
    0.0891423192448341,
    0.08547646179795265,
    0.08561854651914193,
    0.08117590772990997,
    0.08219270049952544,
    0.08444468032282132,
    0.08580284837919933,
    0.08669406834703225,
    0.08760009104242691,
    0.09000412990840581,
    0.08776008566984764,
    0.08843690099624488,
    0.0847983592404769,
    0.08744821138679981,
    0.08712513694682947,
    0.08297428445747265,
    0.08825832318801147,
    0.08800781518220901,
    0.08407128587938272,
    0.08575968960156807,
    0.08820695874209587,
    0.08787258485188851,
    0.08741695734743889,
    0.08984936673480731,
    0.08686590309326465,
    0.09110270433414441,
    0.08729018256641351,
    0.08695801075261372,
    0.08575752606758705
  ],