{
  "epoch": [
    1,
    2,
    3,
    4,
    5,
    6,
    7,
    8,
    9,
    10,
    11,
    12,
    13,
    14,
    15,
    16,
    17,
    18,
    19,
    20,
    21,
    22,
    23,
    24,
    25,
    26,
    27,
    28,
    29,
    30,
    31,
    32,
    33,
    34,
    35,
    36,
    37,
    38,
    39,
    40,
    41,
    42,
    43,
    44,
    45,
    46,
    47,
    48,
    49,
    50,
    51,
    52,
    53,
    54,
    55,
    56,
    57,
    58,
    59,
    60,
    61,
    62,
    63,
    64,
    65,
    66,
    67,
    68,
    69,
    70,
    71,
    72,
    73,
    74,
    75,
    76,
    77,
    78,
    79,
    80,
    81,
    82,
    83,
    84,
    85,
    86,
    87,
    88,
    89,
    90,
    91,
    92,
    93,
    94,
    95,
    96,
    97,
    98,
    99,
    100,
    101,
    102,
    103,
    104,
    105
  ],
  "train_loss": [
    1.2367452373824168,
    0.67505158422534,
    0.524976288381311,
    0.43961447538788784,
    0.37168397623853583,
    0.3095092145898907,
    0.26518499974122983,
    0.2306234561598178,
    0.2008749320334995,
    0.18312268708016455,
    0.1615467727491536,
    0.14696766309363327,
    0.13526345251761762,
    0.12192927239481936,
    0.11360434312181375,
    0.10506886466569507,
    0.0989244018594936,
    0.0916970705939937,
    0.08741754295362025,
    0.07945832560203739,
    0.07548234139367477,
    0.07286189054859053,
    0.06766799034685203,
    0.06682125427136101,
    0.06270451682437327,
    0.05762141314095136,
    0.056337605681769626,
    0.054669854884064686,
    0.053377148023201634,
    0.050010769877621195,
    0.047928927399064465,
    0.04645103485006647,
    0.044670690595143545,
    0.045621138526914046,
    0.04067597479665095,
    0.038858972557042674,
    0.03792018363175472,
    0.03699876796262166,
    0.03652410638835473,
    0.03260885860252472,
    0.03601655654954849,
    0.03345071913712879,
    0.031154215911921766,
    0.03005305113818151,
    0.03141989451641044,
    0.03085927366874344,
    0.029347813280164888,
    0.02817534524515348,
    0.02590088215992623,
    0.02767260402882683,
    0.026548064465048846,
    0.02546896664761775,
    0.025337547349465108,
    0.026110745961633847,
    0.023350647689064138,
    0.024007205294502766,
    0.023919028198807358,
    0.02326120742711901,
    0.02286226218974352,
    0.023142340775464,
    0.023191701182759532,
    0.02206647252548755,
    0.022017596257111232,
    0.01990287693711862,
    0.02086169894823094,
    0.020704778084128173,
    0.020147440356164018,
    0.019929090853223634,
    0.020957899894373317,
    0.02024862319039008,
    0.019742926398469807,
    0.018314406185137282,
    0.019248881562104084,
    0.019044549294420968,
    0.021249227955476523,
    0.01646589752545907,
    0.017880300373155817,
    0.01777834767480525,
    0.017139490432173166,
    0.018012162441983053,
    0.017004183663376943,
    0.01683329392618202,
    0.01749648829350805,
    0.015917336591039354,
    0.015792446433609716,
    0.013779001761127034,
    0.015635778151150102,
    0.015476710763735907,
    0.015576955330373296,
    0.014817310708392527,
    0.01692975579626551,
    0.015297641692630294,
    0.015010705943814642,
    0.015345209842240535,
    0.013773794609995694,
    0.014042268007916888,
    0.014902180919457303,
    0.013903840574599112,
    0.014826459065439737,
    0.01338530418741488,
    0.012953291125967619,
    0.013945386916658236,
    0.01336428942338842,
    0.011842730577216609,
    0.0128474378149438
  ],
  "val_loss": [
    0.4855933968837445,
    0.3545052592570965,
    0.29690958903386044,
    0.2723849473091272,
    0.2341622354892584,
    0.1867246599151538,
    0.17730648815631866,
    0.16482123446006042,
    0.15078768936487344,
    0.1420827485047854,
    0.13833500559513384,
    0.138175286925756,
    0.12463265743393165,
    0.1267330818451368,
    0.12291780715951553,
    0.10644999834207389,
    0.1184577216895727,
    0.10855356689829093,
    0.10721621605066153,
    0.11539254939326873,
    0.09747929441241118,
    0.09316028396670635,
    0.09427644899831368,
    0.08844327210233761,
    0.08674570445257884,
    0.09000140643463685,
    0.08626919182447287,
    0.08708793283081971,
    0.08771822085747352,
    0.08269881342466061,
    0.08117792998942044,
    0.08104296078762183,
    0.08026372211483809,
    0.0813463252897446,
    0.08207275317265438,
    0.0857300367206335,
    0.08374944021208929,
    0.08182911445888189,
    0.0804854526829261,
    0.08616941046113005,
    0.08190886289454423,
    0.08035890901317963,
    0.08203094087254542,
    0.08464033898109427,
    0.07943147865052406,
    0.08329872923115125,
    0.08071567408310679,
    0.07945718825794756,
    0.07946325455290768,
    0.07568409840146509,
    0.079605410556094,
    0.0808701295620547,
    0.07950748854245131,
    0.08071645270459928,
    0.08149748643000539,
    0.07875154328604157,
    0.07865141715424565,
    0.0781496354790691,
    0.07647990026117231,
    0.08177956403233111,
    0.07828128110402478,
    0.0743236601478062,
    0.0746811660221563,
    0.07682911089012542,
    0.08150417155299622,
    0.0793476173779569,
    0.07867917505343659,
    0.07897170133387241,
    0.07611752225336833,
    0.08087953529320657,
    0.07985527088077596,
    0.07800028603882171,
    0.0786022479341437,
    0.08008671251053993,
    0.07936372498695093,
    0.07897094539545763,
    0.07773284844230287,
    0.07689124388763538,
    0.08144107016806419,
    0.07341084763622628,
    0.07696400312348627,
    0.07973801733281177,
    0.07909913610469979,
    0.0820338713685767,
    0.08287804400046858,
    0.07974393538181455,
    0.08496518149667491,
    0.08074578456580639,
    0.07718797556411189,
    0.08145412215246604,
    0.07919333268028612,
    0.07707162288492188,
    0.07629872620768416,
    0.07865571828845602,
    0.08121121210905795,
    0.0826615793003629,
    0.0782093823923228,
    0.08282294729724526,
    0.08333438171002154,
    0.08196707444193845,
    0.08043565746181859,
    0.07594820071692364,
    0.07985228825754558,
    0.07961591183154199,
    0.07565502224203485
  ],