{
  "epoch": [
    1,
    2,
    3,
    4,
    5,
    6,
    7,
    8,
    9,
    10,
    11,
    12,
    13,
    14,
    15,
    16,
    17,
    18,
    19,
    20,
    21,
    22,
    23,
    24,
    25,
    26,
    27,
    28,
    29,
    30,
    31,
    32,
    33,
    34,
    35,
    36,
    37,
    38,
    39,
    40,
    41,
    42,
    43,
    44,
    45,
    46,
    47,
    48,
    49,
    50,
    51,
    52,
    53,
    54,
    55,
    56,
    57,
    58,
    59,
    60,
    61,
    62,
    63,
    64,
    65,
    66,
    67,
    68,
    69,
    70,
    71,
    72,
    73,
    74,
    75,
    76,
    77,
    78,
    79,
    80,
    81,
    82,
    83,
    84,
    85,
    86,
    87,
    88,
    89,
    90,
    91,
    92,
    93,
    94,
    95,
    96,
    97,
    98,
    99,
    100
  ],
  "train_loss": [
    0.904315591153532,
    0.3184645923942623,
    0.24180002643330262,
    0.20879192701955834,
    0.1898256964465179,
    0.17481569215507792,
    0.16222530942742186,
    0.15209567045221234,
    0.14033777325755298,
    0.134990789217524,
    0.12910994264011336,
    0.12156554385282026,
    0.11396410404750616,
    0.11105622369611617,
    0.10829093484300198,
    0.10365775223858285,
    0.10173263581524981,
    0.0962084289455768,
    0.0951056361641034,
    0.09017796626332963,
    0.08600683797999184,
    0.08465257500953013,
    0.08201036493450699,
    0.08146256750615516,
    0.0771976372983196,
    0.0751472297908351,
    0.0729585517529804,
    0.07150680949856149,
    0.07085273353991532,
    0.0682014513687037,
    0.06723848743235121,
    0.0682564643349978,
    0.06387168392170184,
    0.06538249799373126,
    0.06332813037356527,
    0.06065599226604889,
    0.058222535702556664,
    0.06024314771120501,
    0.05950722991866936,
    0.05711218794014784,
    0.055623318621944084,
    0.055269965330267894,
    0.05388416277963926,
    0.052265040447363756,
    0.05166730948603979,
    0.05150942814232099,
    0.0506297880138206,
    0.05156079807899671,
    0.05094531305724442,
    0.04764949619806934,
    0.051854505286653446,
    0.0453257949672418,
    0.047872944891747864,
    0.04623929129931891,
    0.04543423214189635,
    0.045048429529265605,
    0.04353245652031781,
    0.043753905830406906,
    0.04307604718510762,
    0.04126605100118288,
    0.04045447405187948,
    0.040882780843663334,
    0.039919161463691163,
    0.0401970065973404,
    0.04023838675313509,
    0.03967933646301822,
    0.03943789755409159,
    0.04036363076861247,
    0.03717928175989649,
    0.03749772726493602,
    0.037540126983814016,
    0.03583064767541272,
    0.03680836040489745,
    0.038264067345621565,
    0.03442021925463387,
    0.03572634614008193,
    0.03644560639617393,
    0.03500006641584015,
    0.03514393661078988,
    0.032378025772511074,
    0.03358811448503396,
    0.033165068291865364,
    0.03316745475985774,
    0.03229948657905996,
    0.0317640310697405,
    0.0318163465016918,
    0.029802800557290267,
    0.030484765343884432,
    0.03167019999300194,
    0.030265404796688863,
    0.030910557076002997,
    0.030273471945103738,
    0.030098203325293737,
    0.028300254462784766,
    0.029219745990294633,
    0.028525075026889248,
    0.027746593533544847,
    0.02495167289611579,
    0.027852323547116305,
    0.028912604343846883
  ],
  "val_loss": [
    0.35102226642461926,
    0.24506541169606721,
    0.2200157602245991,
    0.2032347911825547,
    0.19091282555690178,
    0.1813152082837545,
    0.1735177028637666,
    0.16193274351266715,
    0.15609020166672194,
    0.14738151889580947,
    0.1458784121160324,
    0.13724214526323172,
    0.1376858872289841,
    0.13362023807488954,
    0.13044249810851538,
    0.12847280932160524,
    0.11911460642631237,
    0.1240292672927563,
    0.1185695007443428,
    0.11793360629907021,
    0.11977936843266854,
    0.12205017501345047,
    0.11309859443169373,
    0.11517568104542218,
    0.11133198612011395,
    0.1066173856648115,
    0.10584345173377258,
    0.11260091255490597,
    0.10529921089227383,
    0.10591820598794864,
    0.10866076012070362,
    0.10656084005649273,
    0.10139288294773835,
    0.10089831197491059,
    0.10290795879868361,
    0.10033156751440121,
    0.10893962962123063,
    0.09944581498320286,
    0.10262345579954293,
    0.099627374456479,
    0.09796872935616054,
    0.09892679607638946,
    0.0962349812571819,
    0.1011041931521434,
    0.1071194431816156,
    0.10036440351261543,
    0.09948350245562884,
    0.09778310186587848,
    0.09759553693808042,
    0.09644143355007355,
    0.09369195739810283,
    0.09340668956820782,
    0.0948598774579855,
    0.09303007461130619,
    0.09415663177004227,
    0.09203569333140667,
    0.0959604988591029,
    0.09675128772281684,
    0.10349811914448555,
    0.09992085841412728,
    0.09856881774388827,
    0.09955631483059663,
    0.09410002684363952,
    0.09901635821622151,
    0.0999669234913129,
    0.09857735911814067,
    0.09867584762664941,
    0.09935180370051128,
    0.09452685642127807,
    0.09391101105855061,
    0.09706093686131331,
    0.09492116120572273,
    0.09553818290050213,
    0.09031247118344674,
    0.09000482711081322,
    0.09184000426186965,
    0.09592204440671664,
    0.09706451285343903,
    0.09585927670391706,
    0.09654077457693908,
    0.09303970720905524,
    0.09370995871722698,
    0.09438643762125419,
    0.0904137037981015,
    0.09194927676939048,
    0.09175802695636566,
    0.09288951066824105,
    0.09659880299407703,
    0.09502154287810509,
    0.09561610952592813,
    0.09450697268431003,
    0.09621295175300194,
    0.09335361850949433,
    0.09887782455636905,
    0.09531043856762923,
    0.09712524798053962,
    0.09630440848951156,
    0.09806992987600657,
    0.10029327210325462,
    0.0981836304641687
  ],