{
  "epoch": [
    1,
    2,
    3,
    4,
    5,
    6,
    7,
    8,
    9,
    10,
    11,
    12,
    13,
    14,
    15,
    16,
    17,
    18,
    19,
    20,
    21,
    22,
    23,
    24,
    25,
    26,
    27,
    28,
    29,
    30,
    31,
    32,
    33,
    34,
    35,
    36,
    37,
    38,
    39,
    40,
    41,
    42,
    43,
    44,
    45,
    46,
    47,
    48,
    49,
    50,
    51,
    52,
    53,
    54,
    55,
    56,
    57,
    58,
    59,
    60,
    61,
    62,
    63,
    64,
    65,
    66,
    67,
    68,
    69,
    70,
    71,
    72,
    73,
    74,
    75,
    76,
    77,
    78,
    79,
    80,
    81,
    82,
    83,
    84,
    85,
    86,
    87,
    88,
    89,
    90,
    91,
    92,
    93,
    94,
    95,
    96,
    97,
    98,
    99,
    100,
    101
  ],
  "train_loss": [
    2.5322876339106215,
    1.206788097153005,
    0.6781245531495085,
    0.49129973044714975,
    0.38074016332933586,
    0.3172662019268754,
    0.284134997765428,
    0.24815986459095454,
    0.21835115647961184,
    0.19703080316947907,
    0.18370120453926705,
    0.16742085918937763,
    0.15659704589352166,
    0.14780934093539247,
    0.13537935227078876,
    0.12513101396640552,
    0.12466896271582731,
    0.11535755301028797,
    0.10798274326263015,
    0.10824510097004396,
    0.10348689617569913,
    0.09293094821773547,
    0.0970625544936617,
    0.09176976612010568,
    0.08761537484056556,
    0.0816401391957416,
    0.08032639602141589,
    0.08231251454460867,
    0.07122580162201499,
    0.07240297843596523,
    0.073841181890943,
    0.06725727792435623,
    0.06595711225701362,
    0.07074250443598505,
    0.0656757985347325,
    0.06183937249570778,
    0.06080631305434808,
    0.06110117594548261,
    0.057626871766580136,
    0.05660021048250426,
    0.054831167887032184,
    0.05364597075830031,
    0.052713527927444,
    0.05078975371680386,
    0.05060507871028151,
    0.04961359186923688,
    0.05357225463226361,
    0.04553279781608468,
    0.048989774755288644,
    0.04953415181785438,
    0.04717912437327053,
    0.052060533895819765,
    0.056112056069997786,
    0.06992842654515173,
    0.07735581661468928,
    0.0987212015411903,
    0.10114038868125566,
    0.08235862172813606,
    0.09337157904909751,
    0.11402228471736625,
    0.1377221272547835,
    0.1639922739381028,
    0.19831732153585277,
    0.2498940588887205,
    0.15616963588699853,
    0.09753577348766561,
    0.08278253551610966,
    0.07927437273055776,
    0.08227430786169374,
    0.08126914709537607,
    0.0801222522733445,
    0.0777392086678559,
    0.07596104850358877,
    0.07317949256370056,
    0.08109663647705133,
    0.08945784714917854,
    0.09512702938284456,
    0.12301135804388941,
    0.11388702556183658,
    0.11549715323316068,
    0.11680799766837321,
    0.13182459778354033,
    0.11781304179373936,
    0.11312411489330002,
    0.11311321298486178,
    0.12856556509727055,
    0.12262272953833502,
    0.133445538484405,
    0.11999389826867383,
    0.13478495689473816,
    0.13152500288080923,
    0.13316271429132556,
    0.14308968459054366,
    0.14913805622185014,
    0.13834729940467275,
    0.14517363231897967,
    0.14827950611787358,
    0.14835078949012706,
    0.14663845494619965,
    0.15117443919412255,
    0.1462252080901382
  ],
  "val_loss": [
    1.5556069979300866,
    0.7938476617519672,
    0.5589449199346396,
    0.4931780971013583,
    0.3903235449240758,
    0.38072832043354327,
    0.34570128184098464,
    0.27932643317259276,
    0.3456680384966043,
    0.2668989277802981,
    0.2513839785869305,
    0.2352363748046068,
    0.23304372682021215,
    0.20141411744631255,
    0.20483871377431428,
    0.19731365258877093,
    0.20064769112146819,
    0.18883139697405008,
    0.20344431984883088,
    0.1961865138549071,
    0.1904288730942286,
    0.1957783274925672,
    0.1994633233317962,
    0.18535397488337296,
    0.1837850407912181,
    0.19213192508770868,
    0.193837749843414,
    0.18060222554665345,
    0.1719631587083523,
    0.1879503308580472,
    0.1894378111912654,
    0.17281495034694672,
    0.16878363948601943,
    0.19855795571437249,
    0.1850414528296544,
    0.18855307509119695,
    0.20116622230181327,
    0.1841679014838659,
    0.19762432002104247,
    0.18982810125901148,
    0.18891166437130708,
    0.18239084058083022,
    0.18859012625538385,
    0.19793353229761124,
    0.17856314892952257,
    0.19253442149895889,
    0.20671254224502122,
    0.18789253613123527,
    0.20741728521310365,
    0.19789639860391617,
    0.17660734659204116,
    0.1848138659619368,
    0.2016879033583861,
    0.2165788343319526,
    0.22486457916406485,
    0.24734922785025376,
    0.21842499421193048,
    0.2239012964642965,
    0.23064933659938666,
    0.26339950125951034,
    0.25816953296844775,
    0.2863803758071019,
    0.3300843433691905,
    0.3394136382983281,
    0.24372226229080787,
    0.21533071593596384,
    0.20392038443913826,
    0.2139959725049826,
    0.22560681803868368,
    0.24129721694267714,
    0.25366777640122634,
    0.21702169626951218,
    0.25641192553135067,
    0.22675811442045066,
    0.26936247658271056,
    0.24427074537827417,
    0.29317838412064773,
    0.35654400518307316,
    0.30133198774777925,
    0.27228956612256855,
    0.2992872435313005,
    0.26873934956697315,
    0.2758381435504326,
    0.33197362147844756,
    0.3106192442087027,
    0.28137173102452206,
    0.3154902939613049,
    0.3559554631893451,
    0.339303114093267,
    0.3173651420153104,
    0.330887034535408,
    0.35791563299986034,
    0.34643242909358096,
    0.31546785625127644,
    0.33586302628883946,
    0.3510135423678618,
    0.30292502504128677,
    0.34971133218361783,
    0.3195355213605441,
    0.3009004375109306,
    0.3148394525051117
  ],