{
  "epoch": [
    1,
    2,
    3,
    4,
    5,
    6,
    7,
    8,
    9,
    10,
    11,
    12,
    13,
    14,
    15,
    16,
    17,
    18,
    19,
    20,
    21,
    22,
    23,
    24,
    25,
    26,
    27,
    28,
    29,
    30,
    31,
    32,
    33,
    34,
    35,
    36,
    37,
    38,
    39,
    40,
    41,
    42,
    43,
    44,
    45,
    46,
    47,
    48,
    49,
    50,
    51,
    52,
    53,
    54,
    55,
    56,
    57,
    58,
    59,
    60,
    61,
    62,
    63,
    64,
    65,
    66,
    67,
    68,
    69,
    70,
    71,
    72,
    73,
    74,
    75,
    76,
    77,
    78,
    79,
    80,
    81,
    82,
    83,
    84,
    85,
    86,
    87,
    88,
    89,
    90,
    91,
    92,
    93,
    94,
    95,
    96,
    97,
    98,
    99,
    100,
    101,
    102,
    103,
    104,
    105,
    106,
    107,
    108,
    109,
    110,
    111,
    112,
    113,
    114,
    115,
    116,
    117,
    118,
    119,
    120,
    121,
    122,
    123,
    124,
    125,
    126,
    127,
    128,
    129,
    130,
    131,
    132,
    133,
    134,
    135,
    136
  ],
  "train_loss": [
    1.5925221172804684,
    0.9610309809753576,
    0.7832020742377055,
    0.6705977624839115,
    0.5882741360320258,
    0.5206784489228553,
    0.4620312329420109,
    0.412330713775969,
    0.3741070015221527,
    0.33419459674161733,
    0.3050326735702987,
    0.28130377222275,
    0.25633725470181595,
    0.2387389920114242,
    0.21860095612781563,
    0.20865848760322198,
    0.19315995160759108,
    0.18127510877153308,
    0.16973555940635426,
    0.15698535801823607,
    0.1512787070547797,
    0.14342021938298166,
    0.13607009008680424,
    0.125019888287967,
    0.11726356295811147,
    0.11645440453874696,
    0.10949003700282156,
    0.1018693342267238,
    0.09709369588988959,
    0.09258695457553126,
    0.088526389359967,
    0.0850368403858438,
    0.07959649512141022,
    0.07860000203027553,
    0.07193063835123766,
    0.06895114118521362,
    0.06791774536838237,
    0.06548759206822238,
    0.06265305230374803,
    0.06116520024874469,
    0.058282492605527654,
    0.0573023915598073,
    0.054451146470286794,
    0.05232738274312818,
    0.05029606631928191,
    0.0462402800078859,
    0.04503716799171315,
    0.04757942219946495,
    0.043302344110285496,
    0.04263428600562602,
    0.04207629017224632,
    0.040273736019801235,
    0.037779975540878384,
    0.03661091690979053,
    0.03600816761825195,
    0.03479073332507432,
    0.033395427701629926,
    0.032935244501712396,
    0.031446949252378696,
    0.03175671613227922,
    0.030696573787244018,
    0.029244074876391395,
    0.02961294720256605,
    0.02803772191046593,
    0.028480892050435247,
    0.028422602363526055,
    0.026196248771757195,
    0.02657621425394084,
    0.025766364531591535,
    0.02656023769841059,
    0.024395843583744827,
    0.021927414183533684,
    0.02366917004530347,
    0.024316194916105607,
    0.02209462694938957,
    0.020608907620681776,
    0.020709834568029672,
    0.01852175295857002,
    0.020425040430879008,
    0.020927919097696,
    0.017445730085043024,
    0.018904272271272216,
    0.019312780818508304,
    0.018750054102880668,
    0.01803355882683596,
    0.01908719842682218,
    0.017452354024442816,
    0.01761107235911696,
    0.01704542306083802,
    0.016211862516224616,
    0.017126683403795452,
    0.016859242316940318,
    0.015816180136285184,
    0.015588459820419396,
    0.015345092301170543,
    0.01609753806878496,
    0.015130897568654,
    0.015838264564493883,
    0.016545090860370353,
    0.01515255887277386,
    0.015173263467377839,
    0.01579403653848897,
    0.013800591830471434,
    0.01400695747237403,
    0.014977879684236016,
    0.013075609977078653,
    0.012737862713582161,
    0.013353747296502296,
    0.0130821886381192,
    0.01287280150494759,
    0.012487286629188882,
    0.012167244779363698,
    0.01207852917399315,
    0.01359632422249841,
    0.013070055398221137,
    0.011290893246678962,
    0.011626439997158254,
    0.011270360629309506,
    0.012047359424633617,
    0.012458317420450183,
    0.012414732957546859,
    0.01114952608285299,
    0.011935989323225756,
    0.011191294738571592,
    0.011701536187530044,
    0.011550800289152209,
    0.011286015512503338,
    0.013209365550716667,
    0.010416345547803092,
    0.010663932202247059,
    0.009934366194017654,
    0.011723481722358499,
    0.010631741467412062,
    0.0110615641088705,
    0.011275101027609877,
    0.010238669080582937
  ],
  "val_loss": [
    0.8417737117180457,
    0.6551606242473309,
    0.5705152910489303,
    0.5220252229617193,
    0.4661660927992601,
    0.452912124303671,
    0.39293351769447327,
    0.3879853051442366,
    0.3565715688925523,
    0.33129330094044024,
    0.3136799484491348,
    0.30644134145516616,
    0.29824013778796565,
    0.27633040570295775,
    0.26887440796081835,
    0.2722953110933304,
    0.2501922261256438,
    0.24013681709766388,
    0.23625101034457868,
    0.24079150305344507,
    0.2118353213255222,
    0.21956398280767295,
    0.19926741661933753,
    0.20703251774494463,
    0.1946699584905918,
    0.18900163586323077,
    0.1859327766757745,
    0.1789287758561281,
    0.17346133520969978,
    0.17522800885714018,
    0.17099427718382615,
    0.1791964339522215,
    0.1761150904572927,
    0.16899840419109052,
    0.16735184995027688,
    0.16327947922624075,
    0.14801523118064955,
    0.14753864705562592,
    0.1475501897243353,
    0.1403225356569657,
    0.14601893035265115,
    0.14000853408987707,
    0.1540650137915061,
    0.13120920125108498,
    0.13911005739982313,
    0.1610468628887947,
    0.13719483550924522,
    0.13102212662880236,
    0.13449639110611036,
    0.13394598777477557,
    0.13044881734710473,
    0.13140858566531768,
    0.11976090302834144,
    0.12528564150516802,
    0.13203725763238394,
    0.12412304474184147,
    0.12693267401594382,
    0.13245878010415113,
    0.12925047427415848,
    0.12380289630247997,
    0.1176712647653543,
    0.1234791396329036,
    0.11862658379742733,
    0.12713216875608152,
    0.11172058504934494,
    0.12143995183018538,
    0.11528893359578572,
    0.11519524913567764,
    0.11609333381056786,
    0.11270708132248658,
    0.12090624066499564,
    0.11831664709517589,
    0.11802622776191968,
    0.1135573573410511,
    0.11308686693127339,
    0.12378900498151779,
    0.1092124254657672,
    0.11131772656853382,
    0.10949816998954003,
    0.1175975574610325,
    0.11169693160515565,
    0.11364745577940574,
    0.11383721905832107,
    0.11463940401489918,
    0.11508172965393616,
    0.10824751925583069,
    0.11011136366197696,
    0.1074688656685444,
    0.11883721300042592,
    0.1142762962442178,
    0.11146957312638943,
    0.1171901559887024,
    0.11082657283315292,
    0.10830714725531064,
    0.12452985546909846,
    0.1169702449383644,
    0.12076695206073615,
    0.116163587054381,
    0.12076710451107758,
    0.1162104092251796,
    0.12363449885294987,
    0.1104202181673967,
    0.11725912572672734,
    0.1143827224866702,
    0.12241605325387074,
    0.11850899257338963,
    0.11744743012464963,
    0.10947728658524844,
    0.1113281103853996,
    0.11163575302522916,
    0.10572314835511722,
    0.11027001288647835,
    0.11438292164642078,
    0.11319978549503364,
    0.1135623581134356,
    0.11453230607394989,
    0.11578679958788249,
    0.11381984043579835,
    0.11317099387256,
    0.11715593991371301,
    0.12014635222462508,
    0.11824005727584545,
    0.11876181384118703,
    0.1181464375784764,
    0.11438005632505967,
    0.10890469915018632,
    0.11456189691447295,
    0.11823199230891007,
    0.1183363852592615,
    0.11282639606640889,
    0.11105497668568905,
    0.1153408966671962,
    0.1088414154946804,
    0.10809936890235314,
    0.11386330468723407,
    0.11036431388213085
  ],