{
  "epoch": [
    1,
    2,
    3,
    4,
    5,
    6,
    7,
    8,
    9,
    10,
    11,
    12,
    13,
    14,
    15,
    16,
    17,
    18,
    19,
    20,
    21,
    22,
    23,
    24,
    25,
    26,
    27,
    28,
    29,
    30,
    31,
    32,
    33,
    34,
    35,
    36,
    37,
    38,
    39,
    40,
    41,
    42,
    43,
    44,
    45,
    46,
    47,
    48,
    49,
    50,
    51,
    52,
    53,
    54,
    55,
    56,
    57,
    58,
    59,
    60,
    61,
    62,
    63,
    64,
    65,
    66,
    67,
    68,
    69,
    70,
    71,
    72,
    73,
    74,
    75,
    76,
    77,
    78,
    79,
    80,
    81,
    82,
    83,
    84,
    85,
    86,
    87,
    88,
    89,
    90,
    91,
    92,
    93,
    94,
    95,
    96,
    97,
    98,
    99,
    100,
    101,
    102,
    103,
    104,
    105,
    106,
    107,
    108,
    109,
    110,
    111,
    112,
    113,
    114,
    115,
    116,
    117,
    118,
    119,
    120,
    121,
    122,
    123,
    124,
    125,
    126,
    127
  ],
  "train_loss": [
    1.0820116365309989,
    0.4567489207971214,
    0.3541309532552662,
    0.3008802009396034,
    0.2688617390571254,
    0.2381306225710576,
    0.21800330738620002,
    0.20583808754045185,
    0.1882021227242923,
    0.17785659255367695,
    0.16802085235272304,
    0.15658076594371606,
    0.14613873349262937,
    0.13854747280330942,
    0.13207396370644617,
    0.12717647961165646,
    0.12040417678285353,
    0.11154222750280163,
    0.10873523616407177,
    0.10219330993471759,
    0.09933911470493467,
    0.09164435383264381,
    0.0887231866617014,
    0.08440488886715163,
    0.08215749370727209,
    0.07743173863480587,
    0.07593475643656042,
    0.06974943826841835,
    0.06427247429469435,
    0.0659325270185081,
    0.05949404263998022,
    0.060733093852453894,
    0.055485386032574247,
    0.05497400305870146,
    0.051105903387807385,
    0.04691328145194762,
    0.046074648064994575,
    0.0454213202995534,
    0.043102124392396156,
    0.04175399981512882,
    0.04235899950018023,
    0.0371832198251297,
    0.03730820441194395,
    0.034930238389585276,
    0.037080076891965796,
    0.0330278411194092,
    0.032562194668715544,
    0.030303453796054466,
    0.029357339412269024,
    0.027283995301637907,
    0.02871543536018027,
    0.026621479402748074,
    0.025485742127172428,
    0.024189176249990958,
    0.02519420561113275,
    0.02122222787543836,
    0.02241305956653882,
    0.022893676866251645,
    0.021269971417207822,
    0.019816562150706454,
    0.020599220985417614,
    0.021019916626449565,
    0.019517400924411444,
    0.0189416129741412,
    0.01761148371134359,
    0.01768150443838227,
    0.019253911593430997,
    0.017018671866764527,
    0.016271267293740323,
    0.013994877441039328,
    0.015901719496613093,
    0.014860619929167304,
    0.014467511422895265,
    0.014158959373702654,
    0.014071484617335667,
    0.012858595756703232,
    0.013461633548509367,
    0.013636433122919338,
    0.01343198921669754,
    0.012172431922471612,
    0.012143868579538447,
    0.012314984796218353,
    0.010719269763051284,
    0.010335281797878371,
    0.010728302793254579,
    0.009621667447453826,
    0.011726181500010414,
    0.010271553740845901,
    0.010755783467931618,
    0.010340892870006807,
    0.009915306749246499,
    0.008560033852815407,
    0.009819149874187636,
    0.008858940241360429,
    0.008287336197820041,
    0.007813524133249159,
    0.009050273780231502,
    0.0077034787443180635,
    0.008432826988565007,
    0.006970836935417339,
    0.007795628548673547,
    0.006950300042794113,
    0.0076608956620871724,
    0.006661547048220245,
    0.005925840540272691,
    0.006052895838689834,
    0.006048025003182564,
    0.006033647373793555,
    0.005771900394627142,
    0.0060604400529369416,
    0.006058123967227627,
    0.005839640206062594,
    0.006092675624986981,
    0.005151629876137923,
    0.00584232161112019,
    0.005927398322509731,
    0.0048748250165493185,
    0.004693110882636566,
    0.005371806623257401,
    0.004811289560022109,
    0.005473616248282539,
    0.004269515176299074,
    0.004493533720672684,
    0.005083430171736728,
    0.0041460106276104795,
    0.00402667644459035,
    0.00445520459376921
  ],
  "val_loss": [
    0.4910915746138646,
    0.35034142434597015,
    0.2982503863481375,
    0.2791046053171158,
    0.23885703889223245,
    0.2292443960905075,
    0.2166100860788272,
    0.2158247627891027,
    0.19440135875573525,
    0.19064553253925764,
    0.17624381585763052,
    0.180251205769869,
    0.17801379068539694,
    0.17362347359840685,
    0.17905151213590914,
    0.16414151398035196,
    0.160837278343164,
    0.17101016354102355,
    0.16329036079920256,
    0.14836861794957748,
    0.14686313615395472,
    0.1558925902041105,
    0.13990247364227587,
    0.14442074986604544,
    0.13900127691718248,
    0.14880365706407106,
    0.1381218132491295,
    0.13478874501127464,
    0.13355751851430306,
    0.1382807155068104,
    0.13364270702004433,
    0.13259056153205726,
    0.13836250798060343,
    0.13101060860432112,
    0.1318463680262749,
    0.13994944640077078,
    0.12914480125674835,
    0.13212040783121035,
    0.12678766623139381,
    0.1297425484428039,
    0.11881801629295716,
    0.1288979469010463,
    0.127976678025264,
    0.12587639345572546,
    0.1247908859871901,
    0.11795680740704903,
    0.12802938945018327,
    0.12421067202320465,
    0.12273140767445931,
    0.11960187583015515,
    0.1241704817288197,
    0.11674531119374129,
    0.12008410806839283,
    0.10951664814582238,
    0.11280744092968795,
    0.1290387357943333,
    0.1221974314405368,
    0.11866691164099254,
    0.11460926641638462,
    0.1167552383759847,
    0.11815314482037838,
    0.11656289261121017,
    0.11139404644759801,
    0.11285811834610425,
    0.1214748854533984,
    0.1177282605606776,
    0.11760161573497149,
    0.12161680167684188,
    0.11693771384083308,
    0.12427388016994183,
    0.12562327989592,
    0.11717449114299737,
    0.12277528858528687,
    0.11114719424110192,
    0.11860900959716393,
    0.11158038374896233,
    0.11596150739261737,
    0.10876380723829453,
    0.11274927797225806,
    0.11817875461509594,
    0.11902475400039783,
    0.12971359247771594,
    0.12025737117689389,
    0.12139238875645858,
    0.11671640609319393,
    0.1134270985539143,
    0.1290680171492008,
    0.11942902107078296,
    0.11524589374088325,
    0.11923071871010157,
    0.12283186772121833,
    0.11561530792655852,
    0.1077230664399954,
    0.11434260877565695,
    0.11039005119640094,
    0.11377320345491171,
    0.11187981570569369,
    0.11257616724245824,
    0.11035528162924144,
    0.10863812984182285,
    0.1103631303860591,
    0.1053889813618018,
    0.11240148587295642,
    0.10947990395988409,
    0.11313092758735785,
    0.11543302997373618,
    0.11408339720219374,
    0.10838999284001496,
    0.10842017822254163,
    0.11293771382994376,
    0.10891472182881373,
    0.11093311255367902,
    0.11456584328642258,
    0.11279844521329953,
    0.12245498654934076,
    0.11203826691668767,
    0.11265843963393798,
    0.1107320671614546,
    0.11499589953858119,
    0.10955325191697249,
    0.10978734271171,
    0.1135305747962915,
    0.11319548085045356,
    0.11675836661687264,
    0.11777971749408887,
    0.10964088442807014,
    0.1135507641503444
  ],