{
  "epoch": [
    1,
    2,
    3,
    4,
    5,
    6,
    7,
    8,
    9,
    10,
    11,
    12,
    13,
    14,
    15,
    16,
    17,
    18,
    19,
    20,
    21,
    22,
    23,
    24,
    25,
    26,
    27,
    28,
    29,
    30,
    31,
    32,
    33,
    34,
    35,
    36,
    37,
    38,
    39,
    40,
    41,
    42,
    43,
    44,
    45,
    46,
    47,
    48,
    49,
    50,
    51,
    52,
    53,
    54,
    55,
    56,
    57,
    58,
    59,
    60,
    61,
    62,
    63,
    64,
    65,
    66,
    67,
    68,
    69,
    70,
    71,
    72,
    73,
    74,
    75,
    76,
    77,
    78,
    79,
    80,
    81,
    82,
    83,
    84,
    85,
    86,
    87,
    88,
    89,
    90,
    91,
    92,
    93,
    94,
    95,
    96,
    97,
    98,
    99,
    100,
    101,
    102,
    103,
    104,
    105,
    106,
    107,
    108,
    109,
    110,
    111,
    112
  ],
  "train_loss": [
    1.3112609020554193,
    0.5335056985368823,
    0.40345450468582683,
    0.35094612172924644,
    0.31366474011746964,
    0.2870348579812758,
    0.26478707200229756,
    0.247357510251574,
    0.23172570145366214,
    0.21686102435140325,
    0.2050105345131147,
    0.1935498277739723,
    0.18543807122081812,
    0.17444152709576163,
    0.16841112106743425,
    0.16137229400401068,
    0.15189774459836505,
    0.14791721614575623,
    0.14162521905238085,
    0.1364542388237349,
    0.13080908483502887,
    0.12440866534367646,
    0.11879385764350986,
    0.11602822244905009,
    0.11062465858931589,
    0.10673330001311727,
    0.10217166341619917,
    0.10029398045032331,
    0.09398670461360771,
    0.09233413216206107,
    0.0905689772329118,
    0.08534858921671858,
    0.0837432281068056,
    0.07961884657345196,
    0.07680767903676128,
    0.074722108753896,
    0.07481025199931447,
    0.07120354407199539,
    0.06875629055470524,
    0.06434838418470751,
    0.06426578066726722,
    0.06165120494321431,
    0.061243851309513105,
    0.05745828990815299,
    0.05512777479863403,
    0.05474572473823434,
    0.054223175612416595,
    0.05150494707914272,
    0.050068303924238326,
    0.04650746971958935,
    0.04732479324730316,
    0.047162837929802366,
    0.04500924550586998,
    0.04412081765730192,
    0.04154128916930444,
    0.04051795111286758,
    0.03956230086191456,
    0.03816825704704417,
    0.03567993944271071,
    0.034947667814938736,
    0.03643943040198324,
    0.0342079908264303,
    0.033106631267410105,
    0.03388872183859348,
    0.028221022088707675,
    0.031383785843332804,
    0.03069388382321242,
    0.029054823451408064,
    0.02907953123645027,
    0.025984145368974986,
    0.02762973249087682,
    0.02745379542120465,
    0.026675514452675783,
    0.02366932513800883,
    0.02489266771417443,
    0.023878519948903876,
    0.02195480894666202,
    0.02292537292705314,
    0.023164914418380745,
    0.02434265511202635,
    0.023290997730697146,
    0.019943016668836966,
    0.019463348156302282,
    0.0193301776820554,
    0.01943090933577923,
    0.019483206272678504,
    0.020031400836340273,
    0.01723519402860415,
    0.01723662661019676,
    0.018311424067907846,
    0.016083814936809906,
    0.015514045663288619,
    0.01740613612254141,
    0.016577491518294456,
    0.015843891796868036,
    0.015027721080523316,
    0.01553125730669587,
    0.015320411085676734,
    0.015145167424850682,
    0.013721156049298473,
    0.01315969618562941,
    0.01246270785882774,
    0.014384557529915087,
    0.013751496985038318,
    0.012228479977734017,
    0.013069712847360585,
    0.013178861732271934,
    0.011748209657922093,
    0.013076083308159568,
    0.013400703530279126,
    0.011329195637366559,
    0.011341873079187947
  ],
  "val_loss": [
    0.6018132108908433,
    0.39519513570345366,
    0.3277580187870906,
    0.30562936342679536,
    0.27282079939658826,
    0.2544237134548334,
    0.24057397819482362,
    0.22666325133580428,
    0.2169828861951828,
    0.21308704752188462,
    0.19864871352910995,
    0.1896651920217734,
    0.19329505413770676,
    0.17904094950510904,
    0.18195067116847405,
    0.17230730045300263,
    0.16807344555854797,
    0.16066575107666162,
    0.16430202814248893,
    0.15363547033988512,
    0.15173270610662606,
    0.15444701795394605,
    0.1498297670712838,
    0.14969373035889405,
    0.14682075954400575,
    0.14388738973782614,
    0.13841584840646157,
    0.13261939986394003,
    0.13545979014956033,
    0.13546968136842436,
    0.12669372243376878,
    0.12710979093725866,
    0.13005609093950346,
    0.12130734553703895,
    0.12506931074536765,
    0.1242497806938795,
    0.11748269716134438,
    0.12198402732610703,
    0.1207114953834277,
    0.11404621142607468,
    0.12025627895043446,
    0.11955899344040798,
    0.11744355782866478,
    0.11170691079818286,
    0.11321248343357673,
    0.1179540458206947,
    0.11430353141174866,
    0.1124120603960294,
    0.1119640665845229,
    0.11049557964389141,
    0.1093432020682555,
    0.11035056240283526,
    0.10734834822897728,
    0.10827331173305328,
    0.11059632510519944,
    0.10690275235817982,
    0.10256083811131808,
    0.10694467290662803,
    0.10423722504996337,
    0.10657223944480602,
    0.10092481340353306,
    0.10520177320219003,
    0.10220862323274979,
    0.10186852400119488,
    0.10388132256384079,
    0.1011720044681659,
    0.10469865154188412,
    0.10124791155640896,
    0.10203384908919151,
    0.09631917095528199,
    0.10228374693542719,
    0.09605968019996698,
    0.09798747881387289,
    0.09851575155670826,
    0.09460953006950709,
    0.09608627497576751,
    0.0937897557965838,
    0.09314192917484504,
    0.09426109607403095,
    0.0953127620025323,
    0.09286099758285743,
    0.093924923441731,
    0.09126457528999218,
    0.09181381661731464,
    0.09677130234642671,
    0.08902116370602296,
    0.08694788856575122,
    0.08858284232421564,
    0.09789721245089403,
    0.08755333277468498,
    0.09224641194137242,
    0.09040424077270123,
    0.0936365260097843,
    0.0943304502333586,
    0.09116337000607298,
    0.09149558555621368,
    0.09121075150771783,
    0.09106547586046733,
    0.08774677714189658,
    0.0880150285621102,
    0.08730338055353898,
    0.08913054879611501,
    0.08724319630374129,
    0.0882236878745831,
    0.08983682973596913,
    0.08912939123379496,
    0.09132026852323459,
    0.09043919381040794,
    0.09096020069689705,
    0.08840265551295418,
    0.08753167544133388,
    0.08775116299064113
  ],