{
  "epoch": [
    1,
    2,
    3,
    4,
    5,
    6,
    7,
    8,
    9,
    10,
    11,
    12,
    13,
    14,
    15,
    16,
    17,
    18,
    19,
    20,
    21,
    22,
    23,
    24,
    25,
    26,
    27,
    28,
    29,
    30,
    31,
    32,
    33,
    34,
    35,
    36,
    37,
    38,
    39,
    40,
    41,
    42,
    43,
    44,
    45,
    46,
    47,
    48,
    49,
    50,
    51,
    52,
    53,
    54,
    55,
    56,
    57,
    58
  ],
  "train_loss": [
    0.9393762611236769,
    0.43671080086034597,
    0.2697940908141972,
    0.18047339269488127,
    0.13332980848157527,
    0.10185727563485042,
    0.08420528943852051,
    0.07192884255968726,
    0.06249490437894752,
    0.05811659303330576,
    0.04971780771024756,
    0.04494699311548287,
    0.04113601737646098,
    0.037693780630865356,
    0.03290955913877211,
    0.032382779327442046,
    0.0313915912657208,
    0.028072121188274977,
    0.02673102406420044,
    0.024556046589421704,
    0.023640145744513914,
    0.02183132384394862,
    0.02049205265219141,
    0.01989492391399348,
    0.01980321755699967,
    0.018643084350618122,
    0.01777964396661474,
    0.01853731948013427,
    0.017923373421750117,
    0.01630243965059749,
    0.015104785397139945,
    0.015110210640975227,
    0.014215677472541934,
    0.014435017974711186,
    0.012567296315142982,
    0.012065365890727485,
    0.012103552957660682,
    0.011085220522273658,
    0.011428501483379412,
    0.01176511128337036,
    0.011579601313155528,
    0.01143984017970482,
    0.010579073369579832,
    0.010192800001193261,
    0.01027164283177345,
    0.009987786751883776,
    0.009558412652359507,
    0.009711200213263809,
    0.009603740750048693,
    0.009675882893528059,
    0.009504747343580863,
    0.009009012319663655,
    0.008082434916076702,
    0.0076917996886606355,
    0.007657258808864856,
    0.008263291107141413,
    0.009352038976899589,
    0.007808937128278014
  ],
  "val_loss": [
    0.3451990783214569,
    0.24397562444210052,
    0.1953159891642057,
    0.1658223861685166,
    0.14676424058584067,
    0.1511570347043184,
    0.13563622075777787,
    0.13115855277730867,
    0.12282558014759651,
    0.1268082679464267,
    0.12044051748055679,
    0.12001390697864386,
    0.11945383795178853,
    0.10932256739873153,
    0.11019343023116772,
    0.10373428034094664,
    0.10422644749856912,
    0.10869179565746051,
    0.09900795424786898,
    0.10782495112373279,
    0.10338022703161606,
    0.10679825137440975,
    0.10308815323962615,
    0.10019516314451511,
    0.10089818853884935,
    0.10525577902220763,
    0.1030948763856521,
    0.10334281766643891,
    0.1050289675879937,
    0.1017642393708229,
    0.09277125619924985,
    0.09182830405636476,
    0.09068192412646917,
    0.10284879395308402,
    0.10278615978761362,
    0.10146102968316811,
    0.1062514093489601,
    0.09947673260019375,
    0.09660804400650355,
    0.09557445909684667,
    0.09525126870721579,
    0.10088077631707375,
    0.10593300355741611,
    0.10116628650575876,
    0.10336292248505813,
    0.10761119941106209,
    0.1043072585016489,
    0.10693288795076884,
    0.09981454421694462,
    0.09854140182813773,
    0.09920165551683077,
    0.09558430113471471,
    0.10098694544285536,
    0.0923974453829802,
    0.09774038209938087,
    0.09883291747134465,
    0.09954036435542199,
    0.09898717214281742
  ],
  "train_transduce": [
    0.9393762611236769,
    0.43671080086034597,
    0.2697940908141972,
    0.18047339269488127,
    0.13332980848157527,
    0.10185727563485042,
    0.08420528943852051,
    0.07192884255968726,
    0.06249490437894752,
    0.05811659303330576,
    0.04971780771024756,
    0.04494699311548287,
    0.04113601737646098,
    0.037693780630865356,
    0.03290955913877211,
    0.032382779327442046,
    0.0313915912657208,
    0.028072121188274977,
    0.02673102406420044,
    0.024556046589421704,
    0.023640145744513914,
    0.02183132384394862,
    0.02049205265219141,
    0.01989492391399348,
    0.01980321755699967,
    0.018643084350618122,
    0.01777964396661474,
    0.01853731948013427,
    0.017923373421750117,
    0.01630243965059749,
    0.015104785397139945,
    0.015110210640975227,
    0.014215677472541934,
    0.014435017974711186,
    0.012567296315142982,
    0.012065365890727485,
    0.012103552957660682,
    0.011085220522273658,
    0.011428501483379412,
    0.01176511128337036,
    0.011579601313155528,
    0.01143984017970482,
    0.010579073369579832,
    0.010192800001193261,
    0.01027164283177345,
    0.009987786751883776,
    0.009558412652359507,
    0.009711200213263809,
    0.009603740750048693,
    0.009675882893528059,
    0.009504747343580863,
    0.009009012319663655,
    0.008082434916076702,
    0.0076917996886606355,
    0.007657258808864856,
    0.008263291107141413,
    0.009352038976899589,
    0.007808937128278014
  ],
  "val_transduce": [
    0.3451990783214569,
    0.24397562444210052,
    0.1953159891642057,
    0.1658223861685166,
    0.14676424058584067,
    0.1511570347043184,
    0.13563622075777787,
    0.13115855277730867,
    0.12282558014759651,
    0.1268082679464267,
    0.12044051748055679,
    0.12001390697864386,
    0.11945383795178853,
    0.10932256739873153,
    0.11019343023116772,
    0.10373428034094664,
    0.10422644749856912,
    0.10869179565746051,
    0.09900795424786898,
    0.10782495112373279,
    0.10338022703161606,
    0.10679825137440975,
    0.10308815323962615,
    0.10019516314451511,
    0.10089818853884935,
    0.10525577902220763,
    0.1030948763856521,
    0.10334281766643891,
    0.1050289675879937,
    0.1017642393708229,
    0.09277125619924985,
    0.09182830405636476,
    0.09068192412646917,
    0.10284879395308402,
    0.10278615978761362,
    0.10146102968316811,
    0.1062514093489601,
    0.09947673260019375,
    0.09660804400650355,
    0.09557445909684667,
    0.09525126870721579,
    0.10088077631707375,
    0.10593300355741611,
    0.10116628650575876,
    0.10336292248505813,
    0.10761119941106209,
    0.1043072585016489,
    0.10693288795076884,
    0.09981454421694462,
    0.09854140182813773,
    0.09920165551683077,
    0.09558430113471471,
    0.10098694544285536,
    0.0923974453829802,
    0.09774038209938087,
    0.09883291747134465,
    0.09954036435542199,
    0.09898717214281742
  ],
  "l0": [
    0.0,
    0.0,
    0.0,
    0.0,
    0.0,
    0.0,
    0.0,
    0.0,
    0.0,
    0.0,
    0.0,
    0.0,
    0.0,
    0.0,
    0.0,
    0.0,
    0.0,
    0.0,
    0.0,
    0.0,
    0.0,
    0.0,
    0.0,
    0.0,
    0.0,
    0.0,
    0.0,
    0.0,
    0.0,
    0.0,
    0.0,
    0.0,
    0.0,
    0.0,
    0.0,
    0.0,
    0.0,
    0.0,
    0.0,
    0.0,
    0.0,
    0.0,
    0.0,
    0.0,
    0.0,
    0.0,
    0.0,
    0.0,
    0.0,
    0.0,
    0.0,
    0.0,
    0.0,
    0.0,
    0.0,
    0.0,
    0.0,
    0.0
  ],
  "lambda_l0_effective": [
    0.01,
    0.01,
    0.01,
    0.01,
    0.01,
    0.01,
    0.01,
    0.01,
    0.01,
    0.01,
    0.01,
    0.01,
    0.01,
    0.01,
    0.01,
    0.01,
    0.01,
    0.01,
    0.01,
    0.01,
    0.01,
    0.01,
    0.01,
    0.01,
    0.01,
    0.01,
    0.01,
    0.01,
    0.01,
    0.01,
    0.01,
    0.01,
    0.01,
    0.01,
    0.01,
    0.01,
    0.01,
    0.01,
    0.01,
    0.01,
    0.01,
    0.01,
    0.01,
    0.01,
    0.01,
    0.01,
    0.01,
    0.01,
    0.01,
    0.01,
    0.01,
    0.01,
    0.01,
    0.01,
    0.01,
    0.01,
    0.01,
    0.01
  ],
  "recon_loss": [],
  "balance_loss": []
}