{
  "epoch": [
    1,
    2,
    3,
    4,
    5,
    6,
    7,
    8,
    9,
    10,
    11,
    12,
    13,
    14,
    15,
    16,
    17,
    18,
    19,
    20,
    21,
    22,
    23,
    24,
    25,
    26,
    27,
    28,
    29,
    30,
    31,
    32,
    33,
    34,
    35,
    36,
    37,
    38,
    39,
    40,
    41,
    42,
    43
  ],
  "train_loss": [
    2.446308237990153,
    1.1220058768065935,
    0.6095386255033237,
    0.3945568465848559,
    0.27128260037333696,
    0.2057460357156611,
    0.15519256597941683,
    0.13320388886885545,
    0.11172902084810217,
    0.09370691190982602,
    0.08681621573404553,
    0.07194180312307225,
    0.06548603626985833,
    0.059772324527508205,
    0.05725286675367466,
    0.04929244842802741,
    0.04556545604634838,
    0.04724799374540903,
    0.04235184340516931,
    0.036943520349690444,
    0.0335010293314291,
    0.0339384824661634,
    0.030456348732785927,
    0.030580879918770076,
    0.032222920075807834,
    0.030201992382458652,
    0.025828400620777812,
    0.026518565931443853,
    0.02700841886989926,
    0.02199503740046135,
    0.019957174340589454,
    0.022029729488008108,
    0.018226067611189157,
    0.019561499981305647,
    0.022495049026737123,
    0.023088435393988548,
    0.024101212657940064,
    0.01814010587266464,
    0.017901670403740147,
    0.019907545945823155,
    0.015542575134175647,
    0.014532612064810106,
    0.018270157472609745
  ],
  "val_loss": [
    1.3876673074869008,
    0.5731582870850196,
    0.24971040051717025,
    0.14323468105151102,
    0.09813464232362233,
    0.09319393136180364,
    0.07021648006943557,
    0.059556239212934785,
    0.05711896853664747,
    0.058723254630771965,
    0.05567927995266823,
    0.0581630846628776,
    0.05453526701491613,
    0.0638361658829336,
    0.05305454725972735,
    0.057175584531460814,
    0.054683223635388106,
    0.05220240291852791,
    0.05366892145516781,
    0.05833214653046945,
    0.05662642147105474,
    0.060883670212486043,
    0.05572456655164178,
    0.059991838374676615,
    0.05727609028466619,
    0.06873165071458341,
    0.060979044575315826,
    0.06648267059175011,
    0.06921762574571542,
    0.062109855854382306,
    0.06149061490969661,
    0.06437296406903233,
    0.06924186922976962,
    0.06672292784787714,
    0.06872697900129984,
    0.06375677734523869,
    0.07367702077317517,
    0.07161211353153564,
    0.06685047655348451,
    0.06123255503972849,
    0.06518725942274053,
    0.06640713901456016,
    0.07208644420517465
  ],
  "train_transduce": [
    2.446308237990153,
    1.1220058768065935,
    0.6095386255033237,
    0.3945568465848559,
    0.27128260037333696,
    0.2057460357156611,
    0.15519256597941683,
    0.13320388886885545,
    0.11172902084810217,
    0.09370691190982602,
    0.08681621573404553,
    0.07194180312307225,
    0.06548603626985833,
    0.059772324527508205,
    0.05725286675367466,
    0.04929244842802741,
    0.04556545604634838,
    0.04724799374540903,
    0.04235184340516931,
    0.036943520349690444,
    0.0335010293314291,
    0.0339384824661634,
    0.030456348732785927,
    0.030580879918770076,
    0.032222920075807834,
    0.030201992382458652,
    0.025828400620777812,
    0.026518565931443853,
    0.02700841886989926,
    0.02199503740046135,
    0.019957174340589454,
    0.022029729488008108,
    0.018226067611189157,
    0.019561499981305647,
    0.022495049026737123,
    0.023088435393988548,
    0.024101212657940064,
    0.01814010587266464,
    0.017901670403740147,
    0.019907545945823155,
    0.015542575134175647,
    0.014532612064810106,
    0.018270157472609745
  ],
  "val_transduce": [
    1.3876673074869008,
    0.5731582870850196,
    0.24971040051717025,
    0.14323468105151102,
    0.09813464232362233,
    0.09319393136180364,
    0.07021648006943557,
    0.059556239212934785,
    0.05711896853664747,
    0.058723254630771965,
    0.05567927995266823,
    0.0581630846628776,
    0.05453526701491613,
    0.0638361658829336,
    0.05305454725972735,
    0.057175584531460814,
    0.054683223635388106,
    0.05220240291852791,
    0.05366892145516781,
    0.05833214653046945,
    0.05662642147105474,
    0.060883670212486043,
    0.05572456655164178,
    0.059991838374676615,
    0.05727609028466619,
    0.06873165071458341,
    0.060979044575315826,
    0.06648267059175011,
    0.06921762574571542,
    0.062109855854382306,
    0.06149061490969661,
    0.06437296406903233,
    0.06924186922976962,
    0.06672292784787714,
    0.06872697900129984,
    0.06375677734523869,
    0.07367702077317517,
    0.07161211353153564,
    0.06685047655348451,
    0.06123255503972849,
    0.06518725942274053,
    0.06640713901456016,
    0.07208644420517465
  ],
  "l0": [
    0.0,
    0.0,
    0.0,
    0.0,
    0.0,
    0.0,
    0.0,
    0.0,
    0.0,
    0.0,
    0.0,
    0.0,
    0.0,
    0.0,
    0.0,
    0.0,
    0.0,
    0.0,
    0.0,
    0.0,
    0.0,
    0.0,
    0.0,
    0.0,
    0.0,
    0.0,
    0.0,
    0.0,
    0.0,
    0.0,
    0.0,
    0.0,
    0.0,
    0.0,
    0.0,
    0.0,
    0.0,
    0.0,
    0.0,
    0.0,
    0.0,
    0.0,
    0.0
  ],
  "lambda_l0_effective": [
    0.01,
    0.01,
    0.01,
    0.01,
    0.01,
    0.01,
    0.01,
    0.01,
    0.01,
    0.01,
    0.01,
    0.01,
    0.01,
    0.01,
    0.01,
    0.01,
    0.01,
    0.01,
    0.01,
    0.01,
    0.01,
    0.01,
    0.01,
    0.01,
    0.01,
    0.01,
    0.01,
    0.01,
    0.01,
    0.01,
    0.01,
    0.01,
    0.01,
    0.01,
    0.01,
    0.01,
    0.01,
    0.01,
    0.01,
    0.01,
    0.01,
    0.01,
    0.01
  ],
  "recon_loss": [],
  "balance_loss": []
}