{
  "epoch": [
    1,
    2,
    3,
    4,
    5,
    6,
    7,
    8,
    9,
    10,
    11,
    12,
    13,
    14,
    15,
    16,
    17,
    18,
    19,
    20,
    21,
    22,
    23,
    24,
    25,
    26,
    27,
    28,
    29,
    30,
    31,
    32,
    33,
    34,
    35,
    36,
    37,
    38,
    39,
    40,
    41,
    42,
    43,
    44,
    45,
    46,
    47,
    48,
    49,
    50,
    51,
    52,
    53,
    54,
    55,
    56,
    57,
    58,
    59,
    60,
    61,
    62,
    63,
    64,
    65,
    66,
    67,
    68,
    69,
    70,
    71,
    72,
    73,
    74,
    75,
    76,
    77,
    78,
    79,
    80,
    81,
    82,
    83,
    84
  ],
  "train_loss": [
    1.3481748438987535,
    0.7192345310732261,
    0.541646312038923,
    0.4375804886989987,
    0.3494724178897966,
    0.28131645418626744,
    0.23557489933734088,
    0.20229355741253832,
    0.1757331911820112,
    0.15683851563899787,
    0.13802555671979472,
    0.1248756860642089,
    0.11278483215911486,
    0.10379452926596415,
    0.09367177610468004,
    0.08729748906010819,
    0.08097786740543916,
    0.07494287219705041,
    0.0702941477605977,
    0.06548963180867974,
    0.06379545795894467,
    0.058745192651896136,
    0.05524901153769383,
    0.056067624772639615,
    0.04938513619498801,
    0.04823220492407833,
    0.044388393717865966,
    0.040740885104523186,
    0.04076746570368864,
    0.038412584932809024,
    0.036939125560876945,
    0.03550891515309202,
    0.03389215412232833,
    0.03354219306913233,
    0.031832130333005464,
    0.02913738734847338,
    0.028842220438125822,
    0.028595800914792056,
    0.027294662144976025,
    0.025724225111075284,
    0.023911791054301502,
    0.023599362351269144,
    0.023408053146396792,
    0.02103932129132763,
    0.0219723225820848,
    0.023355859934265928,
    0.021465003761683695,
    0.0214190052668612,
    0.01831359785294986,
    0.018558086365336533,
    0.019423953087078696,
    0.01793972374967386,
    0.019130868520395656,
    0.017493839721320216,
    0.016605761870693837,
    0.01828824808417829,
    0.018676163565089023,
    0.01597730579819607,
    0.01477957017882967,
    0.013857190487618298,
    0.01422846147348893,
    0.014019618737967397,
    0.015534736392491488,
    0.013706327036152757,
    0.013541498818535587,
    0.014227397825698531,
    0.014143029073632523,
    0.014567982917891565,
    0.01360667806500377,
    0.013110060781869347,
    0.010726535033924295,
    0.012534814806938287,
    0.013366339288378307,
    0.012387687054141089,
    0.013649430186859783,
    0.011216447588425974,
    0.01118502200259491,
    0.011432228401692142,
    0.011355637152050381,
    0.012160948156643198,
    0.010320779881272082,
    0.009574517059816797,
    0.01103603836693849,
    0.009772225474811533
  ],
  "val_loss": [
    0.6672927645536569,
    0.4875182257248805,
    0.4216285004065587,
    0.3819839174930866,
    0.2971306638075755,
    0.272285065971888,
    0.2584474442096857,
    0.2290318998006674,
    0.20691754382390243,
    0.19339693051118118,
    0.19734086554784042,
    0.18519057963903135,
    0.17563348893935865,
    0.1659207699390558,
    0.15170821318259606,
    0.15625814635020036,
    0.15722802911813444,
    0.1447683870792389,
    0.14760063531307074,
    0.14113156497478485,
    0.1290228352523767,
    0.13143910152407792,
    0.13467068769610846,
    0.13747260719537735,
    0.12675452146392602,
    0.12220088593088664,
    0.11741694191900584,
    0.12179650523914741,
    0.12221745731165776,
    0.11329464413798772,
    0.10850411195021409,
    0.10988746067652336,
    0.11088391851920348,
    0.10051636641415265,
    0.11137070177266231,
    0.10120608242085347,
    0.10739520887056223,
    0.10736353924641243,
    0.10468206970164409,
    0.1146750647861224,
    0.11022894313702217,
    0.10969873711180228,
    0.10886123640319476,
    0.10032518766820431,
    0.11371776884278426,
    0.11652616834124693,
    0.10523178535871781,
    0.09856665084281793,
    0.11314478831795546,
    0.11759562518161076,
    0.10917751842106764,
    0.11474490645699777,
    0.1075124226223964,
    0.10421719516699131,
    0.11423361924691842,
    0.09359820652753115,
    0.0984798684143103,
    0.09978606437261288,
    0.09048471141320008,
    0.1002798369870736,
    0.10227585354676613,
    0.10687163952164926,
    0.10060927644371986,
    0.0977151717704076,
    0.0966582579108385,
    0.09363924282101485,
    0.10600877649938831,
    0.09705209663997476,
    0.09701394911210698,
    0.09836378023744775,
    0.09724126688133065,
    0.1050087850397596,
    0.09753007799960099,
    0.11343685086243428,
    0.10669418069748925,
    0.09467997674185497,
    0.10047855650862822,
    0.0982015420539448,
    0.09614286557413064,
    0.09368790661056454,
    0.09827708288167532,
    0.10423090488005143,
    0.1044504284285582,
    0.09640664320725661
  ],
  "train_transduce": [
    1.3481748438987535,
    0.7192345310732261,
    0.541646312038923,
    0.4375804886989987,
    0.3494724178897966,
    0.28131645418626744,
    0.23557489933734088,
    0.20229355741253832,
    0.1757331911820112,
    0.15683851563899787,
    0.13802555671979472,
    0.1248756860642089,
    0.11278483215911486,
    0.10379452926596415,
    0.09367177610468004,
    0.08729748906010819,
    0.08097786740543916,
    0.07494287219705041,
    0.0702941477605977,
    0.06548963180867974,
    0.06379545795894467,
    0.058745192651896136,
    0.05524901153769383,
    0.056067624772639615,
    0.04938513619498801,
    0.04823220492407833,
    0.044388393717865966,
    0.040740885104523186,
    0.04076746570368864,
    0.038412584932809024,
    0.036939125560876945,
    0.03550891515309202,
    0.03389215412232833,
    0.03354219306913233,
    0.031832130333005464,
    0.02913738734847338,
    0.028842220438125822,
    0.028595800914792056,
    0.027294662144976025,
    0.025724225111075284,
    0.023911791054301502,
    0.023599362351269144,
    0.023408053146396792,
    0.02103932129132763,
    0.0219723225820848,
    0.023355859934265928,
    0.021465003761683695,
    0.0214190052668612,
    0.01831359785294986,
    0.018558086365336533,
    0.019423953087078696,
    0.01793972374967386,
    0.019130868520395656,
    0.017493839721320216,
    0.016605761870693837,
    0.01828824808417829,
    0.018676163565089023,
    0.01597730579819607,
    0.01477957017882967,
    0.013857190487618298,
    0.01422846147348893,
    0.014019618737967397,
    0.015534736392491488,
    0.013706327036152757,
    0.013541498818535587,
    0.014227397825698531,
    0.014143029073632523,
    0.014567982917891565,
    0.01360667806500377,
    0.013110060781869347,
    0.010726535033924295,
    0.012534814806938287,
    0.013366339288378307,
    0.012387687054141089,
    0.013649430186859783,
    0.011216447588425974,
    0.01118502200259491,
    0.011432228401692142,
    0.011355637152050381,
    0.012160948156643198,
    0.010320779881272082,
    0.009574517059816797,
    0.01103603836693849,
    0.009772225474811533
  ],