{
  "epoch": [
    1,
    2,
    3,
    4,
    5,
    6,
    7,
    8,
    9,
    10,
    11,
    12,
    13,
    14,
    15,
    16,
    17,
    18,
    19,
    20,
    21,
    22,
    23,
    24,
    25,
    26,
    27,
    28,
    29,
    30,
    31,
    32,
    33,
    34,
    35,
    36,
    37,
    38,
    39,
    40,
    41,
    42,
    43,
    44,
    45,
    46,
    47,
    48,
    49,
    50,
    51,
    52,
    53,
    54,
    55,
    56,
    57,
    58,
    59,
    60,
    61,
    62,
    63,
    64,
    65,
    66,
    67,
    68,
    69,
    70,
    71,
    72,
    73,
    74,
    75,
    76,
    77,
    78,
    79,
    80,
    81,
    82,
    83,
    84,
    85,
    86,
    87,
    88,
    89
  ],
  "train_loss": [
    3.2289346493396565,
    1.7970232957417203,
    1.075652591039225,
    0.7204663115985614,
    0.523701900827516,
    0.41410694701462675,
    0.3266286253161037,
    0.27613101300505016,
    0.22855862940555996,
    0.1936463671400375,
    0.1627885774546063,
    0.14741020866660112,
    0.13266084408483556,
    0.12020457272907507,
    0.10688423255900133,
    0.09393400939891941,
    0.08800125523403134,
    0.08184242856295146,
    0.07742263041628697,
    0.0682529628603268,
    0.06855308685989417,
    0.06100422881313206,
    0.060758854454556074,
    0.055458842387864575,
    0.052964880323210325,
    0.048374052591545064,
    0.05212597988699515,
    0.043120075559685216,
    0.04295035619672734,
    0.04142073023411417,
    0.04011138839186313,
    0.03399647234161336,
    0.037905705274207536,
    0.034572701325121614,
    0.03503779470248474,
    0.03589182864567361,
    0.02727377154509124,
    0.02780486040355004,
    0.026755638132543908,
    0.027701377691028966,
    0.02790816431173805,
    0.027180006516348457,
    0.02571859119037531,
    0.024313215737605524,
    0.023619530873718795,
    0.022693828480394997,
    0.027325665655056227,
    0.02138377555895635,
    0.021800775042514212,
    0.018482830598662348,
    0.019024215537824275,
    0.01880991661719517,
    0.020211479379363434,
    0.019068130839270416,
    0.01958649148492469,
    0.01992837101048262,
    0.01673787752329612,
    0.020893024758330173,
    0.0191629983811188,
    0.017003292565896493,
    0.017736177910695372,
    0.015391309054318777,
    0.01678997251810026,
    0.014417234981029304,
    0.01586790902290455,
    0.021637318022165102,
    0.017097545847699968,
    0.016062852528099855,
    0.016757215250801948,
    0.015322444708441798,
    0.01593287442282764,
    0.013330245601762202,
    0.013704690230127001,
    0.018790280676840507,
    0.016223849882323716,
    0.015432652911728191,
    0.01504357084967964,
    0.013507839738746587,
    0.013928536299289656,
    0.01710367295651015,
    0.015698905676584114,
    0.012736967803199882,
    0.012075752089491364,
    0.014232597935503138,
    0.01312937813369346,
    0.013862331412233336,
    0.01220234033181188,
    0.012933698079558378,
    0.011215706283860292
  ],
  "val_loss": [
    2.2361015723301816,
    1.262182694215041,
    0.7733244299888611,
    0.5221036924765661,
    0.44459995054281676,
    0.3817127197980881,
    0.35094817326619077,
    0.3130071862385823,
    0.29252280868016756,
    0.2814209988484016,
    0.27357055275486064,
    0.2989407234753554,
    0.26028295420110226,
    0.2505995472176717,
    0.25889545485663873,
    0.2611784068151162,
    0.26386186924691385,
    0.2340201360101883,
    0.26230079709337306,
    0.2580330101773143,
    0.2553847710816906,
    0.220934322103858,
    0.26369570202838916,
    0.23723395401611924,
    0.2235781133103256,
    0.23497161999917948,
    0.2195792876255627,
    0.22741134998460227,
    0.21780081695088974,
    0.21025601774454117,
    0.21550525355940828,
    0.20060150747975478,
    0.19147150533703658,
    0.16204657749487802,
    0.1738489671753576,
    0.1665362764078264,
    0.16341732703865722,
    0.1555211148941173,
    0.15926290958976516,
    0.14213863631280568,
    0.1400451769049351,
    0.13011497896737778,
    0.12932600188427246,
    0.11781397300700729,
    0.12988934114288825,
    0.11462062479068454,
    0.10030804810902247,
    0.09390299992922407,
    0.08411436449163236,
    0.07871415949641512,
    0.08040489732789305,
    0.08495625495337523,
    0.09288711362303449,
    0.08889089069830683,
    0.08918078243732452,
    0.09571982651519087,
    0.09166991843197209,
    0.09631957393139601,
    0.08674483234062791,
    0.08819906137740383,
    0.08923284630649365,
    0.09293478354811668,
    0.08344474939915997,
    0.0762338344939053,
    0.07882082046797642,
    0.09540003964390892,
    0.09436669770198372,
    0.10067720195421806,
    0.09812920931010292,
    0.09683450264856219,
    0.1025110287233614,
    0.10144116489503247,
    0.09951070033443662,
    0.10566127482944956,
    0.09827446693984362,
    0.1029934544259539,
    0.09722933320042032,
    0.09253563613702472,
    0.09489891011841022,
    0.09650621251561321,
    0.10077769158837888,
    0.10213046614080667,
    0.10182538893646918,
    0.10472881020261691,
    0.09619955786575492,
    0.10743277469793192,
    0.10191823896737053,
    0.10760560886074717,
    0.10206685197324707
  ],
  "train_transduce": [
    2.7629926401315275,
    1.5621041329865604,
    0.9205697372402113,
    0.6020644214964405,
    0.4290845795083292,
    0.3320157495663338,
    0.2598577391394635,
    0.21582511174924596,
    0.17569015090613022,
    0.15017168177771814,
    0.12424195972607308,
    0.11125951899772453,
    0.09930505833982192,
    0.08957176340609482,
    0.07809029977538229,
    0.06834833682082671,
    0.06733509774329428,
    0.059758633394370375,
    0.057089593328689174,
    0.04856259902919998,
    0.0503390045913378,
    0.04533087534196291,
    0.04648435359686306,
    0.03977088592274441,
    0.03943696178822327,
    0.038076311882738904,
    0.03870170568740092,
    0.03309320821426809,
    0.03313469471045069,
    0.030609782578750064,
    0.029629604372474336,
    0.025997162590129783,
    0.029787627585261062,
    0.02604764294042492,
    0.02640392914529621,
    0.028915596734636378,
    0.02047623082822592,
    0.021201176813698,
    0.019607698036592992,
    0.021664776268040704,
    0.021908320137299597,
    0.021330805400568878,
    0.02011165133144553,
    0.019016380721856792,
    0.01846824700286439,
    0.018086468538067776,
    0.022699669559159766,
    0.01696006943754967,
    0.01757560670255808,
    0.01448288266354999,
    0.015024294709479533,
    0.014809963456595066,
    0.016211515650772442,
    0.015068175775219792,
    0.01558654254047949,
    0.015928419528903497,
    0.012737932145120288,
    0.016893076274745625,
    0.015163063754558026,
    0.01300336192686053,
    0.013736270900969346,
    0.011391380141710037,
    0.012790000346398038,
    0.010417257636946328,
    0.011867932305604066,
    0.017637350864122745,
    0.013097552188369686,
    0.01206285458660598,
    0.012757217324310049,
    0.011322446733943581,
    0.011932876742068083,
    0.009330247799786692,
    0.009704692762395483,
    0.014790284768414213,
    0.01222385325350261,
    0.0114326573885526,
    0.011043575250294022,
    0.009507843966538221,
    0.009928539950105352,
    0.013103677340922397,
    0.01169891030942906,
    0.008736973478081972,
    0.008075758726900136,
    0.01023260464372123,
    0.009129384809207247,
    0.009862340560672594,
    0.00820234948535181,
    0.008933705852316577,
    0.007215714331154625
  ],