{
  "epoch": [
    1,
    2,
    3,
    4,
    5,
    6,
    7,
    8,
    9,
    10,
    11,
    12,
    13,
    14,
    15,
    16,
    17,
    18,
    19,
    20,
    21,
    22,
    23,
    24,
    25,
    26,
    27,
    28,
    29,
    30,
    31,
    32,
    33,
    34,
    35,
    36,
    37,
    38,
    39,
    40,
    41,
    42,
    43,
    44,
    45,
    46,
    47,
    48,
    49,
    50,
    51,
    52,
    53,
    54,
    55,
    56,
    57,
    58,
    59,
    60,
    61,
    62,
    63,
    64,
    65,
    66,
    67,
    68,
    69,
    70,
    71,
    72,
    73,
    74,
    75,
    76,
    77,
    78,
    79,
    80,
    81,
    82,
    83,
    84,
    85,
    86,
    87,
    88,
    89,
    90,
    91,
    92,
    93,
    94,
    95,
    96,
    97,
    98,
    99,
    100,
    101,
    102,
    103,
    104,
    105
  ],
  "train_loss": [
    1.7097102594129818,
    1.0129915322225118,
    0.8106442044690713,
    0.689248595041098,
    0.5996162793070999,
    0.5288666452943664,
    0.46925437266064673,
    0.41869716699590387,
    0.3738118619033971,
    0.33535308590562074,
    0.3028157535441143,
    0.2818566067624338,
    0.2552419466148947,
    0.2371351444690498,
    0.22259532399091525,
    0.20731794461607933,
    0.19211018400401184,
    0.17771962450183543,
    0.16603714734623112,
    0.15841328594641588,
    0.15008293587676028,
    0.13769589545032412,
    0.12962754270465104,
    0.12467525995422885,
    0.11499980712290277,
    0.11093723174837447,
    0.10673523312146516,
    0.09679833861048688,
    0.09406061681736376,
    0.09132770518052209,
    0.08465199625676441,
    0.07990741950565393,
    0.07771048529707279,
    0.07255937432697446,
    0.07438297315318253,
    0.06888816212832007,
    0.06487528152149363,
    0.06077734112125082,
    0.0605752265714493,
    0.05426902762739007,
    0.05415585567963492,
    0.05381595111000784,
    0.0525653882950698,
    0.04724480750845726,
    0.047805805709789095,
    0.044779979849483856,
    0.04352406926030658,
    0.04230453613569442,
    0.04137891119576453,
    0.038902962426703,
    0.03896849479564687,
    0.03487490233245123,
    0.03532835198854355,
    0.03377616221622862,
    0.030684963795212433,
    0.030642928685224856,
    0.03453486750248013,
    0.031362438723252915,
    0.02999832639566709,
    0.02898623967860086,
    0.02765653119662527,
    0.027481192144440468,
    0.02680850544819589,
    0.02654367494492878,
    0.025673072857148562,
    0.02373995391181526,
    0.023910145085669823,
    0.022290218861523978,
    0.022324369586620135,
    0.02347885442600038,
    0.023424336375889473,
    0.022430029016026518,
    0.022202616651091224,
    0.02413520060441236,
    0.021166470981942315,
    0.019778762783221517,
    0.019858119183594418,
    0.02107631253467431,
    0.02097000991421531,
    0.020195875354063187,
    0.019512249602691375,
    0.01874544439338071,
    0.017850386298059958,
    0.017288507470025766,
    0.017264460998385685,
    0.019339147080264064,
    0.01827902405297134,
    0.018473115103972173,
    0.016731007913362773,
    0.01660244507815919,
    0.01675726221478304,
    0.01572659349287428,
    0.014643559924245226,
    0.01601619851960292,
    0.015254868265270189,
    0.01620581168825402,
    0.01582696920527222,
    0.014761860410385217,
    0.015452688360663573,
    0.014714060251039366,
    0.014928573314052498,
    0.01373204431249328,
    0.014740883763975551,
    0.013596606596262608,
    0.014550289256767053
  ],
  "val_loss": [
    0.892249373289255,
    0.6828523278236389,
    0.591339125083043,
    0.5463337646080897,
    0.5172014396924239,
    0.4599584088875697,
    0.43103877626932585,
    0.4128841528525719,
    0.3684529226559859,
    0.3272060751914978,
    0.33022881700442386,
    0.30914825201034546,
    0.2850123540713237,
    0.2909875833071195,
    0.2628932171143018,
    0.259067653463437,
    0.2369865167599458,
    0.2476722002029419,
    0.2250198320700572,
    0.21806971499553093,
    0.2157808582370098,
    0.22481533426504868,
    0.19616992141191775,
    0.1936846306690803,
    0.19990107646355262,
    0.18406449086391008,
    0.17730305114617714,
    0.1729958372620436,
    0.16902629457987273,
    0.16694179349220717,
    0.17390360167393318,
    0.15970372122067672,
    0.17264094547583506,
    0.15014505988130203,
    0.15548581286118582,
    0.1571862600170649,
    0.1511821110661213,
    0.14629636590297407,
    0.14513839723972174,
    0.14385641394899443,
    0.13829620641011459,
    0.13897180729187453,
    0.13892752677202225,
    0.13008453095188507,
    0.13543156878306314,
    0.13031855655404237,
    0.12736588000104979,
    0.13243309322458047,
    0.12006164141572438,
    0.12223133702690785,
    0.12548164708110002,
    0.12577435718132898,
    0.1199913638142439,
    0.11608011189561623,
    0.11714296472760347,
    0.10779599329599968,
    0.11558049229475167,
    0.11965303466870235,
    0.12191693785672005,
    0.11223328371460621,
    0.11119649100762147,
    0.11374667315528943,
    0.11019663799267548,
    0.11055377068427893,
    0.11423324392392085,
    0.11031445302069187,
    0.11593323086316769,
    0.11615508866424744,
    0.10708154379748382,
    0.10881911218166351,
    0.1106237554206298,
    0.10863332249797307,
    0.1069567735091998,
    0.11500913535173123,
    0.10778992723387021,
    0.1118528894506968,
    0.10944411631387013,
    0.1112385717435525,
    0.10750554086497197,
    0.10408678708168176,
    0.10685622935684827,
    0.10664284974336624,
    0.10767743965754142,
    0.11017926366856465,
    0.11598871891888288,
    0.11845624618805371,
    0.11479245212215644,
    0.11656130277193509,
    0.11100148022747956,
    0.10806283598335889,
    0.10759929696527812,
    0.11201360162634116,
    0.10944373848346564,
    0.1168286304634351,
    0.11682382842095998,
    0.11753238379382171,
    0.11429104037009753,
    0.11549100337120202,
    0.1081070528150751,
    0.10657287818881181,
    0.11289910499293071,
    0.11307682612767586,
    0.11177401072703876,
    0.1167528139284024,
    0.11020863170807178
  ],