{
  "epoch": [
    1,
    2,
    3,
    4,
    5,
    6,
    7,
    8,
    9,
    10,
    11,
    12,
    13,
    14,
    15,
    16,
    17,
    18,
    19,
    20,
    21,
    22,
    23,
    24,
    25,
    26,
    27,
    28,
    29,
    30,
    31,
    32,
    33,
    34,
    35,
    36,
    37,
    38,
    39,
    40,
    41,
    42,
    43,
    44,
    45,
    46,
    47,
    48,
    49,
    50,
    51,
    52,
    53,
    54,
    55,
    56,
    57,
    58,
    59,
    60,
    61,
    62,
    63,
    64,
    65,
    66,
    67,
    68,
    69,
    70,
    71,
    72,
    73,
    74,
    75,
    76,
    77,
    78,
    79,
    80,
    81,
    82,
    83,
    84,
    85,
    86,
    87,
    88,
    89,
    90,
    91,
    92,
    93,
    94,
    95,
    96
  ],
  "train_loss": [
    0.9023475791558181,
    0.27378244004627267,
    0.20626670904088729,
    0.1775514822785217,
    0.16015239841867202,
    0.14649668881798736,
    0.13556947536987835,
    0.12640551639960543,
    0.11671037282241453,
    0.11224310037375677,
    0.10364973729494775,
    0.09851011209706269,
    0.09413023632351715,
    0.08959210191917892,
    0.08642865453689995,
    0.0813815877357922,
    0.07860878967486395,
    0.07775795972435781,
    0.07214982870339166,
    0.06996595094183294,
    0.06671669959358059,
    0.06567524845647339,
    0.0627869064043654,
    0.06174704307081676,
    0.06014552124139696,
    0.056991419450628876,
    0.0572333066253969,
    0.05447239100490466,
    0.051561285225250345,
    0.051653462157833695,
    0.04847313555898053,
    0.048418388305471675,
    0.04677008330305614,
    0.04668499967359965,
    0.04525519540478097,
    0.041292856963775534,
    0.04248803161490377,
    0.04156317121100308,
    0.040038000423424314,
    0.03919046384162537,
    0.03782728025781931,
    0.036963356156270985,
    0.03684692210195088,
    0.03664401671526456,
    0.03460153591090647,
    0.03458392461485202,
    0.03409259933240638,
    0.03257250251008732,
    0.030672162333226734,
    0.03150227492546091,
    0.03140143918260784,
    0.029698298483312426,
    0.02800715790766448,
    0.0281495725145877,
    0.029540490995317994,
    0.026384644224170115,
    0.02634231818581719,
    0.026255553565218602,
    0.026564436651176155,
    0.02369605381465932,
    0.024997644730391774,
    0.02484700207755265,
    0.022871005286619363,
    0.023527511098136257,
    0.023260761047759565,
    0.021798992437301296,
    0.023563015648154634,
    0.021637911537182655,
    0.022121785263908973,
    0.02125608809015686,
    0.019675321259194672,
    0.022585696050906462,
    0.022345318892362093,
    0.01831360128800394,
    0.019437532924982435,
    0.018039599448294922,
    0.018377425720786104,
    0.019038479510086154,
    0.018068461948636882,
    0.020570050936542673,
    0.017721033929432237,
    0.01799295224839508,
    0.017264552188502386,
    0.015160469746327784,
    0.017240081999063638,
    0.017369208178519835,
    0.015102607931130298,
    0.016606576379969495,
    0.01629979933017293,
    0.01460269017555373,
    0.01400181508881252,
    0.01569119358485989,
    0.016450026441402366,
    0.01458522705315142,
    0.013487120503605813,
    0.013520498524908678
  ],
  "val_loss": [
    0.3363324850797653,
    0.22391349191849047,
    0.1957572606893686,
    0.1737639565880482,
    0.16286997984235102,
    0.15126368432090834,
    0.14239276544405863,
    0.13628182502893302,
    0.13239418113460907,
    0.12687682933532274,
    0.12051318843777363,
    0.11858892326171581,
    0.11434131889389111,
    0.11069211535728894,
    0.10379596742299887,
    0.10385372403722543,
    0.10061442536803392,
    0.10492671424379715,
    0.09685840443349801,
    0.09695290960371494,
    0.09289321747536843,
    0.0902962966893728,
    0.09503839910030365,
    0.08741598748243772,
    0.09167156497446391,
    0.0936023723334074,
    0.09618608481608905,
    0.08601224852296022,
    0.08556796467074981,
    0.0862775230063842,
    0.08578845829917835,
    0.08201563659195717,
    0.07938781165732788,
    0.0793034378439188,
    0.08232407723195277,
    0.08210943639278412,
    0.07789719878480984,
    0.07959761957709606,
    0.07874395812933262,
    0.08291396885537185,
    0.08389821605613598,
    0.08128393283830239,
    0.08043702541349027,
    0.08049636212392496,
    0.08155366978966273,
    0.08067871365123071,
    0.08380754750508529,
    0.08304033514398795,
    0.08448532667870705,
    0.0823803163635043,
    0.07755278667005208,
    0.07490934890050155,
    0.07931704059816323,
    0.07674810404960926,
    0.07708010113296601,
    0.07862560565655048,
    0.08109981645471774,
    0.07732100132852793,
    0.07417493378027128,
    0.07603667912861475,
    0.07544332699706921,
    0.0805191843268963,
    0.08133593201637268,
    0.08401932406167571,
    0.07594736181915952,
    0.07542685190072426,
    0.0745993503727592,
    0.07494665395755035,
    0.08019427697245891,
    0.0765776805436382,
    0.07290616674491993,
    0.07378358422563626,
    0.07878534982983883,
    0.0802518819243862,
    0.0771203049673484,
    0.07413740434612219,
    0.0781777215978274,
    0.07503952766553713,
    0.07452796607349928,
    0.07466740447741288,
    0.07599292494929753,
    0.07396277151285456,
    0.07907917336202584,
    0.08212828822433949,
    0.08124176334016599,
    0.0801056194334076,
    0.07729691209701392,
    0.07601301801892427,
    0.07927813810797837,
    0.07707670273689124,
    0.08007963739622098,
    0.07540775180006257,
    0.07628845136899215,
    0.07614225403477366,
    0.0794579888550708,
    0.08160652868592969
  ],