{
  "epoch": [
    1,
    2,
    3,
    4,
    5,
    6,
    7,
    8,
    9,
    10,
    11,
    12,
    13,
    14,
    15,
    16,
    17,
    18,
    19,
    20,
    21,
    22,
    23,
    24,
    25,
    26,
    27,
    28,
    29,
    30,
    31,
    32,
    33,
    34,
    35,
    36,
    37,
    38,
    39,
    40,
    41,
    42,
    43,
    44,
    45,
    46,
    47,
    48,
    49,
    50,
    51,
    52,
    53,
    54,
    55,
    56,
    57,
    58,
    59,
    60,
    61,
    62,
    63,
    64,
    65,
    66,
    67,
    68,
    69,
    70,
    71,
    72,
    73,
    74,
    75,
    76,
    77,
    78,
    79,
    80,
    81,
    82,
    83,
    84,
    85,
    86,
    87,
    88,
    89,
    90,
    91,
    92,
    93,
    94,
    95,
    96,
    97,
    98,
    99,
    100,
    101,
    102
  ],
  "train_loss": [
    1.1265615207133908,
    0.48752872277014325,
    0.37462488465970106,
    0.32289312573352663,
    0.28752553285938676,
    0.2675079430388932,
    0.24609304979296015,
    0.22787335087167154,
    0.21538151284255605,
    0.2026356755949483,
    0.19380535214844316,
    0.18694437464865127,
    0.1776384362342334,
    0.17083672832439442,
    0.16173944607524587,
    0.15633815091730344,
    0.14977628804079376,
    0.14425221395374524,
    0.1425780843537633,
    0.13729254569452587,
    0.1333565334282299,
    0.12825241301319387,
    0.12436294813852498,
    0.11809777630732791,
    0.116873979900438,
    0.11468262690128667,
    0.11150070567532341,
    0.10799320075328987,
    0.10783232907109921,
    0.10139635633123983,
    0.09851613290386625,
    0.09761857211884886,
    0.09461518568862783,
    0.0904882490487382,
    0.08940876998228602,
    0.08828131703309494,
    0.08504915720607975,
    0.08191789387918935,
    0.08130298942179963,
    0.07610755360288786,
    0.07629476921024299,
    0.07370999400125872,
    0.07076344056294696,
    0.06952397372241657,
    0.07115465887628569,
    0.06773866783126746,
    0.06730315085537363,
    0.0667893910725223,
    0.06495674570450688,
    0.06295351342915899,
    0.06041706250150605,
    0.06025335452712999,
    0.05932017185236558,
    0.055050486772514805,
    0.05635193565694412,
    0.0568379518935586,
    0.05446521251803577,
    0.052948598925134926,
    0.053324837707868306,
    0.0496699152200824,
    0.04997794559723375,
    0.04944114201692956,
    0.047032687481087035,
    0.045949298298299905,
    0.04620000578020469,
    0.04376893698947855,
    0.04419931550832963,
    0.04372350373628116,
    0.043816165380770024,
    0.04340231368816135,
    0.0401652414480796,
    0.04028833850222354,
    0.04047733709437422,
    0.039103116406736395,
    0.03795039200104109,
    0.040535582819640044,
    0.03954837770007624,
    0.03746917810161958,
    0.03480835498707129,
    0.037562972017665314,
    0.03360965977063273,
    0.033667808352499315,
    0.03328958920913168,
    0.033112519858681626,
    0.033773606804448485,
    0.033655533119851706,
    0.03169451522096844,
    0.03374449107427113,
    0.0325963529573735,
    0.03216638416512915,
    0.03133639751352591,
    0.03169329224689172,
    0.030068502249657222,
    0.028790847315351562,
    0.027872875079254407,
    0.028774588465653728,
    0.03084856862810874,
    0.02775897308354183,
    0.029592878010013316,
    0.02803510717475916,
    0.028833462575468982,
    0.0289684359611261
  ],
  "val_loss": [
    0.49610164761543274,
    0.33164935501722187,
    0.2921900955530313,
    0.2723330924144158,
    0.2552613914012909,
    0.23962923196645883,
    0.2358556235065827,
    0.22065408585163263,
    0.2100866098816578,
    0.2017839430616452,
    0.194184171465727,
    0.18875818699598312,
    0.18155929675469032,
    0.17610639677597925,
    0.17661990970373154,
    0.1643746575483909,
    0.1643146459872906,
    0.15729050968702024,
    0.15541040610808593,
    0.1526965338450212,
    0.15129192803914732,
    0.14467085697329962,
    0.1410964079774343,
    0.13746428346404663,
    0.13600562054377335,
    0.136838456759086,
    0.13059829863218161,
    0.12829482154204294,
    0.12562732570446455,
    0.12221066911633198,
    0.12160156695888592,
    0.12020036549522327,
    0.11818375123234895,
    0.11636613509975947,
    0.11430790132054916,
    0.11328226069991405,
    0.11306583709441699,
    0.11094430117652966,
    0.10891306056426121,
    0.11303492606832431,
    0.11160906232320346,
    0.11160324685848676,
    0.10783172828646806,
    0.10111770119804603,
    0.11233824376876538,
    0.10820763357556783,
    0.10225383622141984,
    0.10240316276366894,
    0.09771389944049028,
    0.1001382077542635,
    0.10417492515765704,
    0.10987014237504739,
    0.10247777316432732,
    0.09729542955756187,
    0.09807725265049018,
    0.10444947274831626,
    0.11009937782700245,
    0.10264610312879086,
    0.093602819654804,
    0.10465140325518754,
    0.09426211565732956,
    0.10708401509775566,
    0.09935308563021514,
    0.10352577168781024,
    0.10403922615716091,
    0.09994225719800362,
    0.10462971375538753,
    0.09769195475830482,
    0.11322483979165554,
    0.10137120433724843,
    0.10708625471362701,
    0.10077390132042077,
    0.09746079949232248,
    0.09745137278850262,
    0.09640052728354931,
    0.0970559323636385,
    0.09204871537020573,
    0.10383505488817509,
    0.10318023768755105,
    0.09700104780495167,
    0.0962630444421218,
    0.09865957140349425,
    0.10016338684811042,
    0.09964860703509587,
    0.10237072336559112,
    0.1014690251591114,
    0.1180008053779602,
    0.10124124772846699,
    0.10286288307263301,
    0.111835359953917,
    0.10225168085442139,
    0.09993176821332711,
    0.10409275227441238,
    0.10034030847824536,
    0.1053951816776624,
    0.10114250833598468,
    0.10142366014994107,
    0.0975421188542476,
    0.10406189655455259,
    0.10112906677218583,
    0.10142532076973182,
    0.09955551389318246
  ],