{
  "epoch": [
    1,
    2,
    3,
    4,
    5,
    6,
    7,
    8,
    9,
    10,
    11,
    12,
    13,
    14,
    15,
    16,
    17,
    18,
    19,
    20,
    21,
    22,
    23,
    24,
    25,
    26,
    27,
    28,
    29,
    30,
    31,
    32,
    33,
    34,
    35,
    36,
    37,
    38,
    39,
    40,
    41,
    42,
    43,
    44,
    45,
    46,
    47,
    48,
    49,
    50,
    51,
    52,
    53,
    54,
    55,
    56,
    57,
    58,
    59,
    60,
    61,
    62,
    63,
    64,
    65,
    66,
    67,
    68,
    69,
    70,
    71,
    72
  ],
  "train_loss": [
    1.087692919158444,
    0.6012604636015352,
    0.45533756450893953,
    0.3574339159831558,
    0.28681786573424783,
    0.2380649826883041,
    0.19971864347912602,
    0.16975257472740007,
    0.14851940711288109,
    0.13092790928083597,
    0.11881189705016687,
    0.1083245900910847,
    0.09857940019021944,
    0.09157190456525567,
    0.08184673431684676,
    0.0783245569075813,
    0.07397734166420612,
    0.0686554191346021,
    0.06439875265026522,
    0.060343114995234405,
    0.0546346229222632,
    0.0561866643022477,
    0.05283316158084679,
    0.051370722347313595,
    0.046402591223031586,
    0.04766793772770265,
    0.04700920821081117,
    0.045362596385680215,
    0.042157989705807156,
    0.04148186528191124,
    0.042578129352252816,
    0.03968715348722624,
    0.03754569119629786,
    0.034430154992901175,
    0.033436173328304106,
    0.036783538105868804,
    0.03473537569846382,
    0.03445163517758327,
    0.032788629523603265,
    0.0331678956017359,
    0.03212725034598069,
    0.028968000820521072,
    0.028273980861731333,
    0.03117016994288748,
    0.026518121520153332,
    0.027799084069706576,
    0.026757067381452348,
    0.027758776911140717,
    0.027191629605703822,
    0.02586003050049671,
    0.025460833034324507,
    0.025635688746895296,
    0.024737047665205198,
    0.025698368732827073,
    0.022669455419371345,
    0.025062902566506385,
    0.023858169740613205,
    0.023891827241594412,
    0.02347743019015173,
    0.023459683676471107,
    0.022529315398453938,
    0.022135807972967856,
    0.021449280381874786,
    0.02150016905531076,
    0.020764905082052285,
    0.020534740550294712,
    0.020201445698795707,
    0.01847277809001659,
    0.02001374610939745,
    0.018166034362403695,
    0.019346600098381798,
    0.01758620538088714
  ],
  "val_loss": [
    0.4142930438885322,
    0.3008079265172665,
    0.2386231800684562,
    0.22821983924278846,
    0.19285197441394514,
    0.18084237036796716,
    0.17184456380514,
    0.16511732970292753,
    0.1536619239128553,
    0.1539614383990948,
    0.1518848933852636,
    0.1384253020469959,
    0.13255000601594263,
    0.13332988837590584,
    0.13608734481609785,
    0.13903326770434013,
    0.1363928819505068,
    0.12737137279831445,
    0.13298417455874956,
    0.13036515850287217,
    0.12818542724618545,
    0.12779118092014238,
    0.13071029633283615,
    0.12845682109204623,
    0.13613299480997598,
    0.13061091518745974,
    0.14024753582019073,
    0.1296344817830966,
    0.1293572150170803,
    0.1294992990218676,
    0.1309459891456824,
    0.1309348579782706,
    0.13133651920809195,
    0.13334070017131475,
    0.1255849009523025,
    0.12374995749157208,
    0.12950014194043782,
    0.13576501837143531,
    0.1301212918299895,
    0.12864120304584503,
    0.13441849657549307,
    0.12628158898307726,
    0.11596758104860783,
    0.13018277316139296,
    0.1236506666128452,
    0.11996019259095192,
    0.11445211432874203,
    0.12349313382919018,
    0.12161885818036702,
    0.1263149455189705,
    0.1359841153025627,
    0.13374872477008745,
    0.1255334594215338,
    0.12455669804834403,
    0.12498305250818913,
    0.1412592978718189,
    0.11879591070688687,
    0.13026338478980157,
    0.12529837855925927,
    0.12006843312141988,
    0.13011654609671006,
    0.1255781051631157,
    0.11473873100028588,
    0.11888037013033262,
    0.11880073309517823,
    0.11540389161270398,
    0.11798070872632357,
    0.12269931788054797,
    0.11497050265853222,
    0.12034865841269493,
    0.11699221727366631,
    0.11647872899014217
  ],
  "train_transduce": [
    1.087692919158444,
    0.6012604636015352,
    0.45533756450893953,
    0.3574339159831558,
    0.28681786573424783,
    0.2380649826883041,
    0.19971864347912602,
    0.16975257472740007,
    0.14851940711288109,
    0.13092790928083597,
    0.11881189705016687,
    0.1083245900910847,
    0.09857940019021944,
    0.09157190456525567,
    0.08184673431684676,
    0.0783245569075813,
    0.07397734166420612,
    0.0686554191346021,
    0.06439875265026522,
    0.060343114995234405,
    0.0546346229222632,
    0.0561866643022477,
    0.05283316158084679,
    0.051370722347313595,
    0.046402591223031586,
    0.04766793772770265,
    0.04700920821081117,
    0.045362596385680215,
    0.042157989705807156,
    0.04148186528191124,
    0.042578129352252816,
    0.03968715348722624,
    0.03754569119629786,
    0.034430154992901175,
    0.033436173328304106,
    0.036783538105868804,
    0.03473537569846382,
    0.03445163517758327,
    0.032788629523603265,
    0.0331678956017359,
    0.03212725034598069,
    0.028968000820521072,
    0.028273980861731333,
    0.03117016994288748,
    0.026518121520153332,
    0.027799084069706576,
    0.026757067381452348,
    0.027758776911140717,
    0.027191629605703822,
    0.02586003050049671,
    0.025460833034324507,
    0.025635688746895296,
    0.024737047665205198,
    0.025698368732827073,
    0.022669455419371345,
    0.025062902566506385,
    0.023858169740613205,
    0.023891827241594412,
    0.02347743019015173,
    0.023459683676471107,
    0.022529315398453938,
    0.022135807972967856,
    0.021449280381874786,
    0.02150016905531076,
    0.020764905082052285,
    0.020534740550294712,
    0.020201445698795707,
    0.01847277809001659,
    0.02001374610939745,
    0.018166034362403695,
    0.019346600098381798,
    0.01758620538088714
  ],
  "val_transduce": [
    0.4142930438885322,
    0.3008079265172665,
    0.2386231800684562,
    0.22821983924278846,
    0.19285197441394514,
    0.18084237036796716,
    0.17184456380514,
    0.16511732970292753,
    0.1536619239128553,
    0.1539614383990948,
    0.1518848933852636,
    0.1384253020469959,
    0.13255000601594263,
    0.13332988837590584,
    0.13608734481609785,
    0.13903326770434013,
    0.1363928819505068,
    0.12737137279831445,
    0.13298417455874956,
    0.13036515850287217,
    0.12818542724618545,
    0.12779118092014238,
    0.13071029633283615,
    0.12845682109204623,
    0.13613299480997598,
    0.13061091518745974,
    0.14024753582019073,
    0.1296344817830966,
    0.1293572150170803,
    0.1294992990218676,
    0.1309459891456824,
    0.1309348579782706,
    0.13133651920809195,
    0.13334070017131475,
    0.1255849009523025,
    0.12374995749157208,
    0.12950014194043782,
    0.13576501837143531,
    0.1301212918299895,
    0.12864120304584503,
    0.13441849657549307,
    0.12628158898307726,
    0.11596758104860783,
    0.13018277316139296,
    0.1236506666128452,
    0.11996019259095192,
    0.11445211432874203,
    0.12349313382919018,
    0.12161885818036702,
    0.1263149455189705,
    0.1359841153025627,
    0.13374872477008745,
    0.1255334594215338,
    0.12455669804834403,
    0.12498305250818913,
    0.1412592978718189,
    0.11879591070688687,
    0.13026338478980157,
    0.12529837855925927,
    0.12006843312141988,
    0.13011654609671006,
    0.1255781051631157,
    0.11473873100028588,
    0.11888037013033262,
    0.11880073309517823,
    0.11540389161270398,
    0.11798070872632357,
    0.12269931788054797,
    0.11497050265853222,
    0.12034865841269493,
    0.11699221727366631,
    0.11647872899014217
  ],