{
  "epoch": [
    1,
    2,
    3,
    4,
    5,
    6,
    7,
    8,
    9,
    10,
    11,
    12,
    13,
    14,
    15,
    16,
    17,
    18,
    19,
    20,
    21,
    22,
    23,
    24,
    25,
    26,
    27,
    28,
    29,
    30,
    31,
    32,
    33,
    34,
    35,
    36,
    37,
    38,
    39,
    40,
    41,
    42,
    43,
    44,
    45,
    46,
    47,
    48,
    49,
    50,
    51,
    52,
    53,
    54,
    55,
    56,
    57,
    58,
    59,
    60,
    61,
    62,
    63,
    64,
    65,
    66,
    67,
    68,
    69,
    70,
    71,
    72,
    73,
    74,
    75,
    76,
    77,
    78,
    79,
    80,
    81,
    82,
    83,
    84,
    85,
    86,
    87,
    88,
    89,
    90,
    91,
    92,
    93,
    94,
    95,
    96,
    97,
    98,
    99,
    100,
    101,
    102,
    103,
    104,
    105,
    106,
    107,
    108
  ],
  "train_loss": [
    1.5769348113807207,
    0.986814621797542,
    0.8012192882213396,
    0.6917589389786278,
    0.601228101044586,
    0.5327566006441706,
    0.4681799083026414,
    0.4196584848399015,
    0.37709013564684957,
    0.34292418156395255,
    0.29582327396906527,
    0.2666428924067733,
    0.23970913387758216,
    0.21955109948349982,
    0.2024803824108286,
    0.18417028422208176,
    0.1719082579323926,
    0.1572940786628379,
    0.1449511702527705,
    0.13647343045503824,
    0.12681621055781228,
    0.1192767467618603,
    0.1124509035696074,
    0.10121982561942842,
    0.09610936631323751,
    0.09169979585507482,
    0.08498825731965684,
    0.08142645572571411,
    0.07747065884627632,
    0.07248330299656108,
    0.06862200044825212,
    0.06425873028863337,
    0.06074640365106236,
    0.05666813450222163,
    0.05529415492237229,
    0.05359137156190946,
    0.050463092254148315,
    0.04793274100178603,
    0.04501577164286498,
    0.04168318606644254,
    0.04168080273996463,
    0.03882547220714467,
    0.039295937961985154,
    0.03668779371901579,
    0.0341647209157956,
    0.03341861642877927,
    0.03125895306794453,
    0.03199516410084883,
    0.03175141021234857,
    0.028837253339588642,
    0.026374700524815425,
    0.025163231059889664,
    0.02568105596943384,
    0.026295400728692405,
    0.022389267112810127,
    0.02161504277844251,
    0.023454944185490153,
    0.02200960977358225,
    0.020209183818036595,
    0.017983568224998324,
    0.018846338096353197,
    0.017471686634475115,
    0.016689716429046365,
    0.01780452890820878,
    0.017603421966622092,
    0.016223850592817227,
    0.01646456947386956,
    0.016598639566902572,
    0.01816560032287824,
    0.013213594346883293,
    0.014090131023735498,
    0.013080096477162592,
    0.012954346615984345,
    0.01202620082287617,
    0.01382441416781242,
    0.013198286752197315,
    0.010094547000372801,
    0.013871844304658319,
    0.013161828635817337,
    0.012163781182307596,
    0.011401811325394539,
    0.012001482210573308,
    0.00986153686409528,
    0.009609072293351721,
    0.010783984290421508,
    0.009687492792547402,
    0.009189319723650584,
    0.012529346936492767,
    0.009614593228781308,
    0.008837380823943303,
    0.009254329520416897,
    0.008681060899332281,
    0.008169718149727806,
    0.008063289554088771,
    0.008531628487410849,
    0.007621643814251076,
    0.007821054368270273,
    0.008625725103294976,
    0.008270053323190276,
    0.007213115037452506,
    0.007872978785824146,
    0.007035997586106383,
    0.006789840472509278,
    0.00734292665021206,
    0.0070741646773105045,
    0.007931141924177845,
    0.006607733908728648,
    0.0071174538290468955
  ],
  "val_loss": [
    0.8745060929885278,
    0.6571559951855586,
    0.5540671715369592,
    0.5058024754891028,
    0.4532793462276459,
    0.4389026394257179,
    0.3972274844463055,
    0.36775735249886143,
    0.3516029211191031,
    0.34699660768875706,
    0.30774175547636473,
    0.277432286968598,
    0.25866268345942867,
    0.2519801293428128,
    0.24049229461413163,
    0.228688209102704,
    0.21525862354498643,
    0.21381862805439875,
    0.20375780302744645,
    0.18801930030951133,
    0.18640777468681335,
    0.17734096141961905,
    0.16942739028197068,
    0.16748227866796347,
    0.15913426417570847,
    0.148467518389225,
    0.14315836905286863,
    0.15198589517520025,
    0.14283211758503547,
    0.1401566043496132,
    0.1397557181234543,
    0.13661338188327277,
    0.12463671656755301,
    0.11737482163768548,
    0.12044048796479519,
    0.11896728036495355,
    0.12125126788249382,
    0.11809033069473046,
    0.12471138428036983,
    0.11946255427140456,
    0.1111969449199163,
    0.10867185030992214,
    0.10574733050396809,
    0.10393023863434792,
    0.10720836127606723,
    0.11773293064190792,
    0.10903925061799012,
    0.10080367470016846,
    0.10040156915783882,
    0.10513088250389466,
    0.095330016544232,
    0.09615429361852315,
    0.09450462876031032,
    0.09584779406969364,
    0.09636594670323226,
    0.10246965618660817,
    0.09924308038674869,
    0.09691782438984284,
    0.09314340417488264,
    0.09154516623283808,
    0.08922403964858788,
    0.08882492057119425,
    0.09389014499118695,
    0.09001575589466554,
    0.08454537248382202,
    0.08630121893321092,
    0.09185239622512689,
    0.08713959888196908,
    0.08657975111586544,
    0.08607422209416445,
    0.08280581171409442,
    0.08605697593436791,
    0.08637005198173799,
    0.08369196263643411,
    0.08138168753626254,
    0.0787099374529834,
    0.08665984804527117,
    0.08637811247116098,
    0.07983245217026426,
    0.08124442344817978,
    0.0823429016611324,
    0.08121294281087242,
    0.07580136303574993,
    0.08492386228261659,
    0.09027428925037384,
    0.08582026346658285,
    0.08423509169369936,
    0.08868808915408757,
    0.08774284753375329,
    0.09166779075391017,
    0.07954935690101522,
    0.07946529447172697,
    0.08784572217756739,
    0.08711437608760136,
    0.08541664721157688,
    0.08675706563875653,
    0.08374348759221342,
    0.08377908284847553,
    0.08621627894731668,
    0.08790594815778044,
    0.08565867172840697,
    0.08830344408320692,
    0.08703912343256749,
    0.08771016817683211,
    0.08850697227395497,
    0.0925939387928408,
    0.08806603539806719,
    0.09694402435651192
  ],