{
  "epoch": [
    1,
    2,
    3,
    4,
    5,
    6,
    7,
    8,
    9,
    10,
    11,
    12,
    13,
    14,
    15,
    16,
    17,
    18,
    19,
    20,
    21,
    22,
    23,
    24,
    25,
    26,
    27,
    28,
    29,
    30,
    31,
    32,
    33,
    34,
    35,
    36,
    37,
    38,
    39,
    40,
    41,
    42,
    43,
    44,
    45,
    46,
    47,
    48,
    49,
    50,
    51,
    52,
    53,
    54,
    55,
    56,
    57,
    58,
    59,
    60,
    61,
    62,
    63,
    64,
    65,
    66,
    67,
    68,
    69,
    70,
    71,
    72,
    73,
    74,
    75,
    76,
    77,
    78,
    79,
    80,
    81,
    82,
    83,
    84,
    85,
    86,
    87,
    88,
    89,
    90,
    91,
    92,
    93,
    94,
    95,
    96,
    97,
    98,
    99,
    100,
    101,
    102,
    103,
    104,
    105,
    106,
    107,
    108,
    109,
    110,
    111,
    112,
    113,
    114,
    115,
    116,
    117,
    118,
    119,
    120,
    121,
    122
  ],
  "train_loss": [
    1.097388858547305,
    0.372810106318776,
    0.27028648481510653,
    0.22645211485352848,
    0.1981498917730728,
    0.18387517945306137,
    0.16520528119094302,
    0.1534604673633481,
    0.14026273337036077,
    0.13347186292014498,
    0.12473469766059725,
    0.1207216316741882,
    0.11221854632148648,
    0.10564644037201854,
    0.10341933587252504,
    0.0981203805618357,
    0.09710019653533945,
    0.09052257254572198,
    0.0876355915708412,
    0.08616076747305912,
    0.08336789719760418,
    0.08026872909083815,
    0.0768861528854854,
    0.07427205934677975,
    0.07270098601163615,
    0.07181956163506106,
    0.07059187106419318,
    0.06880212896088563,
    0.06643376547363725,
    0.06592264262461427,
    0.0660728348216208,
    0.06201327391116336,
    0.06099179905313667,
    0.058346774908575684,
    0.05864409897660855,
    0.05685537695737168,
    0.05444471447700911,
    0.053067521634742175,
    0.05383190958032218,
    0.05256021278218763,
    0.05348722369290224,
    0.05073948952341729,
    0.04966853896506352,
    0.050704552413951054,
    0.04768296568147322,
    0.04734749388466082,
    0.046646919461096274,
    0.04655528046412043,
    0.0467286881538901,
    0.045217004115923796,
    0.041103394480772534,
    0.04337775600281092,
    0.041906320844952126,
    0.04267589542277084,
    0.0420844626456204,
    0.03846311603331625,
    0.03885818485373465,
    0.0394936943850895,
    0.03942347761925937,
    0.041123318877808825,
    0.03751849211604878,
    0.03695892299626871,
    0.03578835158230792,
    0.03498542858840953,
    0.03554969796412947,
    0.031524267946692684,
    0.03660234681210748,
    0.03435766357135507,
    0.03438464683102499,
    0.034347035640869106,
    0.03256199722371922,
    0.03053292484797242,
    0.03259555872363767,
    0.02952772455916989,
    0.0307426087853342,
    0.030830766687556955,
    0.030226069816047012,
    0.029299461759977264,
    0.02988915973213861,
    0.030418748981181052,
    0.02944542862253614,
    0.028685939788707707,
    0.028303310201309696,
    0.02895684016979124,
    0.02876426454974652,
    0.02659710020398592,
    0.02674915827119188,
    0.029960450979115646,
    0.02843067493972064,
    0.026913786085672898,
    0.027803399869803302,
    0.026816717733970225,
    0.024049409838061375,
    0.026317972095111514,
    0.024242277460006793,
    0.021911388274632616,
    0.02342900600385769,
    0.02380530361321266,
    0.023340378929445946,
    0.02243641337914632,
    0.02403717733560001,
    0.023080975965292443,
    0.024302016033117872,
    0.026237229739389575,
    0.022017241619287593,
    0.022409551387357684,
    0.021430700376519177,
    0.022438710062109894,
    0.020916386068300666,
    0.022576467383025895,
    0.02018856163145882,
    0.023280476390540896,
    0.02045413664090309,
    0.020711571003522465,
    0.021772154846625164,
    0.020262233278999973,
    0.020231717807877036,
    0.019854082299470163,
    0.021893014232305313,
    0.02103403908670834,
    0.018727659469119983,
    0.0193880066070429
  ],
  "val_loss": [
    0.3740717860368582,
    0.2564535908974134,
    0.2096263330716353,
    0.19661475202211967,
    0.18327329623011443,
    0.16663491840545946,
    0.1592145602290447,
    0.15015675557347444,
    0.13373184691254908,
    0.13057456308832535,
    0.12506261568229932,
    0.1234024754510476,
    0.11591765112601794,
    0.10806995300719371,
    0.10522420417803985,
    0.10172072654733291,
    0.09134566583312474,
    0.09584305249154568,
    0.0920477886326038,
    0.0908422044549997,
    0.08614234031679538,
    0.0811005261225196,
    0.08408979018433736,
    0.0815787985920906,
    0.08196589608605091,
    0.07764140179810616,
    0.07419483793469575,
    0.07524182095837134,
    0.07243258699488181,
    0.07187116156833676,
    0.07545674502706298,
    0.06808306993200229,
    0.07066307678961983,
    0.07154754062111561,
    0.06656903465493368,
    0.07047877514448303,
    0.06584034104330036,
    0.06436875236865419,
    0.06577550035973008,
    0.0670415060236477,
    0.062200700076153644,
    0.07018602818537217,
    0.0595295550301671,
    0.058543512740960486,
    0.06383849021333915,
    0.05917949938716797,
    0.060826965571882635,
    0.06277584234395853,
    0.058234072666471966,
    0.06221854160181605,
    0.05953352636872576,
    0.05982822126064163,
    0.05857467515250811,
    0.05947165635342781,
    0.05692330249943412,
    0.06156323961197184,
    0.05442469835711213,
    0.056355664148353614,
    0.05998764061727203,
    0.062267541168974,
    0.05873629891385253,
    0.054316994411727555,
    0.0534418796081669,
    0.05555373761587991,
    0.05857810811497844,
    0.05741614366594989,
    0.05287912846184694,
    0.0597831871933662,
    0.05825352872936772,
    0.05961271389745749,
    0.05810133593443494,
    0.05745111420177496,
    0.053639382553788334,
    0.06142969182334267,
    0.058703979871307425,
    0.05803137002154612,
    0.05994200982296696,
    0.05510790509959826,
    0.0583350805279154,
    0.05898770994435136,
    0.05392934614792466,
    0.05708751023317186,
    0.05523215999038747,
    0.05569694549418413,
    0.05294220883829089,
    0.054414876423274666,
    0.05073828803590284,
    0.054303985518904835,
    0.0518436291649078,
    0.05566560983872758,
    0.054471452469722584,
    0.0561682594438585,
    0.052078170594401084,
    0.051585907994124755,
    0.05510110859400951,
    0.055423063351414524,
    0.05020319702676856,
    0.05244393560748834,
    0.05528278346173465,
    0.055617929776557364,
    0.053367436612741306,
    0.05215628031426324,
    0.05552941589401318,
    0.0563799194418467,
    0.06067802542104171,
    0.05731377390643152,
    0.058363564079627395,
    0.055687745549501136,
    0.05519501857746106,
    0.05661757653937317,
    0.05519818733088099,
    0.05455380692504919,
    0.05756824562111153,
    0.05728353178486801,
    0.055954457654689364,
    0.056408213738065496,
    0.05420036590658128,
    0.054511737275438815,
    0.052159505448519036,
    0.05374370278933874,
    0.0538608728406521,
    0.053514543419274
  ],