{
  "epoch": [
    1,
    2,
    3,
    4,
    5,
    6,
    7,
    8,
    9,
    10,
    11,
    12,
    13,
    14,
    15,
    16,
    17,
    18,
    19,
    20,
    21,
    22,
    23,
    24,
    25,
    26,
    27,
    28,
    29,
    30,
    31,
    32,
    33,
    34,
    35,
    36,
    37,
    38,
    39,
    40,
    41,
    42,
    43,
    44,
    45,
    46,
    47,
    48,
    49,
    50,
    51,
    52,
    53,
    54,
    55,
    56,
    57,
    58,
    59,
    60,
    61,
    62,
    63,
    64,
    65,
    66,
    67,
    68,
    69,
    70,
    71,
    72,
    73,
    74,
    75,
    76
  ],
  "train_loss": [
    1.2374946862151943,
    0.6930148186757392,
    0.5217023253748098,
    0.41500192665562186,
    0.3341677995379438,
    0.2748905206771241,
    0.23276379888819665,
    0.2010020130534762,
    0.1801014257230095,
    0.158662657647096,
    0.1391677106010545,
    0.12849405692102983,
    0.11663276513980836,
    0.11106751759334937,
    0.10109726944458239,
    0.09400485315811388,
    0.08727504637514807,
    0.08295632386100046,
    0.07690621355606109,
    0.07429871078311782,
    0.06692633825863145,
    0.06078128394737993,
    0.05591428091691941,
    0.04889260387028923,
    0.045719694984673535,
    0.04448828703157373,
    0.039134010955806556,
    0.0376014659210041,
    0.03475720985533343,
    0.03243808922617091,
    0.030456511394994466,
    0.0287023410249079,
    0.02672111634981156,
    0.026347312293754716,
    0.024559559307742826,
    0.023606018355289072,
    0.02481475004388653,
    0.021833164211765854,
    0.02080573818223916,
    0.02063012871046349,
    0.019321354886171285,
    0.018292700528580043,
    0.016163480379282662,
    0.016483203037497923,
    0.01628636358397024,
    0.015153462253270921,
    0.0136346505767637,
    0.013788229947880908,
    0.011557735862767267,
    0.013311236158262976,
    0.013470941650460368,
    0.011607245192863047,
    0.011629830625810727,
    0.011445984553987371,
    0.00973672335295333,
    0.010442097710935188,
    0.010321293397657765,
    0.009564377442506362,
    0.0092727382692566,
    0.009952500499136862,
    0.009758304886174263,
    0.009774626393504824,
    0.009393753821435912,
    0.008935266943677262,
    0.0072648447215768325,
    0.007795016444528226,
    0.007072310256843753,
    0.008416177236568663,
    0.007576541413466648,
    0.0075778667310963275,
    0.007445043819409209,
    0.0066804402761675,
    0.008565726494968668,
    0.008874374561818298,
    0.005886945479247028,
    0.006332335083927844
  ],
  "val_loss": [
    0.5625181931715745,
    0.40758309914515567,
    0.3581628386790936,
    0.32930679275439334,
    0.29731579698049104,
    0.27286493892853075,
    0.26336081669880795,
    0.24290388707931226,
    0.23884776922372672,
    0.2332557852451618,
    0.2139871957210394,
    0.2086330228126966,
    0.20424789591477469,
    0.19321619891203368,
    0.19493168592453003,
    0.18507671700074121,
    0.17498209499395811,
    0.1805212887433859,
    0.17658222180146438,
    0.1642839599114198,
    0.15798014173140892,
    0.15845651265520316,
    0.14172736526681826,
    0.15054897161630484,
    0.13987809047102928,
    0.13258635596587107,
    0.14585269385805497,
    0.14246494638232085,
    0.1327865103689524,
    0.12633129868369836,
    0.1265427368478133,
    0.12647128162475732,
    0.12098990208827533,
    0.119115985213564,
    0.12280678978333107,
    0.12024228933912057,
    0.12046735690763363,
    0.10832792470374933,
    0.11531540694145057,
    0.1182532157175816,
    0.11201304756104946,
    0.12149598062611543,
    0.11137356601942044,
    0.10545309754804923,
    0.10602824515304886,
    0.10643843389474429,
    0.1042971582725071,
    0.10712793354804699,
    0.110493044476383,
    0.10437459598940152,
    0.09733734852992572,
    0.10603838578726237,
    0.10906299382734758,
    0.10433422888700779,
    0.10616947137392484,
    0.10512142119785914,
    0.11381797091319011,
    0.1110294244896907,
    0.11454615097206372,
    0.10461593935122857,
    0.11708393950874989,
    0.1085336716988912,
    0.10246795397968246,
    0.10266053843168685,
    0.10145402894928478,
    0.10512196337087797,
    0.10456921056342813,
    0.10301888243366893,
    0.10917457556710221,
    0.11284919792356399,
    0.10254290499366246,
    0.10133707623642224,
    0.10696543559718591,
    0.10321160151551549,
    0.11222310579166962,
    0.10997591303804746
  ],
  "train_transduce": [
    1.2343645575120277,
    0.692938375104334,
    0.5215602514055586,
    0.4145905974599504,
    0.333535743742874,
    0.27428108691861947,
    0.23208638495698417,
    0.20035741201688334,
    0.17928638459020055,
    0.15803147821696764,
    0.13842465513453042,
    0.12794992454426804,
    0.11613314717854421,
    0.11042879195403807,
    0.10062826513168738,
    0.0935360947335811,
    0.08668321426765821,
    0.0821471340455038,
    0.07633905290366755,
    0.07357128508888262,
    0.06630717971621408,
    0.060065811039092615,
    0.055414214375016,
    0.04852726917291425,
    0.045614229543998686,
    0.044414611485277866,
    0.03907766697217816,
    0.0375718113668647,
    0.034740852811325766,
    0.03242456840504844,
    0.03044028350238487,
    0.028692712988128366,
    0.02671443257893714,
    0.026340896153304073,
    0.024547925382161263,
    0.02359010165883708,
    0.024808049021941638,
    0.0218291353607147,
    0.020801668938671806,
    0.020628694843347232,
    0.019320017929409735,
    0.018291229374956378,
    0.01616115214965623,
    0.016481607499503597,
    0.016283837407491335,
    0.015142913282484046,
    0.013632821088378346,
    0.013786795651108102,
    0.011556487472862313,
    0.013310750731574275,
    0.013470572394261271,
    0.011606965301625584,
    0.011629567908833629,
    0.011445317616609415,
    0.009736085712631262,
    0.010441530573292222,
    0.010320305560845114,
    0.009562714706467869,
    0.009272452365227774,
    0.009952286596184346,
    0.00975806027057955,
    0.00977442895641944,
    0.009393468963944824,
    0.008935063018838,
    0.007263845624882229,
    0.007794618728083376,
    0.007071856647542649,
    0.008416033048391553,
    0.0075749690604237745,
    0.007577280422730237,
    0.007444626886635232,
    0.006680004132765143,
    0.008565329036257738,
    0.008873928788948575,
    0.005886843534229688,
    0.006332032707130978
  ],