{
  "epoch": [
    1,
    2,
    3,
    4,
    5,
    6
  ],
  "train_loss": [
    3.4522400432162814,
    2.9554637802971735,
    2.648034678565131,
    1.7759174297351648,
    1.3559355381691809,
    1.2553824906301971
  ],
  "val_loss": [
    2.7214194444509654,
    2.3891626504751353,
    2.151491330220149,
    1.2353746065726647,
    1.1013308488405669,
    1.0669010877609253
  ],
  "train_transduce": [
    3.4522400432162814,
    2.9554637802971735,
    2.648034678565131,
    1.7759174297351648,
    1.3559355381691809,
    1.2553824906301971
  ],
  "val_transduce": [
    2.7214194444509654,
    2.3891626504751353,
    2.151491330220149,
    1.2353746065726647,
    1.1013308488405669,
    1.0669010877609253
  ],
  "l0": [
    0.0,
    0.0,
    0.0,
    0.0,
    0.0,
    0.0
  ],
  "lambda_l0_effective": [
    0.01,
    0.01,
    0.01,
    0.01,
    0.01,
    0.01
  ],
  "recon_loss": [],
  "balance_loss": [],
  "val_reg_acc": [
    0.0,
    0.0,
    0.0,
    0.012987012987012988,
    0.007792207792207792,
    0.007792207792207792
  ],
  "val_irr_acc": [
    0.0,
    0.0,
    0.0,
    0.0,
    0.0,
    0.0
  ],
  "val_acc": [
    0.0,
    0.0,
    0.0,
    0.01240694789081886,
    0.007444168734491315,
    0.007444168734491315
  ],
  "phase": [
    1,
    1,
    1,
    2,
    2,
    2
  ]
}