{
  "epoch": [
    1,
    2,
    3,
    4,
    5,
    6,
    7,
    8,
    9,
    10,
    11,
    12,
    13,
    14,
    15,
    16,
    17,
    18,
    19,
    20,
    21,
    22,
    23,
    24,
    25,
    26,
    27,
    28,
    29,
    30,
    31,
    32,
    33,
    34,
    35,
    36,
    37,
    38,
    39,
    40,
    41,
    42,
    43,
    44,
    45,
    46,
    47,
    48,
    49,
    50,
    51,
    52,
    53,
    54,
    55,
    56,
    57,
    58,
    59,
    60,
    61,
    62,
    63,
    64,
    65,
    66,
    67,
    68,
    69,
    70,
    71,
    72,
    73,
    74,
    75,
    76,
    77,
    78,
    79,
    80,
    81,
    82,
    83,
    84,
    85,
    86,
    87,
    88,
    89,
    90,
    91,
    92,
    93,
    94,
    95,
    96,
    97,
    98,
    99,
    100,
    101,
    102,
    103,
    104,
    105,
    106,
    107,
    108,
    109,
    110,
    111,
    112,
    113,
    114,
    115,
    116,
    117,
    118,
    119,
    120,
    121,
    122,
    123,
    124,
    125,
    126,
    127
  ],
  "train_loss": [
    1.7052398416184888,
    1.1375741089127727,
    0.947242038458893,
    0.8380338506600291,
    0.7579129322902444,
    0.6920113704868198,
    0.6348041495711533,
    0.5845241274723073,
    0.5407263518301482,
    0.50065444932156,
    0.4619468123335199,
    0.4311913858676694,
    0.4036358826860939,
    0.38139288219594464,
    0.34991809549098163,
    0.32813460295347824,
    0.30848672225610496,
    0.2908979579806328,
    0.27358824091473805,
    0.2585333266977182,
    0.24448703859270232,
    0.22938046796420186,
    0.22217137151464975,
    0.2075703623368568,
    0.1952890320921067,
    0.18244985836682862,
    0.17804199453328073,
    0.17175615294692442,
    0.16355246497490972,
    0.15357312629210582,
    0.1477249604985886,
    0.14331418371845767,
    0.13438841762001982,
    0.1294125374214551,
    0.12396231205346658,
    0.12042377217067886,
    0.11535264396099086,
    0.10989662173405751,
    0.10498739924934722,
    0.10251229137335856,
    0.0993742403795117,
    0.0943091592376994,
    0.09161104277237174,
    0.09009553488228739,
    0.08973477769297422,
    0.0808817776707337,
    0.08154007618689967,
    0.07944971144429802,
    0.07609668362540067,
    0.07369709495915887,
    0.07079848993723233,
    0.06706830161172397,
    0.06450504999723017,
    0.06360496739981715,
    0.062194913222464086,
    0.061264213212986585,
    0.05900243556453395,
    0.06104732431548158,
    0.056720796540456336,
    0.054110985988578233,
    0.05352083364136748,
    0.05245978772140963,
    0.05121576762998227,
    0.04852460736658463,
    0.04853227784012243,
    0.050236996100044125,
    0.047245233578933885,
    0.048773018672063795,
    0.046193374076032453,
    0.041428653254490536,
    0.04566321558482254,
    0.04621872015911894,
    0.04124932511008738,
    0.042309218739188206,
    0.041936975159711135,
    0.044488406120847486,
    0.04257394384938417,
    0.037776005884017985,
    0.03836172835939785,
    0.036608648349617405,
    0.03477279735565877,
    0.03764337280611556,
    0.036902980502099565,
    0.03687527708315588,
    0.03637492079191755,
    0.03526815579791275,
    0.03533074495949082,
    0.035028072707739076,
    0.03430469135379361,
    0.03235620780867169,
    0.03151173327002943,
    0.0319777210051021,
    0.03375801468296841,
    0.03341494874366242,
    0.02999801925604337,
    0.029851944317810776,
    0.03239536988092875,
    0.03185665114667535,
    0.033396180371091384,
    0.02891094472796954,
    0.030087467652659135,
    0.03225611642089471,
    0.028601748794413257,
    0.028007895934165063,
    0.029342513140194964,
    0.0277320236164462,
    0.026985719661977256,
    0.027345414211032624,
    0.02618073819675627,
    0.025374420013605167,
    0.028031779868413032,
    0.027358761412504408,
    0.025987935338899034,
    0.027006380171179005,
    0.0275729362728055,
    0.029047487685264845,
    0.026162289295431955,
    0.024261982234185273,
    0.024303102704993997,
    0.024071065098114464,
    0.025424242774552675,
    0.02412044536562387,
    0.022704173426729504,
    0.02316243485091542,
    0.024621518197968678,
    0.023312615600328164,
    0.0240668741093238
  ],
  "val_loss": [
    0.9405209238712604,
    0.7581091935818012,
    0.6643842687973609,
    0.5930700989869925,
    0.5470470671470349,
    0.5192245588852809,
    0.4835936450041257,
    0.4392937055000892,
    0.41758331656455994,
    0.397401383289924,
    0.3698970744243035,
    0.3506315304682805,
    0.3354048522619101,
    0.32050066727858323,
    0.30456476830519164,
    0.28946275779834163,
    0.2817461353081923,
    0.26336234234846556,
    0.256843239068985,
    0.2381108827315844,
    0.2303094588793241,
    0.21904122485564306,
    0.21120132620518023,
    0.21063231848753416,
    0.20053625794557425,
    0.1944045269718537,
    0.18440390206300294,
    0.18879922078205988,
    0.17400924746806806,
    0.17464119138625953,
    0.17418279842688486,
    0.170229156429951,
    0.16364551679446146,
    0.15447376038019472,
    0.16143850007882485,
    0.1621130922665963,
    0.15440180496527597,
    0.14997346240740556,
    0.1471904762662374,
    0.14402857995950258,
    0.1390741252555297,
    0.13486164865585473,
    0.13205499660510284,
    0.1394547986296507,
    0.13351828146439332,
    0.12011111785586064,
    0.12858448922634125,
    0.11264520768935864,
    0.11774528714326712,
    0.1357792982688317,
    0.12129038429031005,
    0.11808590877514619,
    0.11540548274150261,
    0.10950670792506291,
    0.11574534154855289,
    0.10590584117632645,
    0.10546101113924614,
    0.10390038358477446,
    0.1043122814824948,
    0.10690370918466495,
    0.10146789797223531,
    0.1006834415289072,
    0.09916425467683719,
    0.10958225136766067,
    0.10414023554095855,
    0.10082682680625182,
    0.09558116329404023,
    0.09400377279290786,
    0.10300422345216458,
    0.09667952330066608,
    0.10122842914783038,
    0.0943662474075189,
    0.09631415743094224,
    0.10001602324728782,
    0.09541309195069167,
    0.09130290637795742,
    0.09279951338584606,
    0.09465192774167427,
    0.09338078146370557,
    0.09162258700682567,
    0.09680642674748714,
    0.0932591027365281,
    0.08757937599260074,
    0.08955837026811563,
    0.09454100521711203,
    0.08964604382904676,
    0.09452370697489151,
    0.08895747377895392,
    0.09434641639773662,
    0.09260749358397263,
    0.08867582406562108,
    0.08774634780218968,
    0.0982255838238276,
    0.09264856605575635,
    0.09080994501709938,
    0.08679340392924272,
    0.08897960429581311,
    0.08921215726205936,
    0.0849486944767145,
    0.08416346345956509,
    0.0889539337502076,
    0.08287253875571948,
    0.09320244049796692,
    0.08625791508417863,
    0.09235269676607388,
    0.08582113926800397,
    0.09037643599395569,
    0.09265957414530791,
    0.08405392187146041,
    0.08713326832422844,
    0.08745714807166503,
    0.08548375534323546,
    0.08815400603298958,
    0.08750138360147293,
    0.08603056534551658,
    0.09263797878072812,
    0.08688742939669353,
    0.09373522607179788,
    0.09287614905490325,
    0.0920346426562621,
    0.092952778419623,
    0.08609255138211526,
    0.08790784902297534,
    0.09843500058811444,
    0.08838646672666073,
    0.08840500076229756,
    0.09488325078900044
  ],