{
  "epoch": [
    1,
    2,
    3,
    4,
    5,
    6,
    7,
    8,
    9,
    10,
    11,
    12,
    13,
    14,
    15,
    16,
    17,
    18,
    19,
    20,
    21,
    22,
    23,
    24,
    25,
    26,
    27,
    28,
    29,
    30,
    31,
    32,
    33,
    34,
    35,
    36,
    37,
    38,
    39,
    40,
    41,
    42,
    43,
    44,
    45,
    46,
    47,
    48,
    49,
    50,
    51,
    52,
    53,
    54,
    55,
    56,
    57,
    58,
    59,
    60,
    61,
    62,
    63,
    64,
    65,
    66,
    67,
    68,
    69,
    70,
    71,
    72,
    73,
    74,
    75,
    76,
    77,
    78,
    79,
    80,
    81,
    82,
    83,
    84,
    85,
    86,
    87,
    88,
    89,
    90,
    91,
    92,
    93,
    94,
    95,
    96,
    97,
    98,
    99,
    100,
    101,
    102,
    103,
    104
  ],
  "train_loss": [
    1.001903248509181,
    0.419365948162128,
    0.2546696622193474,
    0.16656002621214414,
    0.12630559799751057,
    0.10315522025387312,
    0.08382895220186293,
    0.07195140164076667,
    0.06276323820089864,
    0.05466151014738476,
    0.04943378124693312,
    0.04292764509884045,
    0.04074755011452842,
    0.038063198923296536,
    0.03428058896079352,
    0.032000416064078045,
    0.027782939283234866,
    0.02746408378474952,
    0.025874471054268405,
    0.026374741001342683,
    0.022548078770566846,
    0.022813462971508044,
    0.019284929648118534,
    0.019704397935804325,
    0.017886966096054877,
    0.014464538569619744,
    0.015019131250698696,
    0.015772015454017164,
    0.015006955010941271,
    0.01657211757385047,
    0.01693034889152485,
    0.013637180760570024,
    0.014503914955283333,
    0.014026930538899045,
    0.013026373642112715,
    0.011782679860432124,
    0.010867230738177127,
    0.011128255195517247,
    0.010532110067175644,
    0.01047271366180737,
    0.011450924328528345,
    0.010655282010365105,
    0.010072727629449219,
    0.010342667487176308,
    0.010290334281420392,
    0.011348394839964403,
    0.009728047204655163,
    0.008870680823672525,
    0.00807585552894059,
    0.008405889757997692,
    0.010491675131392578,
    0.00935496685434776,
    0.009567452831669068,
    0.00885373668189487,
    0.006418277952218784,
    0.00691060973907408,
    0.007022434971283295,
    0.009687012731164847,
    0.008345865402082653,
    0.007152408233918154,
    0.006163680377493123,
    0.007238400634378195,
    0.0072507294844211916,
    0.007644169046825576,
    0.00837677790838553,
    0.0060436429378466165,
    0.006362403164342881,
    0.007264806739277849,
    0.005731954316268963,
    0.005845337377209456,
    0.005904107621241452,
    0.00767030552768907,
    0.0073547430731627375,
    0.006614432102201276,
    0.007380650843674864,
    0.006450223938841613,
    0.005138003254746154,
    0.005443281341810979,
    0.006999696617509171,
    0.005492900327638934,
    0.004547115743352873,
    0.004687858067216477,
    0.004882632523937722,
    0.005193548549156271,
    0.004677189767874355,
    0.0044019347180962835,
    0.00491794880538682,
    0.004477303251387076,
    0.004991679375399547,
    0.006177850385507348,
    0.005844037874527371,
    0.004758715080205332,
    0.0053297849129747416,
    0.004395782142009265,
    0.003820178466524986,
    0.005347650334030178,
    0.004076540440644412,
    0.00411334529540984,
    0.00479416951573737,
    0.003985243089456284,
    0.003124346602864122,
    0.0032120925347625577,
    0.003375453972431697,
    0.0035037506727208312
  ],
  "val_loss": [
    0.3882536613024198,
    0.29222957904522234,
    0.22446372646551865,
    0.19136987282679632,
    0.17324190873366135,
    0.1654431510430116,
    0.15796707914425775,
    0.14303637181337064,
    0.13476481947761315,
    0.1259640524020562,
    0.1257874512901673,
    0.12989778415514872,
    0.12051495995659095,
    0.10938684943203743,
    0.10943966473524387,
    0.10386829679975143,
    0.09942275314376904,
    0.10310954715196903,
    0.09854414285375522,
    0.09501495470221226,
    0.10161813162267208,
    0.09501369039599712,
    0.09136348755027239,
    0.09742442045647365,
    0.09178473241627216,
    0.09423710183741954,
    0.09873276017606258,
    0.11334378616167949,
    0.10025888903496358,
    0.09312737503877053,
    0.10459364090974514,
    0.09476167952212003,
    0.08890173942423783,
    0.0846980896133643,
    0.08495870476158765,
    0.08824443860122791,
    0.09505695591752346,
    0.08978483804429953,
    0.09179775871766302,
    0.09199438835136019,
    0.07726662355260207,
    0.08773450646549463,
    0.09633496353546014,
    0.08804812690672967,
    0.08236326621128963,
    0.07932456869345444,
    0.08568165895457451,
    0.09316488491514555,
    0.08700380166276143,
    0.08083234405001768,
    0.07773986902947609,
    0.08830976726200718,
    0.07379445139891826,
    0.08598249969789042,
    0.07913781222529136,
    0.08129165096817395,
    0.0799737275721362,
    0.08457666524470998,
    0.07448314717755868,
    0.07285871940593307,
    0.07997144824968508,
    0.07842059035857137,
    0.07925826898561074,
    0.0803299700984588,
    0.08769131385577986,
    0.07844117984104042,
    0.08274567148719843,
    0.08636675685500869,
    0.08832795960971943,
    0.08645945268038374,
    0.09256247588648246,
    0.08272383290414627,
    0.09347964658473547,
    0.08742933663038108,
    0.07997411149195753,
    0.07919369075590602,
    0.08843879100794975,
    0.07658305354058169,
    0.0699199338694318,
    0.07251340538585702,
    0.08181724648098819,
    0.08666997518426237,
    0.08154414961329447,
    0.08093923881936532,
    0.08526959447548367,
    0.08603422379551026,
    0.09098522547775736,
    0.08799951738462998,
    0.0915303655828421,
    0.07974878652021289,
    0.07400820570854613,
    0.08355694683268666,
    0.08586698412322082,
    0.07257570582441986,
    0.07668073611477247,
    0.07933113473252608,
    0.07795733179395589,
    0.0883543821087537,
    0.07780376621163808,
    0.07756161530806611,
    0.08551587988264285,
    0.08631939143211079,
    0.09075636547417022,
    0.08175712596410169
  ],