{
  "epoch": [
    1,
    2,
    3,
    4,
    5,
    6,
    7,
    8,
    9,
    10,
    11,
    12,
    13,
    14,
    15,
    16,
    17,
    18,
    19,
    20,
    21,
    22,
    23,
    24,
    25,
    26,
    27,
    28,
    29,
    30,
    31,
    32,
    33,
    34,
    35,
    36,
    37,
    38,
    39,
    40,
    41,
    42,
    43,
    44,
    45,
    46,
    47,
    48,
    49,
    50,
    51,
    52,
    53,
    54,
    55,
    56,
    57,
    58,
    59,
    60,
    61,
    62,
    63,
    64,
    65,
    66,
    67,
    68,
    69,
    70,
    71,
    72,
    73,
    74,
    75,
    76,
    77,
    78
  ],
  "train_loss": [
    2.2475156415369093,
    0.8700468961111049,
    0.45729808202109384,
    0.3016580409303154,
    0.21783722211251555,
    0.16758137845347837,
    0.1340564133733818,
    0.11204712834093988,
    0.09772185906383794,
    0.08603104728168433,
    0.07740807590871743,
    0.0693021258819349,
    0.06519798189401627,
    0.05835600055216514,
    0.05538096419084318,
    0.05396932072591843,
    0.047199119640917504,
    0.04487698989891514,
    0.04147018050563704,
    0.043698990938359314,
    0.045182909346041605,
    0.04000597127434826,
    0.035215026977443206,
    0.03417490119325746,
    0.03187803258716138,
    0.03333719244668471,
    0.02895358247087174,
    0.029555263074556578,
    0.029049575693674924,
    0.02592991920399297,
    0.02642345665618009,
    0.02655936099742491,
    0.02476292761215537,
    0.022554107091975275,
    0.020879660517015716,
    0.020907453237312662,
    0.019890332397687987,
    0.019444987336269665,
    0.02102087496194182,
    0.021675810093040933,
    0.01934628764205833,
    0.020277253217687925,
    0.019995355964206235,
    0.019486648832284605,
    0.019218948247276015,
    0.01741025390429902,
    0.016556674571342998,
    0.02206790388187336,
    0.018048307301534207,
    0.017313835158291244,
    0.016242055716857162,
    0.016106897648231883,
    0.015762969256215488,
    0.01622077692108056,
    0.015095285432816474,
    0.016500845714712265,
    0.01841575504981519,
    0.015330576985959233,
    0.015157927590969605,
    0.01666622261334326,
    0.019616475410413805,
    0.015381358098238707,
    0.015157658246720267,
    0.015350032199327786,
    0.015223398463819753,
    0.013602035619395296,
    0.01525071291156958,
    0.014446745578622081,
    0.013677279580115657,
    0.013656984011344995,
    0.015346773280810142,
    0.014984572027838722,
    0.014419303861321862,
    0.015189796844593336,
    0.01361088651549263,
    0.01483453449687546,
    0.01358783150994286,
    0.013421862472578422
  ],
  "val_loss": [
    1.2525507670182447,
    0.481086614040228,
    0.24909218916526207,
    0.1803791792346881,
    0.13340948063593644,
    0.11287538306071208,
    0.10006341338157654,
    0.0934186245386417,
    0.08539943654949848,
    0.08220165509444016,
    0.08307530874243149,
    0.08083452843129635,
    0.07826649598204173,
    0.07642547327738541,
    0.07314017672951405,
    0.06984421152334946,
    0.0698400902060362,
    0.07579826448972408,
    0.07407698350457045,
    0.0879528344823764,
    0.07193351809221965,
    0.07256870072048444,
    0.07131542981817172,
    0.07461245272022027,
    0.07061079932520023,
    0.07163495627733377,
    0.07194400621721378,
    0.06549255807812397,
    0.07103879635150616,
    0.07427493282235585,
    0.07243650650175718,
    0.0754516812471243,
    0.07510249703549422,
    0.07550209466941081,
    0.07310647481622604,
    0.07632687078932157,
    0.07502541511964339,
    0.07791651985966243,
    0.07761809881776571,
    0.07540139434142755,
    0.08097448092527114,
    0.07772618202635875,
    0.08039889355691579,
    0.08160589434779607,
    0.08623397615380012,
    0.0786895091430499,
    0.08563088496717122,
    0.08213386247650935,
    0.08125781991447394,
    0.08048012000150405,
    0.08616773562076,
    0.0892475967367108,
    0.08786622685595201,
    0.08523582882032944,
    0.08596940940389267,
    0.09017960655574615,
    0.09058479857272826,
    0.0894188117235899,
    0.08652465998266752,
    0.08691638063352841,
    0.09005279151292947,
    0.08840654962337934,
    0.09293589783975711,
    0.08889995472362408,
    0.08484376809344842,
    0.09123498745835744,
    0.09216153241980535,
    0.09057687480862324,
    0.09406115358265546,
    0.09531031692257294,
    0.1021400114807945,
    0.09288808825210883,
    0.10067142474536712,
    0.09156394334366688,
    0.08956980841377607,
    0.09419071058241221,
    0.0966262285096141,
    0.09122386402808703
  ],
  "train_transduce": [
    2.2297803446189643,
    0.8436935110804961,
    0.4327192913318418,
    0.27880653969405855,
    0.19591775955152266,
    0.14615097853172684,
    0.11297240223466735,
    0.09124847326773344,
    0.07704100953703075,
    0.06550414464676503,
    0.05700374492588117,
    0.048987516566880586,
    0.04484447260800096,
    0.038041976664560974,
    0.035149829279746594,
    0.03449192793905428,
    0.028435402679420317,
    0.026456142072421834,
    0.023767730573998745,
    0.026518388135243477,
    0.028229854549713357,
    0.0236692682710313,
    0.019357557528527435,
    0.018970572918931925,
    0.01726066820640309,
    0.018841899312149312,
    0.015010846911967952,
    0.016134610838861654,
    0.01586702349235678,
    0.013164254441886142,
    0.013749936153900992,
    0.014218819319251348,
    0.012588457733671152,
    0.010568772577056565,
    0.009070345732268215,
    0.00924228861167086,
    0.008456481438845434,
    0.008139215103715429,
    0.009766487411304963,
    0.01049772906237157,
    0.008193819536995526,
    0.009240774494792652,
    0.009011238716187473,
    0.008610557071077302,
    0.008391592980448887,
    0.0066233893247926124,
    0.005793964483093508,
    0.011420393174216534,
    0.007376863640377817,
    0.006688768473770661,
    0.005668926077652434,
    0.005583655100541439,
    0.005179325128862269,
    0.00569463248476242,
    0.004652933869570897,
    0.0060707536464816286,
    0.007942139408695176,
    0.004873233489673009,
    0.004798441150492134,
    0.006323169181771462,
    0.009251115869157035,
    0.00500109835381418,
    0.00481009682053556,
    0.005036220150116409,
    0.004892510855234391,
    0.0032410787051836434,
    0.004938984874542323,
    0.004084696473263339,
    0.0034318165726102794,
    0.00338090881651277,
    0.005074094662463206,
    0.004730645749002657,
    0.004116679224624904,
    0.004869484456799703,
    0.0033810500234975143,
    0.004586704292865086,
    0.003317648089147586,
    0.0031777266424974984
  ],