{
  "epoch": [
    1,
    2,
    3,
    4,
    5,
    6,
    7,
    8,
    9,
    10,
    11,
    12,
    13,
    14,
    15,
    16,
    17,
    18,
    19,
    20,
    21,
    22,
    23,
    24,
    25,
    26,
    27,
    28,
    29,
    30,
    31,
    32,
    33,
    34,
    35,
    36,
    37,
    38,
    39,
    40
  ],
  "train_loss": [
    2.5439847330055616,
    1.3255617689378192,
    0.7547461623602575,
    0.6030817412503875,
    0.4610318582836944,
    0.36166417657738864,
    0.32247349088734917,
    0.2815500927148479,
    0.2518113829416804,
    0.2236467398481794,
    0.21398685761902592,
    0.19514253403585735,
    0.16775923200172954,
    0.16173124575231335,
    0.14708793450995247,
    0.14262662230446788,
    0.13999630466546162,
    0.1266335466931952,
    0.11706686997325114,
    0.11475931941577704,
    0.11317522229977173,
    0.09656721958429507,
    0.10097145102918148,
    0.0963533969946427,
    0.08947931021673254,
    0.08792564837206708,
    0.08031672412658682,
    0.08509043530367388,
    0.07830992444316939,
    0.08152297353095347,
    0.07558174827827675,
    0.06792031857415591,
    0.06734850781388801,
    0.06733362966834909,
    0.07373393362959718,
    0.0640040845932937,
    0.06397040007580625,
    0.059194371445418,
    0.05540689612084096,
    0.060644266877950416
  ],
  "val_loss": [
    1.7995170996739314,
    1.007613787284264,
    0.5650887947816116,
    0.3312987364255465,
    0.25994487679921663,
    0.289999857544899,
    0.21654865031058973,
    0.19148459342809823,
    0.14804955973074987,
    0.17583568164935479,
    0.12390636824644528,
    0.11353236838028981,
    0.12351164451012245,
    0.11771143629000737,
    0.11574353736180526,
    0.10397275107411239,
    0.10173288130989441,
    0.0958775496826722,
    0.10027488894187488,
    0.10651370137929916,
    0.09446286266812912,
    0.0868793809070037,
    0.12148090853140904,
    0.11236946055522332,
    0.08800700937326138,
    0.09060555152021922,
    0.08183306083083153,
    0.0878489060470691,
    0.0964440883925328,
    0.10437927022576332,
    0.08619114527335534,
    0.08664175710425927,
    0.08449521560508472,
    0.10258525982499123,
    0.0960816226613063,
    0.08892716438724445,
    0.09047785788201369,
    0.09136638088295093,
    0.08413462097255084,
    0.08937810991819088
  ],
  "train_transduce": [
    2.5342088560066602,
    1.325556514286759,
    0.7547461160338751,
    0.6030817377095176,
    0.4610318582836944,
    0.36166417598724365,
    0.32247348985459545,
    0.2815500921247029,
    0.2518113791057379,
    0.2236467374875994,
    0.21398685761902592,
    0.19514253403585735,
    0.16775923200172954,
    0.16173124575231335,
    0.1470879343624162,
    0.14262662215693162,
    0.13999630466546162,
    0.12663354595551396,
    0.11706686997325114,
    0.11475931941577704,
    0.11317522229977173,
    0.09656721958429507,
    0.10097145102918148,
    0.0963533969946427,
    0.08947931021673254,
    0.08792564837206708,
    0.08031672412658682,
    0.08509043530367388,
    0.07830992444316939,
    0.08152297353095347,
    0.07558174824139269,
    0.06792031857415591,
    0.06734850781388801,
    0.06733362966834909,
    0.07373393362959718,
    0.0640040845932937,
    0.06397040007580625,
    0.059194371445418,
    0.05540689612084096,
    0.06064426684106636
  ],
  "val_transduce": [
    1.799497705239516,
    1.0076136176402752,
    0.565088723714535,
    0.3312987364255465,
    0.25994487679921663,
    0.289999857544899,
    0.21654865031058973,
    0.19148459342809823,
    0.14804955743826353,
    0.17583568164935479,
    0.12390636824644528,
    0.11353236838028981,
    0.12351164451012245,
    0.11771143629000737,
    0.11574353736180526,
    0.10397275107411239,
    0.10173288130989441,
    0.0958775496826722,
    0.10027488894187488,
    0.10651370137929916,
    0.09446286266812912,
    0.0868793809070037,
    0.12148090853140904,
    0.11236946055522332,
    0.08800700937326138,
    0.09060555152021922,
    0.08183306083083153,
    0.0878489060470691,
    0.0964440883925328,
    0.10437927022576332,
    0.08619114527335534,
    0.08664175710425927,
    0.08449521560508472,
    0.10258525982499123,
    0.0960816226613063,
    0.08892716438724445,
    0.09047785788201369,
    0.09136638088295093,
    0.08413462097255084,
    0.08937810991819088
  ],
  "l0": [
    2.1298856154317036e-05,
    1.9792628336290363e-07,
    1.0840955155799747e-07,
    1.2450982467271388e-09,
    2.90333446173463e-09,
    6.844459221611032e-09,
    6.630216375924647e-10,
    1.8828814063454047e-09,
    2.3065297227731207e-08,
    2.2737367544323206e-13,
    2.7853275241795927e-12,
    9.606537787476555e-12,
    9.094947017729282e-11,
    6.571099220309407e-11,
    4.143885234952904e-11,
    5.6843418860808015e-12,
    6.963318810448982e-11,
    8.645884008728899e-11,
    0.0,
    5.115907697472721e-13,
    2.2737367544323206e-13,
    2.2737367544323206e-13,
    5.115907697472721e-13,
    2.7853275241795927e-12,
    6.571099220309407e-11,
    1.978719410544727e-10,
    6.963318810448982e-11,
    2.7853275241795927e-12,
    1.2789769243681803e-11,
    1.8468426787876524e-10,
    2.7853275241795927e-12,
    2.2737367544323206e-11,
    1.8468426787876524e-10,
    5.6843418860808015e-12,
    6.963318810448982e-11,
    1.6427748050773516e-11,
    9.606537787476555e-12,
    1.4210854715202004e-10,
    8.185452315956354e-12,
    5.6843418860808015e-12
  ],
  "lambda_l0_effective": [
    0.01,
    0.01,
    0.01,
    0.01,
    0.01,
    0.01,
    0.01,
    0.01,
    0.01,
    0.01,
    0.01,
    0.01,
    0.01,
    0.01,
    0.01,
    0.01,
    0.01,
    0.01,
    0.01,
    0.01,
    0.01,
    0.01,
    0.01,
    0.01,
    0.01,
    0.01,
    0.01,
    0.01,
    0.01,
    0.01,
    0.01,
    0.01,
    0.01,
    0.01,
    0.01,
    0.01,
    0.01,
    0.01,
    0.01,
    0.01
  ],
  "recon_loss": []
}