{
  "epoch": [
    1,
    2,
    3,
    4,
    5,
    6,
    7,
    8,
    9,
    10,
    11,
    12,
    13,
    14,
    15,
    16,
    17,
    18,
    19,
    20,
    21,
    22,
    23,
    24,
    25,
    26,
    27,
    28,
    29,
    30,
    31,
    32,
    33,
    34,
    35,
    36,
    37,
    38,
    39,
    40,
    41,
    42,
    43,
    44,
    45,
    46,
    47,
    48,
    49,
    50,
    51,
    52,
    53,
    54,
    55,
    56,
    57,
    58,
    59,
    60,
    61,
    62,
    63,
    64,
    65,
    66,
    67,
    68,
    69,
    70,
    71,
    72,
    73,
    74,
    75,
    76
  ],
  "train_loss": [
    1.1696542521420212,
    0.15442808129891908,
    0.05115605791857869,
    0.024758044755105506,
    0.014528757664519026,
    0.00968894287319758,
    0.006921809908367463,
    0.004958441195356631,
    0.004166128295089704,
    0.003373818294404401,
    0.003331774243240043,
    0.0029755544212056303,
    0.0017193874641868872,
    0.0017223841472908126,
    0.0015189855672435874,
    0.0011723767299944361,
    0.0010299487488005868,
    0.0013223507014924142,
    0.001565387875913431,
    0.0010690565662669768,
    0.0015040544390806823,
    0.001695330960576461,
    0.0007669734599047158,
    0.000828259442941905,
    0.0006895666578127499,
    0.0008986740377275561,
    0.0016226328076187463,
    0.0010166658146997564,
    0.0013977348546889976,
    0.0005504509818379541,
    0.0004981801725192519,
    0.0005545431238190468,
    0.0008123472650846245,
    0.000477381514335236,
    0.0003969650366231043,
    0.00039541365680934086,
    0.00028350073513400874,
    0.00013426319148174558,
    0.0002450414926663387,
    0.0007320334148108983,
    0.0003374322445544993,
    0.00032227186498464116,
    0.0008750958775860839,
    0.0009630490416590695,
    0.0009992143797304736,
    0.000829908437753119,
    0.00038559198080677273,
    0.00021712293360418624,
    0.00013639437284584027,
    0.000444586809722169,
    0.0004797014078426447,
    0.0004971365271145615,
    0.0002885341762933975,
    0.0003966681158615138,
    0.0005129887680802134,
    0.00010915135181235622,
    0.0001316085457726809,
    9.34965536656556e-05,
    5.9341342934597366e-05,
    4.442780891622533e-05,
    3.771813877373808e-05,
    0.0002819773166683047,
    0.0003838087170208251,
    0.0001977058683204979,
    0.0003473861849492208,
    0.00024421676786361564,
    9.234857981899734e-05,
    0.00045064844301957713,
    0.00033344490907204335,
    0.00015740569328626566,
    0.00018042513480845488,
    0.00010684736531102411,
    5.03714409393238e-05,
    5.0842398490878863e-05,
    8.757741184079762e-05,
    3.3477715284611006e-05
  ],
  "val_loss": [
    0.17317217129927415,
    0.04552410958478084,
    0.025052877608686686,
    0.022991919693035576,
    0.01968203687395614,
    0.01979879902389187,
    0.020166950734654583,
    0.01810871797407834,
    0.01903686766924623,
    0.01774403280265128,
    0.01835617474884762,
    0.019009520234249067,
    0.01950253375085035,
    0.01879142598996763,
    0.01818498494517721,
    0.019616268431911103,
    0.01717170111106288,
    0.018982561651892656,
    0.016345058036397228,
    0.01988915434496728,
    0.022127035391839363,
    0.02076326801467915,
    0.0177203499483417,
    0.017803913521674986,
    0.019530215500568514,
    0.0187882649781666,
    0.020707698283681217,
    0.023956685776843536,
    0.021516292979588167,
    0.02137034653759866,
    0.021221647948410603,
    0.022745109788397364,
    0.024135283992249103,
    0.02318653312333761,
    0.025135524424898064,
    0.024613669233531255,
    0.02561946390170096,
    0.02936768832130208,
    0.02814681823047767,
    0.03143808636045483,
    0.02925719955587388,
    0.02466126616204397,
    0.0320014609887249,
    0.023246963051248643,
    0.026502416918027356,
    0.02246244560132464,
    0.02534262275536583,
    0.028881234126082782,
    0.026243441723785017,
    0.025464368654341412,
    0.030041177724403775,
    0.02388962761156458,
    0.02797612664011677,
    0.03419970570465781,
    0.02676024604928146,
    0.027628127803316496,
    0.024531837236447876,
    0.028929230615591887,
    0.02806494527482073,
    0.026853651459803656,
    0.028519011297771176,
    0.028741889020846675,
    0.02831801069382541,
    0.02610730641191157,
    0.032401869709570534,
    0.030931285391314026,
    0.02885381878623478,
    0.023954913962895192,
    0.02446432666943985,
    0.026716401483812345,
    0.02949210834904866,
    0.028382959876950054,
    0.02808139329143973,
    0.02696962708880335,
    0.02728747093317561,
    0.02661416102169767
  ],
  "train_transduce": [
    1.1696542521420212,
    0.15442808129891908,
    0.05115605791857869,
    0.024758044755105506,
    0.014528757664519026,
    0.00968894287319758,
    0.006921809908367463,
    0.004958441195356631,
    0.004166128295089704,
    0.003373818294404401,
    0.003331774243240043,
    0.0029755544212056303,
    0.0017193874641868872,
    0.0017223841472908126,
    0.0015189855672435874,
    0.0011723767299944361,
    0.0010299487488005868,
    0.0013223507014924142,
    0.001565387875913431,
    0.0010690565662669768,
    0.0015040544390806823,
    0.001695330960576461,
    0.0007669734599047158,
    0.000828259442941905,
    0.0006895666578127499,
    0.0008986740377275561,
    0.0016226328076187463,
    0.0010166658146997564,
    0.0013977348546889976,
    0.0005504509818379541,
    0.0004981801725192519,
    0.0005545431238190468,
    0.0008123472650846245,
    0.000477381514335236,
    0.0003969650366231043,
    0.00039541365680934086,
    0.00028350073513400874,
    0.00013426319148174558,
    0.0002450414926663387,
    0.0007320334148108983,
    0.0003374322445544993,
    0.00032227186498464116,
    0.0008750958775860839,
    0.0009630490416590695,
    0.0009992143797304736,
    0.000829908437753119,
    0.00038559198080677273,
    0.00021712293360418624,
    0.00013639437284584027,
    0.000444586809722169,
    0.0004797014078426447,
    0.0004971365271145615,
    0.0002885341762933975,
    0.0003966681158615138,
    0.0005129887680802134,
    0.00010915135181235622,
    0.0001316085457726809,
    9.34965536656556e-05,
    5.9341342934597366e-05,
    4.442780891622533e-05,
    3.771813877373808e-05,
    0.0002819773166683047,
    0.0003838087170208251,
    0.0001977058683204979,
    0.0003473861849492208,
    0.00024421676786361564,
    9.234857981899734e-05,
    0.00045064844301957713,
    0.00033344490907204335,
    0.00015740569328626566,
    0.00018042513480845488,
    0.00010684736531102411,
    5.03714409393238e-05,
    5.0842398490878863e-05,
    8.757741184079762e-05,
    3.3477715284611006e-05
  ],