{
  "epoch": [
    1,
    2,
    3,
    4,
    5,
    6,
    7,
    8,
    9,
    10,
    11,
    12,
    13,
    14,
    15,
    16,
    17,
    18,
    19,
    20,
    21,
    22,
    23,
    24,
    25,
    26,
    27,
    28,
    29,
    30,
    31,
    32,
    33,
    34,
    35,
    36,
    37,
    38,
    39,
    40,
    41,
    42,
    43,
    44,
    45,
    46,
    47,
    48,
    49,
    50,
    51,
    52,
    53,
    54,
    55,
    56,
    57,
    58,
    59,
    60,
    61,
    62,
    63,
    64,
    65,
    66,
    67,
    68,
    69,
    70,
    71,
    72,
    73,
    74,
    75,
    76,
    77,
    78,
    79,
    80,
    81,
    82,
    83,
    84,
    85,
    86,
    87,
    88,
    89,
    90,
    91,
    92,
    93,
    94,
    95,
    96,
    97,
    98
  ],
  "train_loss": [
    0.9587316943198135,
    0.4906010060887976,
    0.3405782306163581,
    0.25486606382524846,
    0.2033746892720768,
    0.1665075626032254,
    0.13882283766552345,
    0.12750571151984105,
    0.10852185905594186,
    0.09795305265363344,
    0.0843509712362105,
    0.08007774974421128,
    0.07157140934705428,
    0.06571470648434359,
    0.061981906183063984,
    0.05894648494947817,
    0.05319293440540427,
    0.05047474425170839,
    0.04901361721807841,
    0.04516258816109951,
    0.042013533797460735,
    0.04243663822771194,
    0.03951085166832835,
    0.03586781274565717,
    0.0367122694523525,
    0.034607988086135424,
    0.034396964701411036,
    0.03235916785665394,
    0.03146670669912524,
    0.030709602346778223,
    0.028646219324935034,
    0.030210452771159944,
    0.02792731567391569,
    0.027203270306177054,
    0.02890030945142366,
    0.027887693603916727,
    0.0264154285787768,
    0.025651287006636717,
    0.02398168328986263,
    0.024073996189885687,
    0.02576178687110966,
    0.025672122483266537,
    0.02078555094212601,
    0.022827575921762697,
    0.022092490584215092,
    0.021601477065411656,
    0.02227033139806548,
    0.02232045971682852,
    0.020794899390107886,
    0.020402762331980635,
    0.021598510777208108,
    0.019750534256766598,
    0.02148204747006566,
    0.02052404445274397,
    0.018201366398176273,
    0.01882116459358061,
    0.018904405698833084,
    0.017327026935107046,
    0.017262956153927853,
    0.016932580838479178,
    0.018860708853738747,
    0.01689437846833187,
    0.015464712411990947,
    0.015338106907198456,
    0.01756565499457905,
    0.015016177690770361,
    0.016703938921918304,
    0.014474232509473012,
    0.01437070119085472,
    0.01627720391183381,
    0.016696235350424367,
    0.016177943862072126,
    0.014239508294399598,
    0.01657500716415954,
    0.015052083040798832,
    0.012811656578950411,
    0.01580672090142226,
    0.01421259371827827,
    0.013808231200715624,
    0.013940270572478316,
    0.013943724970623716,
    0.015034365198891802,
    0.012381671607427145,
    0.01254426984844931,
    0.011735527887196309,
    0.011934174883921064,
    0.010587230250635425,
    0.01257606155356661,
    0.011583215127982315,
    0.011797853655808307,
    0.011237628107017972,
    0.009689443295109854,
    0.011162757526089428,
    0.010896775986130359,
    0.011819427110916051,
    0.011055070548030288,
    0.01152193224382798,
    0.01021709846459886
  ],
  "val_loss": [
    0.3360433463866894,
    0.22962643549992487,
    0.2071251135606032,
    0.18290989100933075,
    0.16819311334536627,
    0.15831439884809348,
    0.14439331740140915,
    0.14201871420328432,
    0.1293188717502814,
    0.12905395890657717,
    0.11593127336639625,
    0.11721933289216115,
    0.1256450620981363,
    0.12648964071503052,
    0.10826810449361801,
    0.11346939005530797,
    0.09537416094770798,
    0.10029080854012416,
    0.11212821419422443,
    0.11256718119749656,
    0.10721065619817147,
    0.1004162929379023,
    0.10308794505321063,
    0.10246177304249543,
    0.10484362923755096,
    0.10172230549729787,
    0.10509309717095815,
    0.09400528726669458,
    0.09038245749588196,
    0.09721056615503934,
    0.0952324870114143,
    0.09940909579969369,
    0.10365289621628247,
    0.10093727557418439,
    0.10292575307763539,
    0.09653489248683819,
    0.0969397726540382,
    0.09781313171753517,
    0.09798934009785835,
    0.10503010566417988,
    0.08836975349829747,
    0.09519908261986879,
    0.10185481178072783,
    0.10354000931748977,
    0.09554159626937829,
    0.09588296482196221,
    0.09175390048095813,
    0.09379770714216508,
    0.09074652101844549,
    0.09535911750908081,
    0.10252658378046292,
    0.09217719103281315,
    0.08512082445220305,
    0.08290183157301866,
    0.08760982830650531,
    0.10223544503633793,
    0.10106504092422816,
    0.0877797850765861,
    0.09340894673592769,
    0.09202536632521795,
    0.08907748586856402,
    0.09096932439849927,
    0.08907673744341502,
    0.09461138268502858,
    0.09671814711048053,
    0.09402482920827773,
    0.09282831009477377,
    0.09012950054154946,
    0.0895196097688033,
    0.10053150871625313,
    0.08532612563039248,
    0.08861777788171402,
    0.07847822618742402,
    0.08408831604398213,
    0.08659346566463892,
    0.09660229817605935,
    0.09494090882631448,
    0.09327859796870214,
    0.09316307578522426,
    0.09226109696408877,
    0.09295814351823467,
    0.0976128324579734,
    0.09470503669805251,
    0.09567765726779516,
    0.09557071761586346,
    0.0891534615522967,
    0.08655898351795398,
    0.09332389635248826,
    0.09722711790639621,
    0.09278778577796541,
    0.09156697207631972,
    0.09276960550162655,
    0.09243159082073432,
    0.09405925655021118,
    0.09797267243266106,
    0.09284539420444232,
    0.08618232049047947,
    0.09016581868322995
  ],