{
  "epoch": [
    1,
    2,
    3,
    4,
    5,
    6,
    7,
    8,
    9,
    10,
    11,
    12,
    13,
    14,
    15,
    16,
    17,
    18,
    19,
    20,
    21,
    22,
    23,
    24,
    25,
    26,
    27,
    28,
    29,
    30,
    31,
    32,
    33,
    34,
    35,
    36,
    37,
    38,
    39,
    40,
    41,
    42,
    43,
    44,
    45,
    46,
    47,
    48,
    49,
    50,
    51,
    52,
    53,
    54,
    55,
    56,
    57,
    58,
    59,
    60,
    61,
    62,
    63,
    64,
    65,
    66,
    67,
    68,
    69,
    70,
    71,
    72,
    73,
    74,
    75,
    76,
    77,
    78,
    79,
    80,
    81,
    82,
    83,
    84,
    85,
    86,
    87,
    88,
    89,
    90,
    91,
    92,
    93,
    94,
    95,
    96,
    97,
    98,
    99,
    100,
    101,
    102,
    103,
    104,
    105,
    106,
    107,
    108,
    109
  ],
  "train_loss": [
    0.9252000303612542,
    0.4376917664230484,
    0.2773370116795461,
    0.19688027736145197,
    0.15882073388886206,
    0.12952801946204962,
    0.11142027554745526,
    0.09472476116852048,
    0.0839017839122986,
    0.07467013317131505,
    0.06739159998935215,
    0.06266173294063695,
    0.05689151207772419,
    0.05268875315554978,
    0.04823423051227307,
    0.04656486181043012,
    0.04329590534925768,
    0.03899297155151816,
    0.03586779067715265,
    0.0355324554881177,
    0.03286545032865761,
    0.030132016066231372,
    0.030537616639138804,
    0.02972126458819533,
    0.025412740245864717,
    0.023965400358009124,
    0.024859429601119042,
    0.023077504774171514,
    0.021984094989092387,
    0.02153076162590578,
    0.02092875907504835,
    0.02072214577635078,
    0.020546758236584358,
    0.021545916043231552,
    0.01703392285925634,
    0.01693366982820492,
    0.018674600990633144,
    0.017488353811300445,
    0.015465397656578379,
    0.015751038520769745,
    0.0148212106510776,
    0.015844001481549564,
    0.016042061144673294,
    0.013905910601642597,
    0.014295509733744542,
    0.015794639158801933,
    0.014645516802796844,
    0.011873261640616452,
    0.012923005891222143,
    0.015026127069242797,
    0.014507158858624776,
    0.012771481804708116,
    0.011858829468447888,
    0.014246867102818065,
    0.011059583709323202,
    0.010800713245077635,
    0.009708857291603711,
    0.012165178083058581,
    0.010673794878908367,
    0.01042550153695479,
    0.011890394970193775,
    0.011158007037761073,
    0.010877096382529023,
    0.011118030045349534,
    0.008671515206890372,
    0.010146609101997755,
    0.00901370826291314,
    0.009956032220459035,
    0.010042506990655441,
    0.008994177072344962,
    0.010659173178695353,
    0.011086963427813542,
    0.008261117598578362,
    0.008453656812186459,
    0.00818643869967776,
    0.007823605095480387,
    0.00812859882702019,
    0.00881745384708431,
    0.007839341958913924,
    0.008037104646251634,
    0.007919324557452952,
    0.007206812777740103,
    0.007415975172933163,
    0.008352379735856865,
    0.006781897965018139,
    0.006612091208358065,
    0.006717414468119987,
    0.007531788608493744,
    0.007950404770228263,
    0.00773100987149969,
    0.008275822318517891,
    0.005609298787696632,
    0.00619346512851819,
    0.005647345057273999,
    0.006322579631403679,
    0.005745727044170766,
    0.006031620925962661,
    0.006181905048130651,
    0.006260921062104111,
    0.005144313270779394,
    0.007368548385128043,
    0.0069478098126056305,
    0.005501235507161011,
    0.005377347151056945,
    0.005536594140759223,
    0.005309334776835929,
    0.0050158765987305875,
    0.004435188640986171,
    0.004960246123484523
  ],
  "val_loss": [
    0.36786669263472926,
    0.28382502840115476,
    0.23435116387330568,
    0.22890243621972892,
    0.21108834330852216,
    0.18643059524206015,
    0.18181094183371618,
    0.1903192658837025,
    0.15367904420082384,
    0.16296438242380434,
    0.17293631228116843,
    0.1492881694665322,
    0.14913612948014185,
    0.15349370069228685,
    0.15961693685788375,
    0.13535064430190966,
    0.12905168476013038,
    0.1427577200990457,
    0.13668715896514746,
    0.12791430205106735,
    0.1284937930221741,
    0.12173348751205665,
    0.12603418443065423,
    0.1238566694351343,
    0.12140347006229255,
    0.12103053067739193,
    0.11673246696591377,
    0.1114827855848349,
    0.11871459077184017,
    0.11456119870910278,
    0.11002485769299361,
    0.11713705011285268,
    0.12152916909410404,
    0.11944108327420858,
    0.11391202732920647,
    0.1269819217805679,
    0.11486872973350379,
    0.11533367390242907,
    0.11010014666960789,
    0.10354560255431212,
    0.10155647262357749,
    0.10789083331250228,
    0.12240160987354241,
    0.10750501774824582,
    0.10043714009225368,
    0.11184910426919277,
    0.11829845979809761,
    0.11742160569589871,
    0.11909611293902764,
    0.10705631656142381,
    0.10437508672475815,
    0.10079058051968996,
    0.09727479574772027,
    0.10559706905713448,
    0.1010237610540711,
    0.10308434147960864,
    0.09233446490879242,
    0.10130880300242168,
    0.1017960817194902,
    0.10013974665735777,
    0.09896357185565509,
    0.09304819707400523,
    0.09636810507911903,
    0.09283889514895585,
    0.10377499604454407,
    0.09222936168169746,
    0.09695155947254254,
    0.09543383716104123,
    0.1032544133754877,
    0.09617762876531252,
    0.09406165019250833,
    0.09463746294092673,
    0.0934867888975602,
    0.08830451048337497,
    0.09481544491763298,
    0.09571026724118453,
    0.10761061267784008,
    0.10284804409513107,
    0.09042382799088955,
    0.09895038210715239,
    0.09867522263756165,
    0.1006441150362102,
    0.0898109470995573,
    0.08692772084703812,
    0.09105588467075275,
    0.09956539963157131,
    0.09786476502911402,
    0.10071635767459296,
    0.09734870711914621,
    0.10557003806416805,
    0.10095415027955404,
    0.1000222792275823,
    0.09977308195084333,
    0.09709073366740575,
    0.09556238693543352,
    0.10364696240195861,
    0.09588989400519775,
    0.09726637788116932,
    0.09386804613929528,
    0.09836985650830544,
    0.10643088194326712,
    0.10630706368157497,
    0.10266313780672275,
    0.10170115021845469,
    0.10225501728172486,
    0.10008354030119684,
    0.09745067945466591,
    0.10102793660301429,
    0.09774945697818811
  ],