{
  "epoch": [
    1,
    2,
    3,
    4,
    5,
    6,
    7,
    8,
    9,
    10,
    11,
    12,
    13,
    14,
    15,
    16,
    17,
    18,
    19,
    20,
    21,
    22,
    23,
    24,
    25,
    26,
    27,
    28,
    29,
    30,
    31,
    32,
    33,
    34,
    35,
    36,
    37,
    38,
    39,
    40,
    41,
    42,
    43,
    44,
    45,
    46,
    47,
    48,
    49,
    50,
    51,
    52,
    53,
    54,
    55
  ],
  "train_loss": [
    2.4669429665744893,
    1.5329275874808284,
    1.1429561057893356,
    0.9528836808582344,
    0.8323901384183676,
    0.7470148229362941,
    0.6959713461375473,
    0.6385116963693411,
    0.6002492166981839,
    0.5774215740142482,
    0.5471742554466323,
    0.5177868055825187,
    0.5098843589277551,
    0.4916909517037987,
    0.47088160697776493,
    0.45820730718055575,
    0.4462064109226265,
    0.4337498675478567,
    0.41962329792504266,
    0.41351180531010767,
    0.4010560639423899,
    0.3967911196817266,
    0.3848290344571123,
    0.377911372940139,
    0.37700271340880065,
    0.36689034517448726,
    0.36105465062774056,
    0.3551501673046905,
    0.35077083199331077,
    0.3494942350552814,
    0.33589844287622095,
    0.33557764698963355,
    0.3345023030691808,
    0.32732584895473893,
    0.3228592186576069,
    0.31233671499360904,
    0.31247996708544173,
    0.30516127755146216,
    0.31192678021322384,
    0.30861842174931325,
    0.298032399156306,
    0.2955970809896394,
    0.2940393585969906,
    0.28725163845142515,
    0.28844891577073845,
    0.28599686212468856,
    0.293430298419282,
    0.28660848367922376,
    0.277933007124627,
    0.2779587625276924,
    0.2766947833323243,
    0.27494624212826835,
    0.2651278910660508,
    0.2721742499287766,
    0.26175878853491036
  ],
  "val_loss": [
    1.6262413996916552,
    1.071397914336278,
    0.8036488798948435,
    0.7203271389007568,
    0.6503403232647822,
    0.5987839011045603,
    0.5572588673004737,
    0.5395358411165384,
    0.5235479428217962,
    0.5076291996699113,
    0.5110953106329992,
    0.4791505841108469,
    0.511922721679394,
    0.4712851941585541,
    0.5008470049271216,
    0.46629882088074315,
    0.4679177220051105,
    0.46414438577798695,
    0.46647056478720444,
    0.485507281926962,
    0.4751779551689441,
    0.46415980045612043,
    0.4608086095406459,
    0.4647226631641388,
    0.447508298433744,
    0.48549533119568455,
    0.48608065568483794,
    0.45906797968424284,
    0.45677924385437596,
    0.4655796197744516,
    0.4741295805344215,
    0.4848228761783013,
    0.48351333003777724,
    0.4758389087823721,
    0.455865529867319,
    0.4641575538195096,
    0.48301387979434085,
    0.4617281349805685,
    0.4707695864714109,
    0.4776670222099011,
    0.4807028930920821,
    0.47616769717289853,
    0.470427563557258,
    0.49610990515122044,
    0.4706575870513916,
    0.4886575478773851,
    0.45510270733099717,
    0.48713785868424636,
    0.47578728657502395,
    0.47638137753193194,
    0.49252857382480913,
    0.4926883371976706,
    0.49891602993011475,
    0.4970612090367537,
    0.4699230927687425
  ],
  "train_transduce": [
    2.4669429665744893,
    1.5329275874808284,
    1.1429561057893356,
    0.9528836808582344,
    0.8323901384183676,
    0.7470148229362941,
    0.6959713461375473,
    0.6385116963693411,
    0.6002492166981839,
    0.5774215740142482,
    0.5471742554466323,
    0.5177868055825187,
    0.5098843589277551,
    0.4916909517037987,
    0.47088160697776493,
    0.45820730718055575,
    0.4462064109226265,
    0.4337498675478567,
    0.41962329792504266,
    0.41351180531010767,
    0.4010560639423899,
    0.3967911196817266,
    0.3848290344571123,
    0.377911372940139,
    0.37700271340880065,
    0.36689034517448726,
    0.36105465062774056,
    0.3551501673046905,
    0.35077083199331077,
    0.3494942350552814,
    0.33589844287622095,
    0.33557764698963355,
    0.3345023030691808,
    0.32732584895473893,
    0.3228592186576069,
    0.31233671499360904,
    0.31247996708544173,
    0.30516127755146216,
    0.31192678021322384,
    0.30861842174931325,
    0.298032399156306,
    0.2955970809896394,
    0.2940393585969906,
    0.28725163845142515,
    0.28844891577073845,
    0.28599686212468856,
    0.293430298419282,
    0.28660848367922376,
    0.277933007124627,
    0.2779587625276924,
    0.2766947833323243,
    0.27494624212826835,
    0.2651278910660508,
    0.2721742499287766,
    0.26175878853491036
  ],
  "val_transduce": [
    1.6262413996916552,
    1.071397914336278,
    0.8036488798948435,
    0.7203271389007568,
    0.6503403232647822,
    0.5987839011045603,
    0.5572588673004737,
    0.5395358411165384,
    0.5235479428217962,
    0.5076291996699113,
    0.5110953106329992,
    0.4791505841108469,
    0.511922721679394,
    0.4712851941585541,
    0.5008470049271216,
    0.46629882088074315,
    0.4679177220051105,
    0.46414438577798695,
    0.46647056478720444,
    0.485507281926962,
    0.4751779551689441,
    0.46415980045612043,
    0.4608086095406459,
    0.4647226631641388,
    0.447508298433744,
    0.48549533119568455,
    0.48608065568483794,
    0.45906797968424284,
    0.45677924385437596,
    0.4655796197744516,
    0.4741295805344215,
    0.4848228761783013,
    0.48351333003777724,
    0.4758389087823721,
    0.455865529867319,
    0.4641575538195096,
    0.48301387979434085,
    0.4617281349805685,
    0.4707695864714109,
    0.4776670222099011,
    0.4807028930920821,
    0.47616769717289853,
    0.470427563557258,
    0.49610990515122044,
    0.4706575870513916,
    0.4886575478773851,
    0.45510270733099717,
    0.48713785868424636,
    0.47578728657502395,
    0.47638137753193194,
    0.49252857382480913,
    0.4926883371976706,
    0.49891602993011475,
    0.4970612090367537,
    0.4699230927687425
  ],
  "l0": [
    0.0,
    0.0,
    0.0,
    0.0,
    0.0,
    0.0,
    0.0,
    0.0,
    0.0,
    0.0,
    0.0,
    0.0,
    0.0,
    0.0,
    0.0,
    0.0,
    0.0,
    0.0,
    0.0,
    0.0,
    0.0,
    0.0,
    0.0,
    0.0,
    0.0,
    0.0,
    0.0,
    0.0,
    0.0,
    0.0,
    0.0,
    0.0,
    0.0,
    0.0,
    0.0,
    0.0,
    0.0,
    0.0,
    0.0,
    0.0,
    0.0,
    0.0,
    0.0,
    0.0,
    0.0,
    0.0,
    0.0,
    0.0,
    0.0,
    0.0,
    0.0,
    0.0,
    0.0,
    0.0,
    0.0
  ],
  "lambda_l0_effective": [
    0.01,
    0.01,
    0.01,
    0.01,
    0.01,
    0.01,
    0.01,
    0.01,
    0.01,
    0.01,
    0.01,
    0.01,
    0.01,
    0.01,
    0.01,
    0.01,
    0.01,
    0.01,
    0.01,
    0.01,
    0.01,
    0.01,
    0.01,
    0.01,
    0.01,
    0.01,
    0.01,
    0.01,
    0.01,
    0.01,
    0.01,
    0.01,
    0.01,
    0.01,
    0.01,
    0.01,
    0.01,
    0.01,
    0.01,
    0.01,
    0.01,
    0.01,
    0.01,
    0.01,
    0.01,
    0.01,
    0.01,
    0.01,
    0.01,
    0.01,
    0.01,
    0.01,
    0.01,
    0.01,
    0.01
  ],
  "recon_loss": []
}