{
  "epoch": [
    1,
    2,
    3,
    4,
    5,
    6,
    7,
    8,
    9,
    10,
    11,
    12,
    13,
    14,
    15,
    16,
    17,
    18,
    19,
    20,
    21,
    22,
    23,
    24,
    25,
    26,
    27,
    28,
    29,
    30,
    31,
    32,
    33,
    34,
    35,
    36,
    37,
    38,
    39,
    40,
    41,
    42,
    43,
    44,
    45,
    46,
    47,
    48,
    49,
    50,
    51,
    52,
    53,
    54,
    55,
    56,
    57,
    58
  ],
  "train_loss": [
    2.440594849512749,
    1.1366271585533299,
    0.6084805087944896,
    0.3816660881503341,
    0.26454386583615824,
    0.1936975800115423,
    0.1542530652404446,
    0.1269983619681953,
    0.10624069409425725,
    0.09275352677387982,
    0.08273304112678029,
    0.07799852185296952,
    0.06246614506103329,
    0.06126333870588965,
    0.0515869368808632,
    0.05117814186192358,
    0.04557566786396135,
    0.04183528265080501,
    0.04238563361721709,
    0.04101156357186126,
    0.03874200219576506,
    0.03570557080602907,
    0.032045676857809124,
    0.03216019251201417,
    0.028725361609927464,
    0.028359030615826397,
    0.025872159244002987,
    0.022641980664122888,
    0.02476722650114716,
    0.020181474497916234,
    0.02106379338578542,
    0.026413686583106666,
    0.019879891813166208,
    0.01847303832626719,
    0.022990167042547742,
    0.018627037078180572,
    0.020739965361648613,
    0.018356168896473523,
    0.015231237213905017,
    0.014861345152519452,
    0.015927718808279208,
    0.01563119001929005,
    0.017715412976949948,
    0.017393193109868307,
    0.01508970329653203,
    0.014655854518779736,
    0.012962982685607617,
    0.017826422172857775,
    0.01632973406651086,
    0.012901428432237433,
    0.012725178142121426,
    0.012887403481164659,
    0.01436306392418739,
    0.015172349266256638,
    0.010496208207206512,
    0.012314847626989783,
    0.013750641464529386,
    0.012343473256308796
  ],
  "val_loss": [
    1.3925087268535907,
    0.4869721967440385,
    0.23630341199728158,
    0.13504118816210672,
    0.09770620270417286,
    0.06759007275104523,
    0.049417040669001065,
    0.048580275275386296,
    0.05445366109219881,
    0.032955601130827114,
    0.0393338159013253,
    0.03294980379108053,
    0.03245405422953459,
    0.03747441963507579,
    0.034773479036700264,
    0.039617573734945975,
    0.04086605434377606,
    0.0370740163175819,
    0.03312233254277649,
    0.03158182568418292,
    0.036949488549278334,
    0.03374750463094992,
    0.03553818383863053,
    0.03307779131976601,
    0.03494929263027958,
    0.03578703323504529,
    0.04595693809768328,
    0.03222414253216881,
    0.032053347847137884,
    0.03151635115948291,
    0.04552745579544885,
    0.033887686095952704,
    0.031306576957621686,
    0.03514468984660478,
    0.03620557331193525,
    0.04184172713296273,
    0.04833163946078947,
    0.03649217156523194,
    0.0382817481787732,
    0.04358652710037019,
    0.04221430955042776,
    0.046634102175280884,
    0.04048460746148171,
    0.03428479253824872,
    0.04162104867506199,
    0.03635682054356529,
    0.04288830114483762,
    0.03937584298770302,
    0.04108553047094924,
    0.03673344491443668,
    0.038116229724927016,
    0.04859254461133297,
    0.049435816441053666,
    0.045793432205055766,
    0.04263320538582495,
    0.04436750396808538,
    0.055602539170649834,
    0.05219199589919299
  ],
  "train_transduce": [
    2.440594849512749,
    1.1366271585533299,
    0.6084805087944896,
    0.3816660881503341,
    0.26454386583615824,
    0.1936975800115423,
    0.1542530652404446,
    0.1269983619681953,
    0.10624069409425725,
    0.09275352677387982,
    0.08273304112678029,
    0.07799852185296952,
    0.06246614506103329,
    0.06126333870588965,
    0.0515869368808632,
    0.05117814186192358,
    0.04557566786396135,
    0.04183528265080501,
    0.04238563361721709,
    0.04101156357186126,
    0.03874200219576506,
    0.03570557080602907,
    0.032045676857809124,
    0.03216019251201417,
    0.028725361609927464,
    0.028359030615826397,
    0.025872159244002987,
    0.022641980664122888,
    0.02476722650114716,
    0.020181474497916234,
    0.02106379338578542,
    0.026413686583106666,
    0.019879891813166208,
    0.01847303832626719,
    0.022990167042547742,
    0.018627037078180572,
    0.020739965361648613,
    0.018356168896473523,
    0.015231237213905017,
    0.014861345152519452,
    0.015927718808279208,
    0.01563119001929005,
    0.017715412976949948,
    0.017393193109868307,
    0.01508970329653203,
    0.014655854518779736,
    0.012962982685607617,
    0.017826422172857775,
    0.01632973406651086,
    0.012901428432237433,
    0.012725178142121426,
    0.012887403481164659,
    0.01436306392418739,
    0.015172349266256638,
    0.010496208207206512,
    0.012314847626989783,
    0.013750641464529386,
    0.012343473256308796
  ],
  "val_transduce": [
    1.3925087268535907,
    0.4869721967440385,
    0.23630341199728158,
    0.13504118816210672,
    0.09770620270417286,
    0.06759007275104523,
    0.049417040669001065,
    0.048580275275386296,
    0.05445366109219881,
    0.032955601130827114,
    0.0393338159013253,
    0.03294980379108053,
    0.03245405422953459,
    0.03747441963507579,
    0.034773479036700264,
    0.039617573734945975,
    0.04086605434377606,
    0.0370740163175819,
    0.03312233254277649,
    0.03158182568418292,
    0.036949488549278334,
    0.03374750463094992,
    0.03553818383863053,
    0.03307779131976601,
    0.03494929263027958,
    0.03578703323504529,
    0.04595693809768328,
    0.03222414253216881,
    0.032053347847137884,
    0.03151635115948291,
    0.04552745579544885,
    0.033887686095952704,
    0.031306576957621686,
    0.03514468984660478,
    0.03620557331193525,
    0.04184172713296273,
    0.04833163946078947,
    0.03649217156523194,
    0.0382817481787732,
    0.04358652710037019,
    0.04221430955042776,
    0.046634102175280884,
    0.04048460746148171,
    0.03428479253824872,
    0.04162104867506199,
    0.03635682054356529,
    0.04288830114483762,
    0.03937584298770302,
    0.04108553047094924,
    0.03673344491443668,
    0.038116229724927016,
    0.04859254461133297,
    0.049435816441053666,
    0.045793432205055766,
    0.04263320538582495,
    0.04436750396808538,
    0.055602539170649834,
    0.05219199589919299
  ],
  "l0": [
    0.0,
    0.0,
    0.0,
    0.0,
    0.0,
    0.0,
    0.0,
    0.0,
    0.0,
    0.0,
    0.0,
    0.0,
    0.0,
    0.0,
    0.0,
    0.0,
    0.0,
    0.0,
    0.0,
    0.0,
    0.0,
    0.0,
    0.0,
    0.0,
    0.0,
    0.0,
    0.0,
    0.0,
    0.0,
    0.0,
    0.0,
    0.0,
    0.0,
    0.0,
    0.0,
    0.0,
    0.0,
    0.0,
    0.0,
    0.0,
    0.0,
    0.0,
    0.0,
    0.0,
    0.0,
    0.0,
    0.0,
    0.0,
    0.0,
    0.0,
    0.0,
    0.0,
    0.0,
    0.0,
    0.0,
    0.0,
    0.0,
    0.0
  ],
  "lambda_l0_effective": [
    0.01,
    0.01,
    0.01,
    0.01,
    0.01,
    0.01,
    0.01,
    0.01,
    0.01,
    0.01,
    0.01,
    0.01,
    0.01,
    0.01,
    0.01,
    0.01,
    0.01,
    0.01,
    0.01,
    0.01,
    0.01,
    0.01,
    0.01,
    0.01,
    0.01,
    0.01,
    0.01,
    0.01,
    0.01,
    0.01,
    0.01,
    0.01,
    0.01,
    0.01,
    0.01,
    0.01,
    0.01,
    0.01,
    0.01,
    0.01,
    0.01,
    0.01,
    0.01,
    0.01,
    0.01,
    0.01,
    0.01,
    0.01,
    0.01,
    0.01,
    0.01,
    0.01,
    0.01,
    0.01,
    0.01,
    0.01,
    0.01,
    0.01
  ],
  "recon_loss": [],
  "balance_loss": []
}