{
  "epoch": [
    1,
    2,
    3,
    4,
    5,
    6,
    7,
    8,
    9,
    10,
    11,
    12,
    13,
    14,
    15,
    16,
    17,
    18,
    19,
    20,
    21,
    22,
    23,
    24,
    25,
    26,
    27,
    28,
    29,
    30,
    31,
    32,
    33,
    34,
    35,
    36,
    37,
    38,
    39,
    40,
    41,
    42,
    43,
    44,
    45,
    46,
    47,
    48,
    49,
    50,
    51,
    52,
    53,
    54,
    55,
    56,
    57,
    58,
    59,
    60,
    61,
    62,
    63,
    64,
    65,
    66,
    67,
    68,
    69,
    70,
    71,
    72,
    73,
    74,
    75,
    76,
    77,
    78,
    79,
    80,
    81,
    82,
    83,
    84,
    85,
    86,
    87,
    88,
    89,
    90,
    91,
    92,
    93,
    94,
    95,
    96,
    97,
    98,
    99,
    100,
    101,
    102,
    103,
    104,
    105,
    106,
    107,
    108,
    109,
    110,
    111,
    112,
    113,
    114,
    115,
    116,
    117,
    118,
    119,
    120,
    121,
    122,
    123
  ],
  "train_loss": [
    1.3457708140411,
    0.6113304947272385,
    0.4470638346554029,
    0.38381521684108394,
    0.34176294387567163,
    0.31028747352043,
    0.28606455234607847,
    0.26791932618263925,
    0.2511553947288211,
    0.2397911519107252,
    0.22627358743459872,
    0.21995758036575694,
    0.20775472180973184,
    0.20095675010787378,
    0.19385337593531846,
    0.18738396325618914,
    0.1798798319431815,
    0.1749173430080461,
    0.16655501236419867,
    0.16261211590896738,
    0.15841448705385228,
    0.15473087301643768,
    0.1503421213514734,
    0.14413630209936953,
    0.13966657590157916,
    0.1373058851476353,
    0.13471580540189648,
    0.12876638120943956,
    0.12777633972392224,
    0.12418026123011466,
    0.12293335961380808,
    0.12150175342022783,
    0.11457106246068927,
    0.11060206916662726,
    0.11105002049762423,
    0.10812344900009656,
    0.10802578977724113,
    0.10523624769826927,
    0.10265465239339536,
    0.10011201768670933,
    0.09961542852296687,
    0.09833455056247145,
    0.0947452173891044,
    0.09267036742208028,
    0.09217011766268475,
    0.091339376303229,
    0.08806319062662597,
    0.08738592222775562,
    0.08649349581487108,
    0.08425819215429302,
    0.08659587588419418,
    0.0831012955248946,
    0.08202779982792269,
    0.08260955377527983,
    0.08108345087211911,
    0.07806055410073535,
    0.07605975759353968,
    0.07701351231720188,
    0.07462558150291443,
    0.07604572826092786,
    0.0728674421437306,
    0.0723303765943735,
    0.07427007441252174,
    0.07005060161694442,
    0.07006481645794788,
    0.0681096353190075,
    0.07084200470385575,
    0.07012796687829022,
    0.06656636439706429,
    0.06572917435723956,
    0.06584575573111524,
    0.06522071926790003,
    0.06397341964489753,
    0.0642659501679758,
    0.06352405168927543,
    0.06263212739757382,
    0.06270428949801049,
    0.06155832924206953,
    0.06106812792765622,
    0.058825763827650854,
    0.05987622447791371,
    0.05898183635850944,
    0.058290869744476115,
    0.05820972548963705,
    0.05885214569729449,
    0.05823400253337799,
    0.05715775935182182,
    0.05633034014908394,
    0.05689304112687264,
    0.05582022042668397,
    0.05517159665169397,
    0.05654751987998734,
    0.054724890084033556,
    0.05422584675621278,
    0.05329716314404908,
    0.05174900112802734,
    0.05172860934076333,
    0.05136075245198047,
    0.050296043884931224,
    0.05290080865125845,
    0.05064754060810745,
    0.04923377803867996,
    0.0491101388994715,
    0.050831060413971986,
    0.052137972694812434,
    0.0485779762009878,
    0.05031792082740824,
    0.04917090778967532,
    0.046974002807816065,
    0.048174397660290254,
    0.04814087663140922,
    0.046282269392568284,
    0.0457038923009935,
    0.04653664304884059,
    0.046410428267894405,
    0.04541182846273526,
    0.04556174154882089,
    0.04584988983956599,
    0.04546347934531399,
    0.044494975902287674,
    0.04241876987887934,
    0.04349979886434751,
    0.045121672517149755
  ],
  "val_loss": [
    0.583385705947876,
    0.3600105459873493,
    0.29646769853738636,
    0.2697053196338507,
    0.24521456200342912,
    0.2390717462851451,
    0.21761454068697417,
    0.21183890333542457,
    0.19621712657121512,
    0.1944324500285662,
    0.188517044369991,
    0.17678261089783448,
    0.16950511932373047,
    0.16821103944228247,
    0.1578002033325342,
    0.15014858142687723,
    0.15193872726880586,
    0.14541003279961073,
    0.14178934120214903,
    0.13683391763613775,
    0.14354071766138077,
    0.1294454992390596,
    0.130362273981938,
    0.12201906883945832,
    0.12132438759391125,
    0.12080381638728656,
    0.11607431706327659,
    0.1144707936507005,
    0.11188880354166031,
    0.11760406425366035,
    0.11583810643507884,
    0.10683856245416862,
    0.10753677154962833,
    0.10248998180031776,
    0.09897363013946094,
    0.09860840067267418,
    0.10624103162151116,
    0.09488936284413704,
    0.09388832088846427,
    0.09755965465536484,
    0.09435779887896317,
    0.09654805408074306,
    0.09007890407855694,
    0.09273229940579487,
    0.09026782372250007,
    0.08717069688897866,
    0.08958781453279349,
    0.0866909594489978,
    0.08676289079281,
    0.0871544938821059,
    0.08855651978116769,
    0.08164503683264439,
    0.10182945158046025,
    0.09435857287966289,
    0.07891874832029526,
    0.07896875919630894,
    0.08356310570469269,
    0.07654684036970139,
    0.08329518067722137,
    0.0804152270922294,
    0.08383345919159743,
    0.07946885047623745,
    0.08468333617425881,
    0.0738226706878497,
    0.08465330603604133,
    0.07432501247295967,
    0.07834438900821485,
    0.0822113173512312,
    0.08035360763852413,
    0.08442701943791829,
    0.10029270041447419,
    0.0878986087269508,
    0.07913026084693578,
    0.08206823382240075,
    0.07062021972468266,
    0.07449448495530166,
    0.0797391114040063,
    0.07199340263524881,
    0.0790263474560701,
    0.07302725873887539,
    0.08692656342799847,
    0.07188410354921451,
    0.08046805930252258,
    0.07234768684093769,
    0.07130269247751969,
    0.0675449025315734,
    0.08074537936884624,
    0.08012399399796358,
    0.07322130137338088,
    0.0722076202241274,
    0.07245657070038411,
    0.06817986687215474,
    0.06511411328728382,
    0.06966586167422625,
    0.0680806407561669,
    0.06609116852856599,
    0.06499780535411376,
    0.06313773567000261,
    0.07526351425510186,
    0.06747992014369139,
    0.06514963758392976,
    0.06566685072791117,
    0.07247963433082287,
    0.07146821314325699,
    0.06492021987931086,
    0.06670497902310811,
    0.07162326574325562,
    0.08197431481228425,
    0.06724636844144417,
    0.07382825188911878,
    0.06886946538893077,
    0.06495973295890368,
    0.06601726922851342,
    0.06512356549501419,
    0.0670987913528314,
    0.0665366453333543,
    0.07311354104716045,
    0.0706716046596949,
    0.06403900682926178,
    0.06820096204487178,
    0.06815366776516804,
    0.06970687826665548,
    0.06440165696235803
  ],