{
  "epoch": [
    1,
    2,
    3,
    4,
    5,
    6,
    7,
    8,
    9,
    10,
    11,
    12,
    13,
    14,
    15,
    16,
    17,
    18,
    19,
    20,
    21,
    22,
    23,
    24,
    25,
    26,
    27,
    28,
    29,
    30,
    31,
    32,
    33,
    34,
    35,
    36,
    37,
    38,
    39,
    40,
    41,
    42,
    43,
    44,
    45,
    46,
    47,
    48,
    49,
    50,
    51,
    52,
    53,
    54,
    55,
    56,
    57,
    58,
    59,
    60,
    61,
    62,
    63,
    64,
    65,
    66,
    67,
    68,
    69,
    70,
    71,
    72,
    73,
    74,
    75,
    76,
    77,
    78,
    79,
    80,
    81,
    82,
    83,
    84,
    85,
    86,
    87,
    88,
    89,
    90,
    91,
    92,
    93,
    94,
    95,
    96,
    97,
    98,
    99,
    100,
    101,
    102,
    103,
    104,
    105,
    106,
    107,
    108,
    109,
    110,
    111,
    112,
    113,
    114,
    115,
    116
  ],
  "train_loss": [
    1.1946523496785115,
    0.6567611579120773,
    0.47449086529692425,
    0.352848733823324,
    0.2767924274673167,
    0.22795972504566625,
    0.18986600069041104,
    0.16705551305689761,
    0.14556348707872568,
    0.13091769710797624,
    0.1175790124371187,
    0.1063966945236184,
    0.09800251120144558,
    0.08999584190854706,
    0.08126124931672185,
    0.07531527078412857,
    0.07030075304594237,
    0.06452088299946687,
    0.060989287365035914,
    0.05698665086487212,
    0.05405070152632969,
    0.050663751588423844,
    0.045003956303806956,
    0.04471024664445329,
    0.04254924097415252,
    0.04208349427880393,
    0.03718749837008948,
    0.03741884559450537,
    0.03379855675565213,
    0.03371376210593225,
    0.029340925314415667,
    0.02940872080201648,
    0.027347095833956888,
    0.026199493005142075,
    0.024277022698913346,
    0.02177974261516302,
    0.02364265846722212,
    0.0218827061993598,
    0.02020527270968197,
    0.020078579391132004,
    0.018892040286578007,
    0.01804691696894768,
    0.018370861770854015,
    0.01695397167260154,
    0.014671011388628292,
    0.014870193070424817,
    0.016668677276009982,
    0.015425053386728173,
    0.014262853732774245,
    0.013887296683999911,
    0.013791316094059381,
    0.013191106834823323,
    0.011453521994816274,
    0.011567733656211766,
    0.012549807854025558,
    0.011557329645303567,
    0.010436289624512657,
    0.011175691312750244,
    0.010594019021829302,
    0.01078136606362754,
    0.009660715578704803,
    0.009745983722542902,
    0.009890028854625626,
    0.00956283675773146,
    0.008757440754951737,
    0.009216146045556465,
    0.00874301822935279,
    0.009591259077892244,
    0.008886342305334803,
    0.007854414558321353,
    0.009987198783099152,
    0.008926716960784164,
    0.007692811695004324,
    0.007412077657417538,
    0.007671179330293281,
    0.00718111049302268,
    0.0074993328691805835,
    0.009328937452327287,
    0.0068407166631023406,
    0.007263171907811973,
    0.006158374924723962,
    0.006532541233758183,
    0.006638074754293259,
    0.006961660020679869,
    0.005899715538559116,
    0.0070982380173368305,
    0.00701298117103564,
    0.008156960027786837,
    0.00563067097736513,
    0.00592752615486142,
    0.006409485239779202,
    0.005579828624175526,
    0.005911975995950718,
    0.005301099159717608,
    0.005618245943213007,
    0.005707239054957136,
    0.005687068692065257,
    0.005308379128709743,
    0.006460727596314643,
    0.005842282991411078,
    0.005156251879411356,
    0.00582722524215813,
    0.005786811427204851,
    0.004758335124147989,
    0.00460363237412896,
    0.004253147901743939,
    0.00528497879045953,
    0.004491204713932094,
    0.004688501193760606,
    0.0043906789073797385,
    0.003976741881882676,
    0.004493214093243521,
    0.0038998122873101573,
    0.0038290308701707356,
    0.0047614352589175485,
    0.004299255739507438
  ],
  "val_loss": [
    0.607219553910769,
    0.4439787704211015,
    0.3576340927527501,
    0.30819980341654557,
    0.2849949919260465,
    0.26271696044848514,
    0.2420398982671591,
    0.21963585340059721,
    0.22291279412232912,
    0.21728064177127984,
    0.20149202129015556,
    0.19499083035267317,
    0.18731540326888746,
    0.17300610072337663,
    0.18003853467794564,
    0.16846876763380492,
    0.16896875145343634,
    0.15355466134273088,
    0.15195647053993666,
    0.1518772278840725,
    0.14469537196251062,
    0.14130285238990417,
    0.14637566587099662,
    0.13806288689374924,
    0.1419980523104851,
    0.13445005050072303,
    0.1403075628555738,
    0.12396445383246128,
    0.13239685617960417,
    0.12882378726051405,
    0.1275056081895645,
    0.12171523760144527,
    0.1199961482332303,
    0.1210455301289375,
    0.1258651247391334,
    0.12985567949139154,
    0.11612924933433533,
    0.13140595933565727,
    0.12035557713646156,
    0.11188588520655265,
    0.11283264036935109,
    0.123328797519207,
    0.12579026703651136,
    0.12010164028750016,
    0.11840474204375194,
    0.12289775592776445,
    0.10930013398711498,
    0.10582001793843049,
    0.12112259520934178,
    0.1138430329469534,
    0.11981645083198181,
    0.11214885000999157,
    0.10872784987665139,
    0.11591951391444756,
    0.10908726144295472,
    0.11267298001509446,
    0.11604866098899108,
    0.12222595090189806,
    0.11395837452549201,
    0.10472700157417701,
    0.1220111154879515,
    0.1094583933456586,
    0.10657131070127854,
    0.11438526564206068,
    0.11103304389577645,
    0.10739594855560707,
    0.10227084389099708,
    0.10838987341580483,
    0.10756649650060214,
    0.10558316039924438,
    0.10871101872852215,
    0.11539970424312812,
    0.11493002236462556,
    0.10121060420687382,
    0.10565212848954476,
    0.11533484170929743,
    0.11063249000849631,
    0.10318754505939208,
    0.100502999069599,
    0.10398900394256298,
    0.10247403297286767,
    0.11059059109538794,
    0.10250308744322795,
    0.10867878436469115,
    0.09957377820347364,
    0.09955268650530623,
    0.09934913442255212,
    0.09861555709861793,
    0.09666758216917515,
    0.09844906481269461,
    0.09517333018951692,
    0.10069475863845302,
    0.09918840730992648,
    0.10570109814692003,
    0.10473648036042085,
    0.10226694849104835,
    0.10577250476210164,
    0.1068429508819603,
    0.09953554963263181,
    0.10135699568602902,
    0.09578260818782908,
    0.09856656619992393,
    0.09931832609268335,
    0.10414212848991156,
    0.1038650732057599,
    0.10191281211490814,
    0.1058800476961411,
    0.10200825261955078,
    0.10143844675845824,
    0.10117279562669304,
    0.09966164827346802,
    0.10033480701251672,
    0.103335190564394,
    0.09831740134037457,
    0.10543830262926909,
    0.10382793961952512
  ],