{
  "epoch": [
    1,
    2,
    3,
    4,
    5,
    6,
    7,
    8,
    9,
    10,
    11,
    12,
    13,
    14,
    15,
    16,
    17,
    18,
    19,
    20,
    21,
    22,
    23,
    24,
    25,
    26,
    27,
    28,
    29,
    30,
    31,
    32,
    33,
    34,
    35,
    36,
    37,
    38,
    39,
    40,
    41,
    42,
    43,
    44,
    45,
    46,
    47,
    48,
    49,
    50,
    51,
    52,
    53,
    54,
    55,
    56,
    57,
    58,
    59,
    60,
    61,
    62,
    63,
    64,
    65,
    66,
    67,
    68,
    69,
    70,
    71,
    72,
    73,
    74,
    75,
    76,
    77,
    78,
    79,
    80,
    81,
    82,
    83,
    84,
    85,
    86,
    87,
    88,
    89,
    90,
    91,
    92,
    93,
    94,
    95
  ],
  "train_loss": [
    0.8919348148341032,
    0.3417700516808893,
    0.21107427875712975,
    0.14486858544429554,
    0.11303767592636581,
    0.09199679865665042,
    0.07720114812062881,
    0.06687740794354186,
    0.058436985674899876,
    0.05248391902861521,
    0.048258937424836085,
    0.045424521799900176,
    0.039789206953239196,
    0.03508704246415459,
    0.03394667172958095,
    0.03054630376168133,
    0.0282461148321859,
    0.029193290996547674,
    0.028843711682393688,
    0.025224668960346235,
    0.022977988365269507,
    0.024982879910445243,
    0.023446491271372615,
    0.02215799592800208,
    0.0207167660119012,
    0.020525770456309326,
    0.018052901643011526,
    0.021666908629488238,
    0.017740534766116322,
    0.01888851447693389,
    0.017700875414410587,
    0.016949316735749047,
    0.017441298282157975,
    0.01730076665209952,
    0.015001452894588528,
    0.01621707352886418,
    0.016694122720173725,
    0.014264413258828913,
    0.014018353059787074,
    0.014950045481679443,
    0.015661100784350263,
    0.01122158668129993,
    0.01584963870118372,
    0.01317585758251599,
    0.012845654060077594,
    0.012855793555271956,
    0.01241864396298794,
    0.014140514505681457,
    0.012629249211179918,
    0.013096955072731212,
    0.01085088363297754,
    0.01133842476956863,
    0.01238876849457324,
    0.00932324273957626,
    0.010577948486430034,
    0.013206896631673612,
    0.011272153064018096,
    0.009895411251171627,
    0.008511810862043988,
    0.009725714315115427,
    0.012104762923908564,
    0.009995610310069583,
    0.009277725214655894,
    0.00962778647384035,
    0.008881680978391291,
    0.008454581589249596,
    0.008946493208905221,
    0.009423625119376722,
    0.008274048906162899,
    0.006942210848156372,
    0.00952824693901966,
    0.010065689152790732,
    0.008557153021983956,
    0.008067430504993776,
    0.008574174282911531,
    0.007311470016594688,
    0.007162509991795775,
    0.007166569248998787,
    0.009882005249760979,
    0.007604103880909214,
    0.008645361193294334,
    0.0073731278745006274,
    0.007235084463675392,
    0.007184896270382055,
    0.00708585590585891,
    0.007373227997453159,
    0.006913416594394108,
    0.0066028237620371,
    0.007322394907832765,
    0.006864998435911233,
    0.0064441437519319866,
    0.005996904825655499,
    0.006705296829225227,
    0.006985146371625513,
    0.006615748130833399
  ],
  "val_loss": [
    0.26765558008964246,
    0.21252612654979414,
    0.17449218435929373,
    0.1720251251871769,
    0.15757791411418182,
    0.15268644805137926,
    0.1531230999300113,
    0.13197975605726242,
    0.14183872078473753,
    0.1321587897837162,
    0.13753854311429536,
    0.13963987506352937,
    0.13294772202005753,
    0.12908050847741273,
    0.11395671849067394,
    0.11807731539011002,
    0.13350336597515985,
    0.12147181194562179,
    0.1191878980742051,
    0.11256862718325394,
    0.10388459422840522,
    0.11531587288929866,
    0.11384040289200269,
    0.11878837358493072,
    0.10521670516866904,
    0.10460000313245334,
    0.1080499507773381,
    0.09997781222829452,
    0.10587701889184806,
    0.1133731620816084,
    0.1223159572825982,
    0.11332943777625377,
    0.11541101666024098,
    0.1287778068620425,
    0.11606501673276608,
    0.11541024710123356,
    0.11447481395533451,
    0.12304930274303143,
    0.11468776114858113,
    0.1167933912231372,
    0.1027111396766626,
    0.11090258079079482,
    0.10523744185383503,
    0.10527609460628949,
    0.10518864914774895,
    0.10350997545398198,
    0.1064669916836115,
    0.09908743747151814,
    0.11675564801463714,
    0.10695834586826655,
    0.10189225628542212,
    0.10850827911725411,
    0.10505674134653348,
    0.10365779010149148,
    0.11437770752952649,
    0.11261097341775894,
    0.10526193921955732,
    0.10466773163240689,
    0.10444618295878172,
    0.10791760826340088,
    0.09929600630242091,
    0.10063729549829777,
    0.10081751658939399,
    0.10003132745623589,
    0.10871181808985196,
    0.1112408211024908,
    0.10440344778964153,
    0.10725286645958057,
    0.10419744912248391,
    0.09669477986888243,
    0.1067374380878531,
    0.1129147820174694,
    0.10253720064289294,
    0.09754462346721154,
    0.10220238408790185,
    0.10355014217874178,
    0.10108134322441541,
    0.10475237366671745,
    0.10942136302876931,
    0.10300093574019578,
    0.1038131367128629,
    0.1001420348452834,
    0.10362683236598969,
    0.10482850348433623,
    0.11099855386866973,
    0.10287841423772849,
    0.10374382503617269,
    0.10329822766093108,
    0.10621799270694073,
    0.09771133930637287,
    0.09750752022060064,
    0.09933837961692077,
    0.10320755216078116,
    0.10260110950240722,
    0.10724169216476954
  ],