{
  "epoch": [
    1,
    2,
    3,
    4,
    5,
    6,
    7,
    8,
    9,
    10,
    11,
    12,
    13,
    14,
    15,
    16,
    17,
    18,
    19,
    20,
    21,
    22,
    23,
    24,
    25,
    26,
    27,
    28,
    29,
    30,
    31,
    32,
    33,
    34,
    35,
    36,
    37,
    38,
    39,
    40,
    41,
    42,
    43,
    44,
    45,
    46,
    47,
    48,
    49,
    50,
    51,
    52,
    53,
    54,
    55,
    56,
    57,
    58,
    59,
    60,
    61,
    62,
    63,
    64,
    65
  ],
  "train_loss": [
    1.0970147448716705,
    0.5039979373056864,
    0.32622429728507996,
    0.23341972910866296,
    0.18197745921992764,
    0.15153767959666006,
    0.12785747163381772,
    0.11336950800314392,
    0.10198468215686758,
    0.08780188046242159,
    0.08198819148171808,
    0.07207261032626494,
    0.06670835138941855,
    0.06320857484200873,
    0.05788294657988032,
    0.05422153540877337,
    0.05020139892057506,
    0.04509058821293497,
    0.0428231095741551,
    0.040267316062848287,
    0.03797667421707787,
    0.036231389254830854,
    0.03323994096867817,
    0.030867342865958658,
    0.02961353645611977,
    0.029951325012851006,
    0.028515635310316978,
    0.02462375109544811,
    0.02273482746281421,
    0.02137381750754244,
    0.02179536672270636,
    0.02148839085814111,
    0.0238098719555731,
    0.020246453720058517,
    0.01708938111551106,
    0.018585413439948226,
    0.017631535723171745,
    0.017654225179810346,
    0.016798383765133845,
    0.015570078916444453,
    0.014871234303465132,
    0.016005836460816183,
    0.014076995461718323,
    0.012814596613398609,
    0.011736327747468711,
    0.012388131115585566,
    0.016547515969147386,
    0.013016032832722688,
    0.012235129384093523,
    0.012516338200567616,
    0.00931392189237702,
    0.01289268142421317,
    0.011504483131989453,
    0.010806444387873346,
    0.010348271126690869,
    0.010054386168065452,
    0.009488032609296329,
    0.008201852571051185,
    0.009019480479314694,
    0.008599198461431031,
    0.009672062954572557,
    0.007933947844574823,
    0.009368556855875308,
    0.007582774200085455,
    0.007970901121524614
  ],
  "val_loss": [
    0.5036512246498694,
    0.38635079906536984,
    0.2989472345663951,
    0.24934804210296044,
    0.2296361315708894,
    0.21201735161817992,
    0.20625061599107888,
    0.20220944457329237,
    0.18888492824939582,
    0.17352167459634635,
    0.1822523411649924,
    0.1636205054819584,
    0.1704013261657495,
    0.16722720660842383,
    0.16629756070100343,
    0.16057223167556983,
    0.1523693994833873,
    0.16653358248563913,
    0.14020515605807304,
    0.15259206782166773,
    0.15277632239919442,
    0.15105772362305567,
    0.15117061911867216,
    0.1459189997269557,
    0.14314056245180276,
    0.14792966097593307,
    0.14327755942940712,
    0.1337084136903286,
    0.158672019552726,
    0.12943439930677414,
    0.1418298167678026,
    0.15711900047384775,
    0.1446952401445462,
    0.14053497807337686,
    0.14127872368464103,
    0.13306375736227402,
    0.1288180984556675,
    0.14921444253279612,
    0.12473152663845283,
    0.1143574770539999,
    0.11909691172723587,
    0.13184255648117799,
    0.12510346062481403,
    0.12120520208890621,
    0.12890735497841468,
    0.13009824231266975,
    0.13155414106754157,
    0.12428206033431567,
    0.13125577282447082,
    0.11770556093408512,
    0.1281032728461119,
    0.12186501619334404,
    0.11839823682720844,
    0.1314156883611129,
    0.13037343294574663,
    0.1249318102804514,
    0.12398156695641004,
    0.13071007969287726,
    0.12756603182508394,
    0.1348648458146132,
    0.1379132714982216,
    0.13332926539274362,
    0.12053580467517559,
    0.13289280894857186,
    0.12962325261189386
  ],
  "train_transduce": [
    1.0970147448716705,
    0.5039979373056864,
    0.32622429728507996,
    0.23341972910866296,
    0.18197745921992764,
    0.15153767959666006,
    0.12785747163381772,
    0.11336950800314392,
    0.10198468215686758,
    0.08780188046242159,
    0.08198819148171808,
    0.07207261032626494,
    0.06670835138941855,
    0.06320857484200873,
    0.05788294657988032,
    0.05422153540877337,
    0.05020139892057506,
    0.04509058821293497,
    0.0428231095741551,
    0.040267316062848287,
    0.03797667421707787,
    0.036231389254830854,
    0.03323994096867817,
    0.030867342865958658,
    0.02961353645611977,
    0.029951325012851006,
    0.028515635310316978,
    0.02462375109544811,
    0.02273482746281421,
    0.02137381750754244,
    0.02179536672270636,
    0.02148839085814111,
    0.0238098719555731,
    0.020246453720058517,
    0.01708938111551106,
    0.018585413439948226,
    0.017631535723171745,
    0.017654225179810346,
    0.016798383765133845,
    0.015570078916444453,
    0.014871234303465132,
    0.016005836460816183,
    0.014076995461718323,
    0.012814596613398609,
    0.011736327747468711,
    0.012388131115585566,
    0.016547515969147386,
    0.013016032832722688,
    0.012235129384093523,
    0.012516338200567616,
    0.00931392189237702,
    0.01289268142421317,
    0.011504483131989453,
    0.010806444387873346,
    0.010348271126690869,
    0.010054386168065452,
    0.009488032609296329,
    0.008201852571051185,
    0.009019480479314694,
    0.008599198461431031,
    0.009672062954572557,
    0.007933947844574823,
    0.009368556855875308,
    0.007582774200085455,
    0.007970901121524614
  ],
  "val_transduce": [
    0.5036512246498694,
    0.38635079906536984,
    0.2989472345663951,
    0.24934804210296044,
    0.2296361315708894,
    0.21201735161817992,
    0.20625061599107888,
    0.20220944457329237,
    0.18888492824939582,
    0.17352167459634635,
    0.1822523411649924,
    0.1636205054819584,
    0.1704013261657495,
    0.16722720660842383,
    0.16629756070100343,
    0.16057223167556983,
    0.1523693994833873,
    0.16653358248563913,
    0.14020515605807304,
    0.15259206782166773,
    0.15277632239919442,
    0.15105772362305567,
    0.15117061911867216,
    0.1459189997269557,
    0.14314056245180276,
    0.14792966097593307,
    0.14327755942940712,
    0.1337084136903286,
    0.158672019552726,
    0.12943439930677414,
    0.1418298167678026,
    0.15711900047384775,
    0.1446952401445462,
    0.14053497807337686,
    0.14127872368464103,
    0.13306375736227402,
    0.1288180984556675,
    0.14921444253279612,
    0.12473152663845283,
    0.1143574770539999,
    0.11909691172723587,
    0.13184255648117799,
    0.12510346062481403,
    0.12120520208890621,
    0.12890735497841468,
    0.13009824231266975,
    0.13155414106754157,
    0.12428206033431567,
    0.13125577282447082,
    0.11770556093408512,
    0.1281032728461119,
    0.12186501619334404,
    0.11839823682720844,
    0.1314156883611129,
    0.13037343294574663,
    0.1249318102804514,
    0.12398156695641004,
    0.13071007969287726,
    0.12756603182508394,
    0.1348648458146132,
    0.1379132714982216,
    0.13332926539274362,
    0.12053580467517559,
    0.13289280894857186,
    0.12962325261189386
  ],
  "l0": [
    0.0,
    0.0,
    0.0,
    0.0,
    0.0,
    0.0,
    0.0,
    0.0,
    0.0,
    0.0,
    0.0,
    0.0,
    0.0,
    0.0,
    0.0,
    0.0,
    0.0,
    0.0,
    0.0,
    0.0,
    0.0,
    0.0,
    0.0,
    0.0,
    0.0,
    0.0,
    0.0,
    0.0,
    0.0,
    0.0,
    0.0,
    0.0,
    0.0,
    0.0,
    0.0,
    0.0,
    0.0,
    0.0,
    0.0,
    0.0,
    0.0,
    0.0,
    0.0,
    0.0,
    0.0,
    0.0,
    0.0,
    0.0,
    0.0,
    0.0,
    0.0,
    0.0,
    0.0,
    0.0,
    0.0,
    0.0,
    0.0,
    0.0,
    0.0,
    0.0,
    0.0,
    0.0,
    0.0,
    0.0,
    0.0
  ],