{
  "epoch": [
    1,
    2,
    3,
    4,
    5,
    6,
    7,
    8,
    9,
    10
  ],
  "train_loss": [
    1.2308475177005394,
    0.2195020866455491,
    0.09122487520511002,
    0.04777490882414211,
    0.030192584116203885,
    0.02266635835535594,
    0.016351933828699067,
    0.012502364805880357,
    0.010297608624222045,
    0.00894179233450673
  ],
  "val_loss": [
    0.23228310736326072,
    0.07057079730125573,
    0.04970147446371042,
    0.03802643250674009,
    0.03580304550436827,
    0.0341874967293384,
    0.03595526566585669,
    0.03286395997453768,
    0.03011043656330842,
    0.03390172825982937
  ],
  "train_transduce": [
    1.2308475177005394,
    0.2195020866455491,
    0.09122487520511002,
    0.04777490882414211,
    0.030192584116203885,
    0.02266635835535594,
    0.016351933828699067,
    0.012502364805880357,
    0.010297608624222045,
    0.00894179233450673
  ],
  "val_transduce": [
    0.23228310736326072,
    0.07057079730125573,
    0.04970147446371042,
    0.03802643250674009,
    0.03580304550436827,
    0.0341874967293384,
    0.03595526566585669,
    0.03286395997453768,
    0.03011043656330842,
    0.03390172825982937
  ],
  "l0": [
    0.0,
    0.0,
    0.0,
    0.0,
    0.0,
    0.0,
    0.0,
    0.0,
    0.0,
    0.0
  ],
  "lambda_l0_effective": [
    0.01,
    0.01,
    0.01,
    0.01,
    0.01,
    0.01,
    0.01,
    0.01,
    0.01,
    0.01
  ],
  "recon_loss": [],
  "balance_loss": [],
  "val_reg_acc": [
    0.11780104712041885,
    0.35340314136125656,
    0.4214659685863874,
    0.3507853403141361,
    0.4031413612565445,
    0.387434554973822,
    0.4031413612565445,
    0.36649214659685864,
    0.4607329842931937,
    0.42670157068062825
  ],
  "val_irr_acc": [
    0.09523809523809523,
    0.19047619047619047,
    0.2857142857142857,
    0.19047619047619047,
    0.23809523809523808,
    0.14285714285714285,
    0.2857142857142857,
    0.14285714285714285,
    0.2857142857142857,
    0.2857142857142857
  ],
  "val_acc": [
    0.11662531017369727,
    0.34491315136476425,
    0.4143920595533499,
    0.3424317617866005,
    0.3945409429280397,
    0.3746898263027295,
    0.3970223325062035,
    0.3548387096774194,
    0.45161290322580644,
    0.41935483870967744
  ],
  "phase": [
    0,
    0,
    0,
    0,
    0,
    0,
    0,
    0,
    0,
    0
  ]
}