{
  "epoch": [
    1,
    2,
    3,
    4,
    5,
    6,
    7,
    8,
    9,
    10,
    11,
    12,
    13,
    14,
    15,
    16,
    17,
    18,
    19,
    20,
    21,
    22,
    23,
    24,
    25,
    26,
    27,
    28,
    29,
    30,
    31,
    32,
    33,
    34,
    35,
    36,
    37,
    38,
    39,
    40,
    41,
    42,
    43,
    44,
    45,
    46,
    47,
    48,
    49,
    50,
    51,
    52,
    53,
    54,
    55,
    56,
    57,
    58,
    59,
    60,
    61,
    62,
    63,
    64,
    65,
    66,
    67,
    68,
    69,
    70,
    71,
    72,
    73,
    74,
    75,
    76,
    77,
    78,
    79,
    80,
    81,
    82,
    83,
    84,
    85,
    86,
    87,
    88,
    89,
    90,
    91,
    92,
    93,
    94,
    95,
    96,
    97,
    98,
    99
  ],
  "train_loss": [
    1.243234805839578,
    0.6979464587477064,
    0.541807742616565,
    0.44415689789757284,
    0.3810113113872784,
    0.32525328270246073,
    0.2835540529532531,
    0.2502082211455119,
    0.22267467013953887,
    0.19975396284123056,
    0.1811565521758856,
    0.1675866409444932,
    0.15431225403528853,
    0.13981357501032426,
    0.132953799108869,
    0.12278901910428534,
    0.11596437647324248,
    0.10587307593794827,
    0.09758318148399751,
    0.0959573186665159,
    0.08902627646385394,
    0.08354489946949113,
    0.07964882606006775,
    0.07621348863371562,
    0.069720404491443,
    0.06808864877357618,
    0.06567283359730673,
    0.062329040475420115,
    0.060151729732751846,
    0.05736108162661189,
    0.05493966032050012,
    0.054119507014060146,
    0.049649735048566894,
    0.04887537322170341,
    0.04754682661984692,
    0.048622682570604626,
    0.04361027671677089,
    0.04294326401690079,
    0.04093743861201651,
    0.039579485994331615,
    0.04146148635977015,
    0.039145613694083446,
    0.038639485648804414,
    0.0376066893900831,
    0.03456615466509283,
    0.035721115839965255,
    0.03481661442177581,
    0.034408882022691295,
    0.032621985942259735,
    0.034459363052275836,
    0.030646806546803757,
    0.02941723749252785,
    0.029816019295993233,
    0.02891750923434714,
    0.029983042643319087,
    0.027493637830460656,
    0.02881790723257996,
    0.02858819356956279,
    0.02749188273626658,
    0.028284860375222088,
    0.026384177196473266,
    0.025428594158453503,
    0.02743780972272849,
    0.02480439846907963,
    0.024557696280943363,
    0.027397548105356467,
    0.022147717147575904,
    0.024096013871309607,
    0.02402845775161284,
    0.023558444344707448,
    0.02232642094460652,
    0.022543251007968158,
    0.0230465212323194,
    0.021900902897090718,
    0.022462085776328657,
    0.020411274029834905,
    0.020721905815568705,
    0.02165635031547167,
    0.020377232412298777,
    0.019822619046497438,
    0.01936648602683827,
    0.020475578858617925,
    0.020367287357395382,
    0.019495302463219184,
    0.0196002902254251,
    0.019171262140140973,
    0.019007548934674448,
    0.01844964218181894,
    0.0186497550685746,
    0.018107157588225894,
    0.017260053227463563,
    0.016655535270944814,
    0.019068828041031573,
    0.017502294299456763,
    0.016704180495712675,
    0.01687354805696871,
    0.01672622184845206,
    0.016563946994491995,
    0.016737254794936665
  ],
  "val_loss": [
    0.4933843177098494,
    0.3421148451474997,
    0.2945375751990538,
    0.26604738258398497,
    0.23732464932478392,
    0.2254770157428888,
    0.20325669187765855,
    0.19718743172975686,
    0.18473696020933297,
    0.1802481132057997,
    0.16762450623970765,
    0.15917905477377084,
    0.1589953526854515,
    0.14911982245170152,
    0.13787197035092574,
    0.14043485889068016,
    0.13420798629522324,
    0.12237296654627873,
    0.12159094214439392,
    0.11860472479691872,
    0.11464250259674512,
    0.11472299437110241,
    0.1149064414203167,
    0.11414463302263847,
    0.11350658163428307,
    0.1066144103041062,
    0.11094666071809255,
    0.10050537465856625,
    0.10446300386236264,
    0.11144451539103802,
    0.09460059725321256,
    0.09848024839392075,
    0.100809495896101,
    0.09704078619296734,
    0.09494555942141093,
    0.08893864157681282,
    0.09026774721076855,
    0.09806191763625695,
    0.0988171877196202,
    0.09767805641660324,
    0.08670515495424087,
    0.08919015555427624,
    0.09886058391286777,
    0.09135726968256327,
    0.09104697879117268,
    0.08991784387483047,
    0.08874340684941182,
    0.09267333572587141,
    0.09545723219903615,
    0.08789141146609417,
    0.09330086481685822,
    0.09110493606959398,
    0.08810817572073294,
    0.08938872807014447,
    0.08738910528616263,
    0.08423960574257833,
    0.0977293371867675,
    0.08637393946544482,
    0.0880627569814141,
    0.09448220881705101,
    0.08806130003470641,
    0.08990667602763726,
    0.08650517277419567,
    0.09187894558104184,
    0.09664217547441904,
    0.08533942849876788,
    0.09364295306687172,
    0.0822110313635606,
    0.08549599464123066,
    0.08672853179562551,
    0.08629815774754836,
    0.08542696196729174,
    0.0849535372108221,
    0.077091742414408,
    0.08931680682760018,
    0.08756202939324655,
    0.0823230931463723,
    0.093631583552521,
    0.09031055201418124,
    0.0829832607235473,
    0.08914944651321723,
    0.09389514848589897,
    0.09326307898244032,
    0.0795549657374907,
    0.0845063839179392,
    0.08478851487430242,
    0.08424686117527577,
    0.08363047872598355,
    0.0813110458234755,
    0.08352612241959342,
    0.08262880381125097,
    0.08002819303566447,
    0.080018031070582,
    0.08224537091043133,
    0.08036355412780093,
    0.08180614485620306,
    0.08024683924248585,
    0.07965034533005494,
    0.08259022866304104
  ],