{
  "epoch": [
    1,
    2,
    3,
    4,
    5,
    6,
    7,
    8,
    9,
    10,
    11,
    12,
    13,
    14,
    15,
    16,
    17,
    18,
    19,
    20,
    21,
    22,
    23,
    24,
    25,
    26,
    27,
    28,
    29,
    30,
    31,
    32,
    33,
    34,
    35,
    36,
    37,
    38,
    39,
    40,
    41,
    42,
    43,
    44,
    45,
    46,
    47,
    48,
    49,
    50,
    51,
    52,
    53,
    54,
    55,
    56,
    57,
    58,
    59,
    60,
    61,
    62,
    63,
    64,
    65,
    66,
    67,
    68,
    69,
    70,
    71,
    72,
    73,
    74,
    75,
    76,
    77,
    78,
    79,
    80,
    81,
    82,
    83,
    84,
    85,
    86,
    87,
    88,
    89,
    90,
    91,
    92,
    93,
    94,
    95,
    96,
    97,
    98,
    99,
    100,
    101,
    102,
    103,
    104,
    105,
    106,
    107,
    108,
    109,
    110,
    111,
    112,
    113,
    114,
    115,
    116,
    117,
    118,
    119,
    120,
    121,
    122,
    123,
    124,
    125,
    126,
    127,
    128,
    129,
    130,
    131,
    132,
    133,
    134,
    135,
    136
  ],
  "train_loss": [
    0.9078350447782195,
    0.33251483472857146,
    0.25370081580511417,
    0.22083273456238284,
    0.19556921174620637,
    0.178476052045232,
    0.1645630746342168,
    0.15164542648166712,
    0.14332300490967118,
    0.1337248650517794,
    0.12625976131841687,
    0.12116917222738266,
    0.11547125909145516,
    0.11062012402580516,
    0.10557116498008813,
    0.09947962383970176,
    0.09904424875679582,
    0.09375537260629163,
    0.09110986618417324,
    0.0882399718065073,
    0.08654761212960918,
    0.08114998230692183,
    0.0817380184584325,
    0.08043518452213543,
    0.07645843694410702,
    0.07224505437113861,
    0.06993727151783977,
    0.06942092120131053,
    0.06990837346356694,
    0.06644534588892861,
    0.06740923260919529,
    0.06375393887410069,
    0.061579412384198444,
    0.06189488355844918,
    0.05933244026607216,
    0.05496305583210865,
    0.055523481800930925,
    0.05425066138516263,
    0.055274744693300515,
    0.05306033691446675,
    0.05043376826376903,
    0.05135744477225707,
    0.051468604428712095,
    0.05017852551755634,
    0.04986250879113922,
    0.049063720592841656,
    0.046624678970858605,
    0.04653392106958545,
    0.04552749993445555,
    0.045413231172847866,
    0.043839028455538324,
    0.043941472740014004,
    0.040389746630398356,
    0.04162013655675963,
    0.041914486183351515,
    0.040523001458495855,
    0.03986731736856227,
    0.04005074473374551,
    0.037653047642163415,
    0.037871670840068324,
    0.037444825579255527,
    0.03718417634412941,
    0.034789757558725556,
    0.036003883250315886,
    0.03520935590351277,
    0.036512007821572594,
    0.03362132031193907,
    0.03471514761060624,
    0.03338029180736382,
    0.033627152590468376,
    0.032685811308645965,
    0.03139124241297935,
    0.030677006234147465,
    0.03076228021302878,
    0.030102879694192716,
    0.030919996680378325,
    0.03012339914180707,
    0.032962389765215094,
    0.029063875017005324,
    0.029684947586922656,
    0.029838807032545014,
    0.028572089785691535,
    0.027838597798000762,
    0.027427521349843775,
    0.02599456503821334,
    0.027064889609481734,
    0.02783977195602095,
    0.026637356292622368,
    0.027992319739838636,
    0.025513623386971874,
    0.02817974299524385,
    0.02691672446833241,
    0.024563632069828707,
    0.02644814723309609,
    0.026312043646000104,
    0.02641923814357286,
    0.025594530629436715,
    0.023873669090726884,
    0.024347600040699142,
    0.023835316770663945,
    0.02386956863649337,
    0.02495920772682691,
    0.02316603084592757,
    0.024093360529456397,
    0.023459235183193837,
    0.023169954260119634,
    0.022964963025533327,
    0.021932518483130353,
    0.021269497291028203,
    0.02247068323517716,
    0.023573985291036343,
    0.022154436236948218,
    0.020968225125297165,
    0.02054392681964258,
    0.02235877748099294,
    0.021064971019237273,
    0.020779664570576336,
    0.021582330595517514,
    0.019021528650831322,
    0.019578483137809258,
    0.02113207510792383,
    0.02010111875444798,
    0.021421609386469764,
    0.02095547834143854,
    0.021890827867267006,
    0.01940543902576855,
    0.019421575201380225,
    0.019535862552555332,
    0.018614553288547414,
    0.01884344221659853,
    0.0172061561802771,
    0.018621283221418167,
    0.019609545854307565,
    0.018608920156291807,
    0.017986817711890483,
    0.018605247082299377
  ],