{
  "epoch": [
    1,
    2,
    3,
    4,
    5,
    6,
    7,
    8,
    9,
    10,
    11,
    12,
    13,
    14,
    15,
    16,
    17,
    18,
    19,
    20,
    21,
    22,
    23,
    24,
    25,
    26,
    27,
    28,
    29,
    30,
    31,
    32,
    33,
    34,
    35,
    36,
    37,
    38,
    39,
    40,
    41,
    42,
    43,
    44,
    45,
    46,
    47,
    48,
    49,
    50,
    51,
    52,
    53,
    54,
    55,
    56,
    57,
    58,
    59,
    60,
    61,
    62
  ],
  "train_loss": [
    1.1213343469137997,
    0.5796071392359193,
    0.42365406038834874,
    0.3129637967987159,
    0.23324892139926398,
    0.19310379220345586,
    0.15934476102750325,
    0.1341294228800179,
    0.11676920758387477,
    0.10367207165769081,
    0.09075214919278916,
    0.08097227595592897,
    0.07498969394982476,
    0.07035700494865167,
    0.06093058957881534,
    0.05751359736374051,
    0.05361502704008953,
    0.0488032597625993,
    0.0479002368405999,
    0.04262470820745856,
    0.040887501892470514,
    0.036173494239865815,
    0.03568182730586412,
    0.032895485256059266,
    0.0308839085358243,
    0.029190834193999312,
    0.029479551052232992,
    0.02715378295457394,
    0.026057176510371344,
    0.024420683457007267,
    0.02352066109792243,
    0.02419284325016221,
    0.022586973652858094,
    0.022837900170173075,
    0.0201810429355168,
    0.020906026143887917,
    0.01953263649928201,
    0.018256162191241904,
    0.01839993329065823,
    0.018365220375570285,
    0.01712502457667142,
    0.017614759602007868,
    0.017847539669805273,
    0.017098332836878363,
    0.01669340292783934,
    0.014793907850260664,
    0.015635820463318954,
    0.015550320406357959,
    0.013736156597325444,
    0.013962135747430328,
    0.015040728911042175,
    0.014697910983777922,
    0.013320272452361191,
    0.013289876954903653,
    0.013179329282138497,
    0.012742389633185854,
    0.012637282901121899,
    0.01225224510015267,
    0.01195988034440646,
    0.012216271011677292,
    0.012177877852719603,
    0.010749337702963175
  ],
  "val_loss": [
    0.4438680043587318,
    0.33369101469333357,
    0.24714332475112036,
    0.22743839140121752,
    0.19013496889517859,
    0.16289406212476584,
    0.1544880626293329,
    0.15103898999782708,
    0.14448415889189795,
    0.12728991072911483,
    0.1301210645872813,
    0.12317340763715598,
    0.11355622256031403,
    0.11321955632704955,
    0.10266605162849793,
    0.10470301256730007,
    0.10735253932384345,
    0.10472447826312138,
    0.10163441357704309,
    0.09726435992007072,
    0.09711182833864139,
    0.09137280557591182,
    0.09729269634072597,
    0.09364800771268514,
    0.09624595897128949,
    0.09310429077595472,
    0.09217884821387437,
    0.100449639157607,
    0.09173502794538553,
    0.09515142276023443,
    0.09213805470902187,
    0.09508218315358345,
    0.09317088549813399,
    0.09213332050981429,
    0.09207500503040277,
    0.0916721117324554,
    0.08321292404658519,
    0.09325786715803239,
    0.09356658511723463,
    0.09116914390156475,
    0.09543022912783691,
    0.09140850358212796,
    0.09914895920799328,
    0.10135197152311985,
    0.09738830677591838,
    0.09253285689136156,
    0.08976775128394365,
    0.09256830198976856,
    0.08871533771833548,
    0.08952203607903077,
    0.09192083933605598,
    0.09107791798977324,
    0.09280099569318387,
    0.08757691995169108,
    0.09258191337665686,
    0.08960069762542844,
    0.08621633765645899,
    0.09561504613464841,
    0.09597660740837455,
    0.09005663405136707,
    0.08713401596133526,
    0.09511147804844838
  ],
  "train_transduce": [
    1.1213343469137997,
    0.5796071392359193,
    0.42365406038834874,
    0.3129637967987159,
    0.23324892139926398,
    0.19310379220345586,
    0.15934476102750325,
    0.1341294228800179,
    0.11676920758387477,
    0.10367207165769081,
    0.09075214919278916,
    0.08097227595592897,
    0.07498969394982476,
    0.07035700494865167,
    0.06093058957881534,
    0.05751359736374051,
    0.05361502704008953,
    0.0488032597625993,
    0.0479002368405999,
    0.04262470820745856,
    0.040887501892470514,
    0.036173494239865815,
    0.03568182730586412,
    0.032895485256059266,
    0.0308839085358243,
    0.029190834193999312,
    0.029479551052232992,
    0.02715378295457394,
    0.026057176510371344,
    0.024420683457007267,
    0.02352066109792243,
    0.02419284325016221,
    0.022586973652858094,
    0.022837900170173075,
    0.0201810429355168,
    0.020906026143887917,
    0.01953263649928201,
    0.018256162191241904,
    0.01839993329065823,
    0.018365220375570285,
    0.01712502457667142,
    0.017614759602007868,
    0.017847539669805273,
    0.017098332836878363,
    0.01669340292783934,
    0.014793907850260664,
    0.015635820463318954,
    0.015550320406357959,
    0.013736156597325444,
    0.013962135747430328,
    0.015040728911042175,
    0.014697910983777922,
    0.013320272452361191,
    0.013289876954903653,
    0.013179329282138497,
    0.012742389633185854,
    0.012637282901121899,
    0.01225224510015267,
    0.01195988034440646,
    0.012216271011677292,
    0.012177877852719603,
    0.010749337702963175
  ],
  "val_transduce": [
    0.4438680043587318,
    0.33369101469333357,
    0.24714332475112036,
    0.22743839140121752,
    0.19013496889517859,
    0.16289406212476584,
    0.1544880626293329,
    0.15103898999782708,
    0.14448415889189795,
    0.12728991072911483,
    0.1301210645872813,
    0.12317340763715598,
    0.11355622256031403,
    0.11321955632704955,
    0.10266605162849793,
    0.10470301256730007,
    0.10735253932384345,
    0.10472447826312138,
    0.10163441357704309,
    0.09726435992007072,
    0.09711182833864139,
    0.09137280557591182,
    0.09729269634072597,
    0.09364800771268514,
    0.09624595897128949,
    0.09310429077595472,
    0.09217884821387437,
    0.100449639157607,
    0.09173502794538553,
    0.09515142276023443,
    0.09213805470902187,
    0.09508218315358345,
    0.09317088549813399,
    0.09213332050981429,
    0.09207500503040277,
    0.0916721117324554,
    0.08321292404658519,
    0.09325786715803239,
    0.09356658511723463,
    0.09116914390156475,
    0.09543022912783691,
    0.09140850358212796,
    0.09914895920799328,
    0.10135197152311985,
    0.09738830677591838,
    0.09253285689136156,
    0.08976775128394365,
    0.09256830198976856,
    0.08871533771833548,
    0.08952203607903077,
    0.09192083933605598,
    0.09107791798977324,
    0.09280099569318387,
    0.08757691995169108,
    0.09258191337665686,
    0.08960069762542844,
    0.08621633765645899,
    0.09561504613464841,
    0.09597660740837455,
    0.09005663405136707,
    0.08713401596133526,
    0.09511147804844838
  ],
  "l0": [
    0.0,
    0.0,
    0.0,
    0.0,
    0.0,
    0.0,
    0.0,
    0.0,
    0.0,
    0.0,
    0.0,
    0.0,
    0.0,
    0.0,
    0.0,
    0.0,
    0.0,
    0.0,
    0.0,
    0.0,
    0.0,
    0.0,
    0.0,
    0.0,
    0.0,
    0.0,
    0.0,
    0.0,
    0.0,
    0.0,
    0.0,
    0.0,
    0.0,
    0.0,
    0.0,
    0.0,
    0.0,
    0.0,
    0.0,
    0.0,
    0.0,
    0.0,
    0.0,
    0.0,
    0.0,
    0.0,
    0.0,
    0.0,
    0.0,
    0.0,
    0.0,
    0.0,
    0.0,
    0.0,
    0.0,
    0.0,
    0.0,
    0.0,
    0.0,
    0.0,
    0.0,
    0.0
  ],