{
  "epoch": [
    1,
    2,
    3,
    4,
    5,
    6,
    7,
    8,
    9,
    10,
    11,
    12,
    13,
    14,
    15,
    16,
    17,
    18,
    19,
    20,
    21,
    22,
    23,
    24,
    25,
    26,
    27,
    28,
    29,
    30,
    31,
    32,
    33,
    34,
    35,
    36,
    37,
    38,
    39,
    40,
    41,
    42,
    43,
    44,
    45,
    46,
    47,
    48,
    49,
    50,
    51,
    52,
    53,
    54,
    55,
    56,
    57,
    58,
    59,
    60,
    61,
    62,
    63,
    64,
    65,
    66,
    67,
    68,
    69,
    70,
    71,
    72,
    73,
    74,
    75,
    76,
    77,
    78,
    79,
    80,
    81,
    82
  ],
  "train_loss": [
    1.1052647884359066,
    0.5904392080823171,
    0.4584281181858987,
    0.36379245184745984,
    0.2968015396564277,
    0.24882603444389462,
    0.21596998030070177,
    0.18644381283792025,
    0.16604048132742802,
    0.15172802637686433,
    0.13332883264754236,
    0.10829430380740117,
    0.09538076058529395,
    0.08473263296884359,
    0.07885448760401036,
    0.06783089230854794,
    0.0632936094609118,
    0.06037056089868558,
    0.05537396768760896,
    0.05203335486429254,
    0.047683840948781094,
    0.04667768889999727,
    0.043191873190022004,
    0.038285135493143316,
    0.04044740599791337,
    0.03807115466477945,
    0.03455852334550822,
    0.0343875415219935,
    0.03282403651884152,
    0.03042325578610768,
    0.027908387709140163,
    0.027907827211371094,
    0.02587231729160418,
    0.026978443047876673,
    0.02426596808237667,
    0.023266075237788567,
    0.023014846902350252,
    0.022129161689027222,
    0.02101529985438245,
    0.020694847177886933,
    0.021092438784706378,
    0.021151659944209932,
    0.01893429540412155,
    0.018279714205004658,
    0.019766189676431036,
    0.0183948533400682,
    0.017812407657758517,
    0.018371212550621366,
    0.01692880607046878,
    0.015256139197742049,
    0.015627623919743237,
    0.01397524929915065,
    0.015372129184189108,
    0.014996902947554114,
    0.014754380133079807,
    0.014667695860760095,
    0.014739607089948025,
    0.013232661492776932,
    0.013730374533327814,
    0.014250237838552362,
    0.012502060336308055,
    0.01390829384951017,
    0.011554785850805892,
    0.01113979525344456,
    0.011838339246658263,
    0.011736971983708893,
    0.012767449156357186,
    0.012343714175417,
    0.010997598193293033,
    0.011453845289466212,
    0.010488203851825357,
    0.010430606371469883,
    0.010364441668852377,
    0.010619436259880738,
    0.011473341024367945,
    0.009845394829585765,
    0.009888812045377112,
    0.009155729344353493,
    0.00989927311524504,
    0.009817759833147404,
    0.009713736711401185,
    0.007935940615050303
  ],
  "val_loss": [
    0.3769833812346825,
    0.29384640203072476,
    0.24208372028974387,
    0.23648032889916346,
    0.2025161305299172,
    0.20265529935176557,
    0.18048200011253357,
    0.18293057496731097,
    0.17384688728130782,
    0.1593947009398387,
    0.16196759675557798,
    0.15469362357488045,
    0.14268899537049806,
    0.1439155675470829,
    0.1356644627566521,
    0.12989779332509407,
    0.1338863129226061,
    0.1274258689238475,
    0.12142048518245037,
    0.12092631596785325,
    0.11690455445876488,
    0.12275398092774245,
    0.12863102268714172,
    0.13260386941524652,
    0.12374418028272115,
    0.12846173919164217,
    0.13292103117475143,
    0.13172990112350538,
    0.12194418620604736,
    0.12395105238717335,
    0.12092530698730396,
    0.11721894804101723,
    0.13566196939119926,
    0.12002761561710101,
    0.11785572695617492,
    0.122687231319455,
    0.12586283067671153,
    0.1255793567890158,
    0.12410505187626068,
    0.11594218488496083,
    0.12163905462679955,
    0.1314513525710656,
    0.12582730788450974,
    0.1249294000176283,
    0.11834789640628375,
    0.12204376350228603,
    0.12826856240057027,
    0.12395762308285786,
    0.1300972751699961,
    0.12395948852197482,
    0.12667688641410607,
    0.1253408263795651,
    0.1392345419869973,
    0.12309555781002228,
    0.12685015002408853,
    0.1181862149387598,
    0.11189257582792869,
    0.12133393372194125,
    0.12940827599511698,
    0.12849991152492854,
    0.1370146143465088,
    0.13607821556238028,
    0.13072267418297437,
    0.13130154331716207,
    0.13050873262377885,
    0.12571917696354482,
    0.1417179907170626,
    0.13902003017182535,
    0.13378838893885797,
    0.1388405875231211,
    0.12504455275260484,
    0.12766107687583336,
    0.12846849113702774,
    0.13121823515169895,
    0.13008631407641447,
    0.13083893512017453,
    0.1306489287660672,
    0.12598945343723664,
    0.13159357828016466,
    0.13264618169229764,
    0.12609420666614404,
    0.12995326407970145
  ],
  "train_transduce": [
    1.1040887460880673,
    0.5902896758514581,
    0.45819432081020983,
    0.3632006585290751,
    0.2962374085003568,
    0.24830242853189252,
    0.21521944506573923,
    0.18573916273325988,
    0.16521192971885817,
    0.15092877582790926,
    0.13227534248042352,
    0.1081269195053688,
    0.09536320233199093,
    0.08472459688398641,
    0.07885435098762979,
    0.06783061536969905,
    0.06329606052910544,
    0.060372798185142657,
    0.05537593246620033,
    0.05203510120453447,
    0.047684463969979086,
    0.04667775097696744,
    0.043193164660796986,
    0.038286165627122844,
    0.040448214669145416,
    0.038071647581653954,
    0.034558781720313826,
    0.03438715888523333,
    0.032823606785482816,
    0.030424129493899412,
    0.027909700943579533,
    0.02790898091601419,
    0.025873030773508027,
    0.0269790434196937,
    0.024266928524383793,
    0.02326709079584971,
    0.023015784530554775,
    0.02212995140256418,
    0.021015646918460765,
    0.020695230610351816,
    0.021093339653272834,
    0.021151919914025468,
    0.018933652771142378,
    0.018278308784032297,
    0.019766030891932854,
    0.01839510187957935,
    0.01781115492028136,
    0.018371394511969934,
    0.01692912011340107,
    0.015256387305796416,
    0.015627854245357196,
    0.013975460424337574,
    0.015372272071394993,
    0.014997013375287895,
    0.014754578519790174,
    0.01466789064759667,
    0.014739820446828669,
    0.013232799091486778,
    0.013730609295025622,
    0.014250490524009177,
    0.01250216550254935,
    0.013907788192058826,
    0.011554862651613915,
    0.011139940748593683,
    0.011838951538144083,
    0.011737418073720356,
    0.012767764496060145,
    0.012344148729510182,
    0.010997943948899136,
    0.011454328679486859,
    0.010488750339850554,
    0.010430952592887292,
    0.010364961909423055,
    0.01062009934655189,
    0.011474058081242303,
    0.0098463067546074,
    0.009887417368518822,
    0.0091563373200713,
    0.0098995988406649,
    0.009818103774714754,
    0.009714065101471749,
    0.007936296492038515
  ],