{
  "epoch": [
    1,
    2,
    3,
    4,
    5,
    6,
    7,
    8,
    9,
    10,
    11,
    12,
    13,
    14,
    15,
    16,
    17,
    18,
    19,
    20,
    21,
    22,
    23,
    24,
    25,
    26,
    27,
    28,
    29,
    30,
    31,
    32,
    33,
    34,
    35,
    36,
    37,
    38,
    39,
    40,
    41,
    42,
    43,
    44,
    45,
    46,
    47,
    48,
    49,
    50,
    51,
    52,
    53,
    54,
    55,
    56,
    57,
    58,
    59,
    60,
    61,
    62,
    63,
    64,
    65,
    66,
    67,
    68,
    69,
    70,
    71,
    72,
    73,
    74,
    75
  ],
  "train_loss": [
    1.0249999019595766,
    0.4048993738809812,
    0.2373047091604508,
    0.161900424696121,
    0.12281277668230313,
    0.09734322960229264,
    0.08488317123931094,
    0.07039277005902271,
    0.06377943034869493,
    0.05482940796340249,
    0.048756015458211455,
    0.0433829922862735,
    0.04016628462494802,
    0.038793149020177185,
    0.03346823733876046,
    0.03142153723261405,
    0.028294564191175185,
    0.02709405015213127,
    0.027504392544326094,
    0.024197468025245004,
    0.020872686850387102,
    0.024233233742895967,
    0.020085652627665356,
    0.01725276673726315,
    0.015528379123389106,
    0.017533585765235817,
    0.01614107444675966,
    0.01642473221794923,
    0.013275491922239284,
    0.014403444803055837,
    0.012318531893789,
    0.014759515578973769,
    0.013219688207717593,
    0.011371224126106454,
    0.01127033429184314,
    0.012874842497169702,
    0.010964722931265025,
    0.010004260234616352,
    0.009910771511639133,
    0.009879272756978063,
    0.01070827772821655,
    0.00969086173674591,
    0.008706610947463316,
    0.011405652726174706,
    0.01095943205471429,
    0.008427376736173905,
    0.007854552945534977,
    0.0068280404717445415,
    0.009450694854844111,
    0.010067195453940286,
    0.007383545917955698,
    0.007694353579937183,
    0.00805778753644902,
    0.007314263564563289,
    0.006237046733995439,
    0.006563927232379036,
    0.00712678329203009,
    0.007474111157263024,
    0.007982892317327758,
    0.007087300278632853,
    0.0055988642378691006,
    0.005744568742247606,
    0.006388517244858187,
    0.00596070550061095,
    0.0059424103284194665,
    0.005392549678589669,
    0.00451844336015542,
    0.0044121507892190695,
    0.005741183039193407,
    0.004785295657167864,
    0.006889062630583907,
    0.006679753697304458,
    0.005737650480911078,
    0.00455138743459007,
    0.004829177390796027
  ],
  "val_loss": [
    0.39671486157637376,
    0.2832214545745116,
    0.2622758173025571,
    0.2254926711320877,
    0.21759288356854364,
    0.20008931079736123,
    0.19590862611165413,
    0.19206052674696997,
    0.18930099274103457,
    0.15622337019214264,
    0.1637822902546479,
    0.14163359971000597,
    0.13394189540010232,
    0.14493072806642607,
    0.14061181963636324,
    0.124334380747034,
    0.13010721338483003,
    0.12357284185978082,
    0.12487998891335267,
    0.12448419401278862,
    0.12241594206828338,
    0.13087767434234804,
    0.12347971562009591,
    0.12094988258412251,
    0.126491700227444,
    0.12667243411907783,
    0.13773643067823008,
    0.1251138675098236,
    0.11846267131085579,
    0.1179960252573857,
    0.11372596455308107,
    0.12457990732330543,
    0.11575784863760838,
    0.11793762316497472,
    0.12203363544092728,
    0.11696459567890717,
    0.12458566046104981,
    0.1119385317254525,
    0.11661534684781845,
    0.11642938279188596,
    0.11327137697774631,
    0.12006938357192737,
    0.1173317670249022,
    0.11815072338168438,
    0.12068561106347121,
    0.11952467864522567,
    0.12495319401988617,
    0.11500955917514287,
    0.12127299348895366,
    0.10797011483317384,
    0.1179643588570448,
    0.10985359592506519,
    0.11995194150278202,
    0.12849189197787872,
    0.11620964281834088,
    0.1267255236609624,
    0.1318622914930949,
    0.13186447580273336,
    0.10821594913991597,
    0.11482553599545589,
    0.11859415020220555,
    0.11790298598890121,
    0.11530139347395071,
    0.13277023514876,
    0.12429571409638111,
    0.12450951337814331,
    0.1285817315801978,
    0.1338578058549991,
    0.12510410861040538,
    0.11515088465351325,
    0.11230420210183813,
    0.12530414756530753,
    0.12016153113486674,
    0.1246251158702832,
    0.13270308467774436
  ],
  "train_transduce": [
    1.0249999019595766,
    0.4048993738809812,
    0.2373047091604508,
    0.161900424696121,
    0.12281277668230313,
    0.09734322960229264,
    0.08488317123931094,
    0.07039277005902271,
    0.06377943034869493,
    0.05482940796340249,
    0.048756015458211455,
    0.0433829922862735,
    0.04016628462494802,
    0.038793149020177185,
    0.03346823733876046,
    0.03142153723261405,
    0.028294564191175185,
    0.02709405015213127,
    0.027504392544326094,
    0.024197468025245004,
    0.020872686850387102,
    0.024233233742895967,
    0.020085652627665356,
    0.01725276673726315,
    0.015528379123389106,
    0.017533585765235817,
    0.01614107444675966,
    0.01642473221794923,
    0.013275491922239284,
    0.014403444803055837,
    0.012318531893789,
    0.014759515578973769,
    0.013219688207717593,
    0.011371224126106454,
    0.01127033429184314,
    0.012874842497169702,
    0.010964722931265025,
    0.010004260234616352,
    0.009910771511639133,
    0.009879272756978063,
    0.01070827772821655,
    0.00969086173674591,
    0.008706610947463316,
    0.011405652726174706,
    0.01095943205471429,
    0.008427376736173905,
    0.007854552945534977,
    0.0068280404717445415,
    0.009450694854844111,
    0.010067195453940286,
    0.007383545917955698,
    0.007694353579937183,
    0.00805778753644902,
    0.007314263564563289,
    0.006237046733995439,
    0.006563927232379036,
    0.00712678329203009,
    0.007474111157263024,
    0.007982892317327758,
    0.007087300278632853,
    0.0055988642378691006,
    0.005744568742247606,
    0.006388517244858187,
    0.00596070550061095,
    0.0059424103284194665,
    0.005392549678589669,
    0.00451844336015542,
    0.0044121507892190695,
    0.005741183039193407,
    0.004785295657167864,
    0.006889062630583907,
    0.006679753697304458,
    0.005737650480911078,
    0.00455138743459007,
    0.004829177390796027
  ],