{
  "epoch": [
    1,
    2,
    3,
    4,
    5,
    6,
    7,
    8,
    9,
    10,
    11,
    12,
    13,
    14,
    15,
    16,
    17,
    18,
    19,
    20,
    21,
    22,
    23,
    24,
    25,
    26,
    27,
    28,
    29,
    30,
    31,
    32,
    33,
    34,
    35,
    36,
    37,
    38,
    39,
    40,
    41,
    42,
    43,
    44,
    45,
    46,
    47
  ],
  "train_loss": [
    0.9806191847496426,
    0.47578905046600656,
    0.3364733303176988,
    0.24371361102640016,
    0.1785052099178747,
    0.14301071680851818,
    0.11039657996410561,
    0.09350178083500911,
    0.08452947714279607,
    0.0723202323790678,
    0.06397972346197084,
    0.05623010097589997,
    0.05308820491599053,
    0.04905200860050229,
    0.04293075915829269,
    0.041685148531129375,
    0.04132972480537197,
    0.0367790236925111,
    0.03588889019333364,
    0.0315538516373748,
    0.03010412440491245,
    0.030182101146903697,
    0.026769850453477084,
    0.026079348278875203,
    0.02562999210594049,
    0.026211303471558794,
    0.024255533133796657,
    0.024200852584698687,
    0.022829075119477342,
    0.021034902657775842,
    0.020570056903003186,
    0.019493368285055244,
    0.020518173924503252,
    0.019314140000995055,
    0.018710773109371977,
    0.020316598815699444,
    0.01704381613214452,
    0.01859106416706015,
    0.01836823628250433,
    0.015979047762662096,
    0.01827861280864604,
    0.017264647345711506,
    0.016000092308608257,
    0.015125483416078478,
    0.015311017751900153,
    0.015112339837006149,
    0.017086892957035835
  ],
  "val_loss": [
    0.34426066737908584,
    0.25420722594627965,
    0.22341997004472292,
    0.17147787029926592,
    0.1530551933325254,
    0.1448613004042552,
    0.13786857689802462,
    0.12227272471556297,
    0.11412089289380954,
    0.10493958512177834,
    0.1046505392743991,
    0.09769564752395336,
    0.0850477973715617,
    0.08479894482745574,
    0.09448388448128334,
    0.08379497450704758,
    0.08381083693641883,
    0.08042108475302275,
    0.07634076970414473,
    0.07418511141664706,
    0.08373763799094237,
    0.07017676474956366,
    0.09086826105172244,
    0.08402086697662106,
    0.07982525186469921,
    0.07984959971732818,
    0.07356186422447746,
    0.07894830387802078,
    0.0780701541270201,
    0.07970928989995557,
    0.07718028715596749,
    0.07501768621687706,
    0.07868242987359945,
    0.07148551853158726,
    0.07589628816080782,
    0.0774032070588034,
    0.08287436004656439,
    0.08274572908591765,
    0.08474683245787254,
    0.09798374757743798,
    0.07499485459321967,
    0.07668879821609992,
    0.07494988742445667,
    0.07830706833360287,
    0.0771541848886185,
    0.08124841867874448,
    0.08183380968582171
  ],
  "train_transduce": [
    0.9806191847496426,
    0.47578905046600656,
    0.3364733303176988,
    0.24371361102640016,
    0.1785052099178747,
    0.14301071680851818,
    0.11039657996410561,
    0.09350178083500911,
    0.08452947714279607,
    0.0723202323790678,
    0.06397972346197084,
    0.05623010097589997,
    0.05308820491599053,
    0.04905200860050229,
    0.04293075915829269,
    0.041685148531129375,
    0.04132972480537197,
    0.0367790236925111,
    0.03588889019333364,
    0.0315538516373748,
    0.03010412440491245,
    0.030182101146903697,
    0.026769850453477084,
    0.026079348278875203,
    0.02562999210594049,
    0.026211303471558794,
    0.024255533133796657,
    0.024200852584698687,
    0.022829075119477342,
    0.021034902657775842,
    0.020570056903003186,
    0.019493368285055244,
    0.020518173924503252,
    0.019314140000995055,
    0.018710773109371977,
    0.020316598815699444,
    0.01704381613214452,
    0.01859106416706015,
    0.01836823628250433,
    0.015979047762662096,
    0.01827861280864604,
    0.017264647345711506,
    0.016000092308608257,
    0.015125483416078478,
    0.015311017751900153,
    0.015112339837006149,
    0.017086892957035835
  ],
  "val_transduce": [
    0.34426066737908584,
    0.25420722594627965,
    0.22341997004472292,
    0.17147787029926592,
    0.1530551933325254,
    0.1448613004042552,
    0.13786857689802462,
    0.12227272471556297,
    0.11412089289380954,
    0.10493958512177834,
    0.1046505392743991,
    0.09769564752395336,
    0.0850477973715617,
    0.08479894482745574,
    0.09448388448128334,
    0.08379497450704758,
    0.08381083693641883,
    0.08042108475302275,
    0.07634076970414473,
    0.07418511141664706,
    0.08373763799094237,
    0.07017676474956366,
    0.09086826105172244,
    0.08402086697662106,
    0.07982525186469921,
    0.07984959971732818,
    0.07356186422447746,
    0.07894830387802078,
    0.0780701541270201,
    0.07970928989995557,
    0.07718028715596749,
    0.07501768621687706,
    0.07868242987359945,
    0.07148551853158726,
    0.07589628816080782,
    0.0774032070588034,
    0.08287436004656439,
    0.08274572908591765,
    0.08474683245787254,
    0.09798374757743798,
    0.07499485459321967,
    0.07668879821609992,
    0.07494988742445667,
    0.07830706833360287,
    0.0771541848886185,
    0.08124841867874448,
    0.08183380968582171
  ],
  "l0": [
    0.0,
    0.0,
    0.0,
    0.0,
    0.0,
    0.0,
    0.0,
    0.0,
    0.0,
    0.0,
    0.0,
    0.0,
    0.0,
    0.0,
    0.0,
    0.0,
    0.0,
    0.0,
    0.0,
    0.0,
    0.0,
    0.0,
    0.0,
    0.0,
    0.0,
    0.0,
    0.0,
    0.0,
    0.0,
    0.0,
    0.0,
    0.0,
    0.0,
    0.0,
    0.0,
    0.0,
    0.0,
    0.0,
    0.0,
    0.0,
    0.0,
    0.0,
    0.0,
    0.0,
    0.0,
    0.0,
    0.0
  ],
  "lambda_l0_effective": [
    0.01,
    0.01,
    0.01,
    0.01,
    0.01,
    0.01,
    0.01,
    0.01,
    0.01,
    0.01,
    0.01,
    0.01,
    0.01,
    0.01,
    0.01,
    0.01,
    0.01,
    0.01,
    0.01,
    0.01,
    0.01,
    0.01,
    0.01,
    0.01,
    0.01,
    0.01,
    0.01,
    0.01,
    0.01,
    0.01,
    0.01,
    0.01,
    0.01,
    0.01,
    0.01,
    0.01,
    0.01,
    0.01,
    0.01,
    0.01,
    0.01,
    0.01,
    0.01,
    0.01,
    0.01,
    0.01,
    0.01
  ],
  "recon_loss": [],
  "balance_loss": []
}