{
  "epoch": [
    1,
    2,
    3,
    4,
    5,
    6,
    7,
    8,
    9,
    10,
    11,
    12,
    13,
    14,
    15,
    16,
    17,
    18,
    19,
    20,
    21,
    22,
    23,
    24,
    25,
    26,
    27,
    28,
    29,
    30,
    31,
    32,
    33,
    34,
    35,
    36,
    37,
    38,
    39,
    40,
    41,
    42,
    43,
    44,
    45,
    46,
    47,
    48,
    49,
    50,
    51,
    52,
    53,
    54,
    55,
    56,
    57,
    58,
    59,
    60,
    61,
    62,
    63,
    64,
    65,
    66,
    67,
    68,
    69,
    70,
    71,
    72,
    73,
    74,
    75,
    76,
    77,
    78,
    79,
    80,
    81,
    82,
    83,
    84,
    85,
    86,
    87,
    88,
    89,
    90,
    91,
    92,
    93,
    94,
    95,
    96,
    97,
    98,
    99,
    100,
    101,
    102,
    103,
    104,
    105,
    106,
    107
  ],
  "train_loss": [
    1.10447994673375,
    0.5376980192575258,
    0.36904416640394744,
    0.27450008905425516,
    0.22095358033770138,
    0.18483125925371327,
    0.16071969097883432,
    0.13896647792731978,
    0.12484868126201261,
    0.11219519829934406,
    0.10020740481919234,
    0.0905166749372003,
    0.08437987155828279,
    0.07917055193834084,
    0.07562640267088241,
    0.06636113358527115,
    0.06343890366518927,
    0.060319810731278865,
    0.054233774504403476,
    0.051787135940160337,
    0.047260513068320825,
    0.0445627370494005,
    0.04239688411393424,
    0.03992587247306539,
    0.040093005404413976,
    0.03546815202811483,
    0.034118843581719495,
    0.031782537650739406,
    0.033615429592846906,
    0.03180408100453541,
    0.029904955023534827,
    0.02755598229903382,
    0.025047739266811572,
    0.026608884348966105,
    0.027895194859983225,
    0.026470677888731368,
    0.02343961282047568,
    0.023712666434015043,
    0.023812598402410286,
    0.019594677301488585,
    0.02038103782154197,
    0.020096533374918492,
    0.018788368041511894,
    0.019400013937163597,
    0.01885473854796596,
    0.02020771647491444,
    0.018118216161683354,
    0.01844691923224204,
    0.01703894451697424,
    0.014795881208781269,
    0.015677580582314006,
    0.014896995008721487,
    0.01532829282253251,
    0.01512868645764196,
    0.016328832045792767,
    0.014337321968398719,
    0.016068083024103695,
    0.01662435947638965,
    0.012693996178754365,
    0.013824478285051114,
    0.014775401234540358,
    0.013982677214164478,
    0.014248768202528433,
    0.011596404859728958,
    0.012518035122505437,
    0.011729050815326268,
    0.012288614187015164,
    0.010205990800480406,
    0.011668760039646793,
    0.011637882892397646,
    0.012729384507935917,
    0.011610133716231692,
    0.01140620092532511,
    0.010597799888442358,
    0.010588839459629039,
    0.011103147936063176,
    0.011393807299456741,
    0.009343335561012639,
    0.009158886983191365,
    0.009736125158222834,
    0.008914957667002454,
    0.007723609372894231,
    0.009342291606014077,
    0.008798551487828815,
    0.00940126243327053,
    0.008757283748187529,
    0.008505947276417012,
    0.008737094103257874,
    0.00859911614379692,
    0.00812129798788126,
    0.008564991381717846,
    0.008339992603143082,
    0.006591085097170435,
    0.007320307976189405,
    0.006511050295210732,
    0.007699770263495817,
    0.00713409171961776,
    0.007469783774121021,
    0.006663753391848397,
    0.006451190504954753,
    0.006295602014810375,
    0.007190454307644743,
    0.006752878204726172,
    0.006197473358305306,
    0.005998048115252834,
    0.0063485339226635636,
    0.0070099032880947204
  ],
  "val_loss": [
    0.5048769391500033,
    0.36037389360941374,
    0.3148438953436338,
    0.29548898797768813,
    0.2791584157026731,
    0.2555488840891765,
    0.2603550266761046,
    0.22376087537178627,
    0.2202177345752716,
    0.2068683676994764,
    0.23175743107612318,
    0.20103335208617723,
    0.1857120068027423,
    0.18639406217978552,
    0.1783357709646225,
    0.19304683059453964,
    0.1865088423857322,
    0.17401258991314814,
    0.17336023054443872,
    0.16783316891926986,
    0.16178902410543883,
    0.16842279812464347,
    0.16432328751453987,
    0.1760705033173928,
    0.15777258660930854,
    0.1644872071651312,
    0.16112410449064696,
    0.17291599196883348,
    0.1477990265075977,
    0.1581572603720885,
    0.1442659362577475,
    0.14289586933759543,
    0.1450580031825946,
    0.15171299616877848,
    0.14877126466196317,
    0.1394086043135478,
    0.1404010197864129,
    0.13308954726044947,
    0.14309544230882937,
    0.1390262547020729,
    0.1390705628034014,
    0.13849240455489892,
    0.12927048982909092,
    0.13944018145020193,
    0.13340308660498032,
    0.13032540700470024,
    0.12755338561076385,
    0.13383939088537142,
    0.12810933776199818,
    0.12923937169118568,
    0.11625811034956804,
    0.13389066535119826,
    0.12948800028803256,
    0.1259346233967405,
    0.12901297885064894,
    0.12345928097000489,
    0.1371571306998913,
    0.13956775387319234,
    0.13328108807595876,
    0.12721133747926125,
    0.1185248985600013,
    0.13380639935628727,
    0.1269616040472801,
    0.12517760013445065,
    0.11989687275714599,
    0.10984942617897804,
    0.11419917822170716,
    0.11725220897306617,
    0.12481801491230726,
    0.12381852511316538,
    0.11571249863705955,
    0.11494655015233618,
    0.10900631124297014,
    0.12550829401096472,
    0.10756860909840235,
    0.11199836203685173,
    0.10986219625920057,
    0.10634083759326202,
    0.11464104550675704,
    0.10987713782546613,
    0.11078103561885655,
    0.10344664852779645,
    0.11125601684817901,
    0.11164014822301957,
    0.10712278777590165,
    0.1111244883459921,
    0.11749727207307632,
    0.10800065268547489,
    0.11664705393979183,
    0.12175856774243024,
    0.11310187254387599,
    0.11324730010416645,
    0.12106402087598465,
    0.12475558318412648,
    0.11793481383042839,
    0.12159814076641431,
    0.11984478743173756,
    0.1225778078302168,
    0.11784408861198105,
    0.11539335552459726,
    0.12673316430300474,
    0.13645653369335028,
    0.12931310338899493,
    0.12449616129295184,
    0.12632241229025218,
    0.1237192413984583,
    0.11858884803950787
  ],