{
  "epoch": [
    1,
    2,
    3,
    4,
    5,
    6,
    7,
    8,
    9,
    10,
    11,
    12,
    13,
    14,
    15,
    16,
    17,
    18,
    19,
    20,
    21,
    22,
    23,
    24,
    25,
    26,
    27,
    28,
    29,
    30,
    31,
    32,
    33,
    34,
    35,
    36,
    37,
    38,
    39,
    40,
    41,
    42,
    43,
    44,
    45,
    46,
    47,
    48,
    49,
    50,
    51,
    52,
    53,
    54,
    55,
    56,
    57,
    58,
    59,
    60,
    61,
    62,
    63,
    64,
    65,
    66,
    67,
    68,
    69,
    70,
    71,
    72,
    73,
    74,
    75,
    76,
    77,
    78,
    79,
    80,
    81,
    82,
    83,
    84,
    85,
    86,
    87,
    88,
    89,
    90,
    91,
    92,
    93,
    94,
    95,
    96,
    97,
    98,
    99,
    100
  ],
  "train_loss": [
    1.2179642295100026,
    0.6460550307613058,
    0.4829040721212466,
    0.3717638176587439,
    0.29629275847956077,
    0.24063376613806203,
    0.20052378102368915,
    0.17635316036872029,
    0.15281929110282474,
    0.13704752499602504,
    0.12575367661481052,
    0.1144291256967279,
    0.10307454784429565,
    0.09119323383747917,
    0.08878385559799745,
    0.08041261806700033,
    0.07373020260297146,
    0.07065530818378188,
    0.06434073628492884,
    0.06019918720439537,
    0.058099324718962626,
    0.05131347799078398,
    0.048153684839375856,
    0.04821028903165122,
    0.04356206111014657,
    0.042142722880486976,
    0.038887425445826705,
    0.039396255593938924,
    0.03525073317446045,
    0.03414289468476914,
    0.032645725030644036,
    0.03173267448167365,
    0.02810947808494657,
    0.027529152537475236,
    0.02491841984183057,
    0.02795190963241243,
    0.024905859447113172,
    0.02381910980659892,
    0.022967077693277875,
    0.021798719229541488,
    0.020954709704101238,
    0.019505622040614793,
    0.01833821606783907,
    0.01878536885037788,
    0.017750501296646203,
    0.01732702762579795,
    0.01709947223563861,
    0.01530952420392909,
    0.01482387573083805,
    0.015081411556427166,
    0.014780233682555714,
    0.014306807942141193,
    0.013533625316076442,
    0.013360477795526769,
    0.013072316244378993,
    0.01360979389048844,
    0.011377914068193088,
    0.01252488458538716,
    0.011460851543083711,
    0.011215974556968654,
    0.011165720408244692,
    0.01166299132980675,
    0.01015105995363988,
    0.010351397214726228,
    0.008474908182853545,
    0.010964945911012167,
    0.010790143472252932,
    0.009290873047238043,
    0.008390565242584719,
    0.010835348178402126,
    0.009426960714411028,
    0.008613444203462875,
    0.008907208167563779,
    0.00878910766794471,
    0.008050676818082551,
    0.007481752055308292,
    0.007644707642462028,
    0.007520847683220372,
    0.008795997509540817,
    0.007220300692181612,
    0.008834708635047194,
    0.007898422468756085,
    0.006903661258960354,
    0.00655806963914074,
    0.006799418991671626,
    0.0070014523654892925,
    0.006603430801481681,
    0.006639075204465999,
    0.00629192932608499,
    0.007343853503398444,
    0.006007089704447954,
    0.006377156961891685,
    0.0061333959216501605,
    0.0057168077080709786,
    0.0058644910024349415,
    0.0060110552045612685,
    0.006554951569060651,
    0.005327817203822671,
    0.005763361176485484,
    0.005518578292655557
  ],
  "val_loss": [
    0.5927115449538598,
    0.42991864681243896,
    0.36106547484031093,
    0.30011171446396756,
    0.2761889501259877,
    0.2537044779612468,
    0.2243678615643428,
    0.20552567908397087,
    0.20187161748225874,
    0.1847990688223105,
    0.17833767716701215,
    0.17394929837722045,
    0.1572431790140959,
    0.15866867452859879,
    0.15837338394843614,
    0.1455250044281666,
    0.14781073996653923,
    0.13836537645413324,
    0.1350313427929695,
    0.13949821488215372,
    0.1301467464520381,
    0.13047246291087225,
    0.13126876463110632,
    0.12300647279390922,
    0.11748851749759454,
    0.12140369873780471,
    0.11761504211104833,
    0.11933779057401878,
    0.11684867882957825,
    0.11500091936725837,
    0.11137631435233813,
    0.10988261593649021,
    0.11065552913798736,
    0.11301675352912682,
    0.11295667047110888,
    0.11002048692451073,
    0.11148757229630764,
    0.10599238740710112,
    0.1086277963163761,
    0.10684818960726261,
    0.1078724475720754,
    0.10769921756134583,
    0.10316785124058907,
    0.10250869228576238,
    0.10528441060047883,
    0.1022250408736559,
    0.09708763415423724,
    0.10141808396348587,
    0.10210510723006266,
    0.10124838481155726,
    0.09881679842678401,
    0.10583660264427845,
    0.09896814056600516,
    0.10334472802396004,
    0.1055611026688264,
    0.09631488293122786,
    0.09953122363927272,
    0.09873582540939634,
    0.09700681376629151,
    0.1018544973518986,
    0.10824204458353612,
    0.10866220374233447,
    0.10469876881688833,
    0.10719716376983203,
    0.10159188867188416,
    0.09889936830418614,
    0.09876749707529178,
    0.09412785805761814,
    0.1014290596716679,
    0.10206859917021714,
    0.10236512446919313,
    0.09775183776106972,
    0.09665888714460799,
    0.09778762863089259,
    0.09210768435150385,
    0.09643359878100455,
    0.09816309415663664,
    0.09663151777707614,
    0.10445638104843405,
    0.0965539779370794,
    0.10039140670918502,
    0.09905315484278478,
    0.09569770635034029,
    0.09975832141935825,
    0.10544001325391807,
    0.09509763880991019,
    0.1015049832729766,
    0.102184033809373,
    0.10196044489454764,
    0.10275426327895659,
    0.10359843540936708,
    0.1090481081404365,
    0.10411407175258948,
    0.10719851787703541,
    0.10176626990477626,
    0.10400190784667547,
    0.09854734810785605,
    0.0954968400227909,
    0.09769185360234517,
    0.09808510570571972
  ],