{
  "epoch": [
    1,
    2,
    3,
    4,
    5,
    6,
    7,
    8,
    9,
    10,
    11,
    12,
    13,
    14,
    15,
    16,
    17,
    18,
    19,
    20,
    21,
    22,
    23,
    24,
    25,
    26,
    27,
    28,
    29,
    30,
    31,
    32,
    33,
    34,
    35,
    36,
    37,
    38,
    39,
    40,
    41,
    42,
    43,
    44,
    45,
    46,
    47,
    48,
    49,
    50,
    51,
    52,
    53,
    54,
    55,
    56,
    57,
    58,
    59,
    60,
    61,
    62,
    63,
    64,
    65,
    66,
    67,
    68,
    69,
    70,
    71,
    72,
    73,
    74,
    75,
    76,
    77,
    78,
    79,
    80,
    81,
    82,
    83,
    84,
    85,
    86,
    87,
    88,
    89,
    90,
    91,
    92,
    93,
    94,
    95,
    96,
    97,
    98
  ],
  "train_loss": [
    1.3485013206594998,
    0.8255747280170008,
    0.6547766377016441,
    0.5619922026838224,
    0.4869070985575312,
    0.4205829353676629,
    0.3706744926184723,
    0.32016793054710957,
    0.28411153473497663,
    0.2553758085081258,
    0.23445243499789042,
    0.21237091051856266,
    0.1924955210427648,
    0.17668225086226905,
    0.16239696664294018,
    0.15042807219415597,
    0.14164900288139423,
    0.13048819515892526,
    0.12637635013184598,
    0.11916826077804123,
    0.10822522200490396,
    0.10320666376693347,
    0.09679470587637007,
    0.09028178553298577,
    0.08483591412683737,
    0.08237908160333167,
    0.08047336977474469,
    0.07531627476906654,
    0.07043739713574808,
    0.0680406319227108,
    0.06555655580398041,
    0.06359947956714433,
    0.0589074838484071,
    0.05755763990593325,
    0.05490674320416352,
    0.05180693661659649,
    0.052625949033680036,
    0.04948912859539088,
    0.048876458500540745,
    0.04773187341610181,
    0.044860122168494256,
    0.04394448850515116,
    0.04344237682207958,
    0.03928924571319493,
    0.03860589707289467,
    0.03687565270139231,
    0.03557422736986089,
    0.035797505591487144,
    0.033982544839766225,
    0.033971399769724644,
    0.03302249418014718,
    0.031600068820179586,
    0.03160375147126615,
    0.030241906402882227,
    0.029727877081688687,
    0.02877539051840677,
    0.02984423341815235,
    0.029535958276984773,
    0.02706132102853705,
    0.02521769598980924,
    0.02581176174247695,
    0.024730638975335152,
    0.024813306119446595,
    0.026750741718509764,
    0.02374981217009505,
    0.021812217942554234,
    0.022085910518989733,
    0.02175621397207616,
    0.023348338011479407,
    0.02154673022678909,
    0.020623575046312872,
    0.0216329429615481,
    0.021195524043317156,
    0.019142334246239866,
    0.01938937686518142,
    0.019043439143510133,
    0.020522115071611384,
    0.019149919062103962,
    0.021333568681453922,
    0.01845840757746326,
    0.01951153978186938,
    0.019526669609158772,
    0.017766366457115358,
    0.017924096911171087,
    0.018371535970987847,
    0.01859382821424605,
    0.01734733196652312,
    0.018229350025199122,
    0.016634895505873274,
    0.015124013595830304,
    0.016337835052909963,
    0.015164951653430988,
    0.014317338960965346,
    0.01463371363034011,
    0.016476242523400363,
    0.015240411110913631,
    0.016079750147254504,
    0.015562639015453109
  ],
  "val_loss": [
    0.6776071374232953,
    0.49692439803710353,
    0.4102606108555427,
    0.36166134018164414,
    0.3223951137982882,
    0.27480199474554795,
    0.26969813383542574,
    0.24380565148133498,
    0.2230882174693621,
    0.22056247293949127,
    0.20329976654969728,
    0.19232829946738023,
    0.19178037574658027,
    0.17926964163780212,
    0.16850039248283094,
    0.1683924782734651,
    0.1564931680376713,
    0.15831523159375557,
    0.13880367806324592,
    0.13059090077877045,
    0.12515249705085388,
    0.12737687361928132,
    0.1238617690709921,
    0.11390787105147655,
    0.11265679735403794,
    0.11426974517794755,
    0.10771362426189277,
    0.10644740697283012,
    0.10824746781816849,
    0.09896004945039749,
    0.09769388488852061,
    0.09863384870382455,
    0.09420847290983567,
    0.09248292489120594,
    0.09392357488664296,
    0.09083753466033019,
    0.09029445539300258,
    0.0882198574164739,
    0.08942125637370807,
    0.09005474370832627,
    0.08476070801799114,
    0.08364490161721523,
    0.0834695277019189,
    0.08288689960653965,
    0.08175609576014373,
    0.08125671350325529,
    0.08103274224469295,
    0.07970176766125056,
    0.07540582829656509,
    0.08247587994600718,
    0.07753950529373609,
    0.07963419684137289,
    0.0750580126992785,
    0.07587938325909468,
    0.07764233197443761,
    0.07775655861657399,
    0.07876017818657252,
    0.07844493323220657,
    0.07531922167310348,
    0.07791616918089297,
    0.07763696898921178,
    0.07944448492847957,
    0.08179015279389344,
    0.0761461743296912,
    0.07627095561474562,
    0.07509716886740464,
    0.0775615178191891,
    0.07442466284220035,
    0.08161176214567743,
    0.07897646940098359,
    0.07826992855049096,
    0.07465442957786414,
    0.07348005326751333,
    0.07396648688098559,
    0.07575382865392245,
    0.07713876177485172,
    0.07533367440247765,
    0.07765626617205831,
    0.07973158158935033,
    0.07558569355079761,
    0.08097257776758991,
    0.07837117889609474,
    0.08211536848774323,
    0.08226818233155288,
    0.094542737906942,
    0.08874352792134652,
    0.08079027875254934,
    0.08524348425607269,
    0.08198050352243277,
    0.08618003566964315,
    0.07762712243801126,
    0.08381835374837884,
    0.08116024313494563,
    0.08521188781238519,
    0.09111591034497206,
    0.08182378614751193,
    0.08378092314188297,
    0.09232910263996857
  ],