{
  "epoch": [
    1,
    2,
    3,
    4,
    5,
    6,
    7,
    8,
    9,
    10,
    11,
    12,
    13,
    14,
    15,
    16,
    17,
    18,
    19,
    20,
    21,
    22,
    23,
    24,
    25,
    26,
    27,
    28,
    29,
    30,
    31,
    32,
    33,
    34,
    35,
    36,
    37,
    38,
    39,
    40,
    41,
    42,
    43,
    44,
    45,
    46,
    47,
    48,
    49,
    50,
    51,
    52,
    53,
    54,
    55,
    56,
    57,
    58,
    59,
    60,
    61,
    62,
    63,
    64
  ],
  "train_loss": [
    1.1120629688513648,
    0.6223389704510108,
    0.4865435337282948,
    0.3871535006718537,
    0.31873095281345326,
    0.26220180255543324,
    0.22406413014402093,
    0.20100265641495124,
    0.1737551508260142,
    0.15594652775175794,
    0.14023108085252575,
    0.12853853892266137,
    0.11660896879188794,
    0.10455477153210296,
    0.09942432725322001,
    0.09340442743958886,
    0.08662213237245672,
    0.08288881451505975,
    0.07791490161541811,
    0.07282073963817555,
    0.06884711123426858,
    0.06463816428806671,
    0.06176413801143464,
    0.05624388301380209,
    0.05348484301651569,
    0.04536902589108987,
    0.04070724503223583,
    0.03950943221750947,
    0.03711863405781692,
    0.03484417289044209,
    0.032761406945544726,
    0.030348821430342253,
    0.02831677695227422,
    0.028725708758016836,
    0.027962524549478722,
    0.026726573906099598,
    0.025524575347272854,
    0.025199579172191622,
    0.02471209190709075,
    0.023588982113089758,
    0.022406722598987603,
    0.02352400513164238,
    0.021323666907846928,
    0.021180709594735857,
    0.02195037542914338,
    0.021921314829576415,
    0.02011115048332716,
    0.020827819356819634,
    0.01899615444780625,
    0.017616198485784385,
    0.019774360424411705,
    0.018300662537887886,
    0.01779803559880166,
    0.01637206316359111,
    0.016001162649679584,
    0.0165752964328312,
    0.015987468174101842,
    0.015717034491580746,
    0.01575055966194546,
    0.015400539427160373,
    0.0166249549377604,
    0.015558205950001888,
    0.015373381668732972,
    0.01432772378794868
  ],
  "val_loss": [
    0.40707301176511324,
    0.30917980120732236,
    0.24826997289290795,
    0.2156003644833198,
    0.19476807575959426,
    0.1913264118708097,
    0.18286014405580667,
    0.18036146805836603,
    0.17297503867974648,
    0.1696109215800579,
    0.1418089889563047,
    0.1624388866699659,
    0.13909846945450857,
    0.14576219824644235,
    0.12577380641148642,
    0.1206589498772071,
    0.11250510725837487,
    0.11465176624747422,
    0.11761305796412322,
    0.10827325857602633,
    0.10085190460085869,
    0.10031803854956077,
    0.10706939404973617,
    0.10523803345859051,
    0.10462172257785614,
    0.10108636505901814,
    0.09144277956623298,
    0.08782829229648297,
    0.08828550426719281,
    0.08783057833520266,
    0.08733781362668826,
    0.09484445905456176,
    0.0888833675103692,
    0.0850355917444596,
    0.08690594566556123,
    0.08407524099143651,
    0.0842020117606108,
    0.091894760226401,
    0.0817734321507697,
    0.08426793234852645,
    0.09720492821473342,
    0.09133246469383056,
    0.08686060064400618,
    0.0921879201554335,
    0.09350318733889323,
    0.0920107986849661,
    0.09358003114063579,
    0.09430842463356945,
    0.08603098506752688,
    0.08314234321005642,
    0.09089823726278085,
    0.08838553690853027,
    0.08714850802117816,
    0.08824894808304425,
    0.0931665591107538,
    0.08759603074465233,
    0.08682840867326237,
    0.08999127815835752,
    0.09900227760394606,
    0.09045834545171462,
    0.08917537036065298,
    0.08712174476554188,
    0.0839725663849654,
    0.0856613469345925
  ],
  "train_transduce": [
    1.109527139319587,
    0.6222182742713653,
    0.48595855853606745,
    0.38674706090049643,
    0.3183054615234591,
    0.2617468675694515,
    0.22344016706206135,
    0.20043263184962815,
    0.17308495355021095,
    0.1553160302801845,
    0.1397169400966659,
    0.12796736677590104,
    0.11581810053015493,
    0.1037249776928388,
    0.09880814088758119,
    0.09281788386174084,
    0.08575046313062464,
    0.08231479282846156,
    0.07732354183249253,
    0.07215567586040988,
    0.0681281521167491,
    0.0638975737443597,
    0.06117906906286773,
    0.05548652211569019,
    0.052106694327955394,
    0.045052118018538374,
    0.04062468306036647,
    0.03950658906251192,
    0.03709350147563004,
    0.03484337177300423,
    0.03276474019464528,
    0.03035204805500959,
    0.02832489182270065,
    0.02873319467366433,
    0.027970254502844873,
    0.026736590676441713,
    0.025528752306217,
    0.02519930062633123,
    0.024711616187279604,
    0.023593043408010963,
    0.022407880999848785,
    0.023527775119423635,
    0.021314449951571134,
    0.0211818217751138,
    0.021954992814853636,
    0.021926191284983736,
    0.02011533622982787,
    0.020830378237602868,
    0.018998873942128392,
    0.017620100241908132,
    0.019777363242423067,
    0.01830359902616936,
    0.01780147534571876,
    0.016374341489449527,
    0.01600349414193542,
    0.016577354845346056,
    0.01599006789746051,
    0.015720561459377294,
    0.015751722372573867,
    0.015400804428038062,
    0.016625477681560537,
    0.015556814465263724,
    0.015372793247188758,
    0.014328163708848207
  ],
  "val_transduce": [
    0.40687071130825925,
    0.3091552280462705,
    0.24824868486477777,
    0.21172717328254992,
    0.192329085790194,
    0.1880241735623433,
    0.17958890704008248,
    0.1757904038979457,
    0.16758702981930512,
    0.1620138665804496,
    0.1400166629598691,
    0.14603867725684092,
    0.1367143071614779,
    0.1392131780202572,
    0.12131665818966351,
    0.11967042002540368,
    0.1116123408652269,
    0.11393448509849034,
    0.11411348157204114,
    0.10488631948828697,
    0.10045593231916428,
    0.09778416887498818,
    0.10495177899988797,
    0.10421420562152679,
    0.0984212150080846,
    0.09599949319202167,
    0.08831455615850595,
    0.08678711929286902,
    0.08798640027928811,
    0.08779923653659913,
    0.08699566061393572,
    0.0947295083449437,
    0.08837280723337944,
    0.0849743434586204,
    0.08684732678991097,
    0.0839911807471743,
    0.08420394461315411,
    0.09190587957318012,
    0.0817823289320446,
    0.08425654714497235,
    0.09719333403672163,
    0.09127494721458508,
    0.08686974952713801,
    0.09219662701854339,
    0.09351052078776635,
    0.092020499233443,
    0.09358821560342151,
    0.0943184018923113,
    0.08603961131750391,
    0.08315189179176322,
    0.09090613014996052,
    0.08839372402200332,
    0.08715521759138657,
    0.08825426190518416,
    0.09317217244265172,
    0.0876047802874102,
    0.08683734931624852,
    0.0899980585449017,
    0.09900788049428509,
    0.0904632078958317,
    0.08917963857619235,
    0.08712573575142485,
    0.08397621018453859,
    0.08566461310077172
  ],