{
  "epoch": [
    1,
    2,
    3,
    4,
    5,
    6,
    7,
    8,
    9,
    10,
    11,
    12,
    13,
    14,
    15,
    16,
    17,
    18,
    19,
    20,
    21,
    22,
    23,
    24,
    25,
    26,
    27,
    28,
    29,
    30,
    31,
    32,
    33,
    34,
    35,
    36,
    37,
    38,
    39,
    40,
    41,
    42,
    43,
    44,
    45,
    46,
    47,
    48,
    49,
    50,
    51,
    52,
    53,
    54,
    55,
    56,
    57,
    58,
    59,
    60,
    61,
    62,
    63,
    64,
    65,
    66,
    67,
    68,
    69,
    70,
    71,
    72,
    73,
    74,
    75,
    76,
    77,
    78,
    79,
    80,
    81,
    82,
    83,
    84,
    85,
    86,
    87,
    88,
    89,
    90,
    91,
    92,
    93,
    94,
    95,
    96,
    97,
    98,
    99,
    100,
    101,
    102,
    103
  ],
  "train_loss": [
    1.0711554596104573,
    0.5737602331281937,
    0.4207719564437866,
    0.3208470336094345,
    0.2565737205375101,
    0.20843231347725563,
    0.17405715346643605,
    0.15091420664000757,
    0.12815694053916588,
    0.11727732888509318,
    0.10618242634863582,
    0.09702679766438056,
    0.08706745526455727,
    0.0818099928155695,
    0.07258639165881983,
    0.06733595635549924,
    0.06224195875189046,
    0.05737941625729664,
    0.05436943426305793,
    0.050802742505503685,
    0.04935583929272042,
    0.046745125401150625,
    0.044488842023018095,
    0.039875052115620715,
    0.03941317406703824,
    0.037575023983288366,
    0.03552714412667088,
    0.03319847612574543,
    0.031785423488154545,
    0.031952787562724703,
    0.030272629798495584,
    0.02868427012653388,
    0.028063447387485774,
    0.02605081020287939,
    0.025696952224795504,
    0.024977914362512146,
    0.024446687236255437,
    0.023405200264118995,
    0.02190758626111159,
    0.021788577393138994,
    0.021597596003011484,
    0.02192032402837361,
    0.02057106998153799,
    0.020949300981040316,
    0.019506451286154695,
    0.018115866865684307,
    0.01983500696051405,
    0.018590966897258133,
    0.01831232523425607,
    0.018034235831138862,
    0.017810639143998244,
    0.01813117039843568,
    0.018108890886351314,
    0.016531355028549573,
    0.01624451174470356,
    0.014736211635460406,
    0.014679869291247781,
    0.015922337577836683,
    0.016317383001544082,
    0.015231997265538066,
    0.014863810957452647,
    0.01525092885659086,
    0.012903632731752988,
    0.013011589720749209,
    0.013807599312150563,
    0.012848494728647903,
    0.012781160329732583,
    0.014402714429528826,
    0.013250812095441116,
    0.013386648756178269,
    0.012614271169667584,
    0.0121176595260754,
    0.011960239212638363,
    0.011746841479817732,
    0.01248699800320181,
    0.013258475147202112,
    0.011848636537120611,
    0.010459053713273853,
    0.009795287253152695,
    0.009794191782874027,
    0.011481626790386537,
    0.009784962135527916,
    0.010940233585136683,
    0.011312988409100427,
    0.010826843647291097,
    0.011308264572979863,
    0.01142085094266504,
    0.009806060677180643,
    0.00808084545508219,
    0.010234607286696062,
    0.009225815036826162,
    0.009809928533642735,
    0.009071657260383009,
    0.009210842622554448,
    0.009924035304533221,
    0.00887962843029827,
    0.007859849476929965,
    0.00888697538295636,
    0.00900321829879234,
    0.008413325086687259,
    0.008775273853578106,
    0.008886652463655822,
    0.00876229435185057
  ],
  "val_loss": [
    0.46675604811081517,
    0.3498331102041098,
    0.28743310272693634,
    0.24069799368198103,
    0.23671078796570116,
    0.2048343293941938,
    0.1959026329792463,
    0.18199682579590723,
    0.17569828377320215,
    0.16622530783598238,
    0.1562974900007248,
    0.1503251355427962,
    0.15175245988827485,
    0.14198668186481184,
    0.13812288641929626,
    0.1429442107104338,
    0.1367239413353113,
    0.13156810890023524,
    0.12267905158492234,
    0.12687885703948829,
    0.12685223726125863,
    0.12092593426887806,
    0.1212267574782555,
    0.12145114374848512,
    0.11998474082121482,
    0.1176311789223781,
    0.1171566743690234,
    0.12253917524447808,
    0.12024420614425953,
    0.11493594070466664,
    0.11218348331749439,
    0.11590820765839173,
    0.11898190341889858,
    0.11579493161004323,
    0.11433931755331847,
    0.1213782295011557,
    0.11208914363613495,
    0.1150699772227269,
    0.11462337910555877,
    0.11197563353925943,
    0.11235515056894375,
    0.10846843864195622,
    0.10707905358419968,
    0.11169455902507672,
    0.11547833781402844,
    0.11038577886155018,
    0.1163606822060851,
    0.10975712870892423,
    0.12543700588867068,
    0.11242809726928289,
    0.11359890829771757,
    0.11001987010240555,
    0.11002120941590804,
    0.11162815332556,
    0.11067187463721403,
    0.1093331783150251,
    0.1136026568710804,
    0.11853184171307546,
    0.11570890606022798,
    0.11019957187370612,
    0.10698656024984442,
    0.11358431411477235,
    0.11542380988024749,
    0.12552581297663543,
    0.1076917750044511,
    0.1153367544309451,
    0.11120030344822086,
    0.11616514802265626,
    0.1153477096142104,
    0.1093091622281533,
    0.11263676983519243,
    0.11048078282664602,
    0.10748444221770534,
    0.1081316526262806,
    0.10786496772645758,
    0.10795950611981635,
    0.10459715944643204,
    0.10046789845308432,
    0.10856589667785627,
    0.10383642040408002,
    0.10965529245396073,
    0.10648576943920209,
    0.1061443005187007,
    0.10546585014806344,
    0.10980388153201112,
    0.10923660467736997,
    0.10301160214182276,
    0.11037155348234452,
    0.11592392071795005,
    0.11383349534410697,
    0.1034124896216851,
    0.10991535274885021,
    0.1084315897180484,
    0.10998677204434688,
    0.1075370189590523,
    0.11374763872187871,
    0.11874783497590286,
    0.11231077842127818,
    0.11392426340339276,
    0.12212550733238459,
    0.1131308707050406,
    0.11464595465132824,
    0.11200973817792076
  ],