{
  "epoch": [
    1,
    2,
    3,
    4,
    5,
    6,
    7,
    8,
    9,
    10,
    11,
    12,
    13,
    14,
    15,
    16,
    17,
    18,
    19,
    20,
    21,
    22,
    23,
    24,
    25,
    26,
    27,
    28,
    29,
    30,
    31,
    32,
    33,
    34,
    35,
    36,
    37,
    38
  ],
  "train_loss": [
    2.2408388033891335,
    0.9128412081645085,
    0.4953994763203156,
    0.32831313953949853,
    0.2288934548313801,
    0.17539237076655412,
    0.14217951889985647,
    0.11672616142493028,
    0.09865883823770744,
    0.0865262094216469,
    0.07229191336112145,
    0.0710577682329294,
    0.054642649071338846,
    0.05078593039741883,
    0.04827805028702968,
    0.04006009498276772,
    0.03942422395428786,
    0.04011633317822065,
    0.03255154055376083,
    0.03197573675081516,
    0.02854749966078462,
    0.02995902302268988,
    0.02591366447412815,
    0.030158065873174333,
    0.029506445776384612,
    0.024109992523414968,
    0.024022139582591945,
    0.022323979978234723,
    0.020472012502021898,
    0.020595840056641744,
    0.018876834537308568,
    0.02070726016894556,
    0.021843423989290994,
    0.018899738047128686,
    0.019932695089552838,
    0.0155536441036906,
    0.015274610295175359,
    0.017940718471669614
  ],
  "val_loss": [
    1.259988207083482,
    0.45487460035544175,
    0.22853264556481287,
    0.13222744373174813,
    0.09651950059028772,
    0.07768072273868781,
    0.07190076834880389,
    0.06663351634947154,
    0.05363588866132956,
    0.06580415969857803,
    0.05235160185167423,
    0.05334505797005617,
    0.048015326333160586,
    0.05545275049427381,
    0.051285615334144004,
    0.04887284453098591,
    0.05002962124462311,
    0.05166115962828581,
    0.04998553515626834,
    0.05293326348496171,
    0.05081737471314577,
    0.04989066064501038,
    0.049120635797198005,
    0.05167226690369157,
    0.04968017300304312,
    0.05493244217135585,
    0.05012180260382593,
    0.05313302078642524,
    0.05950591584237722,
    0.0517619839296318,
    0.054484676014488705,
    0.054249363127522744,
    0.05836741773125071,
    0.06847231150962986,
    0.06333093577995896,
    0.06464348067171298,
    0.06030939379706979,
    0.057609630891909965
  ],
  "train_transduce": [
    2.237378207842509,
    0.9128281883704357,
    0.4953947317905915,
    0.32830969798259246,
    0.22889204365320695,
    0.17539088630523436,
    0.14217859812271902,
    0.1167253620731525,
    0.09865821433755068,
    0.08652584820221632,
    0.07229157147499231,
    0.07105760594400076,
    0.05464227128869448,
    0.050785741315056115,
    0.048277825833513185,
    0.04005976530412833,
    0.039424126437650274,
    0.040115907005010505,
    0.03255136673553632,
    0.031975627017135806,
    0.028547367627899615,
    0.02995877780306798,
    0.025913601297025496,
    0.03015796874339382,
    0.029506160495563958,
    0.02410979566570276,
    0.024022017068301257,
    0.02232378450079033,
    0.02047194222298761,
    0.020595816095383503,
    0.01887681466431763,
    0.020707142010378914,
    0.021843227699924354,
    0.018899703222828416,
    0.019932695089552838,
    0.0155536441036906,
    0.015274610295175359,
    0.01794064911440588
  ],
  "val_transduce": [
    1.2599829251949604,
    0.45487460035544175,
    0.22853264556481287,
    0.13222744373174813,
    0.09651950059028772,
    0.07768072273868781,
    0.07190076834880389,
    0.06663351634947154,
    0.05363588866132956,
    0.06580415969857803,
    0.05235160185167423,
    0.05334505797005617,
    0.048015326333160586,
    0.05545275049427381,
    0.051285615334144004,
    0.04887284453098591,
    0.05002962124462311,
    0.05166115962828581,
    0.04998553515626834,
    0.05293326348496171,
    0.05081737471314577,
    0.04989066064501038,
    0.049120635797198005,
    0.05167226690369157,
    0.04968017300304312,
    0.05493244217135585,
    0.05012180260382593,
    0.05313302078642524,
    0.05950591584237722,
    0.0517619839296318,
    0.054484676014488705,
    0.054249363127522744,
    0.05836741773125071,
    0.06847231150962986,
    0.06333093577995896,
    0.06464348067171298,
    0.06030939379706979,
    0.057609630891909965
  ],
  "l0": [
    0.0,
    0.0,
    0.0,
    0.0,
    0.0,
    0.0,
    0.0,
    0.0,
    0.0,
    0.0,
    0.0,
    0.0,
    0.0,
    0.0,
    0.0,
    0.0,
    0.0,
    0.0,
    0.0,
    0.0,
    0.0,
    0.0,
    0.0,
    0.0,
    0.0,
    0.0,
    0.0,
    0.0,
    0.0,
    0.0,
    0.0,
    0.0,
    0.0,
    0.0,
    0.0,
    0.0,
    0.0,
    0.0
  ],
  "lambda_l0_effective": [
    0.01,
    0.01,
    0.01,
    0.01,
    0.01,
    0.01,
    0.01,
    0.01,
    0.01,
    0.01,
    0.01,
    0.01,
    0.01,
    0.01,
    0.01,
    0.01,
    0.01,
    0.01,
    0.01,
    0.01,
    0.01,
    0.01,
    0.01,
    0.01,
    0.01,
    0.01,
    0.01,
    0.01,
    0.01,
    0.01,
    0.01,
    0.01,
    0.01,
    0.01,
    0.01,
    0.01,
    0.01,
    0.01
  ],
  "recon_loss": [],
  "balance_loss": []
}