{
  "epoch": [
    1,
    2,
    3,
    4,
    5,
    6,
    7,
    8,
    9,
    10,
    11,
    12,
    13,
    14,
    15,
    16,
    17,
    18,
    19,
    20,
    21,
    22,
    23,
    24,
    25,
    26,
    27,
    28,
    29,
    30,
    31,
    32,
    33,
    34,
    35,
    36,
    37,
    38,
    39,
    40,
    41,
    42,
    43,
    44,
    45,
    46,
    47,
    48,
    49,
    50,
    51,
    52,
    53,
    54,
    55,
    56,
    57,
    58,
    59,
    60,
    61,
    62,
    63,
    64,
    65,
    66,
    67,
    68,
    69,
    70,
    71,
    72,
    73,
    74,
    75,
    76,
    77,
    78,
    79,
    80,
    81,
    82,
    83,
    84,
    85,
    86,
    87,
    88,
    89,
    90,
    91,
    92,
    93,
    94,
    95,
    96,
    97,
    98,
    99,
    100,
    101,
    102,
    103,
    104,
    105,
    106,
    107
  ],
  "train_loss": [
    1.1616859860939555,
    0.5230273409645156,
    0.37243545438983655,
    0.3182168551305733,
    0.28362291180851434,
    0.2587992551893291,
    0.23417012865590578,
    0.21900404443835267,
    0.20375914650388283,
    0.19098864886725303,
    0.17931447428937006,
    0.17161313886984741,
    0.16511117607945264,
    0.156093465293398,
    0.15226738073743215,
    0.1441873834274783,
    0.1403125682384661,
    0.13389402775481196,
    0.12892071596614205,
    0.12577202178464078,
    0.12162894253978634,
    0.1187485792480483,
    0.11668384643179355,
    0.10925304550345581,
    0.10529316600301478,
    0.10247840171698297,
    0.10225510265272443,
    0.09806134260379441,
    0.09595632575231024,
    0.09484906859769679,
    0.09098643337440963,
    0.09007808451752851,
    0.08633351314923551,
    0.08327349035604166,
    0.07948940632735739,
    0.08091647926681113,
    0.07645940267951182,
    0.0755108539199475,
    0.07346486340802495,
    0.07197799413732373,
    0.0694201208171573,
    0.06746129580948612,
    0.06663182890503713,
    0.06628833452958872,
    0.06293368094259559,
    0.06302850916612857,
    0.06175672115370779,
    0.060489995921454806,
    0.059911361333019664,
    0.057928249442783915,
    0.05609762950772696,
    0.055708098621799214,
    0.05474378869380101,
    0.05242137089002841,
    0.052452692900332484,
    0.05281067895933543,
    0.050717381797362085,
    0.04895155489592269,
    0.04746345316271971,
    0.04800286542366047,
    0.04733603370219174,
    0.04533422391603489,
    0.0430729902063561,
    0.044062038422516075,
    0.0427082302417643,
    0.045717443026012126,
    0.043637413135038154,
    0.04109337567213443,
    0.03950959547321395,
    0.04180981577512356,
    0.04216408380998833,
    0.03887081246749304,
    0.037600968535620685,
    0.039231049892778445,
    0.03825360535653216,
    0.03736368160104692,
    0.037534195948207734,
    0.036589865222351976,
    0.03503478760139482,
    0.0361482301579401,
    0.03594405391705361,
    0.034133996307333506,
    0.03418903151471721,
    0.0333713389804015,
    0.03237892580356928,
    0.033149961815538385,
    0.033871252320264236,
    0.031717015149090255,
    0.03086116610758818,
    0.03216807755853723,
    0.03083031246032898,
    0.030878612043170054,
    0.028078012140744395,
    0.028454901304759896,
    0.029142069579609256,
    0.029562246584619332,
    0.030060984106679067,
    0.028242487534142956,
    0.026594705847414708,
    0.029401144174176573,
    0.02742798566486281,
    0.027858898135842664,
    0.027428030128599984,
    0.02616786919903047,
    0.027105425797993004,
    0.025301215501668136,
    0.025038567486929127
  ],
  "val_loss": [
    0.56843134531608,
    0.3548156710771414,
    0.2901867295687015,
    0.2577567925819984,
    0.2400010721041606,
    0.22199096931860998,
    0.21055167053754514,
    0.19021003750654367,
    0.18130773019332153,
    0.17131854937626764,
    0.16691643973955742,
    0.154816077878842,
    0.15218036392560372,
    0.14570678426669195,
    0.14346107382040757,
    0.14094698343139428,
    0.1342551029072358,
    0.1340858847475969,
    0.1262588303249616,
    0.12069815082045701,
    0.12407059251115872,
    0.12121891860778515,
    0.11461683649283189,
    0.11011023618854009,
    0.10830199890411817,
    0.10389156897480671,
    0.10255807265639305,
    0.09926331816957547,
    0.10765078105032444,
    0.0972659307030531,
    0.09321409664475001,
    0.09720333149799934,
    0.09010133276192042,
    0.08885505623542346,
    0.08776228774625522,
    0.08734862234156865,
    0.08636280636374767,
    0.0839095671589558,
    0.0798516022757842,
    0.08321987536664192,
    0.07882555932379685,
    0.0772305171077068,
    0.07596438922561131,
    0.07625368867929165,
    0.07536975093759023,
    0.07329781969579366,
    0.0731797471212653,
    0.07327082094091636,
    0.07216490568736425,
    0.07075765521193926,
    0.07033873557184751,
    0.06637154318965398,
    0.06730289685611542,
    0.06732640222001535,
    0.06843668286903547,
    0.06487321839309655,
    0.06317034449714881,
    0.06781614335397115,
    0.06494664071271053,
    0.06503086615926944,
    0.06188360701959867,
    0.06564813107252121,
    0.06565579836471723,
    0.06435432428350815,
    0.06313383142248942,
    0.06416492998743287,
    0.06141119486150833,
    0.06570277742754954,
    0.06237031734333588,
    0.06088887860711951,
    0.059890262997494295,
    0.060718140099197626,
    0.06099165750380892,
    0.0591386454179883,
    0.061243513599038124,
    0.06159854085686115,
    0.06079523412224192,
    0.0590278750930268,
    0.06106797347848232,
    0.057268007192760706,
    0.05692014245029826,
    0.05552931223064661,
    0.05882836186971802,
    0.05914341389703063,
    0.06043338331465538,
    0.05926942248613788,
    0.057959218187114366,
    0.05683584722618644,
    0.058485708163621336,
    0.05830265578025809,
    0.05758668616628991,
    0.0584375740458759,
    0.05739874127679146,
    0.057983123894351035,
    0.05958440484335789,
    0.06084267920456254,
    0.057672307145996735,
    0.06188414195695749,
    0.05961704922195237,
    0.06283009227795097,
    0.06312932468091066,
    0.06051191211176606,
    0.061705312297607846,
    0.06029937960780584,
    0.06099213265742247,
    0.06190556409553839,
    0.05906259478069842
  ],