{
  "epoch": [
    1,
    2,
    3,
    4,
    5,
    6,
    7,
    8,
    9,
    10,
    11,
    12,
    13,
    14,
    15,
    16,
    17,
    18,
    19,
    20,
    21,
    22,
    23,
    24,
    25,
    26,
    27,
    28,
    29,
    30,
    31,
    32,
    33,
    34,
    35,
    36,
    37,
    38,
    39,
    40,
    41,
    42,
    43,
    44,
    45,
    46,
    47,
    48,
    49,
    50,
    51,
    52,
    53,
    54,
    55,
    56,
    57,
    58,
    59,
    60,
    61,
    62,
    63,
    64,
    65,
    66,
    67,
    68,
    69,
    70,
    71,
    72,
    73,
    74,
    75,
    76,
    77,
    78,
    79,
    80,
    81,
    82,
    83,
    84,
    85,
    86,
    87,
    88,
    89,
    90,
    91,
    92,
    93,
    94,
    95,
    96,
    97,
    98,
    99,
    100,
    101,
    102,
    103,
    104,
    105,
    106,
    107,
    108,
    109,
    110,
    111,
    112,
    113,
    114,
    115,
    116,
    117,
    118,
    119,
    120,
    121,
    122
  ],
  "train_loss": [
    0.9831721676458226,
    0.4307531378056743,
    0.30855554209487274,
    0.26174106854613466,
    0.2346606592435648,
    0.21546033659193775,
    0.20017476276595994,
    0.18662992422238434,
    0.17542847297569314,
    0.1664973589600903,
    0.16036933881811577,
    0.15152545856072172,
    0.14384780905329356,
    0.13999370338007955,
    0.13470127208545657,
    0.12812428169026233,
    0.12580995921893875,
    0.12137441613739079,
    0.11605274205160614,
    0.11413966772137302,
    0.11019827388595826,
    0.10820434651900046,
    0.10400776838016983,
    0.10118348431764262,
    0.09978187051002342,
    0.09700999014300875,
    0.0959988212083826,
    0.09395386346864819,
    0.09039539159598327,
    0.09155953653378061,
    0.08700806785854373,
    0.0866132284523827,
    0.08518382097308588,
    0.0836000038071139,
    0.08325310001647708,
    0.07886611059824429,
    0.07971493401887393,
    0.07748386112622696,
    0.07772457404154362,
    0.07796988230530578,
    0.07535795197997353,
    0.07531163522438837,
    0.07425094761028148,
    0.07263624063222715,
    0.07238551249524744,
    0.06985856033861637,
    0.0697962770441381,
    0.06870599049558439,
    0.06708925588074888,
    0.06689017999105819,
    0.06736044807009178,
    0.06443950513580649,
    0.06422977686149649,
    0.06444773593419555,
    0.06451391910968146,
    0.06094146969884929,
    0.06196399444326906,
    0.062006876462756995,
    0.058743937817024125,
    0.06023025833586655,
    0.060242360559209146,
    0.05999449378174573,
    0.05666852143989636,
    0.05629528606181393,
    0.057792255968445595,
    0.059992341610538485,
    0.0555640527111764,
    0.05317626457366318,
    0.05444565871822657,
    0.05505249404007256,
    0.054222457673363755,
    0.05406806540979755,
    0.05403685542100137,
    0.054019210767923015,
    0.05211751990130927,
    0.05354170409944093,
    0.05092564229807346,
    0.05070811427096919,
    0.050191827796141404,
    0.05225307408646487,
    0.05110761546299304,
    0.050194958270997694,
    0.05115475382950931,
    0.049049227775102205,
    0.04860728273703025,
    0.049562051551103,
    0.047560373763784324,
    0.049742538620265994,
    0.048089049295476166,
    0.046169523039076586,
    0.04740870931176561,
    0.047896585371898545,
    0.047199540301272186,
    0.045806612109415015,
    0.04629538463668363,
    0.044697166936896224,
    0.04558398237101512,
    0.04356493130510691,
    0.045100972143988505,
    0.04430872746881577,
    0.04522712505192007,
    0.04634844065911257,
    0.04537128535385179,
    0.04539271362937323,
    0.0432586679972782,
    0.044085585816514374,
    0.04362445892212857,
    0.04161418386098772,
    0.043933623036978266,
    0.04084367841242416,
    0.04267036771899698,
    0.04267595958259731,
    0.044159942882891635,
    0.04300920256312088,
    0.04305456968780497,
    0.042133596135616895,
    0.041106748864939896,
    0.04461288158920142,
    0.04148651221259912,
    0.041646600087717325,
    0.04263309039876308,
    0.039513096748159664
  ],
  "val_loss": [
    0.45932350479639494,
    0.28327616246847004,
    0.2493967219040944,
    0.22836473297614318,
    0.21085996066148466,
    0.19570395350456238,
    0.18326608607402214,
    0.1703533329642736,
    0.1607975039917689,
    0.15544079845914474,
    0.15006261146985567,
    0.14090494840190962,
    0.13837470200199348,
    0.13054377127152222,
    0.12501399104411787,
    0.12177939311816142,
    0.11851942252654296,
    0.12000950769736217,
    0.12034853805716221,
    0.11910243991475838,
    0.11219892851435222,
    0.1080875677558092,
    0.10550544625864579,
    0.10728186197005786,
    0.09812553599476814,
    0.10391378631958595,
    0.09806006100888436,
    0.09627462593981853,
    0.09266713018027636,
    0.09181774823138347,
    0.08899268507957458,
    0.09126153831871656,
    0.08864307675797206,
    0.08505986888821308,
    0.08500603751207773,
    0.08640580925230797,
    0.08382359068267621,
    0.07999698867878088,
    0.08308338595984074,
    0.08040932995768693,
    0.07948799768032935,
    0.0792890343671808,
    0.0773031274573161,
    0.07933030320474735,
    0.07812805874989583,
    0.0756235897111205,
    0.07799990389209527,
    0.07414630241692066,
    0.07486764606661521,
    0.07212258244936283,
    0.07201394288299176,
    0.07504508565538205,
    0.0723998134669203,
    0.07145918626338243,
    0.07044697903956358,
    0.06987444239740188,
    0.0713131413795054,
    0.07202819777795902,
    0.07021336533272496,
    0.0726643128034014,
    0.07179330876813485,
    0.06878283032431053,
    0.0668145244439634,
    0.06912808338753305,
    0.06922927699409999,
    0.06675729932836615,
    0.06776028789150026,
    0.06764650319774564,
    0.06643302362555495,
    0.06504449979043923,
    0.06767981080338359,
    0.06506391389008898,
    0.06637547039785065,
    0.06538874713274148,
    0.06672085008512323,
    0.06554605460797365,
    0.06519684750730029,
    0.06368589777356157,
    0.06572279771073507,
    0.06406536132383805,
    0.06510498700663447,
    0.06586127900160275,
    0.061898814800840155,
    0.061576483878665246,
    0.06399925683553402,
    0.06388907471241859,
    0.06511782861959475,
    0.06593242488228358,
    0.061807110583266385,
    0.063189616964127,
    0.06311738344195944,
    0.06214556311113903,
    0.06460889206769374,
    0.0672147050858117,
    0.06216900620179681,
    0.06509895447211769,
    0.061372491817634836,
    0.06223947862879588,
    0.06295486063194963,
    0.06385384270778069,
    0.06412157086798778,
    0.06299091631976458,
    0.062471188604831696,
    0.06315392510105784,
    0.0636359247056624,
    0.06205676974227222,
    0.061957239710654206,
    0.06317744626162144,
    0.06260403521502247,
    0.06228693026619462,
    0.06366223005506282,
    0.06203409542257969,
    0.06268978204864722,
    0.062272586179180786,
    0.06526467630353111,
    0.06326394601581761,
    0.06296446177965173,
    0.06373279525611836,
    0.062255155939895376,
    0.06264349907779923,
    0.06191993039101362,
    0.06250650374791943
  ],