{
  "epoch": [
    1,
    2,
    3,
    4,
    5,
    6,
    7,
    8,
    9,
    10,
    11,
    12,
    13,
    14,
    15,
    16,
    17,
    18,
    19,
    20,
    21,
    22,
    23,
    24,
    25,
    26,
    27,
    28,
    29,
    30,
    31,
    32,
    33,
    34,
    35,
    36,
    37,
    38,
    39,
    40,
    41,
    42,
    43,
    44,
    45,
    46,
    47,
    48,
    49,
    50,
    51,
    52,
    53,
    54,
    55,
    56,
    57,
    58,
    59,
    60,
    61,
    62,
    63,
    64,
    65,
    66,
    67,
    68,
    69,
    70,
    71,
    72,
    73,
    74,
    75,
    76,
    77,
    78,
    79,
    80,
    81,
    82,
    83,
    84,
    85,
    86,
    87,
    88,
    89,
    90,
    91,
    92,
    93,
    94,
    95,
    96,
    97,
    98,
    99,
    100,
    101,
    102,
    103,
    104,
    105,
    106,
    107,
    108
  ],
  "train_loss": [
    1.2484274996389257,
    0.5473805683674199,
    0.4020380755462269,
    0.3387571872756033,
    0.2957869213406402,
    0.26909785312001067,
    0.24915324490849333,
    0.2312499458837037,
    0.21704379734721516,
    0.20722723774390645,
    0.193980706431488,
    0.18565821839441168,
    0.1745090070779961,
    0.1665993627935353,
    0.16076930059064734,
    0.154235807312007,
    0.14794329266146858,
    0.14249476775674536,
    0.13457392694631426,
    0.13344923569129244,
    0.12761188490260947,
    0.12360366223619716,
    0.1207572011516826,
    0.11484405047970243,
    0.11110012329155856,
    0.10796567771841983,
    0.10477148003802442,
    0.10117083865374622,
    0.09832315821901406,
    0.09818656735195971,
    0.09621811352006279,
    0.09144647227655543,
    0.08835912853626922,
    0.08503980420087234,
    0.08408515734395178,
    0.07997082210708373,
    0.07865774004471184,
    0.07729453289198994,
    0.07469125711681819,
    0.07237783607353668,
    0.0714243717012134,
    0.07232393119668606,
    0.06685293084102692,
    0.06639273462835515,
    0.0674511228531304,
    0.06591860393043791,
    0.06481874487040067,
    0.0625533082033738,
    0.059455825108112675,
    0.05790529254418198,
    0.05697631089035237,
    0.05621391949750999,
    0.05436431780678801,
    0.054391721927440996,
    0.05279506221044772,
    0.050559428087112925,
    0.050043565534645375,
    0.04977504899817528,
    0.048070535644667574,
    0.047549127997590764,
    0.04771220941317848,
    0.04725510541275881,
    0.045331214766691226,
    0.045306062205962026,
    0.04447822027498543,
    0.04331138767855297,
    0.041151641738960645,
    0.041028054458743864,
    0.04016544611313113,
    0.03896097785396741,
    0.041490882999346695,
    0.03910565251798028,
    0.04002789075550909,
    0.03852987374262054,
    0.03619576687232988,
    0.035824479553664086,
    0.034093397457410794,
    0.035385320442590386,
    0.034940829302304154,
    0.034658691679855975,
    0.031476062902313945,
    0.0334175776893107,
    0.029943752724972395,
    0.03258746788643374,
    0.0315125739561523,
    0.031849514923547165,
    0.0314671550093606,
    0.029977435444361798,
    0.03092029522920009,
    0.03104843446837351,
    0.030149045280448282,
    0.028759675243371488,
    0.03054124292096879,
    0.029286264990557833,
    0.026730475034380315,
    0.029932016797253106,
    0.026979991124186774,
    0.027249763150339817,
    0.028350052640469064,
    0.02873374547551174,
    0.026275461037080772,
    0.025754057793038906,
    0.024794741561359697,
    0.024974914288406473,
    0.02656317600925075,
    0.024301967025725263,
    0.02439468589353163,
    0.025032604034842535
  ],
  "val_loss": [
    0.48102999650515044,
    0.33070552807587844,
    0.3119800388813019,
    0.2662639239659676,
    0.25602552867852724,
    0.2481819144808329,
    0.23683387155716235,
    0.21954095306304786,
    0.22214129681770617,
    0.2070712000131607,
    0.20030533407743162,
    0.19019884444200075,
    0.18241316653214967,
    0.17761047585652426,
    0.1730600010890227,
    0.16501097553051436,
    0.16594354980267012,
    0.1658165896168122,
    0.15511846599670556,
    0.15220346588354844,
    0.14416000791467154,
    0.14331023996839157,
    0.14258024784234855,
    0.1461809492455079,
    0.14178499722710022,
    0.1364513563995178,
    0.1311802136210295,
    0.13162810641985673,
    0.13572898449806067,
    0.12454205894699463,
    0.11557454644487454,
    0.12383353509582005,
    0.1218292793402305,
    0.11465425674731915,
    0.11314248981384131,
    0.12333287184055035,
    0.11202018965895359,
    0.11469461912145981,
    0.11405088036106183,
    0.10630130395293236,
    0.10299833176227716,
    0.11121416521760133,
    0.11016167155825175,
    0.10290166191183604,
    0.1056293469782059,
    0.10618244054225776,
    0.10488721957573524,
    0.10403576034765977,
    0.10025073487598163,
    0.10217150071492562,
    0.10972123335187252,
    0.0997486488463787,
    0.10653294995427132,
    0.10280346712813927,
    0.10066932067275047,
    0.10765121590632659,
    0.09608844166191724,
    0.10116325118220769,
    0.09839783078775956,
    0.09419826618753947,
    0.0976508458933005,
    0.09520163745261155,
    0.09647956834389614,
    0.10118690247719105,
    0.10165442984837753,
    0.09570252307905601,
    0.09719113575724456,
    0.09404942164054284,
    0.09783621748479512,
    0.09192917581934196,
    0.09551269561052322,
    0.09837679436000493,
    0.09281071905906384,
    0.09472457262185904,
    0.0993910340162424,
    0.10366608947515488,
    0.09678335760075313,
    0.09348294009956029,
    0.0976138157913318,
    0.09083352323908073,
    0.09281545963424903,
    0.09105246729002549,
    0.08525686725400962,
    0.09611532392983253,
    0.09167222607021148,
    0.08994109642047149,
    0.09402468556968066,
    0.09177737654401706,
    0.09768659936693999,
    0.09023853076192048,
    0.09737452592414159,
    0.09105276402372581,
    0.08957030136997883,
    0.08677204340123214,
    0.0905634995836478,
    0.09163313803191368,
    0.09027973505166861,
    0.08814406595551051,
    0.09441900152999622,
    0.09313051846738045,
    0.08557614139639415,
    0.08763001687251605,
    0.08952898560808255,
    0.09235693070177849,
    0.09239083141661607,
    0.08898991002486302,
    0.08677392438627206,
    0.0904908087104559
  ],