{
  "epoch": [
    1,
    2,
    3,
    4,
    5,
    6,
    7,
    8,
    9,
    10,
    11,
    12,
    13,
    14,
    15,
    16,
    17,
    18,
    19,
    20,
    21,
    22,
    23,
    24,
    25,
    26,
    27,
    28,
    29,
    30,
    31,
    32,
    33,
    34,
    35,
    36,
    37,
    38,
    39,
    40,
    41,
    42,
    43,
    44,
    45,
    46,
    47,
    48,
    49,
    50,
    51,
    52,
    53,
    54,
    55,
    56,
    57,
    58,
    59,
    60,
    61,
    62,
    63,
    64,
    65,
    66,
    67,
    68,
    69,
    70,
    71,
    72,
    73,
    74,
    75,
    76,
    77,
    78,
    79,
    80,
    81,
    82,
    83,
    84,
    85,
    86,
    87,
    88,
    89,
    90,
    91,
    92
  ],
  "train_loss": [
    1.1386596308541053,
    0.5230516183007624,
    0.3645784398636867,
    0.26956562144854634,
    0.21728902202598827,
    0.1830692756344977,
    0.15676917235568627,
    0.1337031372198739,
    0.12195012451523972,
    0.11143966723886348,
    0.09907689679068388,
    0.0931614208582443,
    0.08326989408467234,
    0.07453354280057949,
    0.0656453193424596,
    0.05699044025320675,
    0.05068735352995777,
    0.045694541234100605,
    0.04267048881360397,
    0.03930021840694946,
    0.03651514510172851,
    0.03463891376117148,
    0.03256662517843634,
    0.029312305001196328,
    0.02778068105162112,
    0.025545160442149054,
    0.025666069364194403,
    0.022888041466244104,
    0.020664162912223602,
    0.019206900875679382,
    0.020379211938431122,
    0.019943848161084445,
    0.020709164584650823,
    0.02108697824482566,
    0.019389340241161204,
    0.015859566886966915,
    0.014068498924259366,
    0.013711448626823186,
    0.013157912586412402,
    0.011883056913406501,
    0.010831619981321093,
    0.01722942236402869,
    0.012605016796667244,
    0.010701351671854091,
    0.014616148638150165,
    0.014676939774683878,
    0.013084941062375366,
    0.012556507336167791,
    0.01158813483408201,
    0.009919377544309138,
    0.010347906374684582,
    0.009904847800798868,
    0.009844868535718391,
    0.008710132074091085,
    0.009783597325200465,
    0.006795672954242562,
    0.00859201473655592,
    0.007814404211419913,
    0.00870022605972595,
    0.00798555954567099,
    0.006999162409200151,
    0.007105037889541751,
    0.009177242251492307,
    0.00674688255416767,
    0.006400873933465115,
    0.008180156982919086,
    0.007695114513086251,
    0.006536036428572975,
    0.008391919226887319,
    0.008417696050565075,
    0.007733694617648504,
    0.0055656731068684726,
    0.005377941701882855,
    0.005799644985224226,
    0.006975456302656706,
    0.00613354972054217,
    0.004977621936200897,
    0.005897659538811812,
    0.005182220402819383,
    0.005142402911400327,
    0.0063586731359708245,
    0.004721299118660006,
    0.006048531164103139,
    0.004584751681325064,
    0.004953057157744644,
    0.00392826466827735,
    0.004590818430291076,
    0.005317625374840477,
    0.0049730566966037755,
    0.0051733613370968145,
    0.004793192528202631,
    0.004253614142857559
  ],
  "val_loss": [
    0.5158559244412643,
    0.36093293932768017,
    0.3131272724041572,
    0.3240498120968158,
    0.2867096181099231,
    0.24127499300699967,
    0.2387081373196382,
    0.2184778921879255,
    0.2304273213331516,
    0.20488986602196327,
    0.20722534106327936,
    0.19267396055735075,
    0.19939819264870423,
    0.20588231602540383,
    0.18438066484836432,
    0.1793789892242505,
    0.16766560994661772,
    0.17197341586534792,
    0.1474308933203037,
    0.14565678170094123,
    0.1580336019396782,
    0.1490482550400954,
    0.1521120678920012,
    0.1534755413348858,
    0.15833967293684298,
    0.14728072572212952,
    0.1410642724770766,
    0.14902547632272428,
    0.14069445087359503,
    0.1513123348928415,
    0.1377523641746778,
    0.14834268018603325,
    0.14886217105847138,
    0.14149651791040713,
    0.15181171521544456,
    0.1477551027559317,
    0.1415061684182057,
    0.15449409358776534,
    0.14931326732039452,
    0.1524766987332931,
    0.1451644951907488,
    0.15337841126781243,
    0.14795525515308747,
    0.1465354235126422,
    0.13371400878979608,
    0.14388409457527673,
    0.14656216049423584,
    0.13937003939197615,
    0.1278861520382074,
    0.13398300025325555,
    0.14095682077682936,
    0.12551742047071457,
    0.11989830061793327,
    0.12554466495147118,
    0.1236393589239854,
    0.1273244536266877,
    0.12878389083422148,
    0.13402608868021232,
    0.11999719016827069,
    0.12620142875955656,
    0.13966063839884904,
    0.14040414100656143,
    0.1347078030499128,
    0.1303702461031767,
    0.12884152823915848,
    0.15643457495249236,
    0.11604941664980008,
    0.12555428164509627,
    0.13742401192967707,
    0.1354266574176458,
    0.12028320219654304,
    0.11901612723102936,
    0.12970374080424124,
    0.12604876579000399,
    0.1371084827070053,
    0.13006742771428365,
    0.12991883233189583,
    0.12240190961613105,
    0.14127307958327806,
    0.13505633304325435,
    0.13249607312564665,
    0.14344353458056083,
    0.12261426713890754,
    0.1308892326286206,
    0.13198632474702138,
    0.13879095046566084,
    0.14018541416869715,
    0.14629625586362985,
    0.15016812630570853,
    0.14527296489821032,
    0.14590391129828417,
    0.13926681904838636
  ],
  "train_transduce": [
    1.136336477761416,
    0.5227449147664395,
    0.3637871276011172,
    0.2691659269105528,
    0.21635823550912522,
    0.1820982113557378,
    0.15588652592190763,
    0.1331880888757632,
    0.12133041154785254,
    0.11081443640605076,
    0.09844264411127444,
    0.09232620841141828,
    0.08213530140976931,
    0.07308040166600156,
    0.06515292830995678,
    0.05668803179617395,
    0.05062321512047777,
    0.045668832948143334,
    0.042645217797997376,
    0.03929001012260152,
    0.0364889251596304,
    0.034622838917505186,
    0.03255847814137634,
    0.029302104153027086,
    0.02777364237003566,
    0.025539656169712543,
    0.02565444209468887,
    0.022883383355573893,
    0.020660645112433693,
    0.01920427409595973,
    0.020375887028028054,
    0.01993891410169566,
    0.020702528460047293,
    0.02108292197496582,
    0.019383567584601722,
    0.01585655659197148,
    0.0140660854546142,
    0.013707908194454521,
    0.013157527120879938,
    0.011875488934558384,
    0.01081335800459858,
    0.017225292842527946,
    0.012604624855682523,
    0.01070040556093313,
    0.014615207640502179,
    0.014676736617345632,
    0.013084758986411713,
    0.012556463573608049,
    0.011586790498749343,
    0.009916594909676878,
    0.010346446741377148,
    0.009904610722796204,
    0.009844653028754768,
    0.008709650891160919,
    0.009782954703622795,
    0.006795055500577329,
    0.008591106264688765,
    0.007814005782981356,
    0.008699790495399809,
    0.0079850491709988,
    0.006998877854148867,
    0.007104395504395199,
    0.009177204883374158,
    0.006746859998999106,
    0.006400833815485047,
    0.00817966247193477,
    0.0076944418245513645,
    0.006497891962446618,
    0.008387585839955136,
    0.008414942631077924,
    0.007733625914006177,
    0.005562801327803605,
    0.005377894287542488,
    0.005799333092374919,
    0.0069752510333404944,
    0.006133334830009676,
    0.004976972683900535,
    0.005897588678185598,
    0.005182030206737013,
    0.005142243581880412,
    0.0063584597204324605,
    0.00472108106931177,
    0.006048234526611644,
    0.004584517254021268,
    0.004952933111218447,
    0.003928170278254349,
    0.004590765021611773,
    0.005317561016670073,
    0.004973017595907596,
    0.005173252931479173,
    0.004793142031556591,
    0.0042535597209449015
  ],