{
  "epoch": [
    1,
    2,
    3,
    4,
    5,
    6,
    7,
    8,
    9,
    10,
    11,
    12,
    13,
    14,
    15,
    16,
    17,
    18,
    19,
    20,
    21,
    22,
    23,
    24,
    25,
    26,
    27,
    28,
    29,
    30,
    31,
    32,
    33,
    34,
    35,
    36,
    37,
    38,
    39,
    40,
    41,
    42,
    43,
    44,
    45,
    46,
    47,
    48,
    49,
    50,
    51,
    52,
    53,
    54,
    55,
    56,
    57,
    58,
    59,
    60,
    61,
    62,
    63,
    64,
    65,
    66,
    67,
    68,
    69,
    70,
    71,
    72,
    73,
    74,
    75
  ],
  "train_loss": [
    2.7329319899844142,
    1.5999351451077413,
    0.9843182456247586,
    0.6720463040563249,
    0.5153085994966251,
    0.4198430831899348,
    0.35758792386227045,
    0.30930376459950026,
    0.273934121291662,
    0.2529605329804814,
    0.2340560798178014,
    0.21900903203130997,
    0.21021192321150572,
    0.198409139495535,
    0.19050236322830633,
    0.18207333294540337,
    0.17459667143747978,
    0.17187507323843917,
    0.16854855821458334,
    0.16189725305309,
    0.16049336530652242,
    0.1593044470496399,
    0.15186655509871305,
    0.15371239603948347,
    0.1537639323967634,
    0.14760856606911138,
    0.14473372498123915,
    0.14671997706761064,
    0.1441050842020315,
    0.14227286945145154,
    0.14319768620981382,
    0.14043433495710805,
    0.13689889632088623,
    0.13338056475538568,
    0.13853625738129174,
    0.1345061362173754,
    0.13090089293792076,
    0.13340098771852316,
    0.1344461440271938,
    0.13526942438839637,
    0.13712319028899841,
    0.1296087940482749,
    0.13254328352427974,
    0.13889110368705287,
    0.13358068700457357,
    0.13279021650399128,
    0.12917664086388558,
    0.12941369045641005,
    0.12866264885080228,
    0.12785966256537387,
    0.12440189673114069,
    0.12760295757313364,
    0.12932567843764098,
    0.12310622129397294,
    0.127426620995261,
    0.12839277015672518,
    0.12271309947383773,
    0.12502282312543123,
    0.12764205411076546,
    0.12546806444519573,
    0.12795763067209842,
    0.12537324382472284,
    0.12661943250556582,
    0.12094021481029767,
    0.1243113554706893,
    0.1224900649994919,
    0.12856774696523382,
    0.12277822937701166,
    0.12466627697354739,
    0.1229458566486221,
    0.12336657203964352,
    0.12199357981534348,
    0.1255202053748455,
    0.12171389899917484,
    0.12084205325731297
  ],
  "val_loss": [
    2.006976916239812,
    1.1480264847095196,
    0.6794683107962975,
    0.43692572529499346,
    0.3535871391112988,
    0.3153921296963325,
    0.2709438113065866,
    0.2576744189629188,
    0.242120718726745,
    0.22997790689651781,
    0.22287136889421022,
    0.21805641972101653,
    0.23378671132601225,
    0.2172029304962892,
    0.22715657032453096,
    0.21057051305587476,
    0.220166503236844,
    0.22688285089456117,
    0.2129375831438945,
    0.21591748641087458,
    0.222699197439047,
    0.21454995412092942,
    0.21846659023028153,
    0.22013494830865127,
    0.205242585677367,
    0.20758159687885872,
    0.21617826934044176,
    0.2285595410145246,
    0.21386789473203513,
    0.22130901996905988,
    0.22952965245797083,
    0.23102284509402055,
    0.22728321643976065,
    0.21635410304252917,
    0.22004948556423187,
    0.22504297701212075,
    0.22033694959603822,
    0.22774501259510332,
    0.2179021663390673,
    0.23146867752075195,
    0.23040583500495324,
    0.22986534581734583,
    0.22379439037579757,
    0.23356030308283293,
    0.24734055078946626,
    0.23966104365312135,
    0.24851445853710175,
    0.24817752035764548,
    0.23944247456697318,
    0.22912026483279008,
    0.2389605056781035,
    0.24454882740974426,
    0.24939809854214007,
    0.24613503538645232,
    0.2587470137155973,
    0.24318043199869302,
    0.24678793664161974,
    0.24330923305107996,
    0.24743598699569702,
    0.25772531903707063,
    0.23053394601895258,
    0.23628148092673376,
    0.2337584552856592,
    0.24276222861730135,
    0.25140197804340947,
    0.2542862674364677,
    0.24696053220675543,
    0.24317204837615675,
    0.2556706896195045,
    0.2525891558482097,
    0.2687280304156817,
    0.2753042636009363,
    0.25517445229567015,
    0.25575110430900866,
    0.25322155769054705
  ],
  "train_transduce": [
    2.6320358527075385,
    1.4968571066856384,
    0.876403981570116,
    0.5601939852397466,
    0.40280771424475403,
    0.3041093178170243,
    0.24301293000732502,
    0.1948947349236798,
    0.15989252698329307,
    0.1400995144294095,
    0.12040126536848005,
    0.10466877712877755,
    0.09565576686303026,
    0.0841038921828737,
    0.07631350318257957,
    0.06903373559495223,
    0.06241604834602973,
    0.05962492674397132,
    0.05689081754151386,
    0.049987948163575734,
    0.04854555602291042,
    0.046558289121375565,
    0.040942396368524155,
    0.04110696829240961,
    0.042373530571492984,
    0.03604504963882344,
    0.03289469638983383,
    0.03533506972868879,
    0.032126388620566,
    0.03155323937919337,
    0.03258277146510549,
    0.02849653005580773,
    0.0266772324637001,
    0.022613665276235834,
    0.027787037697841518,
    0.023448432022801686,
    0.020748169262192605,
    0.023210110177631613,
    0.022793001059644383,
    0.02330386684607407,
    0.025662672059063214,
    0.01834770447584157,
    0.02171858068742818,
    0.027316518792805753,
    0.02118546350081403,
    0.021354126729570405,
    0.017492558439886292,
    0.017986303210959377,
    0.018846173902743103,
    0.016974927489069702,
    0.014348278692251398,
    0.01735515022811182,
    0.018103909612748503,
    0.0128158821433917,
    0.016105358799698658,
    0.01798729141081981,
    0.012848152235371167,
    0.015052754305346302,
    0.017574884397092937,
    0.015014309419880708,
    0.017959201608222824,
    0.015413075096223541,
    0.017035708268840325,
    0.010569706295746542,
    0.014438801560882172,
    0.013245251389177152,
    0.018146976529735803,
    0.013458601613745055,
    0.014667153851724393,
    0.013160256685127417,
    0.014408173922871807,
    0.01215118906381492,
    0.015188268290114944,
    0.012627549188634016,
    0.011326404338217695
  ],