{
  "epoch": [
    1,
    2,
    3,
    4,
    5,
    6,
    7,
    8,
    9,
    10,
    11,
    12,
    13,
    14,
    15,
    16,
    17,
    18,
    19,
    20,
    21,
    22,
    23,
    24,
    25,
    26,
    27,
    28,
    29,
    30,
    31,
    32,
    33,
    34,
    35,
    36,
    37,
    38,
    39,
    40,
    41,
    42,
    43,
    44,
    45,
    46,
    47,
    48,
    49,
    50,
    51,
    52,
    53,
    54,
    55,
    56,
    57,
    58,
    59,
    60,
    61,
    62,
    63,
    64,
    65,
    66,
    67,
    68,
    69,
    70,
    71,
    72,
    73,
    74,
    75,
    76,
    77,
    78,
    79,
    80,
    81,
    82,
    83,
    84,
    85,
    86,
    87,
    88,
    89,
    90,
    91,
    92,
    93,
    94,
    95,
    96,
    97,
    98,
    99,
    100,
    101
  ],
  "train_loss": [
    1.2014203844684186,
    0.6153279858650548,
    0.4650731181154157,
    0.38627122209803894,
    0.34653834039622017,
    0.3124430310903209,
    0.28759278814391337,
    0.26724900379039274,
    0.2527490286248745,
    0.2402921720306472,
    0.22974743347356816,
    0.21838160198513823,
    0.21067848742598355,
    0.2015304361091982,
    0.19460519713045346,
    0.1885282788978945,
    0.17946031291295986,
    0.17583424133239406,
    0.1689082186410923,
    0.16345916577790043,
    0.1572566207977805,
    0.15367726030031054,
    0.14839869383538123,
    0.14489111813283204,
    0.14097511130246784,
    0.13660433191326585,
    0.1327218841945771,
    0.12999471417157957,
    0.12597653981630164,
    0.1236227612831805,
    0.11687785814894308,
    0.11528898620664484,
    0.11489452277817348,
    0.1130155421940997,
    0.10921861519022744,
    0.1045695548821794,
    0.10327307112736277,
    0.09993084225029049,
    0.09712662817080422,
    0.09379671204208147,
    0.09273840557083045,
    0.09055426469681287,
    0.08752627943706985,
    0.08401902964209566,
    0.08484064009372551,
    0.08207140798394633,
    0.07848125731222111,
    0.07788636826790206,
    0.07441578984334327,
    0.07300771549712903,
    0.07308356605912789,
    0.07104655275914339,
    0.06974803820473723,
    0.06758485225462678,
    0.0663192085184083,
    0.06517035831319223,
    0.06315188602276958,
    0.06135450336750191,
    0.06170527179642479,
    0.06033008643379896,
    0.05830999532032131,
    0.05909302504272154,
    0.056938930423838074,
    0.05812502678225536,
    0.05611371283078253,
    0.05562827326726205,
    0.052907828804068635,
    0.051876357618239846,
    0.05129917005611823,
    0.050254914817391055,
    0.05160434218584606,
    0.052963843154213805,
    0.04955309522476527,
    0.049583795028600365,
    0.04966126275387141,
    0.04930052268180517,
    0.04807460968299668,
    0.04637262056406477,
    0.04632958799305529,
    0.04439836620620572,
    0.046170658229084886,
    0.04533261606598844,
    0.04446269675978635,
    0.044730239317263706,
    0.04438965914236142,
    0.04225674459692275,
    0.04200606402194146,
    0.0401360292845212,
    0.04054159431782837,
    0.041238210062579356,
    0.03849336813840241,
    0.03989555475551008,
    0.03871695955957074,
    0.040187188341180874,
    0.038176484977697385,
    0.03854237480255047,
    0.038431092146968486,
    0.03668565133881598,
    0.03723808797537395,
    0.03679489203737957,
    0.03530027360959661
  ],
  "val_loss": [
    0.582674333682427,
    0.38124693357027495,
    0.3267482117964671,
    0.30163473463975465,
    0.2796410620212555,
    0.26435883343219757,
    0.2539109071859947,
    0.24132833171349305,
    0.23412864024822527,
    0.2229269020832502,
    0.2207703641974009,
    0.21626608818769455,
    0.21038122188586456,
    0.20938302633854058,
    0.20008595574360627,
    0.19450789861954176,
    0.18683543285498252,
    0.18896782168975243,
    0.18113396546015373,
    0.17569089222412843,
    0.17592147852365786,
    0.16308942867013124,
    0.1679798811674118,
    0.16298893753152627,
    0.1541424528337442,
    0.15165331873756188,
    0.14633783067648226,
    0.1502395490041146,
    0.14453359979849595,
    0.14277898634855563,
    0.14253469441945738,
    0.13958408798162752,
    0.13151032506273344,
    0.13692665214721972,
    0.12716820721442884,
    0.1258928466301698,
    0.12543421381941208,
    0.12350593249385174,
    0.12494434072421147,
    0.11608566601689045,
    0.13590717946107572,
    0.11525686644017696,
    0.11799603614669579,
    0.11141290974158508,
    0.11136644706130028,
    0.10626093011636001,
    0.10561397972588356,
    0.10789470173991643,
    0.10306895337998867,
    0.09941903401452762,
    0.10982545207326229,
    0.1112070745573594,
    0.10506233243414989,
    0.11433560630449882,
    0.09575517647541486,
    0.09732752680205382,
    0.09769260668410705,
    0.10264968728789917,
    0.09276746514324959,
    0.09935908191479169,
    0.08674229079714188,
    0.09766174795535895,
    0.0905342622158619,
    0.08692088436621886,
    0.08718780872340386,
    0.09199172917466897,
    0.09476402444908252,
    0.1355288653419568,
    0.1030170894586123,
    0.08995447021264297,
    0.09918395702082378,
    0.09098856222744171,
    0.09237034246325493,
    0.09896043501794338,
    0.09440827699234852,
    0.08057549810753419,
    0.08435369325945011,
    0.0950638479911364,
    0.09300713255428351,
    0.11688827092830952,
    0.12143778514403564,
    0.09867989157254879,
    0.10543098186071102,
    0.09739969154963127,
    0.0909644762197366,
    0.08869235496968031,
    0.10894304435127057,
    0.09204058084063806,
    0.1129851142087808,
    0.10279440192075875,
    0.09817796931243859,
    0.12106516427145554,
    0.10541331560279314,
    0.09686926988741526,
    0.08825252190805398,
    0.12029802383711705,
    0.0929590818973688,
    0.09799563189825186,
    0.1204871520256767,
    0.09022378434355442,
    0.10420027590141846
  ],