{
  "epoch": [
    1,
    2,
    3,
    4,
    5,
    6,
    7,
    8,
    9,
    10,
    11,
    12,
    13,
    14,
    15,
    16,
    17,
    18,
    19,
    20,
    21,
    22,
    23,
    24,
    25,
    26,
    27,
    28,
    29,
    30,
    31,
    32,
    33,
    34,
    35,
    36,
    37,
    38,
    39,
    40,
    41,
    42,
    43,
    44,
    45,
    46,
    47,
    48,
    49,
    50,
    51,
    52,
    53,
    54,
    55,
    56,
    57,
    58,
    59,
    60,
    61,
    62,
    63,
    64,
    65,
    66,
    67,
    68,
    69,
    70,
    71,
    72,
    73,
    74,
    75,
    76,
    77,
    78,
    79,
    80,
    81,
    82,
    83,
    84,
    85,
    86,
    87,
    88,
    89,
    90,
    91,
    92,
    93,
    94,
    95,
    96,
    97,
    98,
    99,
    100,
    101,
    102
  ],
  "train_loss": [
    0.981873198015855,
    0.36705823006606336,
    0.27343067556324574,
    0.224186971783638,
    0.19714111775749982,
    0.1803106680364892,
    0.16603195807426283,
    0.15797939719540058,
    0.14900698361567932,
    0.14356655487329653,
    0.13497294157300846,
    0.13018754574626978,
    0.12436640140886354,
    0.12083888123973761,
    0.11430047913500578,
    0.1115355539218624,
    0.10734122501003861,
    0.10376296483791701,
    0.10009445205773457,
    0.09712300475428601,
    0.09171040975811458,
    0.0897427502245006,
    0.08607656101115269,
    0.08514288161872047,
    0.08312290580482176,
    0.07978598102189527,
    0.0798067283438574,
    0.07470175184973396,
    0.07172586814970663,
    0.06981337411642664,
    0.07170605032455803,
    0.06820833247781981,
    0.06634922733180004,
    0.06581978839222748,
    0.06422180131003999,
    0.062331220633027574,
    0.06184279050050986,
    0.060942963558701005,
    0.056732434207702624,
    0.05898133159089502,
    0.056510671475293615,
    0.055030770175675356,
    0.05432265978490952,
    0.053091316502356885,
    0.05046889821233431,
    0.052295564037590926,
    0.05055706222347989,
    0.04947386113096877,
    0.048937877308171576,
    0.04931567130739441,
    0.04605224470395853,
    0.04459188552573323,
    0.04669048335624508,
    0.04502093949641037,
    0.04172403844866422,
    0.04430163430400414,
    0.0439435013911069,
    0.04047799275007726,
    0.04251059283511621,
    0.040047932176454235,
    0.039412165706110475,
    0.039487607233078766,
    0.0410099650806941,
    0.03787222260719921,
    0.039428208756380444,
    0.03897014070339132,
    0.03695687848041848,
    0.03545752596939997,
    0.03411538627846997,
    0.03692782596491351,
    0.033852995513929146,
    0.03424686113704402,
    0.032581102172152536,
    0.031316774039722904,
    0.03319822601734264,
    0.031234496259268853,
    0.030423853053056664,
    0.030154628674545797,
    0.03153193244563028,
    0.030146498094764676,
    0.02954298313614903,
    0.030689537188609933,
    0.027167218096443627,
    0.02791160066602844,
    0.029521462323125636,
    0.028679029548098103,
    0.027871425717718678,
    0.02454681547893451,
    0.026701690068947945,
    0.025554993399649416,
    0.026247320786616443,
    0.027287233747671,
    0.024916708437117314,
    0.02465404504633481,
    0.024249450358940234,
    0.02379209072891586,
    0.022633830398911297,
    0.024742888498793143,
    0.02455043693829217,
    0.025270210542153605,
    0.023612653942649612,
    0.02126540591488454
  ],
  "val_loss": [
    0.3402675608029732,
    0.2522627516434743,
    0.22119058152804008,
    0.1931689358674563,
    0.1769727127483258,
    0.1667486380499143,
    0.16746798902750015,
    0.1565476956848915,
    0.15836821324550188,
    0.15587307111575052,
    0.14396985075794733,
    0.14316517745073026,
    0.12938718211192352,
    0.13168214863309494,
    0.12141072836059791,
    0.11548961455432269,
    0.12995887805636114,
    0.11886645824863361,
    0.11748444260312961,
    0.10642376011953904,
    0.10024842619895935,
    0.09670997153107937,
    0.09717826473598297,
    0.09336584319288914,
    0.09469123012744464,
    0.08872268391916385,
    0.08738538350623387,
    0.08627017343846652,
    0.0835873420135333,
    0.08639501937879966,
    0.08029671042011334,
    0.08329575609129208,
    0.07885747675139171,
    0.0780576100716224,
    0.0753346194441502,
    0.07633285038173199,
    0.07416343688964844,
    0.07472198155636971,
    0.07325350435880515,
    0.07275416702032089,
    0.07562848660521783,
    0.07037003997426766,
    0.0753976135299756,
    0.0711068929387973,
    0.07292228349699424,
    0.07270735480750982,
    0.06707530619146732,
    0.06759662833064795,
    0.06868836606064668,
    0.06733011554640073,
    0.06761926555862793,
    0.07062147056254056,
    0.06739720129049741,
    0.06242177291558339,
    0.06470880378037691,
    0.06405543070286512,
    0.06453140996969663,
    0.06143242120742798,
    0.06097650878991072,
    0.06199108737592514,
    0.062001487598396264,
    0.06399234126393612,
    0.05956150978230513,
    0.06023945723875211,
    0.061885967277563535,
    0.06218527852056118,
    0.06161545381809656,
    0.06622806592629506,
    0.0585147008443108,
    0.058405595688292615,
    0.060820914375094265,
    0.06327909990572013,
    0.05961703208203499,
    0.06101876268020043,
    0.06414670790903844,
    0.055602604236740336,
    0.054833248329277225,
    0.06274844512629968,
    0.060531050754854314,
    0.06395641434937716,
    0.06231492381686202,
    0.06053160170379739,
    0.06456541542250377,
    0.06053692546601479,
    0.05695891833434311,
    0.06148905222877287,
    0.05978279044994941,
    0.05641588106608161,
    0.05999864037865056,
    0.05892426975501271,
    0.060455670222066916,
    0.06379518813740176,
    0.0646155819010276,
    0.06255600708895005,
    0.059718567716817446,
    0.06496266494146906,
    0.058743131561921194,
    0.05656990879931702,
    0.05912120656396907,
    0.06279017409094824,
    0.062460343702696264,
    0.06033654915742003
  ],