{
  "epoch": [
    1,
    2,
    3,
    4,
    5,
    6,
    7,
    8,
    9,
    10,
    11,
    12,
    13,
    14,
    15,
    16,
    17,
    18,
    19,
    20,
    21,
    22,
    23,
    24,
    25,
    26,
    27,
    28,
    29,
    30,
    31,
    32,
    33,
    34,
    35,
    36,
    37,
    38,
    39,
    40,
    41,
    42,
    43,
    44,
    45,
    46,
    47,
    48,
    49,
    50,
    51,
    52,
    53,
    54,
    55,
    56,
    57,
    58,
    59,
    60,
    61,
    62,
    63,
    64,
    65,
    66,
    67,
    68,
    69,
    70,
    71,
    72,
    73,
    74,
    75,
    76,
    77,
    78,
    79,
    80,
    81,
    82,
    83,
    84,
    85,
    86,
    87,
    88,
    89,
    90,
    91,
    92,
    93,
    94,
    95,
    96,
    97,
    98,
    99,
    100,
    101,
    102,
    103,
    104,
    105,
    106,
    107,
    108,
    109,
    110,
    111,
    112,
    113,
    114,
    115,
    116,
    117,
    118,
    119
  ],
  "train_loss": [
    0.832325163749185,
    0.31824105889490334,
    0.2476886134631563,
    0.21400582996925505,
    0.18954815627029625,
    0.1700990326923899,
    0.15395707120694738,
    0.1437581980434975,
    0.13215059964078488,
    0.12557529326122585,
    0.11632152189417641,
    0.10832533432115422,
    0.10132024315471697,
    0.09436569831306392,
    0.088153475877082,
    0.0814308672036865,
    0.07740380950640924,
    0.07480463662212437,
    0.07031206037886072,
    0.0667766824290894,
    0.06198823402202366,
    0.06065936266712033,
    0.05729462340990506,
    0.05584318063563049,
    0.05202899133731233,
    0.04988622444100899,
    0.04656093562077178,
    0.04609950410552544,
    0.041326289434022834,
    0.03955005183078275,
    0.04002960610876579,
    0.037925382485926744,
    0.03533898395403187,
    0.03600336994865153,
    0.03332323914781065,
    0.03135499404282263,
    0.0308021327001181,
    0.02995654126389487,
    0.02612322013788294,
    0.025579287910299137,
    0.025364332140819863,
    0.022955564316362143,
    0.022719551205155578,
    0.02163167216695181,
    0.02103183229481525,
    0.018860571884024558,
    0.01804094195439674,
    0.01797609418483064,
    0.02015904334862486,
    0.018294126717465938,
    0.017990759896612404,
    0.017644598098047595,
    0.01723868140286886,
    0.01792705744634023,
    0.014866237556285198,
    0.01390114844785911,
    0.015131380033245918,
    0.013933545939790288,
    0.013145711494259315,
    0.01561770488111542,
    0.014370091503836436,
    0.01266470397269298,
    0.01076292218917077,
    0.010111846062032009,
    0.010782171693160245,
    0.011793513302829597,
    0.010020345195869702,
    0.010050800275103659,
    0.011607672322984083,
    0.010183320726535402,
    0.010260241169547017,
    0.009336861406019565,
    0.009175320966215343,
    0.009492895116402519,
    0.008629188430265035,
    0.008151429626943157,
    0.009097414320602201,
    0.010854198960449066,
    0.00869425173991793,
    0.00891327132046739,
    0.009666901111768761,
    0.008890215993287171,
    0.009159873704204687,
    0.009719718376169958,
    0.008564702308930383,
    0.008176660345000501,
    0.006633149004670432,
    0.00805087363817683,
    0.008545917752752135,
    0.007303021231546334,
    0.007441233609581717,
    0.006132463346544358,
    0.006043545413061534,
    0.005798290205294137,
    0.005109072891686407,
    0.006042519297294023,
    0.005689365411808917,
    0.005335349899066593,
    0.00498811781664591,
    0.005017631553519185,
    0.006480324967870359,
    0.005181052179725859,
    0.004770658801927573,
    0.005053845502201025,
    0.005658320559299376,
    0.004845768995905793,
    0.0057779521569563536,
    0.005360846249801614,
    0.004754391468319083,
    0.003965000027218963,
    0.004578713342630406,
    0.0047143778641533,
    0.0042585664357307675,
    0.004159298841553362,
    0.003920389681081702,
    0.0032674693577406503,
    0.004106313792705112,
    0.0037525231779396238,
    0.003771590736595508
  ],
  "val_loss": [
    0.35740343309365785,
    0.2592381846446257,
    0.22481601570661253,
    0.21147232731947532,
    0.1821549769777518,
    0.18490860439263856,
    0.1597815379500389,
    0.16939803843314832,
    0.1472677829173895,
    0.14729662440144098,
    0.14265946442118058,
    0.133869842841075,
    0.143843133862202,
    0.1327900582781205,
    0.1459295921600782,
    0.11959777743770526,
    0.12292219813053425,
    0.12973113701893732,
    0.11537945929628152,
    0.1261963420189344,
    0.11746589237680802,
    0.10871335119009018,
    0.10925970799647845,
    0.11342697905806395,
    0.11603270413783881,
    0.11725830659270287,
    0.10322448009481797,
    0.1188497726733868,
    0.10377243906259537,
    0.10120328888297081,
    0.111316978931427,
    0.11629162728786469,
    0.11901855755310792,
    0.11288442333730367,
    0.107157966408592,
    0.10341178482541671,
    0.0991899507263532,
    0.10877717357988541,
    0.1021103489284332,
    0.09891375827674682,
    0.09900526157938518,
    0.10359869309915946,
    0.10337887804668683,
    0.1076058205217123,
    0.08822577031185994,
    0.08896740203580031,
    0.09168515884532379,
    0.09398928821946566,
    0.10453288013545367,
    0.09807161771907257,
    0.10913530851785953,
    0.08736501096819456,
    0.095695735886693,
    0.11150688792650516,
    0.09788828780158208,
    0.11108872480690479,
    0.08885383856697725,
    0.10150951906465568,
    0.09365908120973752,
    0.09839480685499999,
    0.09605274087964343,
    0.1049351654946804,
    0.09406622098042415,
    0.08696497235303888,
    0.09218941535800695,
    0.08683558632261477,
    0.09119597586015096,
    0.09597057691560341,
    0.08935153362556146,
    0.09384777812430492,
    0.09563240810082509,
    0.09066889775343813,
    0.08808087113385017,
    0.08713494714062947,
    0.0942221513698594,
    0.09528235009369942,
    0.09603384688783151,
    0.09061700465659109,
    0.09495378643847428,
    0.0931853326753928,
    0.08563477391950212,
    0.08934924020790137,
    0.09013760945974635,
    0.08517791443647674,
    0.08919625784843586,
    0.09123649290547921,
    0.08747098310134159,
    0.09106823898708591,
    0.09026643300715548,
    0.08588065171184447,
    0.09391943343843405,
    0.08695255488587114,
    0.08834979191529922,
    0.0842778883390845,
    0.08617867764013891,
    0.09480014049376433,
    0.08864979488918415,
    0.09386909928602669,
    0.09127581048792657,
    0.09430746629368514,
    0.09667477593757212,
    0.10066686348559764,
    0.09913793575161925,
    0.09619881599568404,
    0.08856808913585085,
    0.0920623043874422,
    0.09398710824405918,
    0.09860630827740981,
    0.09635287569835782,
    0.09693951797313415,
    0.09738421047894427,
    0.09332966028103748,
    0.09613716294272588,
    0.1000478981474701,
    0.09992541859481627,
    0.09471896146155465,
    0.0919003714986432,
    0.1023779042566625,
    0.09095287707168609
  ],