{
  "epoch": [
    1,
    2,
    3,
    4,
    5,
    6,
    7,
    8,
    9,
    10,
    11,
    12,
    13,
    14,
    15,
    16,
    17,
    18,
    19,
    20,
    21,
    22,
    23,
    24,
    25,
    26,
    27,
    28,
    29,
    30,
    31,
    32,
    33,
    34,
    35,
    36,
    37,
    38,
    39,
    40,
    41,
    42,
    43,
    44,
    45,
    46,
    47,
    48,
    49,
    50,
    51,
    52,
    53,
    54,
    55,
    56,
    57,
    58,
    59,
    60,
    61,
    62,
    63,
    64,
    65,
    66,
    67,
    68,
    69,
    70,
    71,
    72,
    73,
    74,
    75,
    76,
    77,
    78,
    79,
    80,
    81,
    82,
    83,
    84,
    85,
    86,
    87,
    88,
    89,
    90,
    91,
    92,
    93,
    94,
    95,
    96,
    97,
    98,
    99,
    100,
    101,
    102,
    103,
    104,
    105,
    106,
    107,
    108,
    109,
    110,
    111,
    112,
    113,
    114,
    115,
    116,
    117,
    118,
    119,
    120,
    121,
    122,
    123,
    124,
    125,
    126,
    127,
    128,
    129,
    130
  ],
  "train_loss": [
    1.458664978595124,
    0.8196704323144303,
    0.6467248674520513,
    0.5459892347301405,
    0.4738046778846033,
    0.4094338902493113,
    0.36091569526908324,
    0.3234718284502472,
    0.2886631402004625,
    0.26208125723084225,
    0.23375194842360683,
    0.21681940501805433,
    0.19902330690745226,
    0.18125830694418593,
    0.17044471837964253,
    0.16113528755215026,
    0.14759695046034055,
    0.13952783986772457,
    0.12928998324367189,
    0.12493073563907564,
    0.11597434248890459,
    0.1079422813676989,
    0.10223107481586564,
    0.09792755021876895,
    0.09609836249698683,
    0.0855314518257822,
    0.08394398451926782,
    0.08096406508966819,
    0.07791886862713038,
    0.07452865887778937,
    0.07052071133302044,
    0.06729785532488958,
    0.06440119146724645,
    0.06422868695532538,
    0.061521830018033685,
    0.05825983712776113,
    0.056427323009780386,
    0.05429641643212628,
    0.049699614938233314,
    0.050210339842921066,
    0.0487325352318969,
    0.04562696275426094,
    0.045940909453082025,
    0.04268236432378132,
    0.04153591148632089,
    0.04021470240538114,
    0.03952341724532781,
    0.039419720448630374,
    0.03638568810984185,
    0.03860065682800775,
    0.036188969628635756,
    0.03576626813701671,
    0.034700711233752596,
    0.03455659228895513,
    0.03355664481917761,
    0.0315872297535852,
    0.030960519315636495,
    0.030078476506102944,
    0.03017324368354202,
    0.030850478954440385,
    0.02785497370233625,
    0.027724969916084072,
    0.027690316813268227,
    0.028750337019428304,
    0.025968323723345843,
    0.028182078128891813,
    0.02679819080825012,
    0.025485906917985874,
    0.0254976631468642,
    0.027195758944780556,
    0.02411176320213402,
    0.02284710009380714,
    0.02266801137851609,
    0.02201069320057586,
    0.02252915084179606,
    0.024812776655361978,
    0.022558996453881264,
    0.022284783328134453,
    0.020938947810023333,
    0.021806164198199807,
    0.021705224816015316,
    0.021565596870693964,
    0.020521517430153704,
    0.020844353613750914,
    0.020308183615345546,
    0.02086737815689142,
    0.017994486211952706,
    0.020699210940216928,
    0.01943820497901995,
    0.019476326513728222,
    0.019074427919251097,
    0.018868785070677855,
    0.01773776203278721,
    0.018884866848256746,
    0.01767995021517206,
    0.01783618024555179,
    0.017272782785645157,
    0.017253122018822998,
    0.01732277782986747,
    0.01804377666324108,
    0.01699130229721537,
    0.017370790160937982,
    0.016618928186758662,
    0.015759692227314274,
    0.014427565179222753,
    0.014160551718248957,
    0.015527264785727236,
    0.014503303424997697,
    0.014897156014712047,
    0.014526811750010424,
    0.01605474841588935,
    0.014503215521828454,
    0.014708276878269486,
    0.01438180321753121,
    0.01284304323795818,
    0.013655740362664051,
    0.014044259542829752,
    0.014145334075401854,
    0.013820196749143226,
    0.013283947279278343,
    0.012076034435651927,
    0.01305541483812591,
    0.013678229079082532,
    0.01241693486874808,
    0.01271506188318527,
    0.01354096362189649,
    0.013119766472469171,
    0.012320179105784321,
    0.011647597078915647,
    0.01206696166275261
  ],
  "val_loss": [
    0.6276251077651978,
    0.4808914592632881,
    0.4251607725253472,
    0.39599710473647487,
    0.35887410090519833,
    0.3335726880110227,
    0.32650538361989534,
    0.2929146862947024,
    0.28830663515971255,
    0.26546380955439347,
    0.2584639558425316,
    0.2532887252477499,
    0.24139733154040116,
    0.23653781757904932,
    0.23068028115309203,
    0.22428501569307768,
    0.21997040854050562,
    0.21022067161706778,
    0.20032545236440805,
    0.18532250420405313,
    0.19466449778813583,
    0.19465232353944045,
    0.18129201061450517,
    0.18232420488045767,
    0.1759182151693564,
    0.18451708612533715,
    0.17403119802474976,
    0.16696040332317352,
    0.16057400348094794,
    0.16295847124778307,
    0.1555311347429569,
    0.15228199786864793,
    0.16407678734797698,
    0.1509302218373005,
    0.15453916558852562,
    0.14230604469776154,
    0.13968596664758828,
    0.15216532521522963,
    0.14121688558505133,
    0.136340204339761,
    0.1280440745445398,
    0.1401036141010431,
    0.1404707248394306,
    0.13662226154254034,
    0.1249671011016919,
    0.12575601757718965,
    0.1378879535656709,
    0.13589339474072823,
    0.1422298579261853,
    0.13869657195531404,
    0.14417306104531655,
    0.12822651204008323,
    0.12544076889753342,
    0.13379733092509782,
    0.12712062436800736,
    0.1344551111643131,
    0.14762041459863,
    0.1436865129149877,
    0.12841524814183897,
    0.13671158798612082,
    0.13086555181787565,
    0.13723949572214714,
    0.125558445086846,
    0.13188082466904932,
    0.12648158864333078,
    0.13942044858749097,
    0.12848143508801094,
    0.12847680483873075,
    0.12619062799673814,
    0.12156189204408573,
    0.12548462874614275,
    0.12296895682811737,
    0.12187947533451594,
    0.13122114137961313,
    0.12927916230490574,
    0.1252866957623225,
    0.1217449946472278,
    0.11995959597138259,
    0.1255919824425991,
    0.12437435869987194,
    0.12517156509252694,
    0.12608075543091848,
    0.1369879896251055,
    0.1345245007138986,
    0.13124479525364363,
    0.12376411746327694,
    0.1181976732153159,
    0.1284082933114125,
    0.1221575653896882,
    0.12935207440302923,
    0.12529433002838722,
    0.1247479746548029,
    0.12229919576874146,
    0.12543756056290406,
    0.1276902241202501,
    0.12987982925887293,
    0.12349617997041115,
    0.12620114420468992,
    0.12065807386086537,
    0.11941705328913835,
    0.12568250842965567,
    0.12527795909689024,
    0.12202548206998752,
    0.12308356581399074,
    0.11800235796433228,
    0.12246150638048466,
    0.12092180120257232,
    0.12426093507271546,
    0.12347051214713317,
    0.12751887136927018,
    0.1237182253255294,
    0.11924045532941818,
    0.12660040735052183,
    0.12323797551485208,
    0.12220641684073669,
    0.1254324852847136,
    0.12874140762365782,
    0.12781412297716507,
    0.13487707279049432,
    0.12669622926757887,
    0.12485978150596985,
    0.12882922819027534,
    0.12318608207771412,
    0.12425943206136043,
    0.12282003032473418,
    0.12499259211696111,
    0.1226306610669081,
    0.12313090723294479,
    0.12289331423548552,
    0.12342277985925858
  ],