{
  "epoch": [
    1,
    2,
    3,
    4,
    5,
    6,
    7,
    8,
    9,
    10,
    11,
    12,
    13,
    14,
    15,
    16,
    17,
    18,
    19,
    20,
    21,
    22,
    23,
    24,
    25,
    26,
    27,
    28,
    29,
    30,
    31,
    32,
    33,
    34,
    35,
    36,
    37,
    38,
    39,
    40,
    41,
    42,
    43,
    44,
    45,
    46,
    47,
    48,
    49,
    50,
    51,
    52,
    53,
    54,
    55,
    56,
    57,
    58,
    59,
    60,
    61,
    62,
    63,
    64,
    65,
    66,
    67,
    68,
    69,
    70,
    71,
    72,
    73,
    74,
    75,
    76,
    77,
    78,
    79,
    80,
    81,
    82,
    83,
    84,
    85,
    86,
    87,
    88,
    89,
    90,
    91,
    92,
    93,
    94,
    95,
    96,
    97,
    98,
    99
  ],
  "train_loss": [
    1.0993311098306486,
    0.47381325375915756,
    0.3605005328017886,
    0.3132535357876579,
    0.2813392576604786,
    0.2554427590405587,
    0.23439676336722798,
    0.21635774146802356,
    0.20501521709236767,
    0.19481501617644092,
    0.18240202218294144,
    0.17367259995772108,
    0.16554449129812787,
    0.15411952919889205,
    0.14787604438491386,
    0.14136004743009511,
    0.1340740139384081,
    0.12785985320806503,
    0.12293124176783136,
    0.12008545414941145,
    0.11303091443853804,
    0.10894549660163351,
    0.10351084821885174,
    0.10167470452661562,
    0.0947980766765552,
    0.09267670443595045,
    0.08544915859209429,
    0.08377730853781842,
    0.07973162099571511,
    0.07871463249372963,
    0.07415484386210394,
    0.07210504271016263,
    0.07091568716534294,
    0.06624440317696864,
    0.06493837013840675,
    0.06085726677781284,
    0.058122061783134345,
    0.05555852307098927,
    0.05244944322079715,
    0.050435475451816425,
    0.05216090663308554,
    0.048808083841853804,
    0.04564168868531095,
    0.045279004113140085,
    0.04454610797364523,
    0.04190005304863547,
    0.039369493483169246,
    0.037779809796426554,
    0.03862819035011943,
    0.03536346182227135,
    0.03541697056429221,
    0.033721791866170886,
    0.034478531246728235,
    0.033423710844968216,
    0.03094258940419053,
    0.028344420665450912,
    0.028096803187364988,
    0.03214373682985212,
    0.02843241499607811,
    0.027053974098572048,
    0.02630868647247553,
    0.02483694607594816,
    0.025357247975719446,
    0.022567340343416033,
    0.023406079855037502,
    0.023981381318356733,
    0.0226252489022468,
    0.022213176547522,
    0.02310915303296677,
    0.022255718495954972,
    0.019495817938690433,
    0.020684165036361113,
    0.018101739074739786,
    0.01805300295057863,
    0.017350552034204696,
    0.017720022709062783,
    0.016275233948732367,
    0.014934107610531667,
    0.01614663360806385,
    0.015005541370609905,
    0.015464586572315876,
    0.014408308782126053,
    0.013948762893105055,
    0.013100551913888885,
    0.015948935105271712,
    0.013353567766394504,
    0.012760437116727676,
    0.011503780843911342,
    0.012124488140585473,
    0.013004387728869915,
    0.012207286206470562,
    0.012985539778209486,
    0.01131246838658716,
    0.011004352165238545,
    0.01022908534269116,
    0.011354323989471955,
    0.011084730068387666,
    0.011015285577597372,
    0.008523658379603472
  ],
  "val_loss": [
    0.524111284659459,
    0.3668668270111084,
    0.3270480449383075,
    0.27956295701173633,
    0.25911162679012006,
    0.24258165176098162,
    0.22972152267511076,
    0.21177702626356712,
    0.21805613201398116,
    0.20687971264123917,
    0.20785388293174598,
    0.2020844702537243,
    0.19379742271625078,
    0.1905947161408571,
    0.1799107864499092,
    0.165170995088724,
    0.17349985929635856,
    0.17722463894348878,
    0.16915935163314527,
    0.17110667148461708,
    0.1715037702367856,
    0.16900616654982933,
    0.15720011293888092,
    0.16387755194535622,
    0.15889397378151232,
    0.15896703990606162,
    0.15567688529308027,
    0.15637119916769174,
    0.15278380134930977,
    0.15102968938075578,
    0.1492389698441212,
    0.15414761408017233,
    0.16027336281079513,
    0.14841463244878328,
    0.14566189136642677,
    0.14822270606572813,
    0.14682331423346812,
    0.14928548152630144,
    0.14231403057391828,
    0.14443572295399812,
    0.14597602016650713,
    0.14951585233211517,
    0.14308714923950341,
    0.15227611133685479,
    0.15186026090612778,
    0.15369413563838372,
    0.15226871692217314,
    0.13896599698525208,
    0.14238882953157792,
    0.14054455063663995,
    0.14660980753027475,
    0.14687026177461332,
    0.13634719986181992,
    0.13360395626379892,
    0.13606400816486433,
    0.1421367170719,
    0.14403519578851187,
    0.14945385948969767,
    0.1360128284073793,
    0.1426358400629117,
    0.13176481053233147,
    0.1412345511982074,
    0.14180736988782883,
    0.1474750001843159,
    0.1336943882589157,
    0.13387029331464034,
    0.14246155321598053,
    0.138488182081626,
    0.13907931028650358,
    0.1330431023469338,
    0.1398874713251224,
    0.13790619602570167,
    0.14200982050253794,
    0.12504571303725243,
    0.14408260440597168,
    0.13593500594680125,
    0.1350762093296418,
    0.13912099341933543,
    0.13414637429209855,
    0.13677882976256883,
    0.14323902703248537,
    0.13364640451394594,
    0.13741951120587495,
    0.1370232133911206,
    0.13354186054605705,
    0.13427958107338503,
    0.1309154641169768,
    0.13108773443561333,
    0.1467017514201311,
    0.14146612383998358,
    0.14147519649794468,
    0.1346798946078007,
    0.1325791930923095,
    0.13419910835532042,
    0.1334793123488243,
    0.1383025124669075,
    0.1312955620770271,
    0.13541102122802,
    0.1402840021138008
  ],