{
  "epoch": [
    1,
    2,
    3,
    4,
    5,
    6,
    7,
    8,
    9,
    10,
    11,
    12,
    13,
    14,
    15,
    16,
    17,
    18,
    19,
    20,
    21,
    22,
    23,
    24,
    25,
    26,
    27,
    28,
    29,
    30,
    31,
    32,
    33,
    34,
    35,
    36,
    37,
    38,
    39,
    40,
    41,
    42,
    43,
    44,
    45,
    46,
    47,
    48,
    49,
    50,
    51,
    52,
    53,
    54,
    55,
    56,
    57,
    58,
    59,
    60,
    61,
    62,
    63,
    64,
    65,
    66,
    67,
    68,
    69,
    70,
    71,
    72,
    73,
    74,
    75,
    76,
    77,
    78,
    79,
    80,
    81,
    82
  ],
  "train_loss": [
    1.5534133284362321,
    0.896864177332711,
    0.6484211740112796,
    0.5230305967564436,
    0.4234516526927653,
    0.35529673061112765,
    0.31158194690942764,
    0.26887463801300404,
    0.2395329556821548,
    0.2187729060035391,
    0.2021169181644302,
    0.1842260521250902,
    0.16813418238433367,
    0.1560795106300988,
    0.14473413476317198,
    0.13663258645491502,
    0.12564758641510895,
    0.11603363664801587,
    0.11016387165975325,
    0.10129356891224064,
    0.09556731307091787,
    0.08994479688633349,
    0.08248622625221297,
    0.07871735577961218,
    0.07409842806801047,
    0.06964392051792022,
    0.06822834608442697,
    0.06049495222066174,
    0.06379592645260476,
    0.058152884696178214,
    0.05358218243249606,
    0.05233976230524557,
    0.047992406576180584,
    0.0449592348082548,
    0.04453629642225725,
    0.0410705805112867,
    0.04038582372565552,
    0.03909576215214797,
    0.038094616418262735,
    0.0351309563734175,
    0.033663038082766474,
    0.03315962211123293,
    0.03092003974717917,
    0.03040487486773084,
    0.029149513950897862,
    0.02624310973129168,
    0.026456592546910355,
    0.0263672261882919,
    0.02438773946193306,
    0.023710895108884758,
    0.022449921113294885,
    0.022223742892389597,
    0.023182930914473904,
    0.020865409867838025,
    0.022201533906987495,
    0.01840517689358712,
    0.02019995379684128,
    0.02090159977891857,
    0.0184146645970969,
    0.01885967867295306,
    0.01791525672948391,
    0.01860609692617406,
    0.01613246646983376,
    0.016497651934767738,
    0.01627070294241853,
    0.016002246937186448,
    0.015729636820417243,
    0.014565319024487254,
    0.014122758424341603,
    0.01539712721366704,
    0.015285441157475268,
    0.014528749526247919,
    0.014804243893223363,
    0.014901714814111552,
    0.015007528410408377,
    0.012703458735354474,
    0.012824098547181287,
    0.012410174995257529,
    0.012984292418455955,
    0.012618135675888738,
    0.01217612103719898,
    0.011476022794425065
  ],
  "val_loss": [
    0.8558261532049912,
    0.6054783188379728,
    0.4946697996212886,
    0.4216843086939592,
    0.37314585080513585,
    0.3441491952309242,
    0.31022851856855244,
    0.3198463882391269,
    0.2772255860842191,
    0.27557624876499176,
    0.2565028885236153,
    0.23300280135411483,
    0.22097672063570756,
    0.22932292520999908,
    0.21656412115463844,
    0.207610710309102,
    0.19874214495603854,
    0.20784083467263442,
    0.1891892237158922,
    0.18883484487350172,
    0.20242466720250937,
    0.18261700295484984,
    0.17381246387958527,
    0.18205160418382058,
    0.16905625623006088,
    0.17616173395743737,
    0.16664784917464623,
    0.16258058410424453,
    0.156912074639247,
    0.15343236751281297,
    0.14636098794065988,
    0.1561978473686255,
    0.14927987439128068,
    0.15191153093026236,
    0.1449043876849688,
    0.13407719923326603,
    0.13765752487457716,
    0.14627895991389567,
    0.13925418458305872,
    0.14456936115255722,
    0.13804283250982946,
    0.13365165115549013,
    0.14660052783214128,
    0.12339991560349098,
    0.13500743703200266,
    0.134865997502437,
    0.12020230579834718,
    0.1364999542442652,
    0.14337932519041574,
    0.1252215696642032,
    0.12766232169591463,
    0.11676605103107598,
    0.13884921773121908,
    0.12257403393204395,
    0.12538252713588569,
    0.11759425527774371,
    0.10857260700028676,
    0.12213940918445587,
    0.12472338888507623,
    0.12237751283324681,
    0.13129992611133134,
    0.11853731796145439,
    0.11493543091301735,
    0.12824308700286424,
    0.12545009444539362,
    0.12126757577061653,
    0.11556953105788964,
    0.1161506582911198,
    0.11920679862109515,
    0.11320401097719486,
    0.1320704435213254,
    0.11573169953547992,
    0.13016330020932051,
    0.11975946549612743,
    0.12218926159235147,
    0.11827443783672956,
    0.1402593100300202,
    0.12971271402560747,
    0.10958357413227741,
    0.11113855378845564,
    0.11715183306771976,
    0.11861758449902901
  ],
  "train_transduce": [
    1.5534133284362321,
    0.896864177332711,
    0.6484211740112796,
    0.5230305967564436,
    0.4234516526927653,
    0.35529673061112765,
    0.31158194690942764,
    0.26887463801300404,
    0.2395329556821548,
    0.2187729060035391,
    0.2021169181644302,
    0.1842260521250902,
    0.16813418238433367,
    0.1560795106300988,
    0.14473413476317198,
    0.13663258645491502,
    0.12564758641510895,
    0.11603363664801587,
    0.11016387165975325,
    0.10129356891224064,
    0.09556731307091787,
    0.08994479688633349,
    0.08248622625221297,
    0.07871735577961218,
    0.07409842806801047,
    0.06964392051792022,
    0.06822834608442697,
    0.06049495222066174,
    0.06379592645260476,
    0.058152884696178214,
    0.05358218243249606,
    0.05233976230524557,
    0.047992406576180584,
    0.0449592348082548,
    0.04453629642225725,
    0.0410705805112867,
    0.04038582372565552,
    0.03909576215214797,
    0.038094616418262735,
    0.0351309563734175,
    0.033663038082766474,
    0.03315962211123293,
    0.03092003974717917,
    0.03040487486773084,
    0.029149513950897862,
    0.02624310973129168,
    0.026456592546910355,
    0.0263672261882919,
    0.02438773946193306,
    0.023710895108884758,
    0.022449921113294885,
    0.022223742892389597,
    0.023182930914473904,
    0.020865409867838025,
    0.022201533906987495,
    0.01840517689358712,
    0.02019995379684128,
    0.02090159977891857,
    0.0184146645970969,
    0.01885967867295306,
    0.01791525672948391,
    0.01860609692617406,
    0.01613246646983376,
    0.016497651934767738,
    0.01627070294241853,
    0.016002246937186448,
    0.015729636820417243,
    0.014565319024487254,
    0.014122758424341603,
    0.01539712721366704,
    0.015285441157475268,
    0.014528749526247919,
    0.014804243893223363,
    0.014901714814111552,
    0.015007528410408377,
    0.012703458735354474,
    0.012824098547181287,
    0.012410174995257529,
    0.012984292418455955,
    0.012618135675888738,
    0.01217612103719898,
    0.011476022794425065
  ],