{
  "epoch": [
    1,
    2,
    3,
    4,
    5,
    6,
    7,
    8,
    9,
    10,
    11,
    12,
    13,
    14,
    15,
    16,
    17,
    18,
    19,
    20,
    21,
    22,
    23,
    24,
    25,
    26,
    27,
    28,
    29,
    30,
    31,
    32,
    33,
    34,
    35,
    36,
    37,
    38,
    39,
    40,
    41,
    42,
    43,
    44,
    45,
    46,
    47,
    48,
    49,
    50,
    51,
    52,
    53,
    54,
    55,
    56,
    57,
    58,
    59,
    60,
    61,
    62,
    63,
    64,
    65,
    66,
    67,
    68,
    69,
    70,
    71,
    72,
    73,
    74,
    75,
    76,
    77,
    78,
    79,
    80,
    81,
    82,
    83,
    84,
    85,
    86,
    87,
    88,
    89,
    90,
    91,
    92,
    93,
    94,
    95,
    96,
    97,
    98,
    99,
    100,
    101,
    102,
    103,
    104,
    105,
    106,
    107,
    108,
    109,
    110,
    111,
    112,
    113,
    114,
    115,
    116,
    117,
    118,
    119,
    120,
    121,
    122,
    123,
    124,
    125,
    126,
    127,
    128,
    129,
    130,
    131
  ],
  "train_loss": [
    1.0714475890197377,
    0.48750616683818326,
    0.4005550414618879,
    0.36144471079996315,
    0.3343095623030521,
    0.30973269694512434,
    0.29190472889654706,
    0.27564131180838786,
    0.2629156668882559,
    0.2513711589692843,
    0.24085215265207952,
    0.23050163509231983,
    0.21947927728737934,
    0.21032190072064352,
    0.20379017190177842,
    0.1957541912203968,
    0.19188841255289493,
    0.18415582548863818,
    0.1782870614292598,
    0.17300242561810086,
    0.1656940234179544,
    0.16095723388808789,
    0.15596449183355462,
    0.1508617377517247,
    0.14397785495413412,
    0.14403777473633833,
    0.140231452365913,
    0.13567573525527915,
    0.13140510823024382,
    0.12669262887522725,
    0.12245921067672201,
    0.11873673935337822,
    0.11638383534137565,
    0.11558139073376608,
    0.11226470119292194,
    0.10859602394670544,
    0.10457549664643731,
    0.10520624096440796,
    0.10248681836494125,
    0.09896946403354702,
    0.09428593071896842,
    0.09312253308915856,
    0.09130780004186205,
    0.09082769875479217,
    0.08692968282664176,
    0.08492829956778206,
    0.08322411181755585,
    0.08311804291782993,
    0.07978280440046645,
    0.07747990335568343,
    0.07946660589094799,
    0.07751335190738191,
    0.07460195316684128,
    0.07263345088772845,
    0.07245040696003649,
    0.07003985140657071,
    0.06868952542248338,
    0.06870677132196355,
    0.06838013945460909,
    0.06495593335147541,
    0.06456102292505231,
    0.06452290896363187,
    0.06241134083875925,
    0.06207762428070649,
    0.061510528778970834,
    0.05889259512988058,
    0.05993309021364934,
    0.05750958295077971,
    0.05611655165874722,
    0.0591700078347827,
    0.056147018705706785,
    0.055594851908338544,
    0.057185251247322204,
    0.05356632564032432,
    0.05275960275811134,
    0.053230332450406384,
    0.05064841491714268,
    0.054040919187119105,
    0.05129720545419962,
    0.050895151838955315,
    0.04995870138380197,
    0.04877395378333507,
    0.04799852563566206,
    0.049955627198635354,
    0.04846264668140966,
    0.04843502199406376,
    0.04805970547886768,
    0.047174260103245186,
    0.04526492426780486,
    0.044772076747832026,
    0.04536751204972515,
    0.04255266605627419,
    0.04300426981310443,
    0.04327663497556702,
    0.042692062518753036,
    0.044235808286115084,
    0.042335279221360635,
    0.04217764446604075,
    0.04142314945301502,
    0.04213566304470348,
    0.042426534614866916,
    0.040974507670812677,
    0.0406466466789641,
    0.042341658181630736,
    0.041230954856860756,
    0.038693905900241715,
    0.039014541272000214,
    0.038220070242549815,
    0.03722458482157476,
    0.03609912534991261,
    0.038110667406258604,
    0.03776893684511433,
    0.03996625673579107,
    0.03725667582308449,
    0.03760797034322035,
    0.03654159114484002,
    0.03729613696566165,
    0.035983541224262505,
    0.03487356854049434,
    0.035973116580286235,
    0.03562143983522264,
    0.03679380452463237,
    0.036075981200147086,
    0.03499547833816545,
    0.03530502258477235,
    0.03550665437400636,
    0.03440672759022011,
    0.034917065629385194,
    0.03469309324195775,
    0.03285473989470318,
    0.03304786640818756
  ],
  "val_loss": [
    0.487035870552063,
    0.37088284584192127,
    0.33743797357265765,
    0.3294341013981746,
    0.3086955570257627,
    0.2970144290190477,
    0.2747129052877426,
    0.28390726217856777,
    0.2531629651784897,
    0.2470017453798881,
    0.23933454774893248,
    0.23547366032233605,
    0.2223879465690026,
    0.2253224288041775,
    0.21399781566399795,
    0.2147123527068358,
    0.2041725218296051,
    0.1910181332093019,
    0.18393419682979584,
    0.17889624146314767,
    0.18360107449384835,
    0.177050147492152,
    0.17096374069268888,
    0.17029117277035347,
    0.1716408208012581,
    0.165774367749691,
    0.1575667101603288,
    0.1572096342077622,
    0.15720982677661455,
    0.14806246012449265,
    0.14160471925368676,
    0.14015560711805636,
    0.13785027139461958,
    0.14133004328379264,
    0.13298087796339622,
    0.12918542898618257,
    0.1293858100588505,
    0.12684800590460116,
    0.12989768729760096,
    0.1267927546913807,
    0.11808129228078403,
    0.12033823304451428,
    0.11797579549826108,
    0.12123513107116406,
    0.10668145721921554,
    0.11124326403324421,
    0.12210516803539716,
    0.10771030703416237,
    0.1111021709556763,
    0.1125872226861807,
    0.10905022317400345,
    0.1092699751831018,
    0.1025272412942006,
    0.11219240753696515,
    0.10635268659545825,
    0.10435796729647197,
    0.10186180357749645,
    0.10985350551513526,
    0.10435308487369464,
    0.10439116335832156,
    0.10332967398258355,
    0.10333770628158863,
    0.09832805853623611,
    0.09873599243851808,
    0.1013314758355801,
    0.09291231832825221,
    0.09660330271491638,
    0.0961408233986451,
    0.09774973673316148,
    0.09457558078261522,
    0.10107155488087581,
    0.09894419461488724,
    0.09352374965181717,
    0.09486945202717414,
    0.09508780647928898,
    0.09549904528718728,
    0.09493682418878262,
    0.09246518634832822,
    0.09363405435131146,
    0.09535562333006126,
    0.09391935141040729,
    0.09799329793223968,
    0.09621571835417014,
    0.0954945355367202,
    0.09578869233910854,
    0.09940839902712749,
    0.09340418989841755,
    0.09147126027024709,
    0.0974654876268827,
    0.09580166895802204,
    0.08983677940873,
    0.09987817676021503,
    0.09741360035080177,
    0.09409906342625618,
    0.09581796137186196,
    0.09434152022004128,
    0.10249310330702709,
    0.09360934134859306,
    0.10034563994178405,
    0.09630810956542309,
    0.09567926408579716,
    0.10342801018403126,
    0.0944241381321962,
    0.09717067932853332,
    0.093727818188759,
    0.08614691547476329,
    0.09238439139265281,
    0.10521796288398597,
    0.10111010948625895,
    0.10092846834315704,
    0.08976073233553997,
    0.09481528200782262,
    0.09689129057985085,
    0.1008508145236052,
    0.09832191409972998,
    0.09917803796438071,
    0.09945922072690266,
    0.09903113830548066,
    0.10351460255109347,
    0.099504621556172,
    0.09963188205774014,
    0.09978545715029423,
    0.1048756826382417,
    0.09675037789230163,
    0.09347628744748923,
    0.09810048828904445,
    0.09370290402036446,
    0.09741659577076252,
    0.09490786091639446,
    0.10322722162191685,
    0.10065384553028987
  ],