{
  "epoch": [
    1,
    2,
    3,
    4,
    5,
    6,
    7,
    8,
    9,
    10,
    11,
    12,
    13,
    14,
    15,
    16,
    17,
    18,
    19,
    20,
    21,
    22,
    23,
    24,
    25,
    26,
    27,
    28,
    29,
    30,
    31,
    32,
    33,
    34,
    35,
    36,
    37,
    38,
    39,
    40,
    41,
    42,
    43,
    44,
    45,
    46,
    47,
    48,
    49,
    50,
    51,
    52,
    53,
    54,
    55,
    56,
    57,
    58,
    59,
    60,
    61,
    62,
    63,
    64,
    65,
    66,
    67,
    68,
    69,
    70,
    71,
    72,
    73,
    74,
    75,
    76,
    77,
    78,
    79,
    80,
    81,
    82,
    83,
    84,
    85,
    86,
    87,
    88,
    89,
    90,
    91,
    92,
    93,
    94,
    95,
    96,
    97,
    98,
    99,
    100,
    101,
    102
  ],
  "train_loss": [
    1.4818854442576772,
    0.8643074699283875,
    0.6570570170879364,
    0.5253669237045898,
    0.43544159245859715,
    0.3656063657446006,
    0.3259384884815855,
    0.2823811853976594,
    0.2529906960799522,
    0.2306745339607455,
    0.20506823193473914,
    0.18661941810674273,
    0.17305572718842743,
    0.16245386956893293,
    0.1481250142774631,
    0.13581157813674397,
    0.12708858387141497,
    0.11940872699944015,
    0.11230940582979586,
    0.104826496472371,
    0.09924965824202164,
    0.09125770989459814,
    0.08896992490002789,
    0.08095028963823293,
    0.07659957707696355,
    0.07506832177030671,
    0.07103300466173396,
    0.06728878624967694,
    0.06496524916404915,
    0.05981661307327833,
    0.05858618377218234,
    0.054520709180877994,
    0.05047230319763275,
    0.04959811069090495,
    0.04572996758788671,
    0.0440386124435313,
    0.044298316476885806,
    0.041308026655202675,
    0.039610201680130255,
    0.03800870396782519,
    0.036118303084765206,
    0.03665052621730978,
    0.033584205671357586,
    0.032156744472605664,
    0.030379360642514584,
    0.02949858026233377,
    0.028094974449672495,
    0.027321041290427454,
    0.02747463372766434,
    0.028658318270919556,
    0.02493970144117616,
    0.024611732972901045,
    0.024411042806567605,
    0.022167472077591212,
    0.02307655778233461,
    0.020151902609456752,
    0.02018928176665813,
    0.021413853586430557,
    0.02009130323296125,
    0.019533168536505288,
    0.01989782995006703,
    0.017582151028279636,
    0.01735386367738439,
    0.01712788236279463,
    0.016564254351344305,
    0.01612912033943786,
    0.015501857401572705,
    0.014740129498304012,
    0.016267841090160162,
    0.015361931004571085,
    0.015065561670368327,
    0.014597470508456306,
    0.012416546587044969,
    0.013447974074617527,
    0.013367398666006695,
    0.013133251598493685,
    0.012827157296753997,
    0.011996983744914537,
    0.014043775958983592,
    0.01331010864766737,
    0.012090998933981797,
    0.012064669801512752,
    0.010709387988341762,
    0.010646436653896859,
    0.011418552292131618,
    0.012056416810907846,
    0.00993616466432061,
    0.008942490282766138,
    0.011190958174075163,
    0.011236246163985626,
    0.0099936827714795,
    0.010886378391866678,
    0.009936388191939859,
    0.00841231716343096,
    0.009720376104034829,
    0.008335865733691385,
    0.00931266996440641,
    0.008381685917145698,
    0.008663439992683238,
    0.007887446303244623,
    0.008305733617498376,
    0.008334842631137287
  ],
  "val_loss": [
    0.8017323200519269,
    0.5757767512248113,
    0.505839065863536,
    0.41622681801135725,
    0.38954463601112366,
    0.3424538878294138,
    0.31992246554448056,
    0.2864508984180597,
    0.28302352359661687,
    0.27537186787678647,
    0.2648543394528903,
    0.2517769932746887,
    0.24193796171591833,
    0.22905234304758218,
    0.2252682218184838,
    0.2142077013850212,
    0.20973103264203438,
    0.19160335052471894,
    0.17936050089506003,
    0.18793800473213196,
    0.17767667713073584,
    0.17775872063178283,
    0.1643097770328705,
    0.16754035651683807,
    0.1666400249187763,
    0.15854423034649628,
    0.15675733123834318,
    0.14533091938266388,
    0.14867838414815757,
    0.15173067897558212,
    0.13890502859766668,
    0.1390736521436618,
    0.13588260859251022,
    0.1328557741183501,
    0.13555082793419176,
    0.12992742313788488,
    0.13469068992596406,
    0.13080850874002165,
    0.11634163572811164,
    0.12723981216549873,
    0.11403565868162192,
    0.11929139595192212,
    0.11112873428142987,
    0.11411751004365775,
    0.11001900984690739,
    0.10713752660040672,
    0.10617050657478663,
    0.11359359209354107,
    0.10846656790146461,
    0.10519270297999565,
    0.10460561915085866,
    0.09518769369102441,
    0.10555589485626954,
    0.10492433134752971,
    0.1029830640898301,
    0.10491856001317501,
    0.09734939497250777,
    0.09956860198424412,
    0.103960195556283,
    0.09571474905197437,
    0.10805204482032703,
    0.10293310508131981,
    0.10819911809924704,
    0.10427865328697059,
    0.09546241321815895,
    0.10620696054628262,
    0.1106092336301047,
    0.09381355431217414,
    0.09763626324442717,
    0.09645763644948602,
    0.10608430815717348,
    0.10180970147037162,
    0.0916429116892127,
    0.09839953435584903,
    0.09920773291602157,
    0.09695530270871061,
    0.08820514599434458,
    0.08919093585931338,
    0.10503032069223431,
    0.1033078026599609,
    0.09948333539068699,
    0.09534541202279237,
    0.09627480113592285,
    0.10228194042037313,
    0.10757907164784578,
    0.09370093203436297,
    0.09505820381813325,
    0.09952733065718068,
    0.10357232979283883,
    0.09327481024397108,
    0.10211908838783319,
    0.10236863569857982,
    0.09596388428830184,
    0.09379140271518666,
    0.09769674725472353,
    0.09698440428250112,
    0.09813372235601911,
    0.08926435491929834,
    0.09711089920109281,
    0.0936543231901641,
    0.09678745576037237,
    0.09555668234287833
  ],