{
  "epoch": [
    1,
    2,
    3,
    4,
    5,
    6,
    7,
    8,
    9,
    10,
    11,
    12,
    13,
    14,
    15,
    16,
    17,
    18,
    19,
    20,
    21,
    22,
    23,
    24,
    25,
    26,
    27,
    28,
    29,
    30,
    31,
    32,
    33,
    34,
    35,
    36,
    37,
    38
  ],
  "train_loss": [
    2.1544430636868035,
    0.7484834744143731,
    0.39665251555516545,
    0.2532826275708749,
    0.17466079386085578,
    0.14136758646399705,
    0.11629699631450102,
    0.08686290318434386,
    0.07724304007577527,
    0.06956267282942828,
    0.05770890943744441,
    0.05286635117624531,
    0.049138955560695266,
    0.04495349750114778,
    0.04253067825104773,
    0.039822131068897,
    0.03728654714944513,
    0.033616429814089514,
    0.0309420443000752,
    0.029412620420058825,
    0.029726246945540775,
    0.02869433369343505,
    0.02435487292985403,
    0.02349266718554589,
    0.02178274155066339,
    0.021384552159567468,
    0.019853607050536834,
    0.021831400103185364,
    0.02096463145133703,
    0.018304407138127796,
    0.017098360376903,
    0.017538550721491044,
    0.01880786882727839,
    0.017762973395742707,
    0.015033184132447523,
    0.01705749888457934,
    0.016439963800030925,
    0.01588158084670101
  ],
  "val_loss": [
    0.9968893527984619,
    0.35612551065591663,
    0.1824449381003013,
    0.11234779426684746,
    0.09068317654041144,
    0.06833535748032424,
    0.06597636425151275,
    0.0741791080396909,
    0.05892628868325399,
    0.05378200898233514,
    0.052335028823178545,
    0.05475122019505271,
    0.05095194169105245,
    0.052036737772421196,
    0.05254576007763927,
    0.059445504600612015,
    0.060696720611304045,
    0.05569152496396922,
    0.05531292835859439,
    0.05491234539434887,
    0.05752380604210954,
    0.057281182756504186,
    0.053875855582121476,
    0.05584789378917776,
    0.06088432227709116,
    0.05766402973005405,
    0.057292271293520644,
    0.06551039408077486,
    0.059503014309134766,
    0.06653486616246831,
    0.06761618706514128,
    0.059509091558328904,
    0.06852944517427553,
    0.07856490257052848,
    0.06493498807629713,
    0.06270603943043031,
    0.06706861734318618,
    0.07350874153221063
  ],
  "train_transduce": [
    2.1544430636868035,
    0.7484834744143731,
    0.39665251555516545,
    0.2532826275708749,
    0.17466079386085578,
    0.14136758646399705,
    0.11629699631450102,
    0.08686290318434386,
    0.07724304007577527,
    0.06956267282942828,
    0.05770890943744441,
    0.05286635117624531,
    0.049138955560695266,
    0.04495349750114778,
    0.04253067825104773,
    0.039822131068897,
    0.03728654714944513,
    0.033616429814089514,
    0.0309420443000752,
    0.029412620420058825,
    0.029726246945540775,
    0.02869433369343505,
    0.02435487292985403,
    0.02349266718554589,
    0.02178274155066339,
    0.021384552159567468,
    0.019853607050536834,
    0.021831400103185364,
    0.02096463145133703,
    0.018304407138127796,
    0.017098360376903,
    0.017538550721491044,
    0.01880786882727839,
    0.017762973395742707,
    0.015033184132447523,
    0.01705749888457934,
    0.016439963800030925,
    0.01588158084670101
  ],
  "val_transduce": [
    0.9968893527984619,
    0.35612551065591663,
    0.1824449381003013,
    0.11234779426684746,
    0.09068317654041144,
    0.06833535748032424,
    0.06597636425151275,
    0.0741791080396909,
    0.05892628868325399,
    0.05378200898233514,
    0.052335028823178545,
    0.05475122019505271,
    0.05095194169105245,
    0.052036737772421196,
    0.05254576007763927,
    0.059445504600612015,
    0.060696720611304045,
    0.05569152496396922,
    0.05531292835859439,
    0.05491234539434887,
    0.05752380604210954,
    0.057281182756504186,
    0.053875855582121476,
    0.05584789378917776,
    0.06088432227709116,
    0.05766402973005405,
    0.057292271293520644,
    0.06551039408077486,
    0.059503014309134766,
    0.06653486616246831,
    0.06761618706514128,
    0.059509091558328904,
    0.06852944517427553,
    0.07856490257052848,
    0.06493498807629713,
    0.06270603943043031,
    0.06706861734318618,
    0.07350874153221063
  ],
  "l0": [
    0.0,
    0.0,
    0.0,
    0.0,
    0.0,
    0.0,
    0.0,
    0.0,
    0.0,
    0.0,
    0.0,
    0.0,
    0.0,
    0.0,
    0.0,
    0.0,
    0.0,
    0.0,
    0.0,
    0.0,
    0.0,
    0.0,
    0.0,
    0.0,
    0.0,
    0.0,
    0.0,
    0.0,
    0.0,
    0.0,
    0.0,
    0.0,
    0.0,
    0.0,
    0.0,
    0.0,
    0.0,
    0.0
  ],
  "lambda_l0_effective": [
    0.01,
    0.01,
    0.01,
    0.01,
    0.01,
    0.01,
    0.01,
    0.01,
    0.01,
    0.01,
    0.01,
    0.01,
    0.01,
    0.01,
    0.01,
    0.01,
    0.01,
    0.01,
    0.01,
    0.01,
    0.01,
    0.01,
    0.01,
    0.01,
    0.01,
    0.01,
    0.01,
    0.01,
    0.01,
    0.01,
    0.01,
    0.01,
    0.01,
    0.01,
    0.01,
    0.01,
    0.01,
    0.01
  ],
  "recon_loss": [],
  "balance_loss": []
}