{
  "epoch": [
    1,
    2,
    3,
    4,
    5,
    6,
    7,
    8,
    9,
    10,
    11,
    12,
    13,
    14,
    15,
    16,
    17,
    18,
    19,
    20,
    21,
    22,
    23,
    24,
    25,
    26,
    27,
    28,
    29,
    30,
    31,
    32,
    33,
    34,
    35,
    36,
    37,
    38,
    39,
    40,
    41,
    42,
    43,
    44,
    45,
    46,
    47,
    48,
    49,
    50,
    51,
    52,
    53,
    54,
    55,
    56,
    57,
    58,
    59,
    60,
    61,
    62,
    63,
    64,
    65,
    66,
    67,
    68,
    69,
    70,
    71,
    72,
    73,
    74,
    75,
    76,
    77,
    78,
    79,
    80,
    81,
    82,
    83,
    84,
    85,
    86,
    87,
    88,
    89,
    90,
    91,
    92,
    93,
    94,
    95,
    96,
    97,
    98,
    99,
    100,
    101,
    102,
    103,
    104,
    105,
    106,
    107,
    108,
    109,
    110,
    111,
    112,
    113,
    114,
    115,
    116,
    117,
    118,
    119,
    120,
    121,
    122,
    123,
    124,
    125,
    126,
    127,
    128,
    129
  ],
  "train_loss": [
    1.3200976299767446,
    0.6857103197881491,
    0.5255431866291727,
    0.4614783785130718,
    0.4156716510210887,
    0.3824546145330561,
    0.3585612841761938,
    0.32967711542502487,
    0.30943772683639337,
    0.2915554686938182,
    0.27723042445607704,
    0.2631932547186861,
    0.2511093280102947,
    0.23884795635643571,
    0.22832687331898377,
    0.219044095956453,
    0.2116375572905682,
    0.2050521679886497,
    0.19777673777967397,
    0.1898400839602593,
    0.18269839167299837,
    0.1783204948400507,
    0.17160373557322095,
    0.16966165808757933,
    0.16188488362154158,
    0.15833494590945763,
    0.15425952450178637,
    0.14860612087615646,
    0.14508428712292473,
    0.14033658345146935,
    0.13729833708246156,
    0.13527621365714781,
    0.1328492557795921,
    0.1276754764932217,
    0.12379277866370607,
    0.12077663344616937,
    0.11784594092923815,
    0.1164511081827159,
    0.11230236671791219,
    0.1108773029455454,
    0.10476025481625359,
    0.10383633066817086,
    0.10214875229071863,
    0.09960180849279507,
    0.09954565416763325,
    0.09606189859828146,
    0.09529138430215345,
    0.0931154119938907,
    0.09022235173252549,
    0.08985911095791524,
    0.08577284845754062,
    0.08399736556676354,
    0.08110755982596686,
    0.08251612950669657,
    0.08186385367471392,
    0.07682787606695501,
    0.07452994549997372,
    0.07247517547468738,
    0.07563799940566025,
    0.07448242687721654,
    0.06885428516433971,
    0.0683442020954767,
    0.0673754188315113,
    0.0669846933445718,
    0.0662883341607481,
    0.06356568739629619,
    0.06242247610030198,
    0.06081398261139299,
    0.06052378059761359,
    0.05829719109184081,
    0.05855781265930964,
    0.05508053577551157,
    0.056670709743653194,
    0.05485274427856254,
    0.055069036689577716,
    0.05229953610070861,
    0.05152730970173189,
    0.05106506598099034,
    0.04923590261599805,
    0.05006602579856863,
    0.05082792474307341,
    0.04878438059425,
    0.04819028150511555,
    0.04844902800672715,
    0.04508556737241769,
    0.04416485007225287,
    0.043671933224074325,
    0.0440949604173403,
    0.042919840322493914,
    0.040635171171167106,
    0.04039619904527865,
    0.04195454760943309,
    0.03992865348954012,
    0.04106423082660035,
    0.037634356436089124,
    0.03781401955218303,
    0.037360460718743285,
    0.04015171070500176,
    0.038407500658073634,
    0.03800671627874126,
    0.03667893491242782,
    0.038229200352757876,
    0.0332562954506219,
    0.0343291641923018,
    0.035015256964776774,
    0.035246167230502806,
    0.035173448402028865,
    0.034992622801720503,
    0.03330860312769909,
    0.03314506899712995,
    0.03203552987168331,
    0.03373111453423701,
    0.030336328321090428,
    0.03225797410169155,
    0.03015367717638907,
    0.030132629613548814,
    0.03140695888715068,
    0.031638265527452865,
    0.02927641477896878,
    0.031439677102140864,
    0.02999836648122804,
    0.029826751831771418,
    0.030116985229277374,
    0.029102362535598846,
    0.027433703870208253,
    0.028067909605284727,
    0.0276143193788974,
    0.029023112397235217,
    0.026593973735660904
  ],
  "val_loss": [
    0.6866075075589694,
    0.44879039434286266,
    0.38837528228759766,
    0.3626838762026567,
    0.33822003580056703,
    0.3201356358253039,
    0.30794298075712645,
    0.28798506695490617,
    0.2776497212740091,
    0.2650451912329747,
    0.25076749003850496,
    0.24170336012656873,
    0.2317599356174469,
    0.22837097369707549,
    0.22431552295501417,
    0.2179922707951986,
    0.21380001306533813,
    0.20137645189578718,
    0.197030392403786,
    0.19743248705680555,
    0.1912982205931957,
    0.18641074001789093,
    0.18366555181833413,
    0.1754190784234267,
    0.17615625033011803,
    0.17420183752591795,
    0.1684640863767037,
    0.16356747712080294,
    0.16087273279061684,
    0.16088682441757277,
    0.15549243413485014,
    0.15968917740079072,
    0.15554122168284196,
    0.15168911648484376,
    0.14922305368460143,
    0.1451914281799243,
    0.1433682212462792,
    0.14167706868969476,
    0.1431855567945884,
    0.14436927695687002,
    0.14468451245472982,
    0.14111146989923257,
    0.14049591926427987,
    0.14100329778515375,
    0.13637790943567568,
    0.133327644604903,
    0.1313162317069677,
    0.13088689572536027,
    0.12632287236360404,
    0.12409207253501965,
    0.12584474338934973,
    0.12744019065911955,
    0.12641544812000716,
    0.12697635419093645,
    0.125690795481205,
    0.12917273634901413,
    0.1278195524444947,
    0.12419103515835908,
    0.12366499321965072,
    0.1228636156481046,
    0.1197705280322295,
    0.11783235090283248,
    0.11544153925317985,
    0.12099624224580251,
    0.11318199193248382,
    0.11886336425176033,
    0.11236033617303921,
    0.11546092394452828,
    0.11452583252237393,
    0.11609140726236197,
    0.11740894902210969,
    0.1158404964953661,
    0.11175269447267056,
    0.11146746260615495,
    0.1119648923094456,
    0.11131313958993325,
    0.11276962063633479,
    0.10750743861381824,
    0.11549018910871102,
    0.1096904561496698,
    0.10737851176124352,
    0.10857967573862809,
    0.11123139525835331,
    0.10717913537071301,
    0.10739563949979268,
    0.10385100987668221,
    0.10665915591212419,
    0.10978938481555535,
    0.10560240553548703,
    0.1076581383553835,
    0.10512960730836941,
    0.10500566217188652,
    0.1066789161413908,
    0.10470009953356706,
    0.10480579160726987,
    0.10354650880281742,
    0.10749431541905953,
    0.10482304084759492,
    0.09944147802889347,
    0.10201605524008091,
    0.09880295238242699,
    0.09874231898440765,
    0.09942810294719842,
    0.09842977887735917,
    0.10133164390348472,
    0.10197445764564551,
    0.1030846183689741,
    0.10182481316419748,
    0.10316078794690278,
    0.1041902957054285,
    0.10173825719035588,
    0.10041545259837921,
    0.09954284575696175,
    0.10131190172754802,
    0.10350037932109374,
    0.10490015607613784,
    0.102373883056526,
    0.10098733151188263,
    0.09955916181206703,
    0.10110464548835388,
    0.10168229774213754,
    0.10166665051992123,
    0.10177943869852103,
    0.10084108220270047,
    0.10178806668577287,
    0.10109450453175949,
    0.1018298351420806,
    0.10127970877175148,
    0.10172477980645803
  ],