{
  "epoch": [
    1,
    2,
    3,
    4,
    5,
    6,
    7,
    8,
    9,
    10,
    11,
    12,
    13,
    14,
    15,
    16,
    17,
    18,
    19,
    20,
    21,
    22,
    23,
    24,
    25,
    26,
    27,
    28,
    29,
    30,
    31,
    32,
    33,
    34,
    35,
    36,
    37,
    38,
    39,
    40,
    41,
    42,
    43,
    44,
    45,
    46,
    47,
    48,
    49,
    50,
    51,
    52,
    53,
    54,
    55,
    56,
    57,
    58,
    59,
    60,
    61,
    62,
    63,
    64,
    65,
    66,
    67,
    68,
    69,
    70,
    71,
    72,
    73,
    74,
    75,
    76,
    77,
    78,
    79,
    80,
    81,
    82,
    83,
    84,
    85,
    86,
    87,
    88,
    89,
    90,
    91,
    92,
    93,
    94,
    95,
    96,
    97,
    98,
    99,
    100,
    101,
    102,
    103,
    104,
    105,
    106,
    107,
    108,
    109,
    110,
    111,
    112,
    113,
    114,
    115,
    116,
    117,
    118,
    119,
    120,
    121,
    122
  ],
  "train_loss": [
    1.6473019418028212,
    1.0131002292805111,
    0.8071755797592635,
    0.6901297074617799,
    0.5998574897800524,
    0.5289968058620531,
    0.4699799696501997,
    0.41935085820168566,
    0.3793664975571878,
    0.3403438934960316,
    0.31559637350212666,
    0.2881267879580714,
    0.26458489902547955,
    0.2414360041010011,
    0.2227991356216755,
    0.21050622448632397,
    0.1937269396004603,
    0.17870196888280898,
    0.16957895580640772,
    0.1579031466516023,
    0.14514532892667142,
    0.14156608924884156,
    0.13290618072004662,
    0.12627959451110093,
    0.11341837488268454,
    0.11050639779681397,
    0.10874335233544566,
    0.10126600706392956,
    0.0946987112503998,
    0.08853499049839285,
    0.08653298683810173,
    0.08108092948179885,
    0.07946866226488168,
    0.0754756411902376,
    0.0714494374859118,
    0.06716227174266097,
    0.06743285173223805,
    0.06120353938109174,
    0.0602203675728176,
    0.059757918916335424,
    0.0584181684270962,
    0.05409105506139932,
    0.053109688501920285,
    0.04976634713869119,
    0.0495229836399715,
    0.047221992702521,
    0.043429362794057916,
    0.04386774094333661,
    0.04182420951343074,
    0.03982656511967791,
    0.03947926760583963,
    0.03776862283150867,
    0.03440350105448328,
    0.038180209173024005,
    0.0371625550504121,
    0.03570278447851078,
    0.03645596958063159,
    0.031716512189697975,
    0.03147938858583262,
    0.029904998471653184,
    0.03116016347470127,
    0.030504808117894782,
    0.030639575544706324,
    0.026016231724685153,
    0.028733394291136683,
    0.026478476169490322,
    0.025615557713779744,
    0.0260682498565731,
    0.026049814700657866,
    0.025524284032931954,
    0.0247950065357745,
    0.02268026501405984,
    0.02394651413712766,
    0.02320638478291941,
    0.02348061013947596,
    0.02420861065896593,
    0.021583963209551943,
    0.021686491545664204,
    0.02148570691489797,
    0.02111992748338998,
    0.021384942364523707,
    0.02002590682991233,
    0.020963062285013573,
    0.01971858016757736,
    0.019803920869965144,
    0.019062003195189785,
    0.019846478648742987,
    0.020109219503584175,
    0.01927857255603945,
    0.018838270359130136,
    0.019323531466238584,
    0.017976566531080946,
    0.017106428223940515,
    0.016525031594300316,
    0.017273718538002792,
    0.01803775160506214,
    0.018012900644740492,
    0.01744909449024414,
    0.016640315319593882,
    0.015531690551817762,
    0.015217892199121032,
    0.016017955523248303,
    0.0160922773888085,
    0.014686978878165335,
    0.015331422516442452,
    0.01485032949791069,
    0.015157614619178294,
    0.01441444521265815,
    0.015557065564711798,
    0.013239133874429678,
    0.014519074376067627,
    0.014935007306852752,
    0.01318056803897561,
    0.014448426625470525,
    0.013646428041236917,
    0.013142274802469062,
    0.014462483336923394,
    0.014466521442392553,
    0.013497128845048473,
    0.0138096496296,
    0.01325282051837667,
    0.011294272541639769
  ],
  "val_loss": [
    0.8634272446999183,
    0.6700346378179697,
    0.5789119922197782,
    0.511600123001979,
    0.4683263897895813,
    0.42838536776029146,
    0.39421136791889483,
    0.3896911648603586,
    0.3648000955581665,
    0.35466676262708813,
    0.3201101261835832,
    0.30009917800243086,
    0.2976984782860829,
    0.28414030831593734,
    0.2605164280304542,
    0.2488242364846743,
    0.24954548019629258,
    0.23879155631248766,
    0.2337017827309095,
    0.20568069013265464,
    0.20669017560206926,
    0.19235154126699155,
    0.19952489378360602,
    0.19295124881542647,
    0.19097222674351472,
    0.17237105736365685,
    0.17783459218648764,
    0.17026775101056466,
    0.17307807906315878,
    0.1579986845071499,
    0.15662357211112976,
    0.15844205480355483,
    0.14251505640836862,
    0.14206273939747077,
    0.13827263219998434,
    0.13774326243079626,
    0.13960441545798227,
    0.12389691890432285,
    0.12625167346917665,
    0.13189149991824076,
    0.12760845858317155,
    0.12133851532752697,
    0.12432527026304832,
    0.11298622936010361,
    0.11134690504807693,
    0.11466861344300784,
    0.10292131826281548,
    0.11269165174319194,
    0.1103754724160983,
    0.1047892696582354,
    0.09744079912511203,
    0.10612396494700359,
    0.09467176376627041,
    0.09357657469809055,
    0.08817005014190307,
    0.0963652661213508,
    0.09922440650944526,
    0.0913388803601265,
    0.09190766212458794,
    0.09139588518211475,
    0.09452503625876628,
    0.09808134402220066,
    0.09497208463457915,
    0.08839194096911412,
    0.0911495154723525,
    0.08730072954383034,
    0.08613393749468602,
    0.08490348521333474,
    0.09183361947249907,
    0.08350106987815636,
    0.08415264263749123,
    0.0931957563242087,
    0.100042403389055,
    0.09750521068389599,
    0.09428252931684256,
    0.09304152292987475,
    0.09015218247301303,
    0.0800240645185113,
    0.0876098175246555,
    0.08248534843397255,
    0.08776171297694628,
    0.0807734915915017,
    0.08078478563290376,
    0.08855315668580051,
    0.08416351453902629,
    0.08621027352861486,
    0.08761944736425693,
    0.08806241636809248,
    0.08879077083502825,
    0.08700346427324873,
    0.08334018959878729,
    0.0924792903332183,
    0.08008082099975301,
    0.08549968547259386,
    0.08592526113184598,
    0.08062471522806355,
    0.07673809521545011,
    0.08032494210279904,
    0.08279031626163767,
    0.08285080663000162,
    0.08247590605885936,
    0.0792198260852064,
    0.08911660994188143,
    0.08877604623110248,
    0.08624224576096122,
    0.08816983135273823,
    0.08641288939935084,
    0.08958427493388836,
    0.08650935294393164,
    0.08514559254623376,
    0.08676421287684487,
    0.08379099888798709,
    0.08126328484370159,
    0.08007820151173152,
    0.08087809742070161,
    0.0889239446618236,
    0.08462792048409867,
    0.08118592715786341,
    0.08352740771638659,
    0.08735034537788194,
    0.08941329621638243,
    0.08639419669858538
  ],