{
  "epoch": [
    1,
    2,
    3,
    4,
    5,
    6,
    7,
    8,
    9,
    10,
    11,
    12,
    13,
    14,
    15,
    16,
    17,
    18,
    19,
    20,
    21,
    22,
    23,
    24,
    25,
    26,
    27,
    28,
    29,
    30,
    31,
    32,
    33,
    34,
    35,
    36,
    37,
    38,
    39,
    40,
    41,
    42,
    43,
    44,
    45,
    46,
    47,
    48,
    49,
    50,
    51,
    52,
    53,
    54,
    55,
    56,
    57,
    58,
    59,
    60,
    61,
    62,
    63,
    64,
    65,
    66,
    67,
    68,
    69,
    70,
    71,
    72,
    73,
    74,
    75,
    76,
    77,
    78,
    79,
    80,
    81,
    82,
    83,
    84,
    85,
    86,
    87,
    88,
    89,
    90,
    91,
    92,
    93
  ],
  "train_loss": [
    0.9551799173402314,
    0.4382854670581251,
    0.3155759631997288,
    0.2686179274379617,
    0.24301619857254594,
    0.22214722485825567,
    0.2048425177241316,
    0.1927010682549807,
    0.18149883779558804,
    0.17328579118936369,
    0.16433640163723784,
    0.15703110374731594,
    0.14693135406711313,
    0.14292594783081866,
    0.138182215060633,
    0.1334152751334823,
    0.12910301422718728,
    0.12494889392268539,
    0.12243813800044578,
    0.11994783196708944,
    0.1168992157914851,
    0.11240012921614222,
    0.10942770865294013,
    0.10920143916760341,
    0.10520050018140585,
    0.10217537454301769,
    0.10031640662415194,
    0.09799768381042055,
    0.09564797543358095,
    0.09483707028597889,
    0.09245091396393162,
    0.09228890210316323,
    0.08850435884946053,
    0.08799452609428675,
    0.08628902244980972,
    0.08626568053692284,
    0.0821842659301687,
    0.08281069221251672,
    0.0827720261888929,
    0.08133032659787943,
    0.07939988966699284,
    0.08049579934761075,
    0.07693715419362088,
    0.07708185636392324,
    0.07517787345712727,
    0.07775907548568627,
    0.07394902024528768,
    0.07170868491624842,
    0.0701476921244423,
    0.0707443759287938,
    0.07013190557055249,
    0.07015760733497024,
    0.06641807311242169,
    0.06780523216665381,
    0.0665869594062909,
    0.06867752770091047,
    0.06411975544720593,
    0.06411892784261468,
    0.06524577855805655,
    0.06412702105423011,
    0.06473846726193286,
    0.06248069994409781,
    0.06464973955166221,
    0.062377943223950884,
    0.06335357312887611,
    0.060956696896712376,
    0.058208788957188624,
    0.059195710078693266,
    0.05955642498660796,
    0.05642923730250338,
    0.058261378954100135,
    0.05685049787827647,
    0.05725494086152256,
    0.05698973261336289,
    0.05690940871539683,
    0.053914366382183415,
    0.05573420118688062,
    0.05588184272188066,
    0.05783803734264457,
    0.05541054875875759,
    0.0524777188380756,
    0.0532852903026903,
    0.05398502489459692,
    0.052483941280827076,
    0.0520573618941673,
    0.05014974830469283,
    0.05133976232223582,
    0.052165494650823645,
    0.05038541204083969,
    0.04869239714623678,
    0.051113018968907915,
    0.049862150563904556,
    0.04975108998726205
  ],
  "val_loss": [
    0.4503851097363692,
    0.261518908234743,
    0.22127081969609627,
    0.19670056838255662,
    0.18404805602935645,
    0.169607417514691,
    0.16188007593154907,
    0.14889228000090673,
    0.14173008100344583,
    0.13515640050172806,
    0.12823780310841706,
    0.12451089947269513,
    0.11752483993768692,
    0.11304005321401817,
    0.1130452393912352,
    0.11239011471088116,
    0.11694872092742187,
    0.10660797099654491,
    0.10569545196799132,
    0.11350702637663254,
    0.11168867206344238,
    0.1039615049958229,
    0.10306913864154083,
    0.09754024746899422,
    0.09582170342596677,
    0.0980628698777694,
    0.0960906193806575,
    0.09377974243118213,
    0.09244792994398338,
    0.09546983385315308,
    0.09375755259623894,
    0.09358020399052364,
    0.08920993283390999,
    0.08964956709398673,
    0.08759833184572366,
    0.08626270852982998,
    0.08826440973923756,
    0.08446776422743614,
    0.08685793111530635,
    0.08326290447551471,
    0.08039536241155404,
    0.08325819635333923,
    0.08417112480562466,
    0.08160583316706695,
    0.08599758578034547,
    0.08190312394155906,
    0.08478613914205478,
    0.08003858090020143,
    0.07849328950620614,
    0.07863945220238887,
    0.07511228810136135,
    0.07395025987464648,
    0.07567233484811507,
    0.07331355704137912,
    0.07432776231032151,
    0.07227006482963379,
    0.07347417629968661,
    0.07411956350104167,
    0.07507485910676993,
    0.07180878985673189,
    0.0717187378412256,
    0.07284516611924538,
    0.07382776903418395,
    0.07252752372565177,
    0.06832170787339027,
    0.07080066075118688,
    0.06676939724443051,
    0.06631789879443553,
    0.06756404328804749,
    0.07009440030042942,
    0.07131334114819765,
    0.06984074349300219,
    0.07078445165489729,
    0.06995951040433003,
    0.06730783881189731,
    0.0697488937383661,
    0.06939207031749763,
    0.07169502737143865,
    0.06767363000947696,
    0.07088967441366269,
    0.06862618587911129,
    0.07016545104292723,
    0.06947188903219424,
    0.06962423678487539,
    0.07015801085015902,
    0.0698711579808822,
    0.07073584292083979,
    0.07197856745467736,
    0.06827576057269023,
    0.06649593192224319,
    0.06859712474621259,
    0.06933141084244618,
    0.07298001775947902
  ],
  "train_transduce": [
    0.9520458024327118,
    0.438246490931747,
    0.3154613087968071,
    0.26858818280224755,
    0.24298299598221731,
    0.22210583216187976,
    0.2047956979068199,
    0.1926728410295921,
    0.18144787331618886,
    0.17325269807093213,
    0.16429327944717784,
    0.15697793065026255,
    0.14686768708547743,
    0.14283499936803734,
    0.1381187220242354,
    0.13336189150220096,
    0.1289322185929459,
    0.12479434066479748,
    0.12236589422025303,
    0.11972817177377125,
    0.11675565199244141,
    0.1121991872418635,
    0.1093374733803886,
    0.10908334930934528,
    0.10510514300353456,
    0.10213176858159576,
    0.10029764150702718,
    0.0978662156970194,
    0.0955821232187866,
    0.09475579304565297,
    0.09236421358614864,
    0.09222266028201816,
    0.08846449684167262,
    0.0879703429665896,
    0.08623353402950976,
    0.08620175942409747,
    0.08214945641189518,
    0.0827721302941589,
    0.08272620028640965,
    0.08125583453122343,
    0.07936257631103001,
    0.08044681244409911,
    0.0768931521711373,
    0.07703302878111896,
    0.07514672411034012,
    0.07774159594411308,
    0.07388908642869775,
    0.07160034523078121,
    0.07011204174175711,
    0.07073558815340004,
    0.07012678666206279,
    0.07015150289355528,
    0.06635144137141138,
    0.06770595812266415,
    0.06657943319492411,
    0.06865833232197727,
    0.0641011503331437,
    0.06406171768350472,
    0.06520689146980496,
    0.06406237238483263,
    0.06467544648906973,
    0.062476931370352165,
    0.06460722500808758,
    0.062319893408382294,
    0.06331858004784525,
    0.060922772227094905,
    0.05817486635307864,
    0.05910690863718196,
    0.059519846149084,
    0.05638750921934843,
    0.058179205615479165,
    0.05680606488396626,
    0.05720585277580684,
    0.056914113978348155,
    0.056903503669222984,
    0.05385669756975799,
    0.05573188612182246,
    0.055884827739826524,
    0.05781371648063754,
    0.05537887085413579,
    0.05245896920303602,
    0.053293023018701244,
    0.05396530192603569,
    0.052450737164420363,
    0.0520720189935205,
    0.050121608503753,
    0.05126955626661529,
    0.05213997772166339,
    0.05039253182672333,
    0.04863632657555955,
    0.05108262419626854,
    0.049814381479921906,
    0.049724396710090414
  ],