{
  "epoch": [
    1,
    2,
    3,
    4,
    5,
    6,
    7,
    8,
    9,
    10,
    11,
    12,
    13,
    14,
    15,
    16,
    17,
    18,
    19,
    20,
    21,
    22,
    23,
    24,
    25,
    26,
    27,
    28,
    29,
    30,
    31,
    32,
    33,
    34,
    35,
    36,
    37,
    38,
    39,
    40,
    41,
    42,
    43,
    44,
    45,
    46,
    47,
    48,
    49,
    50,
    51,
    52,
    53,
    54,
    55,
    56,
    57,
    58,
    59,
    60,
    61,
    62,
    63,
    64,
    65,
    66,
    67,
    68,
    69,
    70,
    71,
    72,
    73,
    74,
    75,
    76,
    77,
    78,
    79,
    80,
    81,
    82,
    83,
    84,
    85,
    86,
    87,
    88,
    89,
    90,
    91,
    92,
    93,
    94,
    95,
    96,
    97,
    98,
    99,
    100,
    101,
    102,
    103,
    104,
    105,
    106,
    107,
    108,
    109,
    110,
    111,
    112,
    113,
    114,
    115,
    116,
    117,
    118,
    119,
    120,
    121,
    122,
    123,
    124
  ],
  "train_loss": [
    1.4759233080514587,
    0.8050162025017313,
    0.6183781688756281,
    0.4374400380224285,
    0.37328684875870694,
    0.3446016156732446,
    0.3104821627978051,
    0.2901043759124114,
    0.2690992622387291,
    0.25823238978881646,
    0.24361306886271675,
    0.22533752245478111,
    0.21889061443876512,
    0.20782920246077055,
    0.19533297242504535,
    0.18924132373073313,
    0.1772104942857629,
    0.17211286981802176,
    0.16149926738868844,
    0.15188196367851578,
    0.14818572511177253,
    0.14171450548242814,
    0.13905258107893537,
    0.1304194270679266,
    0.12357063539842568,
    0.11983006307394198,
    0.11503731134799447,
    0.10930663697642855,
    0.10685806599731493,
    0.10131072529619282,
    0.09644694327570424,
    0.09645478685598562,
    0.09079334405389163,
    0.08705701077781101,
    0.08536601653045947,
    0.08274708500150407,
    0.07755942517282939,
    0.07577957714548206,
    0.07478612642919663,
    0.07050443031262643,
    0.06696695351217052,
    0.06632760989636478,
    0.06042577529160103,
    0.06114689159290035,
    0.05657919193848525,
    0.05736139241495345,
    0.05368575981200332,
    0.053164385923064585,
    0.04821569452265111,
    0.04784551273920749,
    0.044615504875926686,
    0.04390372075878157,
    0.04503616416771518,
    0.041340666048523815,
    0.040616016429249606,
    0.04039234313007334,
    0.039745858953435825,
    0.03513136389895831,
    0.03474212889697882,
    0.030905217245811283,
    0.03060359331677751,
    0.031117471672668314,
    0.030403231206064175,
    0.029242035398020012,
    0.028934046026724992,
    0.028338802812418136,
    0.02416381110796834,
    0.026547278249912924,
    0.023966651114791928,
    0.0234898510988396,
    0.02477698809568687,
    0.022808538182721574,
    0.02040109494793238,
    0.022821478637875897,
    0.020415386157386965,
    0.02009346395601878,
    0.02129384587140809,
    0.021907847190257346,
    0.01763196187186064,
    0.017425165649982963,
    0.018619768376840224,
    0.017687697203295067,
    0.01745745159298329,
    0.01707183779908879,
    0.01471011245641673,
    0.015337709549556273,
    0.015611389439811212,
    0.015379317026437805,
    0.01668101109306116,
    0.01414118102050875,
    0.012639918867129795,
    0.013424556287429711,
    0.015271341716317405,
    0.012503352689344695,
    0.012494732215447297,
    0.013434000269482188,
    0.011547939980974292,
    0.012227890867795242,
    0.012879836638135338,
    0.01146162526525262,
    0.011474790235999788,
    0.010219121148975769,
    0.009965551203338079,
    0.01031709680020219,
    0.010851455437443635,
    0.011983028827419523,
    0.009000749039085636,
    0.009825093667068989,
    0.010331579963538316,
    0.008925312740433186,
    0.007669032009613544,
    0.008878798940965887,
    0.00819967200375614,
    0.008113524228758594,
    0.0076903295864600065,
    0.008366771669376015,
    0.007244350699855402,
    0.006270911160736612,
    0.006962807811012879,
    0.006227717783283627,
    0.006723430703882829,
    0.007112425819989109,
    0.0068890310219940866,
    0.006686532340879266
  ],
  "val_loss": [
    0.8937681913375854,
    0.7215809088486892,
    0.4603210687637329,
    0.3975580701461205,
    0.34071183090026563,
    0.31724229684242833,
    0.30696690197174364,
    0.27893778452506435,
    0.27958998542565566,
    0.25691191164346844,
    0.259499185360395,
    0.24487771093845367,
    0.2439075020643381,
    0.2270758799635447,
    0.2536777349618765,
    0.2289656366293247,
    0.22425937022154147,
    0.22796214945041215,
    0.21273516347775093,
    0.21030195573201546,
    0.21524658226049864,
    0.19995485647366598,
    0.20428358075710443,
    0.20539411787803358,
    0.19569868250535086,
    0.1902738752273413,
    0.2009927469950456,
    0.20471648126840591,
    0.19730506378870744,
    0.1986354635312007,
    0.19121436258921257,
    0.1858700897831183,
    0.186065351160673,
    0.18187755117049584,
    0.19253177482348222,
    0.17329102410719946,
    0.1915998040483548,
    0.18627649259108764,
    0.17423010904055375,
    0.17701930380784547,
    0.17568021038403878,
    0.17043619918135497,
    0.17697994496959907,
    0.17671037637270415,
    0.16586932224723008,
    0.18118021350640517,
    0.1724999418052343,
    0.1690619054895181,
    0.16566413440383398,
    0.15965148749259803,
    0.1611812008688083,
    0.16741419382966483,
    0.1678387984060324,
    0.16025552812677163,
    0.16468055288379008,
    0.16116386537368482,
    0.16165983247069213,
    0.15614694442886573,
    0.16013183673987022,
    0.1669518047800431,
    0.1678904971251121,
    0.161768896648517,
    0.16567494834844881,
    0.15891671639222366,
    0.16701198713137552,
    0.16822725591751245,
    0.1649637709443386,
    0.15868782739226633,
    0.17256187905485815,
    0.16530085211763015,
    0.16408845982872522,
    0.16631645881212676,
    0.16873023171837515,
    0.16579121265273827,
    0.17460388833513626,
    0.1728341060762222,
    0.16859101504087448,
    0.15544128589905226,
    0.15727769755400145,
    0.16566235342851052,
    0.16785797419456336,
    0.1580622299359395,
    0.16044577669638854,
    0.16146655624302533,
    0.16473939885886815,
    0.16720655273932677,
    0.1662939480290963,
    0.16670246680195516,
    0.16387982508884028,
    0.15834541962696955,
    0.17082724118461975,
    0.16286908820844614,
    0.1648144183250574,
    0.1608854022163611,
    0.15725164760190707,
    0.16172150723063028,
    0.1595808770507574,
    0.1551298934679765,
    0.14773620693729475,
    0.1551552085349193,
    0.15399766197571388,
    0.15236862949453867,
    0.15135430014477327,
    0.16975723292965156,
    0.1633456994134646,
    0.1563559567125944,
    0.16689863944282898,
    0.15452920745771664,
    0.15733712080579537,
    0.16418004408478737,
    0.16013000561640814,
    0.16023847890587953,
    0.1596487840780845,
    0.1642040710609693,
    0.15845966740296438,
    0.16505118258870566,
    0.15308857307984278,
    0.1596765208702821,
    0.15254219420827353,
    0.1516011546437557,
    0.15558092382091743,
    0.15212902426719666,
    0.15559310838580132,
    0.15760315037690675
  ],