{
  "epoch": [
    1,
    2,
    3,
    4,
    5,
    6,
    7,
    8,
    9,
    10,
    11,
    12,
    13,
    14,
    15,
    16,
    17,
    18,
    19,
    20,
    21,
    22,
    23,
    24,
    25,
    26,
    27,
    28,
    29,
    30,
    31,
    32,
    33,
    34,
    35,
    36,
    37,
    38,
    39,
    40,
    41,
    42,
    43,
    44,
    45,
    46,
    47,
    48,
    49,
    50,
    51,
    52,
    53,
    54,
    55,
    56,
    57,
    58,
    59,
    60,
    61,
    62,
    63,
    64,
    65,
    66,
    67,
    68,
    69,
    70,
    71,
    72,
    73,
    74,
    75,
    76,
    77,
    78,
    79,
    80,
    81,
    82,
    83,
    84,
    85,
    86
  ],
  "train_loss": [
    2.2090927085925625,
    0.7803937330381158,
    0.41556908105759277,
    0.2623293600285176,
    0.19039082688461875,
    0.14066309239907362,
    0.1079809029692227,
    0.09362726422391601,
    0.07506088657093417,
    0.0701162459559201,
    0.05975303358215954,
    0.05248521150272224,
    0.04581506465820922,
    0.04231379375092147,
    0.03366170110920271,
    0.031933733939010764,
    0.035751129764602665,
    0.03498426270815208,
    0.029873963020569116,
    0.027601665365941747,
    0.027783918280884164,
    0.022359582691539807,
    0.020316699272520916,
    0.01908811758819622,
    0.021840273517846447,
    0.02511136253969264,
    0.024387216032242653,
    0.018961238187555338,
    0.01679579969663557,
    0.017460478302907468,
    0.01584942968917492,
    0.016332211797413676,
    0.014819445129911195,
    0.016332493493688705,
    0.012620846679093335,
    0.012417211467952266,
    0.014921960908770753,
    0.015204107993133558,
    0.01283149152919746,
    0.013163841403924773,
    0.014284187437577615,
    0.012845697341674036,
    0.011301138645311645,
    0.009983848168313042,
    0.012770764636219066,
    0.013043993649543407,
    0.011168225933005553,
    0.011836236765243343,
    0.009049056251485324,
    0.008271326391643258,
    0.010420234923397392,
    0.009509126121087057,
    0.009948739896590831,
    0.00831891111753516,
    0.0110793692280644,
    0.010401291929343812,
    0.010285756591834685,
    0.008406910888092188,
    0.007230622777757331,
    0.007596141022639637,
    0.007305393519045631,
    0.007454420657427597,
    0.008258790999666558,
    0.008740789610436474,
    0.007407895002523725,
    0.007976979260439696,
    0.006772247607100841,
    0.0074688860370667135,
    0.007914933023767872,
    0.00683019998226526,
    0.00609563882900738,
    0.006345590564077864,
    0.00778038649247916,
    0.0065938010532769,
    0.007736218215137979,
    0.004760786021169102,
    0.004715132279370758,
    0.005619663278603465,
    0.007598912049944215,
    0.005718962970632608,
    0.005024758832152337,
    0.00814706828314979,
    0.0057566998259118785,
    0.004845040824537924,
    0.00494653678095009,
    0.005010777711748271
  ],
  "val_loss": [
    1.0738108158111572,
    0.37446423218800473,
    0.20399256738332602,
    0.12837852365695512,
    0.09540391140259229,
    0.08135776422344722,
    0.06762499476854618,
    0.06246437103702472,
    0.05873871250794484,
    0.06417019865833797,
    0.05466743100147981,
    0.06741601282444137,
    0.05430496885226323,
    0.06207931070373608,
    0.056104635837702796,
    0.06294527603313327,
    0.06018059700727463,
    0.06100073288409756,
    0.06409156585756975,
    0.06259853496717718,
    0.05834959547680158,
    0.06370135402091993,
    0.07022897877658789,
    0.0732958537275688,
    0.06654767804922393,
    0.06283220436531477,
    0.06560845947108017,
    0.06873522072027509,
    0.0698203043295787,
    0.06276824652181509,
    0.07658479895550184,
    0.07042940670194534,
    0.062995133554348,
    0.06791528975232862,
    0.064730812714865,
    0.07599325846128452,
    0.07811143356733598,
    0.07070042422184578,
    0.07342266728497074,
    0.0772666858168892,
    0.07652535604742858,
    0.07583437056746334,
    0.07943546624245265,
    0.07371413479603899,
    0.07077952768976012,
    0.07247608311725064,
    0.0769506677841911,
    0.07032531752170493,
    0.07591622192166352,
    0.07485541947132263,
    0.07581142660302038,
    0.07457475889868175,
    0.07928771802331679,
    0.07963294824003242,
    0.08184218485929215,
    0.0788167423127631,
    0.07839490226111732,
    0.07636805731901684,
    0.07196124539544914,
    0.08696449146820949,
    0.07879302494424897,
    0.08496599732181774,
    0.07461224729195237,
    0.09216740696977538,
    0.08630677363096485,
    0.08276727232385803,
    0.08754014381030664,
    0.08799473124627884,
    0.08933281270415486,
    0.08776934336100777,
    0.08852675466690786,
    0.09656382747925818,
    0.08562356530903624,
    0.0891963370780174,
    0.08381630101939663,
    0.09713917586039035,
    0.10138099510759975,
    0.10438471810462382,
    0.09226462227749065,
    0.09445865257965544,
    0.09691123702885726,
    0.09459121011800911,
    0.09094137645129544,
    0.09616007809997357,
    0.09378969432929388,
    0.08862311595406097
  ],
  "train_transduce": [
    2.2090927085925625,
    0.7803937330381158,
    0.41556908105759277,
    0.2623293600285176,
    0.19039082688461875,
    0.14066309239907362,
    0.1079809029692227,
    0.09362726422391601,
    0.07506088657093417,
    0.0701162459559201,
    0.05975303358215954,
    0.05248521150272224,
    0.04581506465820922,
    0.04231379375092147,
    0.03366170110920271,
    0.031933733939010764,
    0.035751129764602665,
    0.03498426270815208,
    0.029873963020569116,
    0.027601665365941747,
    0.027783918280884164,
    0.022359582691539807,
    0.020316699272520916,
    0.01908811758819622,
    0.021840273517846447,
    0.02511136253969264,
    0.024387216032242653,
    0.018961238187555338,
    0.01679579969663557,
    0.017460478302907468,
    0.01584942968917492,
    0.016332211797413676,
    0.014819445129911195,
    0.016332493493688705,
    0.012620846679093335,
    0.012417211467952266,
    0.014921960908770753,
    0.015204107993133558,
    0.01283149152919746,
    0.013163841403924773,
    0.014284187437577615,
    0.012845697341674036,
    0.011301138645311645,
    0.009983848168313042,
    0.012770764636219066,
    0.013043993649543407,
    0.011168225933005553,
    0.011836236765243343,
    0.009049056251485324,
    0.008271326391643258,
    0.010420234923397392,
    0.009509126121087057,
    0.009948739896590831,
    0.00831891111753516,
    0.0110793692280644,
    0.010401291929343812,
    0.010285756591834685,
    0.008406910888092188,
    0.007230622777757331,
    0.007596141022639637,
    0.007305393519045631,
    0.007454420657427597,
    0.008258790999666558,
    0.008740789610436474,
    0.007407895002523725,
    0.007976979260439696,
    0.006772247607100841,
    0.0074688860370667135,
    0.007914933023767872,
    0.00683019998226526,
    0.00609563882900738,
    0.006345590564077864,
    0.00778038649247916,
    0.0065938010532769,
    0.007736218215137979,
    0.004760786021169102,
    0.004715132279370758,
    0.005619663278603465,
    0.007598912049944215,
    0.005718962970632608,
    0.005024758832152337,
    0.00814706828314979,
    0.0057566998259118785,
    0.004845040824537924,
    0.00494653678095009,
    0.005010777711748271
  ],