{
  "epoch": [
    1,
    2,
    3,
    4,
    5,
    6,
    7,
    8,
    9,
    10,
    11,
    12,
    13,
    14,
    15,
    16,
    17,
    18,
    19,
    20,
    21,
    22,
    23,
    24,
    25,
    26,
    27,
    28,
    29,
    30,
    31,
    32,
    33,
    34,
    35,
    36,
    37,
    38,
    39,
    40,
    41,
    42,
    43,
    44,
    45,
    46,
    47,
    48,
    49,
    50,
    51,
    52,
    53,
    54,
    55,
    56,
    57,
    58,
    59,
    60,
    61,
    62,
    63,
    64,
    65,
    66,
    67,
    68,
    69,
    70,
    71,
    72,
    73,
    74,
    75,
    76,
    77,
    78,
    79,
    80,
    81,
    82,
    83,
    84,
    85,
    86,
    87,
    88,
    89,
    90,
    91,
    92,
    93,
    94,
    95,
    96,
    97,
    98,
    99,
    100,
    101,
    102,
    103
  ],
  "train_loss": [
    0.9960077772128213,
    0.45800660827110723,
    0.3208119940665579,
    0.23935669307241736,
    0.1883388371350839,
    0.15202982543209165,
    0.12652071315756777,
    0.10931334151051093,
    0.09649365541246749,
    0.08555353454016533,
    0.07602121648330663,
    0.06993779999002353,
    0.06643768984670799,
    0.05968207512626943,
    0.053714867633258556,
    0.053703765356049094,
    0.0519272829645995,
    0.04725619947019311,
    0.04431873688608715,
    0.04188833876330521,
    0.0418565653206915,
    0.039229025401789505,
    0.0359724120227332,
    0.03300761086770247,
    0.03439295605381893,
    0.03148814037288587,
    0.02954077382197546,
    0.02905879423415922,
    0.02891285469774733,
    0.027594805423880823,
    0.027617656544196543,
    0.02749330064608264,
    0.025930239888599393,
    0.02617898058343064,
    0.023487386042876264,
    0.024601247642890157,
    0.024466701521605405,
    0.021430633434084887,
    0.022725276057320387,
    0.022241540382779444,
    0.02064453746965059,
    0.020930061539270215,
    0.01906045030480846,
    0.02090755462065608,
    0.020584168930336374,
    0.019463118632592875,
    0.018096312669288253,
    0.017046967811748078,
    0.018822461053412214,
    0.017313389479033842,
    0.016487728102257494,
    0.016701933845023133,
    0.01723932871503813,
    0.017572945365490217,
    0.016159607636377447,
    0.016475783382571236,
    0.01673047632559865,
    0.015128334157874557,
    0.01649716394874219,
    0.014810818438922275,
    0.015189606128092472,
    0.015093584326527937,
    0.014891574853555942,
    0.012809917516166287,
    0.01461602322764445,
    0.014319546095854075,
    0.014695742790414424,
    0.014147368470355677,
    0.01440180954223345,
    0.012778737384540308,
    0.011476894002887853,
    0.01232596435440109,
    0.01165303462316983,
    0.012826485661957796,
    0.013532054849981916,
    0.01230539228153876,
    0.012769967707932553,
    0.012597732079400173,
    0.012969801063198097,
    0.011170503039803529,
    0.01067277081052715,
    0.011150245157492914,
    0.010043082189909423,
    0.009894154861763831,
    0.009611426554104198,
    0.010857299368674914,
    0.010505089758038424,
    0.01007613025608079,
    0.010968975916315234,
    0.010906305549349444,
    0.010255777739413255,
    0.010958238591238395,
    0.010291049577663029,
    0.00990209829742713,
    0.00888067101156603,
    0.00944973683115527,
    0.009338137327955038,
    0.009260868417223934,
    0.009495042810833427,
    0.008424952006346747,
    0.008567636366333505,
    0.008853239886109842,
    0.007638974169859682
  ],
  "val_loss": [
    0.32862775600873506,
    0.23656179010868073,
    0.21186247582619006,
    0.1821420995088724,
    0.16417094950492567,
    0.15520355506585196,
    0.14430437408960783,
    0.15957907816538444,
    0.13167013399876082,
    0.12850952721559084,
    0.11531933397054672,
    0.1246234132693364,
    0.10502382711722301,
    0.11337603571323249,
    0.10812657412428123,
    0.10499590176802415,
    0.11395712282795173,
    0.11086961770286927,
    0.10573560028122021,
    0.10997121723798606,
    0.09891064321765533,
    0.10368927625509408,
    0.10329874347035702,
    0.102837612422613,
    0.11780761640805465,
    0.10277186420101386,
    0.10476410474914771,
    0.10316600965765807,
    0.10139432090979356,
    0.09639546389763172,
    0.10324579162093309,
    0.10991244447919038,
    0.10334252351178573,
    0.10637821400394806,
    0.10768808997594394,
    0.10830392860449277,
    0.10262068017170979,
    0.10244524507568432,
    0.10396457678423478,
    0.09537801003226867,
    0.09943759756592604,
    0.10233762201208335,
    0.11076165004991569,
    0.09715559147298336,
    0.09980567644994992,
    0.11239068682950276,
    0.0982782684553128,
    0.09862008819786403,
    0.0934071340239965,
    0.09720323134500247,
    0.09718236212547009,
    0.09810025818072833,
    0.10876605444802688,
    0.11230375359837826,
    0.10151711822702335,
    0.09583753590973523,
    0.09969177269018613,
    0.1022308011754201,
    0.09432285536940281,
    0.09663905103046161,
    0.0910881794989109,
    0.09358928266626138,
    0.09747193130449607,
    0.10191587043496278,
    0.09685653928094186,
    0.09366686513217595,
    0.0976965890910763,
    0.10985820582852913,
    0.10721648942965728,
    0.103117546496483,
    0.09997831643200837,
    0.10266639693425252,
    0.09233890588466938,
    0.10160617899292937,
    0.09895952232182026,
    0.09936221724805924,
    0.09620804683520244,
    0.08469863207294391,
    0.08596358677515617,
    0.0920638949252092,
    0.08621531409712938,
    0.09275035037157628,
    0.09084487104645142,
    0.09286930383397983,
    0.09107576668835603,
    0.0922618736154758,
    0.09613034974497098,
    0.10985906278857818,
    0.11017276074450749,
    0.1006781251098101,
    0.09903414597591528,
    0.0979821985730758,
    0.09436844260646747,
    0.09480996544544514,
    0.09551070845470978,
    0.0943386611313774,
    0.10057478570021115,
    0.09518034756183624,
    0.09206058335705446,
    0.09767106082290411,
    0.10135919400132619,
    0.10050087651381126,
    0.09663897115164079
  ],