{
  "epoch": [
    1,
    2,
    3,
    4,
    5,
    6,
    7,
    8,
    9,
    10,
    11,
    12,
    13,
    14,
    15,
    16,
    17,
    18,
    19,
    20,
    21,
    22,
    23,
    24,
    25,
    26,
    27,
    28,
    29,
    30,
    31,
    32,
    33,
    34,
    35,
    36,
    37,
    38
  ],
  "train_loss": [
    2.221035655011836,
    0.8687267358770075,
    0.44263262201830283,
    0.27183466704235865,
    0.1879386928739007,
    0.1380479271648471,
    0.11015684510936442,
    0.08901397254049163,
    0.0711357356289152,
    0.06630807365146801,
    0.055557625665876666,
    0.045838020141860565,
    0.04271187466213998,
    0.03535504227734564,
    0.031970967346629534,
    0.03084482019287102,
    0.029976129255824022,
    0.024991265202862854,
    0.02085739728207364,
    0.019972950023282126,
    0.019022645563194433,
    0.018633434745799943,
    0.0168700152047977,
    0.017284196311819183,
    0.017458231249564932,
    0.01618324853143818,
    0.01849541413842595,
    0.015565383978927335,
    0.01723802679628806,
    0.011415696713698971,
    0.012157622053883202,
    0.011794006865418795,
    0.011046835067729974,
    0.011560482453055604,
    0.009668458076121919,
    0.010678681558161283,
    0.012815889156514722,
    0.009623139890837339
  ],
  "val_loss": [
    1.3186107507118812,
    0.5162441868048447,
    0.22727527641333067,
    0.14734023637496507,
    0.09992991015315056,
    0.08292114190184154,
    0.07864525856880042,
    0.06640094905518569,
    0.0573527175360001,
    0.05548328275863941,
    0.05515478984810985,
    0.05849420096581945,
    0.05294226994737983,
    0.054287164042202324,
    0.05953547523285334,
    0.059974930983466596,
    0.0634092243316655,
    0.05713556318257291,
    0.056080671707884625,
    0.05381487157697288,
    0.05384851719002025,
    0.05883311356704395,
    0.056225072896967716,
    0.05685606543780663,
    0.055489212149181046,
    0.058298782929061696,
    0.06243588102426237,
    0.05508532203160799,
    0.058752573462418065,
    0.05628096423550652,
    0.06022133802448829,
    0.0581360047396559,
    0.06186465208660453,
    0.0639386709752636,
    0.060553707263002604,
    0.06364842526202735,
    0.06509975142454585,
    0.06736959854606539
  ],
  "train_transduce": [
    2.216318027874858,
    0.8681134412583617,
    0.44227691501686256,
    0.271607036596721,
    0.18776929847051188,
    0.13790896903608263,
    0.11005869701735138,
    0.0889291839923748,
    0.07105346822861544,
    0.06624283462033137,
    0.055502225222430895,
    0.045788126944842716,
    0.04266353526642335,
    0.035310874395456514,
    0.031923493125581556,
    0.030816191192908387,
    0.029951642860284018,
    0.024960051873967666,
    0.02082888265956462,
    0.019949504452728733,
    0.018999530415329122,
    0.018614203910362552,
    0.01684396633321477,
    0.017265027062487358,
    0.017446650709409612,
    0.01617120571444099,
    0.01847874859261528,
    0.015545322595778661,
    0.017229978576633772,
    0.011402929326538573,
    0.012143404782298453,
    0.011782814072296215,
    0.011031617351673236,
    0.011551877168084005,
    0.009659440347267142,
    0.010669067277592252,
    0.012808322624457021,
    0.00961633619297891
  ],
  "val_transduce": [
    1.318090869830205,
    0.5159627382571881,
    0.2270851845924671,
    0.1472348507780295,
    0.09982095744747382,
    0.08286773642668357,
    0.07857202394650532,
    0.06633227418821591,
    0.057308993517206266,
    0.05544151845746315,
    0.05513005506677123,
    0.05846465934211245,
    0.05291082774503873,
    0.054262095919022195,
    0.059516787027510315,
    0.05994326476222621,
    0.0633960789284454,
    0.057116332168404296,
    0.05605923585020579,
    0.053796934232545585,
    0.05383619409538089,
    0.05881918281710778,
    0.05621513776266231,
    0.05684755242411764,
    0.055480462776568644,
    0.05828733324037435,
    0.06242604694293382,
    0.05507468066823024,
    0.058748217205552816,
    0.05627435295564982,
    0.06021427564421454,
    0.05812877669142416,
    0.06185591768455477,
    0.06393222631707501,
    0.060547359650417305,
    0.06364343243498857,
    0.06509181016232245,
    0.06736555985228804
  ],
  "l0": [
    0.0,
    0.0,
    0.0,
    0.0,
    0.0,
    0.0,
    0.0,
    0.0,
    0.0,
    0.0,
    0.0,
    0.0,
    0.0,
    0.0,
    0.0,
    0.0,
    0.0,
    0.0,
    0.0,
    0.0,
    0.0,
    0.0,
    0.0,
    0.0,
    0.0,
    0.0,
    0.0,
    0.0,
    0.0,
    0.0,
    0.0,
    0.0,
    0.0,
    0.0,
    0.0,
    0.0,
    0.0,
    0.0
  ],
  "lambda_l0_effective": [
    0.01,
    0.01,
    0.01,
    0.01,
    0.01,
    0.01,
    0.01,
    0.01,
    0.01,
    0.01,
    0.01,
    0.01,
    0.01,
    0.01,
    0.01,
    0.01,
    0.01,
    0.01,
    0.01,
    0.01,
    0.01,
    0.01,
    0.01,
    0.01,
    0.01,
    0.01,
    0.01,
    0.01,
    0.01,
    0.01,
    0.01,
    0.01,
    0.01,
    0.01,
    0.01,
    0.01,
    0.01,
    0.01
  ],
  "recon_loss": [],
  "balance_loss": []
}