{
  "epoch": [
    1,
    2,
    3,
    4,
    5,
    6,
    7,
    8,
    9,
    10,
    11,
    12,
    13,
    14,
    15,
    16,
    17,
    18,
    19,
    20,
    21,
    22,
    23,
    24,
    25,
    26,
    27,
    28,
    29,
    30,
    31,
    32,
    33,
    34,
    35,
    36,
    37,
    38,
    39,
    40,
    41,
    42,
    43,
    44,
    45,
    46,
    47,
    48,
    49,
    50,
    51,
    52,
    53,
    54,
    55,
    56,
    57,
    58,
    59,
    60,
    61,
    62,
    63,
    64,
    65,
    66,
    67,
    68,
    69,
    70,
    71,
    72,
    73,
    74,
    75,
    76,
    77,
    78,
    79,
    80,
    81,
    82,
    83,
    84,
    85,
    86,
    87,
    88,
    89,
    90,
    91,
    92,
    93,
    94,
    95,
    96,
    97
  ],
  "train_loss": [
    1.2112619661793267,
    0.7212243752995717,
    0.5795184121918433,
    0.49875413127166707,
    0.4419643521001658,
    0.3964776805381185,
    0.3575386729129811,
    0.3205472296967949,
    0.28997720793350457,
    0.26571111135261577,
    0.24778190470233405,
    0.22592716026551946,
    0.2125408774645058,
    0.19964153596113637,
    0.18215401628121888,
    0.17604554602012193,
    0.1668839027202621,
    0.15376523244626744,
    0.14865930021270035,
    0.139492649853844,
    0.13567483958970641,
    0.12611314460404754,
    0.12451621145009995,
    0.12186735407593324,
    0.11427834124986044,
    0.11158651092387352,
    0.10460746647386822,
    0.10320668992077567,
    0.09868481910797124,
    0.09797619830471338,
    0.09341183237577837,
    0.09111893209676768,
    0.09011379831000087,
    0.08515995495098154,
    0.08288897489456787,
    0.08049726126158667,
    0.07885232618673868,
    0.07786521728428983,
    0.07644387465162375,
    0.07514049383552418,
    0.0708653163164854,
    0.06950652543647387,
    0.06893744876550645,
    0.06255266916237234,
    0.05870925806001904,
    0.05136341758590845,
    0.04997433365812314,
    0.047108691012890065,
    0.04471771345598642,
    0.042895285434272026,
    0.04028576974440174,
    0.040107827134353596,
    0.03773999293382788,
    0.039664684425194545,
    0.03731886148644784,
    0.03578277021051221,
    0.036294501800493324,
    0.03466578225422766,
    0.03618131624054663,
    0.032734938249107184,
    0.03568146047998488,
    0.03182788148820016,
    0.030642811086547282,
    0.0298672427792947,
    0.029241864139828638,
    0.030465038056418148,
    0.027793724670737367,
    0.02784914403347318,
    0.02755036155966869,
    0.0284229709560378,
    0.028242161651093934,
    0.025729048243464576,
    0.02520192493732596,
    0.025148359460986612,
    0.025889959039896267,
    0.024688276428652487,
    0.023978204621222906,
    0.025129162336786075,
    0.025231661607472936,
    0.021552264609988585,
    0.02318872543911152,
    0.02307928187326173,
    0.021488887746338302,
    0.02213678283247252,
    0.019769753840123062,
    0.019233088227488176,
    0.02004200981608256,
    0.01994271731825027,
    0.021526001804249035,
    0.018380214282570733,
    0.018176925697450323,
    0.020096069187425153,
    0.018598887709343863,
    0.01696804382708692,
    0.017989087214971864,
    0.018095385729690494,
    0.017012008209592786
  ],
  "val_loss": [
    0.43779878662182736,
    0.34597612344301665,
    0.2747351722075389,
    0.27522114607004017,
    0.25716252624988556,
    0.23109827362574065,
    0.2188633645956333,
    0.19094004997840294,
    0.18921571396864378,
    0.1707942279485556,
    0.18126128499324506,
    0.17220263813550657,
    0.1567851992753836,
    0.15007097617937967,
    0.1671866963689144,
    0.1342964883034046,
    0.14842736147917235,
    0.13759015271296868,
    0.13978129682632592,
    0.13985746124616036,
    0.12913799515137306,
    0.13788863729972106,
    0.1320536079315039,
    0.12799320369958878,
    0.12184982689527366,
    0.12055635910767776,
    0.12110006465361668,
    0.1271206266604937,
    0.11772273710140815,
    0.12102437936342679,
    0.10775916478954829,
    0.1162757922250491,
    0.10157851559611467,
    0.1290267757498301,
    0.11364848567889287,
    0.1150991630095702,
    0.10513755679130554,
    0.11497980585465065,
    0.1175541803240776,
    0.11957888935620968,
    0.148324117064476,
    0.14845419216614503,
    0.13616901636123657,
    0.15776312465851122,
    0.09674819071705525,
    0.07734389531497772,
    0.07857168637789212,
    0.06884609979505722,
    0.06821829940264042,
    0.08092052188630287,
    0.07857010083702895,
    0.06607810142808236,
    0.08127471890587074,
    0.07017216430260585,
    0.07453145000797051,
    0.07466039964212821,
    0.07236511303255191,
    0.0684539434285118,
    0.072246231425267,
    0.06866424566564652,
    0.07331066549970554,
    0.06908711232244968,
    0.07000258428832659,
    0.08119766213572942,
    0.07527040751077808,
    0.07232833510408035,
    0.07263595095047584,
    0.07263989345385478,
    0.07308808886087857,
    0.07475957990838931,
    0.07293091456477459,
    0.0656048828879228,
    0.0659387674755775,
    0.07542117556127217,
    0.07142562827525231,
    0.07485755536561975,
    0.06948343818434156,
    0.07187760786081736,
    0.0672779931471898,
    0.07550982683180617,
    0.07573490754629557,
    0.07100553366427238,
    0.07948005840612146,
    0.07339777414185497,
    0.0707024631735224,
    0.0754777521897967,
    0.07583502515290792,
    0.0788150277132025,
    0.07564442318219405,
    0.07646398977018319,
    0.07314552123156878,
    0.07845012166608985,
    0.07616633090835351,
    0.0730152390897274,
    0.0748580526202344,
    0.07522425664445528,
    0.07741413415911105
  ],