{
  "epoch": [
    1,
    2,
    3,
    4,
    5,
    6,
    7,
    8,
    9,
    10,
    11,
    12,
    13,
    14,
    15,
    16,
    17,
    18,
    19,
    20,
    21,
    22,
    23,
    24,
    25,
    26,
    27,
    28,
    29,
    30,
    31,
    32,
    33,
    34,
    35,
    36,
    37,
    38,
    39,
    40,
    41,
    42,
    43,
    44,
    45,
    46,
    47,
    48,
    49,
    50,
    51,
    52,
    53,
    54,
    55,
    56,
    57,
    58,
    59,
    60,
    61,
    62
  ],
  "train_loss": [
    1.3705783037795234,
    0.7404923564994458,
    0.5685867492071132,
    0.4604027252836326,
    0.38370772581739526,
    0.3236018775664654,
    0.2755284826319242,
    0.23658510220726742,
    0.20845983331043696,
    0.18489421416342872,
    0.16407474184159151,
    0.14692591196022084,
    0.1340738317554759,
    0.12108890631610585,
    0.11074209549301064,
    0.10418572244186376,
    0.09532484346904706,
    0.08893460745817607,
    0.08425601838713455,
    0.07892603350361597,
    0.0723577250544097,
    0.06750784281487625,
    0.06341555656039531,
    0.06218873993637636,
    0.05751532078096547,
    0.05544251339874931,
    0.051570285236482154,
    0.049179498211855126,
    0.04731814857553115,
    0.046035631122931686,
    0.044034847331991825,
    0.043877660244050404,
    0.041759650650213365,
    0.04094773665857837,
    0.03974270214777939,
    0.03799561241680046,
    0.03860199954312717,
    0.03919168430159694,
    0.03618782561646832,
    0.033365698209627696,
    0.03583586638908565,
    0.033551495282229074,
    0.0328588811896703,
    0.030112593216322286,
    0.02914603916956976,
    0.029321014744316025,
    0.03071096224815959,
    0.02969436749057441,
    0.0255780723762036,
    0.027506328514325863,
    0.026481178838798067,
    0.02902982488380188,
    0.027469514765939916,
    0.025560234721327565,
    0.02478683609923482,
    0.024032124406994156,
    0.02442753936893777,
    0.02634701383607366,
    0.022547343840640152,
    0.02334772850526017,
    0.0222370499833823,
    0.0219788583542806
  ],
  "val_loss": [
    0.5318161501334264,
    0.40167587766280544,
    0.32883763084044826,
    0.31596344594772047,
    0.2637634907777493,
    0.23079500519312346,
    0.20772958145691797,
    0.18844206631183624,
    0.1914587009411592,
    0.16701537485306078,
    0.1646644530388025,
    0.14275712634508425,
    0.13271772345671287,
    0.131266692510018,
    0.1264970715229328,
    0.12397432728455617,
    0.11754783844718567,
    0.12106324130525956,
    0.12159688140337284,
    0.11243851482868195,
    0.10393817808765632,
    0.10547768926391235,
    0.10029487340496136,
    0.10380842851904723,
    0.09814870242889111,
    0.09681140402188668,
    0.08411925787535998,
    0.09069731602301964,
    0.09034102309781772,
    0.09730669899055591,
    0.08853045636071609,
    0.08778400862446198,
    0.0908672409132123,
    0.0861397751678641,
    0.09571145489238776,
    0.08381079244785584,
    0.07776639259491976,
    0.08047157024534848,
    0.07989756096727572,
    0.0856475097915301,
    0.08352079142171603,
    0.08487812859507707,
    0.07872298474495228,
    0.08450623487050717,
    0.08429144451824519,
    0.09072206549059886,
    0.08456628647847818,
    0.08275502189420737,
    0.08552600715595943,
    0.08260889605690654,
    0.08375376312491986,
    0.08539457604862176,
    0.08334186135862882,
    0.08307166354587445,
    0.08411312085361435,
    0.08070189244328783,
    0.08175451476843311,
    0.0823855847120285,
    0.07903317336996014,
    0.0843397003526871,
    0.07872562497281112,
    0.08116896593799958
  ],
  "train_transduce": [
    1.3705783037795234,
    0.7404923564994458,
    0.5685867492071132,
    0.4604027252836326,
    0.38370772581739526,
    0.3236018775664654,
    0.2755284826319242,
    0.23658510220726742,
    0.20845983331043696,
    0.18489421416342872,
    0.16407474184159151,
    0.14692591196022084,
    0.1340738317554759,
    0.12108890631610585,
    0.11074209549301064,
    0.10418572244186376,
    0.09532484346904706,
    0.08893460745817607,
    0.08425601838713455,
    0.07892603350361597,
    0.0723577250544097,
    0.06750784281487625,
    0.06341555656039531,
    0.06218873993637636,
    0.05751532078096547,
    0.05544251339874931,
    0.051570285236482154,
    0.049179498211855126,
    0.04731814857553115,
    0.046035631122931686,
    0.044034847331991825,
    0.043877660244050404,
    0.041759650650213365,
    0.04094773665857837,
    0.03974270214777939,
    0.03799561241680046,
    0.03860199954312717,
    0.03919168430159694,
    0.03618782561646832,
    0.033365698209627696,
    0.03583586638908565,
    0.033551495282229074,
    0.0328588811896703,
    0.030112593216322286,
    0.02914603916956976,
    0.029321014744316025,
    0.03071096224815959,
    0.02969436749057441,
    0.0255780723762036,
    0.027506328514325863,
    0.026481178838798067,
    0.02902982488380188,
    0.027469514765939916,
    0.025560234721327565,
    0.02478683609923482,
    0.024032124406994156,
    0.02442753936893777,
    0.02634701383607366,
    0.022547343840640152,
    0.02334772850526017,
    0.0222370499833823,
    0.0219788583542806
  ],
  "val_transduce": [
    0.5318161501334264,
    0.40167587766280544,
    0.32883763084044826,
    0.31596344594772047,
    0.2637634907777493,
    0.23079500519312346,
    0.20772958145691797,
    0.18844206631183624,
    0.1914587009411592,
    0.16701537485306078,
    0.1646644530388025,
    0.14275712634508425,
    0.13271772345671287,
    0.131266692510018,
    0.1264970715229328,
    0.12397432728455617,
    0.11754783844718567,
    0.12106324130525956,
    0.12159688140337284,
    0.11243851482868195,
    0.10393817808765632,
    0.10547768926391235,
    0.10029487340496136,
    0.10380842851904723,
    0.09814870242889111,
    0.09681140402188668,
    0.08411925787535998,
    0.09069731602301964,
    0.09034102309781772,
    0.09730669899055591,
    0.08853045636071609,
    0.08778400862446198,
    0.0908672409132123,
    0.0861397751678641,
    0.09571145489238776,
    0.08381079244785584,
    0.07776639259491976,
    0.08047157024534848,
    0.07989756096727572,
    0.0856475097915301,
    0.08352079142171603,
    0.08487812859507707,
    0.07872298474495228,
    0.08450623487050717,
    0.08429144451824519,
    0.09072206549059886,
    0.08456628647847818,
    0.08275502189420737,
    0.08552600715595943,
    0.08260889605690654,
    0.08375376312491986,
    0.08539457604862176,
    0.08334186135862882,
    0.08307166354587445,
    0.08411312085361435,
    0.08070189244328783,
    0.08175451476843311,
    0.0823855847120285,
    0.07903317336996014,
    0.0843397003526871,
    0.07872562497281112,
    0.08116896593799958
  ],
  "l0": [
    0.0,
    0.0,
    0.0,
    0.0,
    0.0,
    0.0,
    0.0,
    0.0,
    0.0,
    0.0,
    0.0,
    0.0,
    0.0,
    0.0,
    0.0,
    0.0,
    0.0,
    0.0,
    0.0,
    0.0,
    0.0,
    0.0,
    0.0,
    0.0,
    0.0,
    0.0,
    0.0,
    0.0,
    0.0,
    0.0,
    0.0,
    0.0,
    0.0,
    0.0,
    0.0,
    0.0,
    0.0,
    0.0,
    0.0,
    0.0,
    0.0,
    0.0,
    0.0,
    0.0,
    0.0,
    0.0,
    0.0,
    0.0,
    0.0,
    0.0,
    0.0,
    0.0,
    0.0,
    0.0,
    0.0,
    0.0,
    0.0,
    0.0,
    0.0,
    0.0,
    0.0,
    0.0
  ],