{
  "epoch": [
    1,
    2,
    3,
    4,
    5,
    6,
    7,
    8,
    9,
    10,
    11,
    12,
    13,
    14,
    15,
    16,
    17,
    18,
    19,
    20,
    21,
    22,
    23,
    24,
    25,
    26,
    27,
    28,
    29,
    30,
    31,
    32,
    33,
    34,
    35,
    36,
    37,
    38,
    39,
    40,
    41,
    42,
    43,
    44,
    45,
    46,
    47,
    48,
    49,
    50,
    51,
    52,
    53,
    54,
    55,
    56,
    57,
    58,
    59,
    60,
    61,
    62,
    63,
    64,
    65,
    66,
    67,
    68,
    69,
    70,
    71,
    72,
    73,
    74,
    75,
    76,
    77,
    78,
    79,
    80,
    81,
    82,
    83,
    84,
    85,
    86,
    87,
    88,
    89,
    90,
    91,
    92,
    93,
    94,
    95,
    96,
    97,
    98,
    99,
    100,
    101,
    102,
    103,
    104,
    105,
    106,
    107,
    108,
    109,
    110,
    111,
    112,
    113,
    114,
    115,
    116,
    117,
    118,
    119
  ],
  "train_loss": [
    1.795043379375615,
    1.1560225287049086,
    0.9534744294648317,
    0.836608001559051,
    0.7523514597686296,
    0.6834611379608666,
    0.6299450062599379,
    0.5798860250674572,
    0.5406781568662408,
    0.5029372165805286,
    0.4662557993967509,
    0.43515420559140827,
    0.4085094269710718,
    0.3806369341525835,
    0.35530197267065344,
    0.3382027145359934,
    0.3168983367300525,
    0.29787304613393606,
    0.282086265302196,
    0.2665133996261764,
    0.25306013986929177,
    0.23762956661047394,
    0.22794558438136406,
    0.2164683254416456,
    0.2049273255559587,
    0.1945790663054309,
    0.18609344429269278,
    0.1770903408988235,
    0.16959095815407862,
    0.16264857217362247,
    0.15638579512687073,
    0.15001167583557748,
    0.14312488850705402,
    0.1343387905700305,
    0.13416996175788112,
    0.12743124192983835,
    0.12448797920315537,
    0.1190095483949504,
    0.1151540200850091,
    0.10836289763527433,
    0.10637396328228037,
    0.10585710997741248,
    0.09955452655240432,
    0.09602432275555797,
    0.0910903116131259,
    0.09038903437478026,
    0.08865049487152665,
    0.08514772390121038,
    0.08334972008525096,
    0.08016331129006504,
    0.08027791550632604,
    0.07567687011947952,
    0.0733548220746296,
    0.07248233222239411,
    0.0704223288645603,
    0.068648940269096,
    0.06862730944778808,
    0.06465734067113743,
    0.06499980298859864,
    0.06312611471554361,
    0.058752933853142654,
    0.06133879902628586,
    0.05932949110865593,
    0.05899192105748297,
    0.057285670959150665,
    0.0597981763331546,
    0.05285281292402867,
    0.054939088161996344,
    0.05434670383782731,
    0.054098218794643264,
    0.05193316907209066,
    0.049983090289013904,
    0.04908153230381995,
    0.04957696355725687,
    0.049192156892308256,
    0.047893603010698386,
    0.0489606114210004,
    0.0472754950481515,
    0.046040966938797036,
    0.046363875044260136,
    0.04618654895535449,
    0.04261506899480814,
    0.04507409343880016,
    0.043495550122803324,
    0.04478600666829452,
    0.04321816578488221,
    0.04147091682654681,
    0.04078495424221625,
    0.04030134110740319,
    0.04259627721915694,
    0.04183342672654034,
    0.03959966033754736,
    0.039545148270223866,
    0.03907794324373923,
    0.038711655284902176,
    0.039886757284978924,
    0.03745684812575118,
    0.03730920580763024,
    0.03902260046068233,
    0.03807237611353858,
    0.03693468671426484,
    0.03581395938262804,
    0.03632380018375583,
    0.036357750189634636,
    0.03670620306673431,
    0.035035610585425474,
    0.03565853523311311,
    0.03694046466352092,
    0.036134427461350704,
    0.0351267226866072,
    0.03507993951171022,
    0.032547605322366675,
    0.03349345914068987,
    0.034359951388359684,
    0.03346712426186453,
    0.03372271662846822,
    0.03351134117980747,
    0.03191053727641702,
    0.034196604408093335
  ],
  "val_loss": [
    0.9552649580515348,
    0.7222710389357346,
    0.6556737147844754,
    0.5652524507962741,
    0.5378896869145907,
    0.5012313769413874,
    0.46764955383080703,
    0.4491632832930638,
    0.4238751530647278,
    0.38485455971497756,
    0.36386603804735035,
    0.3391802723591144,
    0.32556227308053237,
    0.2988302627435097,
    0.3028882879477281,
    0.2894962143439513,
    0.27042088485681093,
    0.26569784719210404,
    0.24861237521354967,
    0.24183676678400773,
    0.23375068948819086,
    0.2207483041744966,
    0.21986487393195814,
    0.2035519423393103,
    0.20320413892085737,
    0.18940041271539834,
    0.18917264846655038,
    0.18113116919994354,
    0.17182680334036166,
    0.17208540038420603,
    0.16632899756614977,
    0.15940820712309617,
    0.15260022305525267,
    0.15469426489793336,
    0.15256182047036979,
    0.14374195211208785,
    0.13774671921363243,
    0.13825178146362305,
    0.13446447339195472,
    0.13029870276267713,
    0.12707254978326651,
    0.1250490417274145,
    0.12086191314917344,
    0.11755142475549991,
    0.11423477415855114,
    0.11819110896724921,
    0.10365658110150924,
    0.10738404725606625,
    0.1052817226602481,
    0.10060888514495812,
    0.10161191110427563,
    0.09775880623895389,
    0.0942791194583361,
    0.09526956597199807,
    0.0997969018152127,
    0.09541447245730804,
    0.09669000311539723,
    0.0967377031651827,
    0.10119913160227813,
    0.09569128874975902,
    0.09017047945123452,
    0.09504229303162831,
    0.09525846503674984,
    0.09622776579971497,
    0.0927070235976806,
    0.08654739743528458,
    0.09028326934919907,
    0.0857100634334179,
    0.09110570684648477,
    0.08912119290863092,
    0.08940660380400144,
    0.09527018236426207,
    0.08966457621695903,
    0.08874004549131943,
    0.09258303547707888,
    0.08992626962180321,
    0.09163662913040473,
    0.08698418987198518,
    0.0878827922905867,
    0.08218780009505841,
    0.08655847881275874,
    0.08432630757586314,
    0.0888954266332663,
    0.0857231356203556,
    0.08136809445344485,
    0.08397173766906445,
    0.08053381719554846,
    0.08181895817128512,
    0.08803872663814288,
    0.08242665478386559,
    0.08203909495988718,
    0.08664577260900003,
    0.08181744455718078,
    0.07685720565943764,
    0.08976919426081273,
    0.08754297653929545,
    0.084313904794936,
    0.08378801867365837,
    0.08278840443549249,
    0.08308231379263677,
    0.0831043804064393,
    0.08187298605648372,
    0.0817988169594453,
    0.08266864806556931,
    0.08016731396604043,
    0.08626520733993787,
    0.08611593753672563,
    0.08163332093793613,
    0.07985900285152289,
    0.08280516018231328,
    0.08214686527991524,
    0.08523276587948203,
    0.07945499604997727,
    0.07949048345192121,
    0.08374774380801962,
    0.08088846114249183,
    0.08414297536588632,
    0.08103520638094498,
    0.08166562830312894
  ],