{
  "epoch": [
    1,
    2,
    3,
    4,
    5,
    6,
    7,
    8,
    9,
    10,
    11,
    12,
    13,
    14,
    15,
    16,
    17,
    18,
    19,
    20,
    21,
    22,
    23,
    24,
    25,
    26,
    27,
    28,
    29,
    30,
    31,
    32,
    33,
    34,
    35,
    36,
    37,
    38,
    39,
    40,
    41,
    42,
    43,
    44,
    45,
    46,
    47,
    48,
    49,
    50,
    51,
    52,
    53,
    54,
    55,
    56,
    57,
    58,
    59,
    60,
    61,
    62,
    63,
    64,
    65,
    66,
    67,
    68,
    69
  ],
  "train_loss": [
    1.5556201768904616,
    0.9229222923209986,
    0.6975581513852188,
    0.5860095819861618,
    0.4985814732067364,
    0.42812354125312924,
    0.3673963424624856,
    0.32219543861052424,
    0.2802284618782014,
    0.2476557511644265,
    0.22164279871533826,
    0.2042841471193992,
    0.18164435543657578,
    0.16001945795472136,
    0.1387326501540302,
    0.1255488077313015,
    0.10890841712579899,
    0.1001015351221119,
    0.09124908527148139,
    0.08254270533042163,
    0.07978375874382933,
    0.07513731867843068,
    0.06900978498352864,
    0.06272575198720719,
    0.05849506191371642,
    0.05446605954664884,
    0.05549039201062057,
    0.04913117698172933,
    0.0465431727382556,
    0.04485768989477422,
    0.041840556020051545,
    0.038476928905343884,
    0.0327621917144309,
    0.03595944108998345,
    0.032957090933797596,
    0.03302582093159255,
    0.03308780692018492,
    0.027881627561543713,
    0.027411830484310222,
    0.02597080393137468,
    0.02506756350954937,
    0.024753536738589713,
    0.022059284085791903,
    0.02114915333870683,
    0.02241074746431418,
    0.019850797000696363,
    0.018971196306178096,
    0.02199372017309646,
    0.020758190595535273,
    0.018638627703263203,
    0.018575970622346036,
    0.017034472509997792,
    0.017424303642234084,
    0.01663448959925049,
    0.015696696801466348,
    0.01709083484884198,
    0.016742499655031013,
    0.016531931986485022,
    0.016953146197957937,
    0.01422474970537017,
    0.013456254769068634,
    0.013719852762920879,
    0.014199683627536156,
    0.012418067946876447,
    0.012105853328020456,
    0.012315154247845225,
    0.011046073601110694,
    0.012088134330661353,
    0.012216919418616393
  ],
  "val_loss": [
    0.7949536855404193,
    0.5396874455305246,
    0.4836205863035642,
    0.4202351524279668,
    0.367387232872156,
    0.3582213521003723,
    0.31838986621453214,
    0.29802975287804234,
    0.28309106024412006,
    0.25327776028559756,
    0.2727669981809763,
    0.23657488937561327,
    0.24656914403805366,
    0.22632369169822106,
    0.21109310881449625,
    0.19458815856621817,
    0.1798222947579164,
    0.17421100116693056,
    0.17347119175470793,
    0.17887523082586435,
    0.17007083159226638,
    0.15645774281941927,
    0.15743409383755463,
    0.15131017508415076,
    0.14901230169030336,
    0.16075886126894218,
    0.1419269138803849,
    0.1400525661615225,
    0.15622684130301842,
    0.14280361854113066,
    0.14209929996958146,
    0.1511426568031311,
    0.1395806736097886,
    0.14056032666793236,
    0.12893664378386277,
    0.1228277849463316,
    0.12287764451824702,
    0.12509930620972926,
    0.12899360519189101,
    0.14001047897797364,
    0.12865303428127214,
    0.13020955112117988,
    0.1294424505187915,
    0.1189875417890457,
    0.12756836643585792,
    0.12747772639760604,
    0.12519987844503844,
    0.12815785723236892,
    0.1421332134363743,
    0.12965259600717288,
    0.12563046612418616,
    0.13289214670658112,
    0.12671378727715749,
    0.14068960140530878,
    0.12396204915757363,
    0.1283539838802356,
    0.1319634119191995,
    0.12610064110217187,
    0.1288079354338921,
    0.13809465316052622,
    0.13396532131502262,
    0.13357008750048968,
    0.13383129948320296,
    0.12823809690486926,
    0.1246897170606714,
    0.14264357147308496,
    0.12900838606919235,
    0.12678673748786634,
    0.13534781702149373
  ],
  "train_transduce": [
    1.5546296834945679,
    0.9227988744519421,
    0.6969652209699768,
    0.5856217396320756,
    0.49785652772053,
    0.4274765259211825,
    0.3664612053442247,
    0.3210858287885017,
    0.2792820408940315,
    0.2467098772218547,
    0.22067914661212065,
    0.20306317108808106,
    0.1803643196898023,
    0.15857157902312033,
    0.13856232097161184,
    0.12552221595626517,
    0.1088985308582328,
    0.1000947013074897,
    0.0912447379345132,
    0.0825366016246916,
    0.07978096076277728,
    0.07513280604610738,
    0.06900938998754184,
    0.06272529025283671,
    0.05849475772648128,
    0.05446504938809835,
    0.0554738985086532,
    0.04912923786251508,
    0.04654307236664535,
    0.04484836193588898,
    0.041833869210377184,
    0.038465981501317824,
    0.032762078477127345,
    0.03595943952017685,
    0.03295687275468228,
    0.0330257321151031,
    0.03308778313785484,
    0.02788160339036246,
    0.027411642784406384,
    0.025970787145965492,
    0.025064382498085347,
    0.024753513594743672,
    0.022059274304504554,
    0.021149129726799186,
    0.022410728751451316,
    0.019850743101602515,
    0.0189711919328025,
    0.021993703644521075,
    0.020758161942964207,
    0.018632328824245745,
    0.018571352259707206,
    0.01703319308400807,
    0.017424291724665572,
    0.016634473541137024,
    0.01569668091017484,
    0.017090821569094184,
    0.016741914806657078,
    0.016531718136339458,
    0.016953085630786482,
    0.014224734352349505,
    0.013456236843509389,
    0.013719183119186728,
    0.014199598734963148,
    0.012418028986748769,
    0.012105293922395129,
    0.012315031244256293,
    0.011046064477509906,
    0.012088126996796117,
    0.012216891267111275
  ],
  "val_transduce": [
    0.794325067446782,
    0.5393369106146005,
    0.4834923308629256,
    0.41883548635702866,
    0.36301034001203686,
    0.35137767975146955,
    0.30947637214110446,
    0.29452230150883013,
    0.2774814825791579,
    0.25023862490287196,
    0.27251526484122646,
    0.23246413927811843,
    0.22556658203785235,
    0.2110458268569066,
    0.20994639511291796,
    0.19409711085833037,
    0.17973445871701607,
    0.1740699794429999,
    0.17337338167887467,
    0.17884389253763053,
    0.16998557631786054,
    0.15642506801165068,
    0.1573917607848461,
    0.1512874152797919,
    0.14899253157468942,
    0.160744536954623,
    0.14192122564865992,
    0.14004728226707533,
    0.15622151184540528,
    0.14275012423212713,
    0.1420949502633168,
    0.15114091938504806,
    0.13957887372145286,
    0.14055844797537878,
    0.12893404381779525,
    0.12282662265575849,
    0.12287673626381618,
    0.12509849610236976,
    0.12899193482903334,
    0.14000967890024185,
    0.12865041139034125,
    0.13020912285607594,
    0.1294415992899583,
    0.11898668525883785,
    0.12756776752380225,
    0.12747734441207006,
    0.12519917551141518,
    0.12815772398160055,
    0.14213295510182014,
    0.12965252021184334,
    0.12563018070963713,
    0.13289127154992178,
    0.12671345844864845,
    0.14068910364921278,
    0.12396161215236554,
    0.12835355260624334,
    0.13196303896032846,
    0.1261003020291145,
    0.12880747937239134,
    0.13809434783000213,
    0.13396487320558384,
    0.1335697159744226,
    0.1338306267101031,
    0.12823761763194433,
    0.12468922883272171,
    0.1426434415177657,
    0.129008141417916,
    0.12678665610460135,
    0.1353476713053309
  ],