{
  "epoch": [
    1,
    2,
    3,
    4,
    5,
    6,
    7,
    8,
    9,
    10,
    11,
    12,
    13,
    14,
    15,
    16,
    17,
    18,
    19,
    20,
    21,
    22,
    23,
    24,
    25,
    26,
    27,
    28,
    29,
    30,
    31,
    32,
    33,
    34,
    35,
    36,
    37,
    38,
    39,
    40,
    41,
    42,
    43,
    44,
    45,
    46,
    47,
    48,
    49,
    50,
    51,
    52,
    53,
    54,
    55,
    56,
    57,
    58,
    59,
    60,
    61
  ],
  "train_loss": [
    0.704287400487626,
    0.21751535595348565,
    0.1746128504671673,
    0.1428341313753978,
    0.12507554294891876,
    0.11354169780665105,
    0.10521774801729929,
    0.09389294754012976,
    0.08690941905473719,
    0.0825767329718807,
    0.07373740957441306,
    0.07236184262772008,
    0.06586749283689083,
    0.06215545712131085,
    0.056138469865269,
    0.055400405171336514,
    0.049986607625637905,
    0.04732249789677634,
    0.045905632695349134,
    0.04158516814655597,
    0.04035373058833993,
    0.03948647424689319,
    0.035082201224447475,
    0.03616833860183706,
    0.03281442597877271,
    0.031623665759764094,
    0.031608711895855644,
    0.026714549326144234,
    0.028476086846266936,
    0.024921936379505856,
    0.02323027630567108,
    0.02292504343711356,
    0.022951321957614457,
    0.02165300559049638,
    0.020686983619586076,
    0.021363211551330762,
    0.017517197077245552,
    0.017402970688509763,
    0.019058582356826653,
    0.01944838048853349,
    0.017050139513788837,
    0.01463382518250901,
    0.01588985965919155,
    0.015507547777275196,
    0.0148096652955075,
    0.013286488100720367,
    0.014143199251854036,
    0.013126519036082791,
    0.012564967411782334,
    0.013082280688190668,
    0.012149190751485305,
    0.010515688558911333,
    0.010634380390424983,
    0.01031615580478222,
    0.012108298863450268,
    0.013709353230026837,
    0.013567417797789272,
    0.01076369452645246,
    0.010536918278304067,
    0.011317343174452238,
    0.011158407565510583
  ],
  "val_loss": [
    0.2460052170432531,
    0.19432837114884302,
    0.16615374443622735,
    0.15402062982320786,
    0.1604295132251886,
    0.14732648632847345,
    0.12329043018130156,
    0.12360496188585575,
    0.11378715875057074,
    0.11191352313527694,
    0.12359335359472495,
    0.11212631730506054,
    0.10113323336610427,
    0.10263718721958306,
    0.09690497700984661,
    0.09325359518138263,
    0.09757990519014689,
    0.08668436812093624,
    0.09469226475518483,
    0.08255105265058003,
    0.08186206522469337,
    0.0728026690104833,
    0.08292268123477697,
    0.08060052826140936,
    0.08576517251248543,
    0.09253116238575715,
    0.08976807423795645,
    0.08311179996683048,
    0.0846134011920255,
    0.07542839298884456,
    0.08329128198182353,
    0.08506618049712135,
    0.08038945467426227,
    0.0846832229827459,
    0.07637062468207799,
    0.07247341649893385,
    0.09001253634834519,
    0.0835841351833481,
    0.08545807286953697,
    0.10198081385057706,
    0.0867973046305661,
    0.0795542597054289,
    0.09358970068681699,
    0.08497543629402152,
    0.09657204502190535,
    0.08579241068890461,
    0.08762426710186097,
    0.08390602865256369,
    0.08514263523885837,
    0.08296393818007065,
    0.08386005661808528,
    0.0869874156689128,
    0.0908440832908337,
    0.0902515932595214,
    0.09420056596326713,
    0.08175069498471342,
    0.08632372751330528,
    0.09185962452409932,
    0.08669685253586906,
    0.08162013176255502,
    0.08581677637098786
  ],
  "train_transduce": [
    0.704287400487626,
    0.21751535595348565,
    0.1746128504671673,
    0.1428341313753978,
    0.12507554294891876,
    0.11354169780665105,
    0.10521774801729929,
    0.09389294754012976,
    0.08690941905473719,
    0.0825767329718807,
    0.07373740957441306,
    0.07236184262772008,
    0.06586749283689083,
    0.06215545712131085,
    0.056138469865269,
    0.055400405171336514,
    0.049986607625637905,
    0.04732249789677634,
    0.045905632695349134,
    0.04158516814655597,
    0.04035373058833993,
    0.03948647424689319,
    0.035082201224447475,
    0.03616833860183706,
    0.03281442597877271,
    0.031623665759764094,
    0.031608711895855644,
    0.026714549326144234,
    0.028476086846266936,
    0.024921936379505856,
    0.02323027630567108,
    0.02292504343711356,
    0.022951321957614457,
    0.02165300559049638,
    0.020686983619586076,
    0.021363211551330762,
    0.017517197077245552,
    0.017402970688509763,
    0.019058582356826653,
    0.01944838048853349,
    0.017050139513788837,
    0.01463382518250901,
    0.01588985965919155,
    0.015507547777275196,
    0.0148096652955075,
    0.013286488100720367,
    0.014143199251854036,
    0.013126519036082791,
    0.012564967411782334,
    0.013082280688190668,
    0.012149190751485305,
    0.010515688558911333,
    0.010634380390424983,
    0.01031615580478222,
    0.012108298863450268,
    0.013709353230026837,
    0.013567417797789272,
    0.01076369452645246,
    0.010536918278304067,
    0.011317343174452238,
    0.011158407565510583
  ],
  "val_transduce": [
    0.2460052170432531,
    0.19432837114884302,
    0.16615374443622735,
    0.15402062982320786,
    0.1604295132251886,
    0.14732648632847345,
    0.12329043018130156,
    0.12360496188585575,
    0.11378715875057074,
    0.11191352313527694,
    0.12359335359472495,
    0.11212631730506054,
    0.10113323336610427,
    0.10263718721958306,
    0.09690497700984661,
    0.09325359518138263,
    0.09757990519014689,
    0.08668436812093624,
    0.09469226475518483,
    0.08255105265058003,
    0.08186206522469337,
    0.0728026690104833,
    0.08292268123477697,
    0.08060052826140936,
    0.08576517251248543,
    0.09253116238575715,
    0.08976807423795645,
    0.08311179996683048,
    0.0846134011920255,
    0.07542839298884456,
    0.08329128198182353,
    0.08506618049712135,
    0.08038945467426227,
    0.0846832229827459,
    0.07637062468207799,
    0.07247341649893385,
    0.09001253634834519,
    0.0835841351833481,
    0.08545807286953697,
    0.10198081385057706,
    0.0867973046305661,
    0.0795542597054289,
    0.09358970068681699,
    0.08497543629402152,
    0.09657204502190535,
    0.08579241068890461,
    0.08762426710186097,
    0.08390602865256369,
    0.08514263523885837,
    0.08296393818007065,
    0.08386005661808528,
    0.0869874156689128,
    0.0908440832908337,
    0.0902515932595214,
    0.09420056596326713,
    0.08175069498471342,
    0.08632372751330528,
    0.09185962452409932,
    0.08669685253586906,
    0.08162013176255502,
    0.08581677637098786
  ],
  "l0": [
    0.0,
    0.0,
    0.0,
    0.0,
    0.0,
    0.0,
    0.0,
    0.0,
    0.0,
    0.0,
    0.0,
    0.0,
    0.0,
    0.0,
    0.0,
    0.0,
    0.0,
    0.0,
    0.0,
    0.0,
    0.0,
    0.0,
    0.0,
    0.0,
    0.0,
    0.0,
    0.0,
    0.0,
    0.0,
    0.0,
    0.0,
    0.0,
    0.0,
    0.0,
    0.0,
    0.0,
    0.0,
    0.0,
    0.0,
    0.0,
    0.0,
    0.0,
    0.0,
    0.0,
    0.0,
    0.0,
    0.0,
    0.0,
    0.0,
    0.0,
    0.0,
    0.0,
    0.0,
    0.0,
    0.0,
    0.0,
    0.0,
    0.0,
    0.0,
    0.0,
    0.0
  ],
  "lambda_l0_effective": [
    0.01,
    0.01,
    0.01,
    0.01,
    0.01,
    0.01,
    0.01,
    0.01,
    0.01,
    0.01,
    0.01,
    0.01,
    0.01,
    0.01,
    0.01,
    0.01,
    0.01,
    0.01,
    0.01,
    0.01,
    0.01,
    0.01,
    0.01,
    0.01,
    0.01,
    0.01,
    0.01,
    0.01,
    0.01,
    0.01,
    0.01,
    0.01,
    0.01,
    0.01,
    0.01,
    0.01,
    0.01,
    0.01,
    0.01,
    0.01,
    0.01,
    0.01,
    0.01,
    0.01,
    0.01,
    0.01,
    0.01,
    0.01,
    0.01,
    0.01,
    0.01,
    0.01,
    0.01,
    0.01,
    0.01,
    0.01,
    0.01,
    0.01,
    0.01,
    0.01,
    0.01
  ],
  "recon_loss": [],
  "balance_loss": []
}