{
  "epoch": [
    1,
    2,
    3,
    4,
    5,
    6,
    7,
    8,
    9,
    10,
    11,
    12,
    13,
    14,
    15,
    16,
    17,
    18,
    19,
    20,
    21,
    22,
    23,
    24,
    25,
    26,
    27,
    28,
    29,
    30,
    31,
    32,
    33,
    34,
    35,
    36,
    37,
    38,
    39,
    40,
    41,
    42,
    43,
    44,
    45,
    46,
    47,
    48,
    49,
    50,
    51,
    52,
    53,
    54,
    55,
    56
  ],
  "train_loss": [
    2.9989983396431836,
    1.1380701768644077,
    0.5828921596721276,
    0.3702844001890458,
    0.2766305019253308,
    0.20461170244769952,
    0.16554910804807527,
    0.12777443740939357,
    0.11427121290687434,
    0.09533628200171228,
    0.0837491930932882,
    0.07281475343271014,
    0.06669138182799533,
    0.05841413217107045,
    0.052964789125607495,
    0.05503959564453701,
    0.041011456750602145,
    0.039912249331276135,
    0.03588382212310722,
    0.03509796112919822,
    0.03300119631626096,
    0.03235459969302198,
    0.030249376776484177,
    0.026950910374205366,
    0.028951961535134726,
    0.028311820752371448,
    0.03072136762124707,
    0.024330584199129382,
    0.021360563947195092,
    0.023489081688446097,
    0.019853443446204298,
    0.01821679185317426,
    0.0185037867295719,
    0.02146825807519526,
    0.016377661047148107,
    0.017224211819450726,
    0.019587985766192265,
    0.019129868654399803,
    0.017835082918328724,
    0.016641034288019826,
    0.01474416153577454,
    0.015295195931535138,
    0.01759082249836209,
    0.01395217663567686,
    0.01484059203012856,
    0.015549337730824602,
    0.01162287254743374,
    0.011304216389784339,
    0.010954489722036631,
    0.013803482081167419,
    0.011466272312730128,
    0.011532257111219824,
    0.013945127120865606,
    0.01418684430590821,
    0.010588683964463776,
    0.012526144669481227
  ],
  "val_loss": [
    1.2071495789747972,
    0.48687909887387204,
    0.2857766174353086,
    0.14962434482115966,
    0.11330204628981076,
    0.07975930806535941,
    0.06553789872962695,
    0.05832246819940897,
    0.04235597391827749,
    0.04452315384808641,
    0.040730707526493534,
    0.0411836054498473,
    0.037147849440001525,
    0.036357554427992836,
    0.03681611457767968,
    0.03475446060586434,
    0.03411178756505251,
    0.03550842985546646,
    0.03354847629984411,
    0.03370995816882127,
    0.03352877888112114,
    0.03883250176799125,
    0.037757366304644026,
    0.04242520151176275,
    0.030494180096026797,
    0.033274981932034,
    0.03304151562938037,
    0.032314345139848925,
    0.03219793905289127,
    0.038830503525857166,
    0.03730084443724571,
    0.04078196714936684,
    0.029942075540580284,
    0.03904681404730162,
    0.032487163436599076,
    0.033337080414639786,
    0.03759016373861904,
    0.03852375653402235,
    0.046515387491896175,
    0.03601960093174757,
    0.037412807952093244,
    0.045156606171915956,
    0.04402592233404553,
    0.04358882906951923,
    0.04434184139581003,
    0.03987019131734716,
    0.03483968029580025,
    0.0431368327758369,
    0.03637914808999854,
    0.04286292627847825,
    0.04243368198904836,
    0.04079130998630157,
    0.042047644114903124,
    0.04595000615965826,
    0.04678556925500743,
    0.0341028323071861
  ],
  "train_transduce": [
    2.1929567880237224,
    0.8255397970836187,
    0.42441817841579005,
    0.2682719983390926,
    0.19592835930819363,
    0.14133383347124784,
    0.11663061186440826,
    0.08801346610194628,
    0.0763553927950177,
    0.06709118894080526,
    0.05656676000637031,
    0.04867342484577261,
    0.04347593294091753,
    0.0333021710117914,
    0.03132494614152334,
    0.03518987943648754,
    0.026406310445907497,
    0.0267684799763038,
    0.022592412279054674,
    0.02166977107942527,
    0.0199182468104013,
    0.020894579528158857,
    0.017638763422434478,
    0.016841230514344097,
    0.018507450987037617,
    0.01884082530399535,
    0.020190117290824382,
    0.013947843342356998,
    0.012820931949014248,
    0.015396630395679092,
    0.012039848812135686,
    0.010684240031531369,
    0.010795782897477374,
    0.012611819330372453,
    0.010347844301914969,
    0.011669731017540583,
    0.013349242141163073,
    0.012276040057090024,
    0.010315471671440053,
    0.009714834834028938,
    0.00913748094906848,
    0.008541319762313374,
    0.009216498203405189,
    0.008400163020081721,
    0.009061631612772526,
    0.010942897461738783,
    0.007612063508353571,
    0.0065642878639430155,
    0.006580317828002549,
    0.009332316827098598,
    0.007050641377326869,
    0.006625000372878276,
    0.006815385020616436,
    0.009926804651916699,
    0.00689143372370175,
    0.006828372400780881
  ],
  "val_transduce": [
    1.2071495789747972,
    0.48687909887387204,
    0.2857766174353086,
    0.14962434482115966,
    0.11330204628981076,
    0.07975930806535941,
    0.06553789872962695,
    0.05832246819940897,
    0.04235597391827749,
    0.04452315384808641,
    0.040730707526493534,
    0.0411836054498473,
    0.037147849440001525,
    0.036357554427992836,
    0.03681611457767968,
    0.03475446060586434,
    0.03411178756505251,
    0.03550842985546646,
    0.03354847629984411,
    0.03370995816882127,
    0.03352877888112114,
    0.03883250176799125,
    0.037757366304644026,
    0.04242520151176275,
    0.030494180096026797,
    0.033274981932034,
    0.03304151562938037,
    0.032314345139848925,
    0.03219793905289127,
    0.038830503525857166,
    0.03730084443724571,
    0.04078196714936684,
    0.029942075540580284,
    0.03904681404730162,
    0.032487163436599076,
    0.033337080414639786,
    0.03759016373861904,
    0.03852375653402235,
    0.046515387491896175,
    0.03601960093174757,
    0.037412807952093244,
    0.045156606171915956,
    0.04402592233404553,
    0.04358882906951923,
    0.04434184139581003,
    0.03987019131734716,
    0.03483968029580025,
    0.0431368327758369,
    0.03637914808999854,
    0.04286292627847825,
    0.04243368198904836,
    0.04079130998630157,
    0.042047644114903124,
    0.04595000615965826,
    0.04678556925500743,
    0.0341028323071861
  ],
  "l0": [
    0.0,
    0.0,
    0.0,
    0.0,
    0.0,
    0.0,
    0.0,
    0.0,
    0.0,
    0.0,
    0.0,
    0.0,
    0.0,
    0.0,
    0.0,
    0.0,
    0.0,
    0.0,
    0.0,
    0.0,
    0.0,
    0.0,
    0.0,
    0.0,
    0.0,
    0.0,
    0.0,
    0.0,
    0.0,
    0.0,
    0.0,
    0.0,
    0.0,
    0.0,
    0.0,
    0.0,
    0.0,
    0.0,
    0.0,
    0.0,
    0.0,
    0.0,
    0.0,
    0.0,
    0.0,
    0.0,
    0.0,
    0.0,
    0.0,
    0.0,
    0.0,
    0.0,
    0.0,
    0.0,
    0.0,
    0.0
  ],
  "lambda_l0_effective": [
    0.01,
    0.01,
    0.01,
    0.01,
    0.01,
    0.01,
    0.01,
    0.01,
    0.01,
    0.01,
    0.01,
    0.01,
    0.01,
    0.01,
    0.01,
    0.01,
    0.01,
    0.01,
    0.01,
    0.01,
    0.01,
    0.01,
    0.01,
    0.01,
    0.01,
    0.01,
    0.01,
    0.01,
    0.01,
    0.01,
    0.01,
    0.01,
    0.01,
    0.01,
    0.01,
    0.01,
    0.01,
    0.01,
    0.01,
    0.01,
    0.01,
    0.01,
    0.01,
    0.01,
    0.01,
    0.01,
    0.01,
    0.01,
    0.01,
    0.01,
    0.01,
    0.01,
    0.01,
    0.01,
    0.01,
    0.01
  ],
  "recon_loss": [],
  "balance_loss": [],