{
  "epoch": [
    1,
    2,
    3,
    4,
    5,
    6,
    7,
    8,
    9,
    10,
    11,
    12,
    13,
    14,
    15,
    16,
    17,
    18,
    19,
    20,
    21,
    22,
    23,
    24,
    25,
    26,
    27,
    28,
    29,
    30,
    31,
    32,
    33,
    34,
    35,
    36,
    37,
    38,
    39,
    40,
    41,
    42,
    43,
    44,
    45,
    46,
    47,
    48,
    49,
    50,
    51,
    52,
    53,
    54,
    55,
    56,
    57,
    58,
    59,
    60,
    61,
    62,
    63,
    64,
    65,
    66,
    67,
    68,
    69,
    70,
    71,
    72,
    73,
    74,
    75,
    76,
    77,
    78,
    79,
    80,
    81,
    82,
    83,
    84,
    85,
    86,
    87,
    88,
    89,
    90,
    91,
    92,
    93,
    94,
    95,
    96,
    97,
    98,
    99,
    100,
    101,
    102,
    103,
    104,
    105,
    106,
    107,
    108
  ],
  "train_loss": [
    1.4152265479884196,
    0.8121828086597404,
    0.6167024814898205,
    0.49525333495484186,
    0.4029257380470787,
    0.33939200593638663,
    0.2935721727529752,
    0.25437322051561984,
    0.226716835781471,
    0.20211252093929605,
    0.18205388282070456,
    0.1674072045410417,
    0.15443896628993073,
    0.1392184991351108,
    0.12892858096465623,
    0.1205911476011436,
    0.1128976869675302,
    0.10560199720112934,
    0.10067568982461679,
    0.09135178102122754,
    0.08643710688140589,
    0.08184131398105744,
    0.07653832199416824,
    0.07312706680296316,
    0.06736376808629822,
    0.06570098656661731,
    0.060430020218734275,
    0.057936363594280074,
    0.05438078311031934,
    0.05397185779743127,
    0.049623742113946025,
    0.04990901548377017,
    0.04449422375212625,
    0.04405909129562452,
    0.041758305402760654,
    0.038286820702139554,
    0.03777277328976497,
    0.03501933161649354,
    0.03549802032558574,
    0.03280552485285653,
    0.03156270103567501,
    0.03047483168619195,
    0.029386412121893205,
    0.02764859984475236,
    0.02818984485749808,
    0.02399455920130629,
    0.025666262068756922,
    0.02273569835263506,
    0.024745829859460444,
    0.021975019757069416,
    0.021985496775986452,
    0.020686130056196114,
    0.019808112086785824,
    0.019485095533849577,
    0.019895995904681916,
    0.018304516914175804,
    0.01957727679454712,
    0.019685775154395048,
    0.01651680338215659,
    0.01657323408199801,
    0.015805922162997508,
    0.016199947756081436,
    0.014359784374954467,
    0.014347067252809624,
    0.013681852364355755,
    0.014236171337411037,
    0.013321344351837622,
    0.013548410526409592,
    0.012519876217018314,
    0.012713370934133562,
    0.01208220152592421,
    0.012805773562166034,
    0.013289174227015182,
    0.010609051097453255,
    0.010512234199643327,
    0.01116746828108834,
    0.011083042159071672,
    0.009531530795244443,
    0.008742382881932497,
    0.009119055776367175,
    0.011666272077997475,
    0.010460553786203688,
    0.008542819114248316,
    0.008778815256124459,
    0.009362634639831778,
    0.008926105415496552,
    0.008872613331816668,
    0.00875263654605303,
    0.007607772393084909,
    0.007660487171060876,
    0.006554117750318856,
    0.007656486971380631,
    0.0073169673368161945,
    0.00860005192165791,
    0.007014626742114995,
    0.007192241198973749,
    0.007054022811869274,
    0.007297419033795787,
    0.006962973243417698,
    0.007089097048612023,
    0.006487500579300404,
    0.006534191433546738,
    0.006736550376013632,
    0.005829795124189276,
    0.0061063553763495895,
    0.005665247550908688,
    0.006505231548835207,
    0.005947628604264968
  ],
  "val_loss": [
    0.7598956227302551,
    0.5495182505020728,
    0.4428799244073721,
    0.3867178971950824,
    0.3571930000415215,
    0.32388320106726426,
    0.3148675056604239,
    0.2848115895803158,
    0.2743617571317233,
    0.25325959577010226,
    0.24699497337524706,
    0.23612224253324363,
    0.22832550796178672,
    0.21201869272268736,
    0.19396794300812942,
    0.1958749512067208,
    0.1868794044623008,
    0.19108402270537156,
    0.1795656016239753,
    0.17170155277618995,
    0.16588563586656863,
    0.1602282655926851,
    0.15990614203306344,
    0.1436480971483084,
    0.15289493191700715,
    0.14824142593603867,
    0.14184494144641435,
    0.1415864240664702,
    0.13986907211633828,
    0.14394602064902967,
    0.12536720301096255,
    0.12752829778652924,
    0.12400258647707793,
    0.13421358855871054,
    0.11877563767708264,
    0.12255684515604606,
    0.11570671974466397,
    0.12073560259663142,
    0.11195885791228367,
    0.10849562086738072,
    0.10993938864423679,
    0.1176220768919358,
    0.11161055931678185,
    0.1142990546157727,
    0.11235939768644479,
    0.10738641682725686,
    0.11082940090161103,
    0.1169523550913884,
    0.10488752333017495,
    0.11130252480506897,
    0.11273510496203716,
    0.09927331985762486,
    0.10079913285489266,
    0.10479496906583126,
    0.10741681548265311,
    0.10532840398641732,
    0.10274083941028668,
    0.10014587583450171,
    0.10044350704321495,
    0.10162386856973171,
    0.10603248084393832,
    0.10165928848660909,
    0.09749409191023845,
    0.09950838753810295,
    0.0977328373835637,
    0.10613788005251151,
    0.09751643218959753,
    0.09212623708523236,
    0.09725032116358097,
    0.0973815624243938,
    0.09368431195616722,
    0.10531130733971412,
    0.09973122638005477,
    0.09569925155777198,
    0.10044996361606397,
    0.09912472053502615,
    0.10050286152041875,
    0.09382956840384465,
    0.10029665316240145,
    0.0927324962014189,
    0.09775366433537923,
    0.0955778445618657,
    0.08732381384246625,
    0.09663430981051463,
    0.09557711290052304,
    0.0926836863733255,
    0.08874944117493354,
    0.09979264430988294,
    0.09334633327447452,
    0.09153962328743476,
    0.09731470693189365,
    0.09337162097486165,
    0.0977067478144398,
    0.09403782889533502,
    0.09981448912563232,
    0.096102700712016,
    0.09607917084716834,
    0.09312179899559571,
    0.09883889111761864,
    0.10066347454602902,
    0.10215224411625129,
    0.10256108634460431,
    0.10017908565126933,
    0.09932111117702264,
    0.09422781662299083,
    0.09400059669636764,
    0.09286550797808629,
    0.096609392346671
  ],