{
  "epoch": [
    1,
    2,
    3,
    4,
    5,
    6,
    7,
    8,
    9,
    10,
    11,
    12,
    13,
    14,
    15,
    16,
    17,
    18,
    19,
    20,
    21,
    22,
    23,
    24,
    25,
    26,
    27,
    28,
    29,
    30,
    31,
    32,
    33,
    34,
    35,
    36,
    37,
    38,
    39,
    40,
    41,
    42,
    43,
    44,
    45,
    46,
    47,
    48,
    49,
    50,
    51,
    52,
    53,
    54,
    55
  ],
  "train_loss": [
    1.2099283876800047,
    0.20692584306462525,
    0.08147154957747337,
    0.04295615882603163,
    0.027332919673782957,
    0.018543849238338544,
    0.01504213758984331,
    0.012739627305226228,
    0.009575002734338115,
    0.008186392406885004,
    0.00705857943748268,
    0.006248970681047739,
    0.005024211381600459,
    0.003986417738055887,
    0.004436034361169357,
    0.02865584928826813,
    0.020668443782043827,
    0.009589934546966106,
    0.012081329552810783,
    0.006139685467564256,
    0.005626834725525132,
    0.004689691214658411,
    0.003040448493641062,
    0.004324297832747256,
    0.0028797255704235214,
    0.005212713869508493,
    0.00391660535230407,
    0.0025065552706025496,
    0.005423526642751069,
    0.002409568068953339,
    0.0032478901045681964,
    0.003415934454002952,
    0.002639137113893065,
    0.0036568563350790765,
    0.0030462429589083653,
    0.003992987553444727,
    0.00251994303415035,
    0.0020932634145153606,
    0.002269332210772452,
    0.006862369754738202,
    0.0021766198645300112,
    0.0024315874927159494,
    0.0022741814998261897,
    0.003007092248837355,
    0.006688532507001751,
    0.0030634366562480864,
    0.0027094613215575517,
    0.001994017071738949,
    0.001997188963193282,
    0.006352811569028285,
    0.0019934481973924102,
    0.003914823635690501,
    0.0016598498626915466,
    0.0017833032326877599,
    0.002861997908641251
  ],
  "val_loss": [
    0.21807981110536134,
    0.062138476910499424,
    0.043751692972504176,
    0.037080325616093784,
    0.03273915503030786,
    0.02937000859170579,
    0.03420158601007783,
    0.032890579905002736,
    0.03200168549441374,
    0.032949362917301744,
    0.03509912775972715,
    0.034467888091547556,
    0.0355951037513128,
    0.034157674450678036,
    0.03790081012322424,
    0.04218588615409457,
    0.06662111557446994,
    0.06060845806048466,
    0.09881794882508424,
    0.0791246358018655,
    0.09184844562640557,
    0.06292675378230903,
    0.06442791194869922,
    0.08101625826496345,
    0.06092669098423077,
    0.057279486782275714,
    0.07405447358122239,
    0.06432566462227932,
    0.09370662472569026,
    0.08373584569646762,
    0.09716642533357327,
    0.10599450537791619,
    0.0996581046627118,
    0.09540125011251523,
    0.08341537688214046,
    0.10540631642708412,
    0.09702043779767476,
    0.11345264200980847,
    0.12561180241979086,
    0.2764053585437628,
    0.2650215052641355,
    0.2325599445746495,
    0.2898904795830066,
    0.21312661927479964,
    0.6205064791899461,
    0.4921552791045262,
    0.4379566013813019,
    0.4082217881312737,
    0.40481516260367173,
    0.7381038940869845,
    0.7318439391943125,
    0.7333212999197153,
    0.5666858278788053,
    0.5886732087685511,
    0.592434477347594
  ],
  "train_transduce": [
    1.2099283876800047,
    0.20692584306462525,
    0.08147154957747337,
    0.04295615882603163,
    0.027332919673782957,
    0.018543849238338544,
    0.01504213758984331,
    0.012739627305226228,
    0.009575002734338115,
    0.008186392406885004,
    0.00705857943748268,
    0.006248970681047739,
    0.005024211381600459,
    0.003986417738055887,
    0.004436034361169357,
    0.02865584928826813,
    0.020668443782043827,
    0.009589934546966106,
    0.012081329552810783,
    0.006139685467564256,
    0.005626834725525132,
    0.004689691214658411,
    0.003040448493641062,
    0.004324297832747256,
    0.0028797255704235214,
    0.005212713869508493,
    0.00391660535230407,
    0.0025065552706025496,
    0.005423526642751069,
    0.002409568068953339,
    0.0032478901045681964,
    0.003415934454002952,
    0.002639137113893065,
    0.0036568563350790765,
    0.0030462429589083653,
    0.003992987553444727,
    0.00251994303415035,
    0.0020932634145153606,
    0.002269332210772452,
    0.006862369754738202,
    0.0021766198645300112,
    0.0024315874927159494,
    0.0022741814998261897,
    0.003007092248837355,
    0.006688532507001751,
    0.0030634366562480864,
    0.0027094613215575517,
    0.001994017071738949,
    0.001997188963193282,
    0.006352811569028285,
    0.0019934481973924102,
    0.003914823635690501,
    0.0016598498626915466,
    0.0017833032326877599,
    0.002861997908641251
  ],
  "val_transduce": [
    0.21807981110536134,
    0.062138476910499424,
    0.043751692972504176,
    0.037080325616093784,
    0.03273915503030786,
    0.02937000859170579,
    0.03420158601007783,
    0.032890579905002736,
    0.03200168549441374,
    0.032949362917301744,
    0.03509912775972715,
    0.034467888091547556,
    0.0355951037513128,
    0.034157674450678036,
    0.03790081012322424,
    0.04218588615409457,
    0.06662111557446994,
    0.06060845806048466,
    0.09881794882508424,
    0.0791246358018655,
    0.09184844562640557,
    0.06292675378230903,
    0.06442791194869922,
    0.08101625826496345,
    0.06092669098423077,
    0.057279486782275714,
    0.07405447358122239,
    0.06432566462227932,
    0.09370662472569026,
    0.08373584569646762,
    0.09716642533357327,
    0.10599450537791619,
    0.0996581046627118,
    0.09540125011251523,
    0.08341537688214046,
    0.10540631642708412,
    0.09702043779767476,
    0.11345264200980847,
    0.12561180241979086,
    0.2764053585437628,
    0.2650215052641355,
    0.2325599445746495,
    0.2898904795830066,
    0.21312661927479964,
    0.6205064791899461,
    0.4921552791045262,
    0.4379566013813019,
    0.4082217881312737,
    0.40481516260367173,
    0.7381038940869845,
    0.7318439391943125,
    0.7333212999197153,
    0.5666858278788053,
    0.5886732087685511,
    0.592434477347594
  ],
  "l0": [
    0.0,
    0.0,
    0.0,
    0.0,
    0.0,
    0.0,
    0.0,
    0.0,
    0.0,
    0.0,
    0.0,
    0.0,
    0.0,
    0.0,
    0.0,
    0.0,
    0.0,
    0.0,
    0.0,
    0.0,
    0.0,
    0.0,
    0.0,
    0.0,
    0.0,
    0.0,
    0.0,
    0.0,
    0.0,
    0.0,
    0.0,
    0.0,
    0.0,
    0.0,
    0.0,
    0.0,
    0.0,
    0.0,
    0.0,
    0.0,
    0.0,
    0.0,
    0.0,
    0.0,
    0.0,
    0.0,
    0.0,
    0.0,
    0.0,
    0.0,
    0.0,
    0.0,
    0.0,
    0.0,
    0.0
  ],
  "lambda_l0_effective": [
    0.01,
    0.01,
    0.01,
    0.01,
    0.01,
    0.01,
    0.01,
    0.01,
    0.01,
    0.01,
    0.01,
    0.01,
    0.01,
    0.01,
    0.01,
    0.01,
    0.01,
    0.01,
    0.01,
    0.01,
    0.01,
    0.01,
    0.01,
    0.01,
    0.01,
    0.01,
    0.01,
    0.01,
    0.01,
    0.01,
    0.01,
    0.01,
    0.01,
    0.01,
    0.01,
    0.01,
    0.01,
    0.01,
    0.01,
    0.01,
    0.01,
    0.01,
    0.01,
    0.01,
    0.01,
    0.01,
    0.01,
    0.01,
    0.01,
    0.01,
    0.01,
    0.01,
    0.01,
    0.01,
    0.01
  ],
  "recon_loss": [],
  "balance_loss": [],