{
  "epoch": [
    1,
    2,
    3,
    4,
    5,
    6,
    7,
    8,
    9,
    10,
    11,
    12,
    13,
    14,
    15,
    16,
    17,
    18,
    19,
    20,
    21,
    22,
    23,
    24,
    25,
    26,
    27,
    28,
    29,
    30,
    31,
    32,
    33,
    34,
    35,
    36,
    37,
    38,
    39,
    40,
    41,
    42,
    43,
    44,
    45,
    46,
    47,
    48,
    49,
    50,
    51,
    52,
    53,
    54,
    55,
    56,
    57,
    58,
    59,
    60,
    61,
    62,
    63,
    64,
    65,
    66,
    67,
    68,
    69,
    70,
    71,
    72,
    73,
    74,
    75,
    76,
    77
  ],
  "train_loss": [
    0.7281968246887226,
    0.22423080605740595,
    0.1741691783513173,
    0.1567367188411184,
    0.1381241831522767,
    0.12498722881963938,
    0.11618464502810251,
    0.10505537718239397,
    0.09844462193622447,
    0.09215061554666792,
    0.08739964745127328,
    0.08338422870429435,
    0.07983176028448166,
    0.07235410595589345,
    0.07244170324342085,
    0.06814884232117398,
    0.062382949958785926,
    0.06012616776815145,
    0.0576782825744093,
    0.054707449722555604,
    0.053465740589222106,
    0.05095697624037172,
    0.048373706399066616,
    0.047074041670501825,
    0.0427481557639076,
    0.04328691804468041,
    0.042692427352845376,
    0.04061936486586191,
    0.036130354370884965,
    0.036714060840630294,
    0.03144330671518156,
    0.031675312529769864,
    0.03014990700279722,
    0.031674998830819485,
    0.030396260196656578,
    0.028816774648863196,
    0.027498451624028752,
    0.030014610904646983,
    0.026202946472544186,
    0.02607942050747057,
    0.026645425227609012,
    0.024104141584127256,
    0.02594189499366549,
    0.023226386604664643,
    0.02353461072918507,
    0.021572874554681896,
    0.021459655983760807,
    0.0189227710897564,
    0.02075297922578336,
    0.019003916754258224,
    0.021410905004543537,
    0.01821963180612662,
    0.018178657342744344,
    0.01870545842408175,
    0.01639815342110019,
    0.016167141542087614,
    0.017933771851020727,
    0.017798234660196866,
    0.01730491320076998,
    0.014898774293620177,
    0.013602146888059555,
    0.014841984593226472,
    0.016120410548513847,
    0.013783023902445589,
    0.01479518228892864,
    0.015115982857486695,
    0.015110573597658094,
    0.015197904191514717,
    0.011497968005588149,
    0.011968093264921762,
    0.013044555523400518,
    0.01368563199106899,
    0.01228279285686146,
    0.012281700427007705,
    0.010498157056915288,
    0.012833141284363142,
    0.010734391078297602
  ],
  "val_loss": [
    0.24011447452581847,
    0.16963261767075613,
    0.15633768416368043,
    0.14665849678791487,
    0.12939211439627868,
    0.12726222523129904,
    0.12041066214442253,
    0.10969347850634502,
    0.11748091418009537,
    0.10619474947452545,
    0.10669764475180553,
    0.09619598176616889,
    0.10063247210704364,
    0.09728153766347812,
    0.09454973357228133,
    0.09283145975608093,
    0.10055645182728767,
    0.09818262592531167,
    0.09298007190227509,
    0.0918590658559249,
    0.0942009875121025,
    0.09653973851639491,
    0.09651567328434724,
    0.0925200147410998,
    0.09218529196312794,
    0.09942670281116779,
    0.09708491082374866,
    0.09448084235191345,
    0.0984271326317237,
    0.09914717379097755,
    0.09275891502889302,
    0.09677933056194049,
    0.09741898368184383,
    0.09609244119089383,
    0.09046992086447202,
    0.09722305461764336,
    0.10107206696501145,
    0.0986411332224424,
    0.0945067537518648,
    0.09459417886458911,
    0.09021259299837626,
    0.0977602694183588,
    0.0939412063990648,
    0.0952299853356985,
    0.09328265086962627,
    0.09445546610424152,
    0.08856080866490419,
    0.10081221578786007,
    0.0908197178863562,
    0.08847215098257248,
    0.08381035694709191,
    0.08351312155047289,
    0.10087674741561596,
    0.08674853717764983,
    0.0926212311650698,
    0.0875272689243922,
    0.09061620054909816,
    0.09564364758821634,
    0.09045383284011713,
    0.08878550520883156,
    0.09653442209729782,
    0.09752668390193811,
    0.09212435645839342,
    0.09376670473899978,
    0.09963798422652942,
    0.08653599167099366,
    0.0958443503970137,
    0.0899113377269644,
    0.09549213279611789,
    0.09696777046729739,
    0.09615368782900847,
    0.09170181332872464,
    0.09132611314551188,
    0.09598915200107373,
    0.09114483134964338,
    0.0889688590183281,
    0.09126763009967712
  ],
  "train_transduce": [
    0.7262421294604198,
    0.22418970740077518,
    0.17413962263577054,
    0.1567085403764602,
    0.1380363229182687,
    0.12492624611252605,
    0.11612313576411493,
    0.10495703516177612,
    0.09833301057909975,
    0.0920513027744128,
    0.08724453632194216,
    0.08330501391008349,
    0.07976040067058979,
    0.07224305215669741,
    0.07232688347080557,
    0.06803567087886357,
    0.062305484335906436,
    0.060006621579575065,
    0.057594680439422626,
    0.05462345497516712,
    0.053340609249944736,
    0.050845344117519876,
    0.048273372491545015,
    0.04698824592967435,
    0.04273456985149348,
    0.04322975570575731,
    0.04257424427011963,
    0.0405587398235013,
    0.03605549493896784,
    0.03662510096362912,
    0.03137908071869671,
    0.031642557232465486,
    0.03011628277230971,
    0.03163865652156643,
    0.03038968686659885,
    0.02883199729154458,
    0.027425208898943544,
    0.029977616743359824,
    0.026169115414676983,
    0.026110775501347414,
    0.026667647907455072,
    0.0241697427798247,
    0.02586051748862656,
    0.0231541163371046,
    0.02351088949599036,
    0.021549654509042306,
    0.021433383931802347,
    0.01895554165936785,
    0.020825106219508418,
    0.019094960639566772,
    0.021430345166861865,
    0.018326937278622005,
    0.018174123756661272,
    0.018817226794354693,
    0.016504545880500043,
    0.016112901359141833,
    0.01794910007894113,
    0.017833677900835208,
    0.01742318693068948,
    0.015060154456036663,
    0.01375634722079676,
    0.014959710557935851,
    0.016267504192667433,
    0.013959891905104466,
    0.014923914102837443,
    0.01521591869376526,
    0.015150064314337502,
    0.015358274051052804,
    0.01167751532647353,
    0.012225662474520504,
    0.013271146863099593,
    0.013914378243498504,
    0.012519594280759223,
    0.012554611060952786,
    0.01078169679472057,
    0.013091452573057227,
    0.010997263805728665
  ],