{
  "epoch": [
    1,
    2,
    3,
    4,
    5,
    6,
    7,
    8,
    9,
    10,
    11,
    12,
    13,
    14,
    15,
    16,
    17,
    18,
    19,
    20,
    21,
    22,
    23,
    24,
    25,
    26,
    27,
    28,
    29,
    30,
    31,
    32,
    33,
    34,
    35,
    36,
    37,
    38,
    39,
    40,
    41,
    42,
    43,
    44,
    45,
    46,
    47,
    48,
    49,
    50,
    51,
    52,
    53,
    54,
    55,
    56,
    57,
    58,
    59,
    60,
    61,
    62,
    63,
    64,
    65,
    66,
    67,
    68,
    69,
    70,
    71,
    72,
    73,
    74,
    75,
    76,
    77,
    78,
    79,
    80,
    81,
    82,
    83,
    84,
    85,
    86,
    87,
    88,
    89,
    90,
    91,
    92,
    93,
    94,
    95,
    96,
    97,
    98,
    99,
    100,
    101,
    102,
    103,
    104,
    105,
    106,
    107,
    108,
    109,
    110,
    111,
    112,
    113,
    114,
    115,
    116,
    117,
    118,
    119,
    120,
    121,
    122,
    123,
    124
  ],
  "train_loss": [
    1.3475964041714816,
    0.8302983921213248,
    0.6766037696722856,
    0.5858619008789357,
    0.5178046592117584,
    0.4589409616190134,
    0.41498212362687614,
    0.3788224664545551,
    0.34525150798030735,
    0.3175389186008689,
    0.29164521127324744,
    0.27263781251673846,
    0.24737216079050733,
    0.2361031598651532,
    0.21784706720986316,
    0.2037621625151831,
    0.19436806640059678,
    0.18382546520724738,
    0.17391223825283886,
    0.16054320657990642,
    0.15131736681172528,
    0.14726827013277516,
    0.13824793777054117,
    0.13210071657889896,
    0.12342303223216657,
    0.11780477415040597,
    0.1099933078608562,
    0.10728667501705824,
    0.10790291374798902,
    0.09920731006363004,
    0.10039378694959522,
    0.09052004211956692,
    0.09188789895438042,
    0.08550053939568936,
    0.08428937020068317,
    0.08241328769891533,
    0.08135398252646334,
    0.07803098853562296,
    0.07219064368184694,
    0.07652946570216074,
    0.07082498720703051,
    0.06996012970651548,
    0.06789965852711004,
    0.06781081977233137,
    0.06586190035624295,
    0.06433545945922739,
    0.06369756988835396,
    0.06317584569921199,
    0.05951768526634604,
    0.06084799061807775,
    0.05894019634261267,
    0.05428384149389476,
    0.053759368717401605,
    0.05456802688692648,
    0.055588331563187016,
    0.051037738296520155,
    0.054417464502885475,
    0.05263355949451936,
    0.050315542607424185,
    0.049073611693360754,
    0.05092441494163779,
    0.048966478421976885,
    0.04869722967640948,
    0.04579110060981715,
    0.046016124504397515,
    0.04564731025626672,
    0.042707540282077086,
    0.04457418252377934,
    0.04329715078197343,
    0.042685517734012655,
    0.04176820187647011,
    0.043110274397720076,
    0.04059850525581422,
    0.039364722240524196,
    0.042794367759344504,
    0.040241181531191335,
    0.03985618316501226,
    0.03710255424309637,
    0.04013076347788585,
    0.038008454733422584,
    0.03692722066843249,
    0.035742828394430354,
    0.0375858462540452,
    0.036614989463393526,
    0.03480315248760366,
    0.033075129550872086,
    0.03294001034816209,
    0.03474712922218611,
    0.034395168060148806,
    0.03513340840653814,
    0.03622427869818567,
    0.034960813657140606,
    0.03085361656099174,
    0.03327013546908178,
    0.03326467009136434,
    0.034065073929707874,
    0.03335795530895751,
    0.031714567664972285,
    0.03138936410859688,
    0.029174711135187253,
    0.027941454938833706,
    0.029432922714514677,
    0.03017432715014084,
    0.029091438345764716,
    0.030965318147227475,
    0.02952357936775331,
    0.02915895391332427,
    0.029139310800825657,
    0.028045429855335466,
    0.026090230586333682,
    0.029013648995236715,
    0.028909200807246044,
    0.026378717921559037,
    0.02699390698353923,
    0.028173783659627756,
    0.02703751795133096,
    0.02529392547343771,
    0.02711773044957789,
    0.025952632692594502,
    0.025103605872010524,
    0.027309483578476634,
    0.022953950643981088,
    0.02544458876195911,
    0.025461332813702216
  ],
  "val_loss": [
    0.5653921503287095,
    0.40923652052879333,
    0.36681055334898144,
    0.3345235013044797,
    0.2949447643298369,
    0.2753098297577638,
    0.26868982727711016,
    0.2296665643270199,
    0.2206724056830773,
    0.21901354079063123,
    0.19684942983664,
    0.189702424292381,
    0.17781807940739852,
    0.1774349808692932,
    0.16358931821126205,
    0.1538151061305633,
    0.15755874606279227,
    0.15840143481126198,
    0.14167521722041643,
    0.13985128242235917,
    0.13296052698905653,
    0.13760027518639198,
    0.12747167337399262,
    0.12303820080482043,
    0.11320268964538208,
    0.11901782510372308,
    0.1196929425574266,
    0.114620934598721,
    0.11338086053729057,
    0.11925020040227817,
    0.11045388590831023,
    0.1123763291308513,
    0.11412841626084767,
    0.10689256970699017,
    0.10627408898793735,
    0.10807391084157504,
    0.10392636777116702,
    0.10558226933846107,
    0.10633444126981956,
    0.11952819445958504,
    0.10178847582294391,
    0.10043860054933108,
    0.09663939160796312,
    0.09985074028372765,
    0.10157469602731559,
    0.10058761474031669,
    0.10632569514788114,
    0.09745900189647308,
    0.09568959875748707,
    0.10619072988629341,
    0.09795670841748898,
    0.09978771352997193,
    0.10133992708646335,
    0.10505716588634711,
    0.10177641018078877,
    0.0994534297631337,
    0.11195405429372421,
    0.10998885476818451,
    0.09806669904635502,
    0.09220561643059437,
    0.0960759583574075,
    0.09597773448779033,
    0.09497167814809543,
    0.10323646320746495,
    0.09439315618230747,
    0.09585969293346772,
    0.09637773151581104,
    0.0924981812445017,
    0.09878696615879352,
    0.09147525593065299,
    0.09820329842086022,
    0.09666796587407589,
    0.09515223566156167,
    0.10159182090025681,
    0.10123664255325611,
    0.10432458353730348,
    0.09538179578689429,
    0.09663171836963066,
    0.0973737075065191,
    0.09444647268033944,
    0.08819405920803547,
    0.09250153228640556,
    0.09824064488594349,
    0.09955776210587758,
    0.10717503325297283,
    0.0913708360435871,
    0.09904331914507426,
    0.09429471739209615,
    0.09700837874641785,
    0.09275934701928726,
    0.08885263773397757,
    0.0948118083178997,
    0.09046473504545596,
    0.09154544369532512,
    0.09313130235442749,
    0.09350070242698376,
    0.08877495876871623,
    0.08957812748849392,
    0.08560585201932834,
    0.09288719231979205,
    0.08738252355788763,
    0.0879317162415156,
    0.08854432275088933,
    0.0896542939858941,
    0.090500329549496,
    0.09095225870036162,
    0.09416516024905902,
    0.09438450462543048,
    0.09198121296671721,
    0.09589094238785598,
    0.08625133049029571,
    0.09278173114244755,
    0.0939347196656924,
    0.08996382334197943,
    0.09240558958397461,
    0.09279124109217754,
    0.09070130408956455,
    0.09154713125183032,
    0.09337154288704579,
    0.09138721105857538,
    0.09270824613766028,
    0.09672768872517806,
    0.0908789226355461,
    0.09076592276016107
  ],