{
  "epoch": [
    1,
    2,
    3,
    4,
    5,
    6,
    7,
    8,
    9,
    10,
    11,
    12,
    13,
    14,
    15,
    16,
    17,
    18,
    19,
    20,
    21,
    22,
    23,
    24,
    25,
    26,
    27,
    28,
    29,
    30,
    31,
    32,
    33,
    34,
    35,
    36,
    37,
    38,
    39,
    40,
    41,
    42,
    43,
    44,
    45,
    46,
    47,
    48,
    49,
    50,
    51,
    52,
    53,
    54,
    55,
    56,
    57,
    58,
    59,
    60,
    61,
    62,
    63,
    64,
    65,
    66,
    67,
    68,
    69,
    70,
    71,
    72
  ],
  "train_loss": [
    1.0029217954148952,
    0.4908130453112199,
    0.3480255669846977,
    0.25737497433251944,
    0.1957191619061932,
    0.16008647715615243,
    0.13215706585762427,
    0.10946470435670357,
    0.08865262312603366,
    0.07469624939576253,
    0.06520046421432311,
    0.05472762008034384,
    0.05184993641354989,
    0.04730060100843458,
    0.04293136165678962,
    0.04073297898237085,
    0.03484645861047368,
    0.032287152119211314,
    0.03170421574331973,
    0.026785230943357052,
    0.026994177380327097,
    0.027828713446932354,
    0.027309845025247904,
    0.025005196242775654,
    0.023265995615709228,
    0.022238532872150468,
    0.021044805523526576,
    0.020559750656962163,
    0.019238171192875,
    0.019948385667881555,
    0.018205741095145417,
    0.018015472031169637,
    0.016707529051027733,
    0.01743428112900595,
    0.015538254095068605,
    0.016605744465403065,
    0.01712114805386872,
    0.013690466564100659,
    0.014923071234904653,
    0.013519201053848932,
    0.014323106830694819,
    0.015161861090071154,
    0.013058357464615256,
    0.014198172130002688,
    0.013160423593494812,
    0.013241695724103657,
    0.01308988433717702,
    0.013191811631784112,
    0.012554755884453117,
    0.011510774036857406,
    0.011879064850197126,
    0.010520760258287671,
    0.010586322655783697,
    0.008400901480123027,
    0.009688631199677139,
    0.01020848521507902,
    0.010248038140977685,
    0.010608876032812386,
    0.008921930175478637,
    0.010087161778277938,
    0.008833170317883901,
    0.009026636664765244,
    0.009378845186858466,
    0.00932686677419811,
    0.008384814649579096,
    0.007726599326262433,
    0.009202829848815323,
    0.008860547623306647,
    0.007607820910370438,
    0.007893470549366687,
    0.0065463945560923,
    0.007609274363014415
  ],
  "val_loss": [
    0.32829641378842866,
    0.2564684748649597,
    0.2165328012062953,
    0.19252371673400587,
    0.1792161395916572,
    0.16252356137220675,
    0.13876388107354826,
    0.13636373728513718,
    0.11938717388189755,
    0.12197585346607062,
    0.10899590127743207,
    0.10540814239245194,
    0.10072672510376343,
    0.10681422828481747,
    0.09225560846523596,
    0.09186456510080741,
    0.09283178672194481,
    0.08806098195222709,
    0.0883374847471714,
    0.08542732980388862,
    0.08581808882837112,
    0.09289061951522644,
    0.0926852052171643,
    0.08889084470529969,
    0.08778353253952585,
    0.08842994659565963,
    0.0810011881045424,
    0.08713983830351096,
    0.08501503005838738,
    0.08715904018698403,
    0.09187567291351464,
    0.08611703876298495,
    0.08901620976841794,
    0.08307741059420201,
    0.08898759068240626,
    0.08323530607426968,
    0.08719610526280192,
    0.08946734993682745,
    0.09286615406521238,
    0.09518909791054633,
    0.08824731315521953,
    0.08607111854675728,
    0.08290025876620068,
    0.08858786036188786,
    0.09643394915530315,
    0.09531828808562401,
    0.07822834336324237,
    0.08615802875003563,
    0.08987254476120982,
    0.09511945173681642,
    0.08949339626213679,
    0.08600651564148183,
    0.08466562066370478,
    0.09759769383638811,
    0.09398191659979951,
    0.08079551711965066,
    0.09266284930233198,
    0.08857896514774229,
    0.08838057260100658,
    0.08841263893946934,
    0.0901419961054881,
    0.09044326651984683,
    0.08949080123476541,
    0.09040476474463223,
    0.08210095574255459,
    0.09434679991905935,
    0.09774352673691912,
    0.09223614484429933,
    0.09891927462124911,
    0.09133225505670103,
    0.09771870695448552,
    0.09690373503746322
  ],
  "train_transduce": [
    1.0021177435044162,
    0.4905203900386378,
    0.34737643353717845,
    0.25670024629720706,
    0.194948605040914,
    0.1590987263036143,
    0.13041337898250707,
    0.10807213555906237,
    0.08848096937248387,
    0.07463985902362878,
    0.065158235206816,
    0.05469309849683771,
    0.051838377529044743,
    0.0472938589626904,
    0.04292441327508885,
    0.040727029458533244,
    0.03483963930576118,
    0.03228502068188541,
    0.03170105985116175,
    0.02678157208180151,
    0.026988205473543594,
    0.027825325293005587,
    0.02730751014914671,
    0.025002611721817825,
    0.023264549386966014,
    0.02223820801579499,
    0.02104351504408207,
    0.02055513424698033,
    0.019238002381057086,
    0.01994797221586569,
    0.0182051274747847,
    0.018015160958628294,
    0.016707331291399896,
    0.017434183918011673,
    0.015538207474932765,
    0.016605660872601125,
    0.017121058374465703,
    0.01369025664057189,
    0.014922914102423898,
    0.013519082835289775,
    0.014323057881052386,
    0.015161835014239223,
    0.013058271905954582,
    0.014198048393417284,
    0.013160320212488476,
    0.01323667536075611,
    0.013088095745074168,
    0.013190155417403955,
    0.012554339571260684,
    0.011510478852007096,
    0.01187884958446525,
    0.01052017437357734,
    0.010586234861828829,
    0.008400831181320756,
    0.009688596725139824,
    0.010208427149636825,
    0.010247872415365959,
    0.010608821172392015,
    0.008921910959749589,
    0.010087149037101027,
    0.00883316524301598,
    0.009026631065278276,
    0.009378838896830614,
    0.009326859381525134,
    0.008384806215919112,
    0.0077265899315759655,
    0.009202816684282692,
    0.008860531370467554,
    0.007607803952288526,
    0.007893469167984878,
    0.006546393261721944,
    0.007609273413389432
  ],
  "val_transduce": [
    0.32817445810024554,
    0.255767360329628,
    0.21645097663769355,
    0.19140577545532814,
    0.1777630883913774,
    0.1618033733505469,
    0.13822218145315462,
    0.1338923659462195,
    0.1187697984278202,
    0.12087828494035281,
    0.10854397141016446,
    0.10524104105738494,
    0.1006361790574514,
    0.10670850454614712,
    0.09215774673681992,
    0.09174975308661278,
    0.09276615025905463,
    0.08798123408968632,
    0.08830305081433974,
    0.08531595938480817,
    0.08577163424342871,
    0.09286688393555008,
    0.09265245439914557,
    0.08885429634784277,
    0.08777672992661022,
    0.08842164550263149,
    0.08097167166236502,
    0.08713624932659933,
    0.08501354001390819,
    0.0871574712308267,
    0.09187330749745552,
    0.08611544587004644,
    0.08901524314513573,
    0.08307714265986131,
    0.08898720070898819,
    0.08323460710772242,
    0.08719504142824847,
    0.08946570523907073,
    0.0928651756929377,
    0.09518884763551447,
    0.088246841261235,
    0.08607072040635663,
    0.08289979867493877,
    0.08858736573557298,
    0.09643369139163181,
    0.09531816214663334,
    0.07822760645873271,
    0.08615761811737545,
    0.08987252223036754,
    0.09511938212940899,
    0.08949331437739041,
    0.08600643409702641,
    0.08466553991624656,
    0.09759766501464093,
    0.09398180277247985,
    0.08079542936040805,
    0.09266268312393759,
    0.08857891291308288,
    0.08838048815512313,
    0.08841258189596164,
    0.09014197687904996,
    0.09044325784690535,
    0.08949077344508484,
    0.09040469284921598,
    0.08210090676752421,
    0.09434673907414365,
    0.0977434148438848,
    0.09223612144481964,
    0.09891926556324157,
    0.09133224744492999,
    0.0977186950801227,
    0.09690371736472186
  ],