{
  "epoch": [
    1,
    2,
    3,
    4,
    5,
    6,
    7,
    8,
    9,
    10,
    11,
    12,
    13,
    14,
    15,
    16,
    17,
    18,
    19,
    20,
    21,
    22,
    23,
    24,
    25,
    26,
    27,
    28,
    29,
    30,
    31,
    32,
    33,
    34,
    35,
    36,
    37,
    38,
    39,
    40,
    41,
    42,
    43,
    44,
    45,
    46,
    47,
    48,
    49,
    50,
    51,
    52,
    53,
    54,
    55,
    56,
    57,
    58,
    59,
    60,
    61,
    62,
    63,
    64,
    65,
    66,
    67,
    68,
    69,
    70,
    71,
    72,
    73,
    74,
    75,
    76,
    77,
    78,
    79,
    80,
    81,
    82,
    83,
    84,
    85,
    86,
    87,
    88,
    89,
    90,
    91,
    92,
    93,
    94
  ],
  "train_loss": [
    0.8964453501866596,
    0.319190105884382,
    0.2431401232681652,
    0.2124109630389969,
    0.19160284817513853,
    0.17844771579055502,
    0.16663425098551382,
    0.1569892043376913,
    0.15159525792344963,
    0.14324189641393056,
    0.1378118214335772,
    0.12721983424507746,
    0.12661513623477208,
    0.11962204360135711,
    0.11553222092218918,
    0.10958982395506141,
    0.10693350851093189,
    0.10056230953276747,
    0.0994981162913955,
    0.09637788465560072,
    0.09328340447627671,
    0.09118226321764511,
    0.08906087803073448,
    0.08570251602790144,
    0.08485177194349247,
    0.0810129415834009,
    0.07929013490603112,
    0.0757612840705874,
    0.0757963138973654,
    0.07381063035809167,
    0.07197013626446819,
    0.06874026173707282,
    0.0688679098603454,
    0.06608875232315299,
    0.06621228346582686,
    0.0650100726634264,
    0.06148589701198115,
    0.061596026902299116,
    0.0596343667089644,
    0.059303365693897894,
    0.05886968647563221,
    0.05838271366930244,
    0.058307606007645625,
    0.05404938745432266,
    0.05403937383711633,
    0.0527520565279197,
    0.04982176569686963,
    0.0484876395710329,
    0.04935714359957688,
    0.04673419381021568,
    0.04603080807419697,
    0.045127889192155976,
    0.042704302001523205,
    0.04107591087496517,
    0.040909539396404335,
    0.03917236350439858,
    0.038245419335394805,
    0.03919596738172787,
    0.03817110091429388,
    0.03746356402459269,
    0.03789967129302054,
    0.035708878857848965,
    0.03472157387468632,
    0.03402687895969294,
    0.033925389285466755,
    0.03429146672110304,
    0.032272988441630755,
    0.033116441003351225,
    0.03002690468536745,
    0.031729994567645955,
    0.029130739648595895,
    0.03039868663314103,
    0.03216481325908167,
    0.028308716330603504,
    0.029394896963777225,
    0.02756077227053592,
    0.029099945278635415,
    0.02582885799376239,
    0.027368559787916667,
    0.026819896635295142,
    0.02483999911732603,
    0.025116134992809874,
    0.026393655332561473,
    0.02424394599586209,
    0.025092158989870165,
    0.024220352635101073,
    0.024193457120310256,
    0.02337749821991466,
    0.025030335199346047,
    0.022481294258931042,
    0.02195538231402193,
    0.022714744169855177,
    0.02154300877326491,
    0.02098683946729075
  ],
  "val_loss": [
    0.33211342646525455,
    0.2219348538380403,
    0.1909171646604171,
    0.16691903999218574,
    0.15540150037178627,
    0.1446740793494078,
    0.1401538373186038,
    0.1350653495353002,
    0.13017311921486488,
    0.12429946288466454,
    0.11647052260545585,
    0.11004348213856037,
    0.10770312180885902,
    0.10415367008401798,
    0.09836680528063041,
    0.09880657150195195,
    0.0920792522911842,
    0.09409480255383712,
    0.08730979621983491,
    0.08949063460414226,
    0.0861881345223922,
    0.08671645075082779,
    0.0836469830515293,
    0.08060630181661019,
    0.08008072195717922,
    0.07697343797637866,
    0.0802545533157312,
    0.07460579777566287,
    0.07434412349875157,
    0.07791442753603825,
    0.0735288756684615,
    0.07176841566195855,
    0.07148891716049267,
    0.07037271258349602,
    0.06694940434625515,
    0.06500748731195927,
    0.06679953305194011,
    0.06554127814104924,
    0.06339929037942336,
    0.058199856645212725,
    0.06167251702684622,
    0.06155474555607025,
    0.06099936366081238,
    0.05569724924862385,
    0.05612080959746471,
    0.057698300681435145,
    0.056580811738967896,
    0.0560158072755887,
    0.05599769534399876,
    0.05347208227389134,
    0.052164994789144166,
    0.052605392769552194,
    0.05249152719401396,
    0.05123562208161904,
    0.0512670072225424,
    0.04563446450405396,
    0.048883482813835144,
    0.04671639684014595,
    0.04804517615299959,
    0.04842634839363969,
    0.0515910628108451,
    0.05094581563025713,
    0.047447751419475444,
    0.04853892072032277,
    0.05574435361016255,
    0.05059836869342969,
    0.04833869664714886,
    0.05107070494873019,
    0.0449342866643117,
    0.05229632567184476,
    0.051461706009621806,
    0.05530357701130784,
    0.048795550130307674,
    0.051931855555337206,
    0.05496172922161909,
    0.055809409787448555,
    0.05019838717551185,
    0.05555169828809225,
    0.048614625819027424,
    0.04969529696525289,
    0.049492631429949634,
    0.050991669368858523,
    0.05119974345255356,
    0.05498485972818274,
    0.051072513254789204,
    0.04944640981893127,
    0.0479519610078289,
    0.050118751322420746,
    0.0534687522225655,
    0.054374701594217464,
    0.05212467176338228,
    0.05509726151537437,
    0.05649054895799894,
    0.0574838537722826
  ],
  "train_transduce": [
    0.8882738009537801,
    0.3191389825084422,
    0.24309696566940533,
    0.21234327008818635,
    0.19157616705587593,
    0.1784189243127804,
    0.1665936271743019,
    0.15696129158581837,
    0.15154861798971006,
    0.14317324661677427,
    0.13777281605813763,
    0.12714478550571026,
    0.12658059711355973,
    0.1194954702612197,
    0.11544449066761697,
    0.10948893468421285,
    0.10686164559556706,
    0.10043435536398745,
    0.09936188544967386,
    0.09632909530312708,
    0.09321773564904043,
    0.09097428365361572,
    0.08892866371586772,
    0.08564030498930134,
    0.08456770081700075,
    0.08092090979882396,
    0.07921439031194343,
    0.07564389465911554,
    0.07563888871728784,
    0.07356750256944411,
    0.07176890764569882,
    0.06860200525953038,
    0.06874596157876572,
    0.06586147745204445,
    0.06600404598077039,
    0.0648562482714948,
    0.061347330062843784,
    0.061505072279879364,
    0.059506731974606465,
    0.05909836707212547,
    0.05862816353098001,
    0.057621649245150605,
    0.05807943466940139,
    0.053675985102089915,
    0.05379252038010866,
    0.05259893800473154,
    0.04967945190792036,
    0.04839371627030691,
    0.04926278440300191,
    0.046689397281976325,
    0.046002521198058484,
    0.04509373470255644,
    0.04270210298294626,
    0.04108061106635792,
    0.040930592464190896,
    0.03918805015319497,
    0.03827016480672773,
    0.03922078864519844,
    0.03820290215460971,
    0.03749705836324409,
    0.03793050280062131,
    0.0357418261182559,
    0.03475107489116859,
    0.03405841655273101,
    0.03395609629552553,
    0.034326243182035664,
    0.03230733323916055,
    0.03315045449440137,
    0.030058252947902916,
    0.03176350536119967,
    0.02916376140097728,
    0.030431640311374818,
    0.032194917117900186,
    0.028336771293589386,
    0.02942640674392702,
    0.027592559006194225,
    0.029130136903080316,
    0.02586035849065474,
    0.027399305185063345,
    0.026850971063635876,
    0.024870815214304492,
    0.025146609559507652,
    0.026422999089233356,
    0.02427155468013543,
    0.025122038286990753,
    0.02424744008994191,
    0.024214020897957062,
    0.02339926308325243,
    0.025050794320771157,
    0.022496362279012503,
    0.021971149591378646,
    0.022732655881987054,
    0.021565658399964324,
    0.021004955655443344
  ],