{
  "epoch": [
    1,
    2,
    3,
    4,
    5,
    6,
    7,
    8,
    9,
    10,
    11,
    12,
    13,
    14,
    15,
    16,
    17,
    18,
    19,
    20,
    21,
    22,
    23,
    24,
    25,
    26,
    27,
    28,
    29,
    30,
    31,
    32,
    33,
    34,
    35,
    36,
    37,
    38,
    39,
    40,
    41,
    42,
    43,
    44,
    45,
    46,
    47,
    48,
    49,
    50,
    51,
    52,
    53,
    54,
    55,
    56,
    57,
    58,
    59,
    60,
    61,
    62,
    63,
    64,
    65
  ],
  "train_loss": [
    1.107436661560511,
    0.5703891853696292,
    0.418518593016359,
    0.3174821147599171,
    0.24375811211534382,
    0.19713299241416232,
    0.1648919376899901,
    0.13742363383782277,
    0.11793643339853926,
    0.10382578306898628,
    0.0916152493932198,
    0.08345891289489786,
    0.07441454052387439,
    0.0681291865760979,
    0.061646394220363235,
    0.05653963538520422,
    0.05325172175221222,
    0.049608480905365085,
    0.044058445058571004,
    0.04162929720754169,
    0.04014723307750735,
    0.040173352599988894,
    0.03465061335699614,
    0.0332730649394396,
    0.032142248566348834,
    0.03082901211551477,
    0.031597669889247906,
    0.02879609248706514,
    0.02783512856964905,
    0.026748010252612,
    0.025232590137279985,
    0.025168340818802874,
    0.022910209065399218,
    0.020846838395581723,
    0.02257018234609559,
    0.02117086174542603,
    0.01952153571266873,
    0.019857867805709698,
    0.018587313129172958,
    0.018145707735945423,
    0.017015568477572084,
    0.017732176291228263,
    0.018252208478479963,
    0.019424041332292957,
    0.016722083585000762,
    0.01738221652820207,
    0.015009151793267462,
    0.014612439707804894,
    0.01574943720041438,
    0.015382125239204807,
    0.01551652599615765,
    0.015470829480879739,
    0.01538108701496049,
    0.014815052452775621,
    0.014278262768411222,
    0.013374621091175288,
    0.012941115882641338,
    0.013627316698926435,
    0.01358168224261632,
    0.012549473312395365,
    0.012829860581142693,
    0.012339577912929054,
    0.011087317314939862,
    0.010556923605972114,
    0.01130845872523292
  ],
  "val_loss": [
    0.4461489434425647,
    0.3341699059192951,
    0.2691537393973424,
    0.24212639377667353,
    0.21842804092627305,
    0.19268749081171477,
    0.18282200969182527,
    0.16705809017786613,
    0.16046461692223182,
    0.14316099079755637,
    0.14068467112687918,
    0.12959007918834686,
    0.13173032466035622,
    0.12325319447196446,
    0.10924885937800774,
    0.11227577408918968,
    0.10965817937484154,
    0.09321537929085585,
    0.09869364477120914,
    0.10757355535259613,
    0.09604141001517956,
    0.08923681567494686,
    0.09172191155644563,
    0.08746198751032352,
    0.09070957237138198,
    0.08364666840777947,
    0.07851448970345351,
    0.08411447703838348,
    0.08896751730487897,
    0.08626029439843617,
    0.08209959446237637,
    0.08046830681940684,
    0.07323317645260921,
    0.08698385817786822,
    0.07962033539437331,
    0.07477023782065281,
    0.08458524501810853,
    0.07425724084560688,
    0.07350982682636151,
    0.06648946739733219,
    0.07897002798003647,
    0.08322001879031841,
    0.07405011363040942,
    0.07746980898082256,
    0.07409615388426644,
    0.07890825870876703,
    0.0771799549782792,
    0.06988058484589252,
    0.07162665930361702,
    0.07239374770926169,
    0.06810024420086008,
    0.07032222119876398,
    0.07920176356744307,
    0.07355315130777083,
    0.07316253633381656,
    0.07650467644159037,
    0.08205603510857774,
    0.06661414749956188,
    0.08176128111349848,
    0.0793931522549918,
    0.07208415822914013,
    0.07480578430785009,
    0.07324976694340316,
    0.07588824968283567,
    0.07734384280271255
  ],
  "train_transduce": [
    1.107436661560511,
    0.5703891853696292,
    0.418518593016359,
    0.3174821147599171,
    0.24375811211534382,
    0.19713299241416232,
    0.1648919376899901,
    0.13742363383782277,
    0.11793643339853926,
    0.10382578306898628,
    0.0916152493932198,
    0.08345891289489786,
    0.07441454052387439,
    0.0681291865760979,
    0.061646394220363235,
    0.05653963538520422,
    0.05325172175221222,
    0.049608480905365085,
    0.044058445058571004,
    0.04162929720754169,
    0.04014723307750735,
    0.040173352599988894,
    0.03465061335699614,
    0.0332730649394396,
    0.032142248566348834,
    0.03082901211551477,
    0.031597669889247906,
    0.02879609248706514,
    0.02783512856964905,
    0.026748010252612,
    0.025232590137279985,
    0.025168340818802874,
    0.022910209065399218,
    0.020846838395581723,
    0.02257018234609559,
    0.02117086174542603,
    0.01952153571266873,
    0.019857867805709698,
    0.018587313129172958,
    0.018145707735945423,
    0.017015568477572084,
    0.017732176291228263,
    0.018252208478479963,
    0.019424041332292957,
    0.016722083585000762,
    0.01738221652820207,
    0.015009151793267462,
    0.014612439707804894,
    0.01574943720041438,
    0.015382125239204807,
    0.01551652599615765,
    0.015470829480879739,
    0.01538108701496049,
    0.014815052452775621,
    0.014278262768411222,
    0.013374621091175288,
    0.012941115882641338,
    0.013627316698926435,
    0.01358168224261632,
    0.012549473312395365,
    0.012829860581142693,
    0.012339577912929054,
    0.011087317314939862,
    0.010556923605972114,
    0.01130845872523292
  ],
  "val_transduce": [
    0.4461489434425647,
    0.3341699059192951,
    0.2691537393973424,
    0.24212639377667353,
    0.21842804092627305,
    0.19268749081171477,
    0.18282200969182527,
    0.16705809017786613,
    0.16046461692223182,
    0.14316099079755637,
    0.14068467112687918,
    0.12959007918834686,
    0.13173032466035622,
    0.12325319447196446,
    0.10924885937800774,
    0.11227577408918968,
    0.10965817937484154,
    0.09321537929085585,
    0.09869364477120914,
    0.10757355535259613,
    0.09604141001517956,
    0.08923681567494686,
    0.09172191155644563,
    0.08746198751032352,
    0.09070957237138198,
    0.08364666840777947,
    0.07851448970345351,
    0.08411447703838348,
    0.08896751730487897,
    0.08626029439843617,
    0.08209959446237637,
    0.08046830681940684,
    0.07323317645260921,
    0.08698385817786822,
    0.07962033539437331,
    0.07477023782065281,
    0.08458524501810853,
    0.07425724084560688,
    0.07350982682636151,
    0.06648946739733219,
    0.07897002798003647,
    0.08322001879031841,
    0.07405011363040942,
    0.07746980898082256,
    0.07409615388426644,
    0.07890825870876703,
    0.0771799549782792,
    0.06988058484589252,
    0.07162665930361702,
    0.07239374770926169,
    0.06810024420086008,
    0.07032222119876398,
    0.07920176356744307,
    0.07355315130777083,
    0.07316253633381656,
    0.07650467644159037,
    0.08205603510857774,
    0.06661414749956188,
    0.08176128111349848,
    0.0793931522549918,
    0.07208415822914013,
    0.07480578430785009,
    0.07324976694340316,
    0.07588824968283567,
    0.07734384280271255
  ],
  "l0": [
    0.0,
    0.0,
    0.0,
    0.0,
    0.0,
    0.0,
    0.0,
    0.0,
    0.0,
    0.0,
    0.0,
    0.0,
    0.0,
    0.0,
    0.0,
    0.0,
    0.0,
    0.0,
    0.0,
    0.0,
    0.0,
    0.0,
    0.0,
    0.0,
    0.0,
    0.0,
    0.0,
    0.0,
    0.0,
    0.0,
    0.0,
    0.0,
    0.0,
    0.0,
    0.0,
    0.0,
    0.0,
    0.0,
    0.0,
    0.0,
    0.0,
    0.0,
    0.0,
    0.0,
    0.0,
    0.0,
    0.0,
    0.0,
    0.0,
    0.0,
    0.0,
    0.0,
    0.0,
    0.0,
    0.0,
    0.0,
    0.0,
    0.0,
    0.0,
    0.0,
    0.0,
    0.0,
    0.0,
    0.0,
    0.0
  ],