{
  "epoch": [
    1,
    2,
    3,
    4,
    5,
    6,
    7,
    8,
    9,
    10,
    11,
    12,
    13,
    14,
    15,
    16,
    17,
    18,
    19,
    20,
    21,
    22,
    23,
    24,
    25,
    26,
    27,
    28,
    29,
    30,
    31,
    32,
    33,
    34,
    35,
    36,
    37,
    38,
    39,
    40,
    41,
    42,
    43,
    44,
    45,
    46,
    47,
    48,
    49,
    50,
    51,
    52,
    53,
    54,
    55,
    56,
    57,
    58,
    59,
    60,
    61,
    62,
    63,
    64,
    65,
    66,
    67,
    68,
    69,
    70,
    71,
    72,
    73,
    74,
    75,
    76,
    77,
    78,
    79,
    80,
    81,
    82,
    83,
    84,
    85,
    86,
    87,
    88,
    89,
    90,
    91,
    92,
    93,
    94,
    95,
    96,
    97,
    98,
    99,
    100,
    101,
    102,
    103,
    104,
    105
  ],
  "train_loss": [
    1.58125204462366,
    0.9973349964495787,
    0.806011328684915,
    0.6988754364633069,
    0.6207034719973495,
    0.5666841899918527,
    0.51582904344367,
    0.47059978129937474,
    0.43319251165562067,
    0.40183835284611613,
    0.369034511987696,
    0.3412637715179896,
    0.3160964496356925,
    0.2963680815450924,
    0.2789955461762615,
    0.2619437193594028,
    0.24019798851504767,
    0.2298437817041407,
    0.214022455564172,
    0.20202389397879236,
    0.19130813725983975,
    0.18209227477920423,
    0.1716050292106019,
    0.1626378387673614,
    0.15669120448766297,
    0.15031196964309387,
    0.13923502886264594,
    0.13590048030786908,
    0.1311523954278415,
    0.12234493464077871,
    0.11936290592876907,
    0.1121353858448181,
    0.10966067885999213,
    0.10522671942551111,
    0.10311086804212369,
    0.0988645275728297,
    0.09313351273075822,
    0.08997977146706015,
    0.0883090393137686,
    0.08841618499958638,
    0.08500294095462131,
    0.08204435422709308,
    0.08198595411845089,
    0.07593484445638263,
    0.07417271565645933,
    0.07324228164999141,
    0.07144082803279161,
    0.06838646316036735,
    0.06530872787128097,
    0.06454617747096057,
    0.06468699715993147,
    0.06631452678558752,
    0.06222528488058405,
    0.060867852022506524,
    0.06103507524413854,
    0.05665241967233801,
    0.0581165928124767,
    0.05744006984012643,
    0.055310090869357904,
    0.055545356628705855,
    0.054924666295884196,
    0.05306627736762934,
    0.05361204367303818,
    0.051755934007965104,
    0.050545004474901664,
    0.04861554309735363,
    0.047772781861005066,
    0.04512176622358179,
    0.04652186439939074,
    0.04783491033715071,
    0.04555072690619482,
    0.04493420262408165,
    0.045765794602405166,
    0.04410461805876076,
    0.04590597092990101,
    0.04374539434007302,
    0.041655418775092386,
    0.04464774336857894,
    0.04175651236677293,
    0.041931782119436975,
    0.040497631665088775,
    0.03895392375950193,
    0.03969489299625005,
    0.04134816681178882,
    0.039486507090653496,
    0.03976284646304305,
    0.03858201053070346,
    0.04006945779643108,
    0.03712877793688826,
    0.03784004017019395,
    0.03580929970215123,
    0.037222056035144425,
    0.03570783127473725,
    0.03622644485848159,
    0.03454252049451713,
    0.03710002277152056,
    0.03638567105079665,
    0.035873101390514174,
    0.034810420063314675,
    0.03433245648005881,
    0.03336237877914586,
    0.034096626310426856,
    0.03421392777128164,
    0.03390860544834478,
    0.03400004071605958
  ],
  "val_loss": [
    0.7733094600530771,
    0.5617918509703416,
    0.4810028832692366,
    0.42707850153629595,
    0.39677380598508394,
    0.36330146285203785,
    0.3433569302925697,
    0.32260069251060486,
    0.3057167575909541,
    0.26944073461569273,
    0.26088826014445377,
    0.24922712261860186,
    0.23904995620250702,
    0.22122499346733093,
    0.21439402034649482,
    0.1872195269052799,
    0.19503082449619585,
    0.17537933301467162,
    0.1739879995584488,
    0.1707476515036363,
    0.15821134413664156,
    0.15189645840571478,
    0.14349379103917342,
    0.13218462925690871,
    0.1357490701171068,
    0.1365822026362786,
    0.1316023153754381,
    0.12182690375126325,
    0.118522099004342,
    0.1179484839622791,
    0.11605055601550983,
    0.11156731328138939,
    0.10686839572512187,
    0.10218796850397037,
    0.10771866343342341,
    0.09540058901676765,
    0.09726220541275464,
    0.09534677748496716,
    0.09454078943683551,
    0.09448254108428955,
    0.0921169831775702,
    0.08737450895401147,
    0.08767498972324225,
    0.08634190719861251,
    0.08422257966147019,
    0.08224687696649478,
    0.08267211068708163,
    0.08612467190967156,
    0.08416200529497403,
    0.08121278753074315,
    0.0798502961316934,
    0.07770192594482349,
    0.07732362758654815,
    0.07865271960886625,
    0.07466006723160927,
    0.0768381183823714,
    0.07537482908138862,
    0.07628487480374482,
    0.07205077002827938,
    0.07505156816198276,
    0.07399855826336604,
    0.0701503912703349,
    0.07304180929293999,
    0.07299810676620556,
    0.07308349543466018,
    0.06918988333871731,
    0.06885502859950066,
    0.07440967807689539,
    0.07117810659110546,
    0.07127443185219398,
    0.07453415686121354,
    0.07392407738818572,
    0.07412303869540875,
    0.07188653315489109,
    0.07300790728857884,
    0.07161521725356579,
    0.07277277004546844,
    0.06908562693458337,
    0.07298591374777831,
    0.06768252471318612,
    0.06809155342097466,
    0.07269318845982735,
    0.07399585470557213,
    0.07045222174089688,
    0.07609214920264024,
    0.07337230873795655,
    0.07357177095344433,
    0.07632033354960956,
    0.0716110783127638,
    0.07650304886584099,
    0.07505412106044017,
    0.07204603819319835,
    0.07481191830279735,
    0.07114003068552567,
    0.07401602865698245,
    0.07254195485550624,
    0.07412717405420083,
    0.07356252793509227,
    0.07535443447816831,
    0.07635845788396321,
    0.07510840068929471,
    0.07607430456062922,
    0.07600950836562194,
    0.07587956508191732,
    0.07688228234362143
  ],