{
  "epoch": [
    1,
    2,
    3,
    4,
    5,
    6,
    7,
    8,
    9,
    10,
    11,
    12,
    13,
    14,
    15,
    16,
    17,
    18,
    19,
    20,
    21,
    22,
    23,
    24,
    25,
    26,
    27,
    28,
    29,
    30,
    31,
    32,
    33,
    34,
    35,
    36,
    37,
    38,
    39,
    40,
    41,
    42,
    43,
    44,
    45,
    46,
    47,
    48,
    49,
    50,
    51,
    52,
    53,
    54,
    55,
    56,
    57,
    58,
    59,
    60,
    61,
    62,
    63,
    64,
    65,
    66,
    67,
    68,
    69,
    70,
    71,
    72,
    73,
    74,
    75,
    76,
    77,
    78,
    79,
    80,
    81,
    82,
    83,
    84,
    85,
    86,
    87,
    88,
    89,
    90,
    91,
    92,
    93
  ],
  "train_loss": [
    1.6716564789260786,
    1.0292536232274831,
    0.8326883386705339,
    0.7056859691732937,
    0.6122716821960568,
    0.5368800450538852,
    0.4673385847475111,
    0.40358852326255484,
    0.3472171938910927,
    0.30289189817057444,
    0.27715541990761905,
    0.2477074402202036,
    0.2202857274984576,
    0.20355141700543078,
    0.18620159384823337,
    0.17265148268839747,
    0.1554794023485528,
    0.14634967940984314,
    0.1321580513313259,
    0.12435241091573976,
    0.11470297426369387,
    0.10602091037735496,
    0.1007589650983663,
    0.09321891261053454,
    0.08822794659927334,
    0.08006657184744925,
    0.07409365709448598,
    0.07288883328821856,
    0.06831055153737363,
    0.061264601584101464,
    0.058380040628163474,
    0.05553056991937542,
    0.054282380719237106,
    0.049348686135268396,
    0.04723377249290034,
    0.04307691516719528,
    0.0435973532430674,
    0.03807722536136502,
    0.039160705810009515,
    0.03589654158916056,
    0.03413497278774061,
    0.03433477874730051,
    0.032410593828205596,
    0.031513210558860576,
    0.028550468404422102,
    0.028695804563821436,
    0.025010327078862905,
    0.024789117547904246,
    0.024847675863768636,
    0.023017588801221133,
    0.02368272042631642,
    0.021012651561231343,
    0.021247234514712828,
    0.02037768365488839,
    0.01972520239795222,
    0.01889057185011196,
    0.01922571382691757,
    0.01747738173682742,
    0.018640466645292786,
    0.018104718576819088,
    0.01639673854560428,
    0.016128849265760907,
    0.015378197233826305,
    0.013649320637941668,
    0.014099607714595869,
    0.014559741596422475,
    0.014207283628998882,
    0.012951501781965807,
    0.011355938332289765,
    0.014009807470672255,
    0.012011700144191225,
    0.012312826276852836,
    0.010608152135337712,
    0.01243956469433843,
    0.008849350578324465,
    0.010568138804843592,
    0.00952528425991612,
    0.00907915462103682,
    0.011725527770246005,
    0.009080455519052549,
    0.009393964085509502,
    0.008448865900737876,
    0.007654899041187594,
    0.00986255337028121,
    0.008341288519603172,
    0.007518773974692353,
    0.006888479141388857,
    0.007928851400814067,
    0.006815004781171794,
    0.007036399434995118,
    0.0075621866853907704,
    0.007473561228685004,
    0.006893158054096893
  ],
  "val_loss": [
    0.8551703783181998,
    0.6877719301443833,
    0.5994252424973708,
    0.5500259124315702,
    0.5167709589004517,
    0.4734355394656842,
    0.42920384269494277,
    0.3954640030860901,
    0.3606020280948052,
    0.33283819602085996,
    0.30233731178136974,
    0.299038739158557,
    0.28341211951695955,
    0.2752838432788849,
    0.2588327813606996,
    0.24090180259484512,
    0.24605973752645346,
    0.21720160715855086,
    0.2287885042337271,
    0.21864477946208075,
    0.21134576086814588,
    0.20411156175228265,
    0.20715124331987822,
    0.19144245179799887,
    0.1936582252383232,
    0.18193977211530393,
    0.1866819136417829,
    0.18573210130517298,
    0.18304367535389388,
    0.17174783463661486,
    0.17004407942295074,
    0.17371314018964767,
    0.1726566472878823,
    0.17757737235381052,
    0.16660631104157522,
    0.1651002552646857,
    0.15809061664801377,
    0.1701972931623459,
    0.1663990315909569,
    0.16143864966355836,
    0.16702690806526405,
    0.15984360243265444,
    0.15956775213663393,
    0.15909439096084008,
    0.15551913243073684,
    0.15779695831812346,
    0.148224376142025,
    0.15402995107265618,
    0.15901652694894716,
    0.15448100922199395,
    0.1559214543264646,
    0.14902053200281584,
    0.15324537456035614,
    0.14139266999868247,
    0.1403115070783175,
    0.1486681502025861,
    0.15408607658285361,
    0.15146974201958913,
    0.14782004760434994,
    0.14700152123203644,
    0.1512588752576938,
    0.1441395701124118,
    0.15130340121686459,
    0.15656269871844694,
    0.16680567195782295,
    0.15685183698168167,
    0.14199633222933,
    0.13956466388817018,
    0.15062171120483142,
    0.15015736695092458,
    0.15758891962468624,
    0.1499875536045203,
    0.14881165669514582,
    0.1421488467603922,
    0.15685892649568045,
    0.15325461184749237,
    0.1466250392393424,
    0.1464101686500586,
    0.15362721767563087,
    0.1489563721160476,
    0.15305067971348763,
    0.15395971287328464,
    0.15434336347075608,
    0.16317084789849245,
    0.1533032194353067,
    0.15077512267117316,
    0.16117204475001648,
    0.15827999815631372,
    0.16219747338730556,
    0.15286440373613283,
    0.15704421297861978,
    0.16077880675976092,
    0.14687463691314825
  ],
  "train_transduce": [
    1.6702346174987321,
    1.0291963920150835,
    0.8322267477045354,
    0.7053742402607632,
    0.611664537609238,
    0.5350697985322205,
    0.4653544694799738,
    0.4029266517801383,
    0.3471428249607381,
    0.30288008600473404,
    0.2771529828764729,
    0.24770548002621562,
    0.22028537232851245,
    0.20355175746624002,
    0.18620202571307262,
    0.1726516059686228,
    0.15546225925389023,
    0.14635036190606884,
    0.132158672225844,
    0.12435290213559091,
    0.11470307803415146,
    0.10602140793404013,
    0.10075877242020725,
    0.09321938455104828,
    0.08822825735377282,
    0.0800669069987597,
    0.07409356916611343,
    0.07288864662045057,
    0.06831047835654204,
    0.06126479944694288,
    0.058380066042708366,
    0.0555297443451187,
    0.05428258134724246,
    0.04934898891111778,
    0.04723402100720817,
    0.04307704196628375,
    0.04359746009553062,
    0.03807733616474824,
    0.0391608147987539,
    0.0358966631507597,
    0.03413506089373655,
    0.03433488389553944,
    0.03241068494899832,
    0.03151333866852153,
    0.028550657993374567,
    0.028695908036639857,
    0.025009255798667977,
    0.02478934695329709,
    0.024842180878154395,
    0.023014205918388115,
    0.02368294488225785,
    0.02101104356079679,
    0.021246885748810528,
    0.020266141387221125,
    0.019725204426219167,
    0.018890620778151547,
    0.01922315126284957,
    0.01746948052092081,
    0.01863613361660775,
    0.01810364364934413,
    0.016396854924921368,
    0.01612896674442268,
    0.015378281471713148,
    0.01364929824299419,
    0.014099619940604977,
    0.014559699498481819,
    0.014207295563369606,
    0.01295152755775825,
    0.01135596114489221,
    0.014009834712457642,
    0.012011772268883808,
    0.01231291739884572,
    0.010608209129038853,
    0.012438438170272665,
    0.008849330418671184,
    0.010568218813973873,
    0.009524485712616522,
    0.009078668924312578,
    0.011725460295565426,
    0.009080344311216097,
    0.009393911584299634,
    0.008448888965973574,
    0.007654905574847512,
    0.00986251942741387,
    0.008341262558986404,
    0.007518787606986547,
    0.0068884318041586385,
    0.007928756410712088,
    0.006814942982638274,
    0.007036296669369775,
    0.007562142238740991,
    0.007473505885201055,
    0.00689306928171325
  ],