{
  "epoch": [
    1,
    2,
    3,
    4,
    5,
    6,
    7,
    8,
    9,
    10,
    11,
    12,
    13,
    14,
    15,
    16,
    17,
    18,
    19,
    20,
    21,
    22,
    23,
    24,
    25,
    26,
    27,
    28,
    29,
    30,
    31,
    32,
    33,
    34,
    35,
    36,
    37,
    38,
    39,
    40,
    41,
    42,
    43,
    44,
    45,
    46,
    47,
    48,
    49,
    50
  ],
  "train_loss": [
    2.798541800810559,
    2.0900707221267245,
    1.73082699398003,
    1.4938647971294894,
    1.3370491537717308,
    1.2161469494942392,
    1.1142733126583666,
    1.0406145766229913,
    0.9723722208844553,
    0.9163709223860561,
    0.8732060459580752,
    0.8347596042227037,
    0.8014886426453544,
    0.7585427312567683,
    0.7350313132352168,
    0.703907320995142,
    0.6865933077170117,
    0.6585943191358359,
    0.6412159470048281,
    0.6295643127200627,
    0.5998629815507643,
    0.5868408550130259,
    0.5780984667858274,
    0.5584183884139108,
    0.5433883336510988,
    0.5292663760114424,
    0.5178524158378639,
    0.5108634262981981,
    0.49819636315402416,
    0.4848068368316877,
    0.4761829370319253,
    0.46858408368460025,
    0.45567973179392296,
    0.45096418261528015,
    0.4420393669959342,
    0.43530280607761723,
    0.43002389828757487,
    0.42512218491865855,
    0.42329476906521485,
    0.41225016264632197,
    0.40747157329379924,
    0.40366410707483197,
    0.394032490430492,
    0.3872150371570398,
    0.3825917350183619,
    0.374854835543302,
    0.37447262311925983,
    0.3700913922621472,
    0.36583332407592545,
    0.3616811689173821
  ],
  "val_loss": [
    2.4228166800278883,
    1.9971627363791833,
    1.7084758556806123,
    1.520022520652184,
    1.3194182377595167,
    1.262311366888193,
    1.157882571220398,
    1.0981252835347102,
    1.0571054220199585,
    1.0466520465337312,
    1.0122391214737525,
    0.9655559062957764,
    0.9637698485301092,
    0.9279968646856455,
    0.903593700665694,
    0.9435785779586205,
    0.9640171206914462,
    0.9868813844827505,
    0.8909564430897052,
    0.9287802164371197,
    0.9050722764088557,
    0.8946417203316321,
    0.9120555657606858,
    0.8631581159738394,
    0.8234083560796884,
    0.8930009420101459,
    0.8899250351465665,
    0.881750381909884,
    0.8519829649191636,
    0.8815823380763714,
    0.8882524554546063,
    0.9382046186006986,
    0.9131686641619756,
    0.9096061220535865,
    0.8666615623694199,
    0.8630073299774756,
    0.8983046962664678,
    0.8487715354332557,
    0.9037523453052227,
    0.8795977464089026,
    0.9136426861469562,
    0.8656902863429143,
    0.9257155244167035,
    0.8667725232931284,
    0.8846834301948547,
    0.8907030912546011,
    0.8750009811841525,
    0.8935037805483892,
    0.8726758177463825,
    0.8946679784701421
  ],
  "train_transduce": [
    2.798541800810559,
    2.0900707221267245,
    1.73082699398003,
    1.4938647971294894,
    1.3370491537717308,
    1.2161469494942392,
    1.1142733126583666,
    1.0406145766229913,
    0.9723722208844553,
    0.9163709223860561,
    0.8732060459580752,
    0.8347596042227037,
    0.8014886426453544,
    0.7585427312567683,
    0.7350313132352168,
    0.703907320995142,
    0.6865933077170117,
    0.6585943191358359,
    0.6412159470048281,
    0.6295643127200627,
    0.5998629815507643,
    0.5868408550130259,
    0.5780984667858274,
    0.5584183884139108,
    0.5433883336510988,
    0.5292663760114424,
    0.5178524158378639,
    0.5108634262981981,
    0.49819636315402416,
    0.4848068368316877,
    0.4761829370319253,
    0.46858408368460025,
    0.45567973179392296,
    0.45096418261528015,
    0.4420393669959342,
    0.43530280607761723,
    0.43002389828757487,
    0.42512218491865855,
    0.42329476906521485,
    0.41225016264632197,
    0.40747157329379924,
    0.40366410707483197,
    0.394032490430492,
    0.3872150371570398,
    0.3825917350183619,
    0.374854835543302,
    0.37447262311925983,
    0.3700913922621472,
    0.36583332407592545,
    0.3616811689173821
  ],
  "val_transduce": [
    2.4228166800278883,
    1.9971627363791833,
    1.7084758556806123,
    1.520022520652184,
    1.3194182377595167,
    1.262311366888193,
    1.157882571220398,
    1.0981252835347102,
    1.0571054220199585,
    1.0466520465337312,
    1.0122391214737525,
    0.9655559062957764,
    0.9637698485301092,
    0.9279968646856455,
    0.903593700665694,
    0.9435785779586205,
    0.9640171206914462,
    0.9868813844827505,
    0.8909564430897052,
    0.9287802164371197,
    0.9050722764088557,
    0.8946417203316321,
    0.9120555657606858,
    0.8631581159738394,
    0.8234083560796884,
    0.8930009420101459,
    0.8899250351465665,
    0.881750381909884,
    0.8519829649191636,
    0.8815823380763714,
    0.8882524554546063,
    0.9382046186006986,
    0.9131686641619756,
    0.9096061220535865,
    0.8666615623694199,
    0.8630073299774756,
    0.8983046962664678,
    0.8487715354332557,
    0.9037523453052227,
    0.8795977464089026,
    0.9136426861469562,
    0.8656902863429143,
    0.9257155244167035,
    0.8667725232931284,
    0.8846834301948547,
    0.8907030912546011,
    0.8750009811841525,
    0.8935037805483892,
    0.8726758177463825,
    0.8946679784701421
  ],
  "l0": [
    0.0,
    0.0,
    0.0,
    0.0,
    0.0,
    0.0,
    0.0,
    0.0,
    0.0,
    0.0,
    0.0,
    0.0,
    0.0,
    0.0,
    0.0,
    0.0,
    0.0,
    0.0,
    0.0,
    0.0,
    0.0,
    0.0,
    0.0,
    0.0,
    0.0,
    0.0,
    0.0,
    0.0,
    0.0,
    0.0,
    0.0,
    0.0,
    0.0,
    0.0,
    0.0,
    0.0,
    0.0,
    0.0,
    0.0,
    0.0,
    0.0,
    0.0,
    0.0,
    0.0,
    0.0,
    0.0,
    0.0,
    0.0,
    0.0,
    0.0
  ],
  "lambda_l0_effective": [
    0.01,
    0.01,
    0.01,
    0.01,
    0.01,
    0.01,
    0.01,
    0.01,
    0.01,
    0.01,
    0.01,
    0.01,
    0.01,
    0.01,
    0.01,
    0.01,
    0.01,
    0.01,
    0.01,
    0.01,
    0.01,
    0.01,
    0.01,
    0.01,
    0.01,
    0.01,
    0.01,
    0.01,
    0.01,
    0.01,
    0.01,
    0.01,
    0.01,
    0.01,
    0.01,
    0.01,
    0.01,
    0.01,
    0.01,
    0.01,
    0.01,
    0.01,
    0.01,
    0.01,
    0.01,
    0.01,
    0.01,
    0.01,
    0.01,
    0.01
  ],
  "recon_loss": []
}