{
  "epoch": [
    1,
    2,
    3,
    4,
    5,
    6,
    7,
    8,
    9,
    10,
    11,
    12,
    13,
    14,
    15,
    16,
    17,
    18,
    19,
    20,
    21,
    22,
    23,
    24,
    25,
    26,
    27,
    28,
    29,
    30,
    31,
    32,
    33,
    34,
    35,
    36,
    37,
    38,
    39,
    40,
    41,
    42,
    43,
    44,
    45,
    46,
    47,
    48,
    49,
    50,
    51,
    52,
    53,
    54,
    55,
    56,
    57,
    58,
    59,
    60,
    61,
    62,
    63,
    64,
    65,
    66,
    67,
    68,
    69,
    70,
    71,
    72,
    73,
    74,
    75,
    76,
    77,
    78,
    79,
    80,
    81,
    82,
    83,
    84,
    85,
    86,
    87,
    88,
    89,
    90,
    91,
    92,
    93,
    94,
    95,
    96,
    97,
    98,
    99,
    100,
    101,
    102,
    103,
    104,
    105,
    106
  ],
  "train_loss": [
    1.0953892879556901,
    0.37986837770089066,
    0.28246022790375325,
    0.24972517758902937,
    0.2288409018575555,
    0.20643375349221843,
    0.19288779212401644,
    0.18159427707738215,
    0.16990652614005722,
    0.1575960049977397,
    0.15013287363961192,
    0.14293557914471863,
    0.13780663560817738,
    0.13059554588381606,
    0.1243614654729862,
    0.11876185603513575,
    0.115053854808949,
    0.10885616174281233,
    0.1054421447512537,
    0.09960192467759152,
    0.09759476489507325,
    0.09290339915764213,
    0.09133383155901834,
    0.08755390618992324,
    0.08475498117432737,
    0.08177307790311256,
    0.07999354693116528,
    0.0760267644678012,
    0.07324712775131263,
    0.07173024007294437,
    0.06800264402265006,
    0.06664541666165437,
    0.06537256352972276,
    0.062135209652161835,
    0.06298892174174289,
    0.059298668554661295,
    0.05765589033391806,
    0.0552404760060334,
    0.05339734730227749,
    0.052895456902904085,
    0.050931681353266874,
    0.05006678337876749,
    0.04550407465436671,
    0.04819258687888632,
    0.04657356929734792,
    0.04509524064193858,
    0.04608076676209964,
    0.04231102373635415,
    0.03785171174435037,
    0.03994108323413547,
    0.03867513537960182,
    0.036112058326823286,
    0.03551191369090045,
    0.03628178744918049,
    0.03521583055948267,
    0.034359798969534956,
    0.032228006234410966,
    0.03287454929645404,
    0.033032598471877596,
    0.031529778725292425,
    0.03149516323562896,
    0.029995174377714054,
    0.028577798608653615,
    0.027523199040995965,
    0.02766618092018779,
    0.026671136969165638,
    0.02967298548613297,
    0.02608140913935581,
    0.02718527428805828,
    0.02740031236893322,
    0.024123927476898867,
    0.02433786841828634,
    0.02427652061428174,
    0.024318709430091158,
    0.02372467641875443,
    0.022811622229764367,
    0.02208661919201512,
    0.021690126812767864,
    0.021961908649173703,
    0.020190443986528875,
    0.02013133685703915,
    0.018998876324679594,
    0.018605233801731673,
    0.018727098116743387,
    0.01738207261677426,
    0.016714994625031652,
    0.019732576513681377,
    0.019007887170272002,
    0.018773135014505376,
    0.018447939435591792,
    0.019529990773500486,
    0.01743371441665262,
    0.016225189261027787,
    0.017221514808733275,
    0.01609994897084071,
    0.01632656220180711,
    0.017386192077826157,
    0.015026778439152063,
    0.01556282320133604,
    0.015032761804021822,
    0.014810152308056407,
    0.013891815320856057,
    0.01386009490274188,
    0.015283700037231245,
    0.013587040812846753,
    0.013746405011135162
  ],
  "val_loss": [
    0.4412536300145663,
    0.280743997830611,
    0.24922505766153336,
    0.230550382572871,
    0.21608809095162612,
    0.20008944089596087,
    0.19383923537456071,
    0.17976621996897918,
    0.1746289793115396,
    0.16147860827354285,
    0.15388303651259497,
    0.15142755554272577,
    0.14513293510446182,
    0.14367837487505034,
    0.13882521282021815,
    0.1322184233711316,
    0.1318095289170742,
    0.12494266950167142,
    0.12523734082396215,
    0.11651668382378724,
    0.11543967861395615,
    0.11062173230143693,
    0.10949261973683651,
    0.10871096986990708,
    0.10765816156680767,
    0.11425651266024663,
    0.1060116494504305,
    0.10319419205188751,
    0.10035818385390136,
    0.09801771233861263,
    0.09846652385133964,
    0.09310491497700031,
    0.09571046955310382,
    0.09491417872217986,
    0.09435817026174985,
    0.09265519850529157,
    0.08910150582400653,
    0.08881567275294891,
    0.09545502668389907,
    0.09012557680790241,
    0.0919702800993736,
    0.09143651635027848,
    0.08884538968022053,
    0.08624488960665005,
    0.08780165819021371,
    0.08825085039895314,
    0.0888335806532548,
    0.08644080133392261,
    0.08742801329264274,
    0.0851272982186996,
    0.08737363651967965,
    0.08475932851433754,
    0.08337491994293836,
    0.08299781453724091,
    0.08634617408880821,
    0.0802957583218813,
    0.08316839228455837,
    0.07663137931376696,
    0.08320016485567276,
    0.07969769885620245,
    0.07883548027334306,
    0.0832403448338692,
    0.079372588186883,
    0.07651498440939647,
    0.08417018997268035,
    0.0831885043388376,
    0.08076171376384221,
    0.07638368089325152,
    0.08040437976328227,
    0.0786806786289582,
    0.08311235417540257,
    0.07499930441666108,
    0.08096587686584546,
    0.08095932107132214,
    0.07549257712581983,
    0.0806136135585033,
    0.07541266828775406,
    0.07513363322672936,
    0.0806320604796593,
    0.07495868922426151,
    0.07139058883946675,
    0.0747337514677873,
    0.08224503409404021,
    0.07343617468499221,
    0.07684617410772122,
    0.07400630958951436,
    0.0720964426604601,
    0.07488936415085426,
    0.07942460484516162,
    0.07900331656520183,
    0.07371272913251932,
    0.07544913228887778,
    0.08038056563012876,
    0.08177396418670049,
    0.07452649465547158,
    0.07508497649373916,
    0.0764396575351174,
    0.07228073613861433,
    0.07262723319805585,
    0.07530865689309743,
    0.0785386563063814,
    0.07604074148604503,
    0.07798617254369535,
    0.0765620361153896,
    0.0770919703735182,
    0.0769345763927469
  ],