{
  "epoch": [
    1,
    2,
    3,
    4,
    5,
    6,
    7,
    8,
    9,
    10,
    11,
    12,
    13,
    14,
    15,
    16,
    17,
    18,
    19,
    20,
    21,
    22,
    23,
    24,
    25,
    26,
    27,
    28,
    29,
    30,
    31,
    32,
    33,
    34,
    35,
    36,
    37,
    38,
    39,
    40,
    41,
    42,
    43,
    44,
    45,
    46,
    47,
    48,
    49,
    50,
    51,
    52,
    53,
    54,
    55,
    56,
    57,
    58,
    59,
    60,
    61,
    62,
    63,
    64,
    65,
    66,
    67,
    68,
    69,
    70,
    71,
    72,
    73,
    74,
    75,
    76,
    77,
    78,
    79,
    80,
    81,
    82,
    83,
    84,
    85,
    86,
    87,
    88,
    89,
    90,
    91,
    92,
    93,
    94,
    95,
    96,
    97,
    98,
    99,
    100,
    101,
    102,
    103,
    104,
    105,
    106,
    107,
    108,
    109,
    110,
    111,
    112,
    113,
    114,
    115,
    116,
    117,
    118,
    119,
    120,
    121,
    122,
    123,
    124,
    125,
    126,
    127,
    128,
    129,
    130,
    131,
    132,
    133,
    134,
    135,
    136,
    137,
    138,
    139,
    140,
    141,
    142,
    143
  ],
  "train_loss": [
    3.0872995257377625,
    2.4119784235954285,
    2.054508790373802,
    1.7172398418188095,
    1.5483461916446686,
    1.4102149158716202,
    1.346887618303299,
    1.259861409664154,
    1.1735113114118576,
    1.1480467766523361,
    1.1126664131879807,
    1.0875395983457565,
    1.0506527498364449,
    1.01532743871212,
    0.9957842007279396,
    0.9857619851827621,
    0.9417964071035385,
    0.9302404150366783,
    0.8898917362093925,
    0.8887687847018242,
    0.8643601909279823,
    0.8426993563771248,
    0.8545634895563126,
    0.8131080791354179,
    0.79163458943367,
    0.7677335888147354,
    0.7934300675988197,
    0.7718997523188591,
    0.7593318447470665,
    0.7377487048506737,
    0.7398421093821526,
    0.7139204293489456,
    0.7038347721099854,
    0.6995536684989929,
    0.711020365357399,
    0.6800462156534195,
    0.6733113750815392,
    0.6700656339526176,
    0.6687880977988243,
    0.643223263323307,
    0.6402995511889458,
    0.6406908556818962,
    0.6139479577541351,
    0.6357407569885254,
    0.620347835123539,
    0.5966810658574104,
    0.6031404137611389,
    0.6155338138341904,
    0.5829067341983318,
    0.5820067748427391,
    0.5777963064610958,
    0.5704905837774277,
    0.5721859484910965,
    0.5634094923734665,
    0.5673071816563606,
    0.5525209680199623,
    0.5432203076779842,
    0.5507670640945435,
    0.5432441830635071,
    0.5388134904205799,
    0.5256741419434547,
    0.5273025631904602,
    0.5308484695851803,
    0.5350466035306454,
    0.5259371995925903,
    0.5103050917387009,
    0.4994208700954914,
    0.4977390021085739,
    0.5002211891114712,
    0.500319167971611,
    0.4901891238987446,
    0.506816141307354,
    0.4878704361617565,
    0.47281599044799805,
    0.4642277657985687,
    0.46273253858089447,
    0.4745529294013977,
    0.47281821072101593,
    0.4696726091206074,
    0.47203827276825905,
    0.4591206833720207,
    0.46469226107001305,
    0.4493248052895069,
    0.45741549506783485,
    0.4586248956620693,
    0.43693459406495094,
    0.4535982459783554,
    0.43950195983052254,
    0.42491232603788376,
    0.44331953302025795,
    0.4324469491839409,
    0.420133251696825,
    0.4290236830711365,
    0.4232674464583397,
    0.40738118812441826,
    0.4052862599492073,
    0.41613197326660156,
    0.41257255524396896,
    0.42640887200832367,
    0.3993557207286358,
    0.4127073734998703,
    0.4138902872800827,
    0.4028775654733181,
    0.39006442576646805,
    0.41075560078024864,
    0.4010217562317848,
    0.38808610290288925,
    0.398835439234972,
    0.3809202201664448,
    0.3809950202703476,
    0.4059940427541733,
    0.3782745525240898,
    0.3910272642970085,
    0.3816221170127392,
    0.37349753454327583,
    0.38001663237810135,
    0.39370122179389,
    0.3717719800770283,
    0.3706161044538021,
    0.36439359188079834,
    0.3689226433634758,
    0.3761555403470993,
    0.37058497965335846,
    0.358196210116148,
    0.3571195602416992,
    0.3572671227157116,
    0.35732531547546387,
    0.34737489372491837,
    0.38136810436844826,
    0.352874219417572,
    0.35581378638744354,
    0.35255132615566254,
    0.35685019940137863,
    0.349858146160841,
    0.35598305612802505,
    0.35302868112921715,
    0.3318319208920002,
    0.34154651314020157,
    0.3504733107984066,
    0.345047052949667,
    0.35191601887345314,
    0.328320637345314,
    0.34347639232873917
  ],