{
  "epoch": [
    1,
    2,
    3,
    4,
    5,
    6,
    7,
    8,
    9,
    10,
    11,
    12,
    13,
    14,
    15,
    16,
    17,
    18,
    19,
    20,
    21,
    22,
    23,
    24,
    25,
    26,
    27,
    28,
    29,
    30,
    31,
    32,
    33,
    34,
    35,
    36,
    37,
    38,
    39,
    40,
    41,
    42,
    43,
    44,
    45,
    46,
    47,
    48,
    49,
    50,
    51,
    52,
    53,
    54,
    55,
    56,
    57,
    58,
    59,
    60,
    61,
    62,
    63,
    64,
    65,
    66,
    67,
    68,
    69,
    70,
    71,
    72,
    73,
    74,
    75
  ],
  "train_loss": [
    0.8656101430406665,
    0.3120894551572233,
    0.2471750108617367,
    0.2171064249359735,
    0.19181421524522327,
    0.17574525926962936,
    0.16331708844345394,
    0.15226495627424505,
    0.14260991928305958,
    0.13297256473267433,
    0.12655312295007234,
    0.11967168088154037,
    0.11490829355350815,
    0.10775784207600178,
    0.1013767032118717,
    0.09841272972597934,
    0.09104471808612936,
    0.08935275260764773,
    0.08414151471587691,
    0.07954354945680883,
    0.07906009345361502,
    0.07346883108193922,
    0.0710924535178312,
    0.06588786069561939,
    0.06613874719432085,
    0.06456768011102582,
    0.06022374302443891,
    0.057848869629278044,
    0.055108398217523454,
    0.05227417050685623,
    0.052528289524783,
    0.05011538189310249,
    0.04843827581383509,
    0.047662329961462774,
    0.04345072287660424,
    0.043462976130961194,
    0.0407947960706188,
    0.0397404998928161,
    0.036286472794738144,
    0.037557469016992216,
    0.035491320387561726,
    0.03368587453508436,
    0.03117906293914755,
    0.029820133692188427,
    0.029117219583454108,
    0.028253142638961868,
    0.028807738556130096,
    0.027633214078954246,
    0.026261337488742157,
    0.02614112438099219,
    0.024893994927221892,
    0.024437207751676883,
    0.022410377564996777,
    0.024414173673174465,
    0.021701643579999114,
    0.022508328582280048,
    0.017382691946286378,
    0.018972994187975874,
    0.018741959586075628,
    0.020496006467204432,
    0.017060698586340885,
    0.017263763713290785,
    0.015385548233764597,
    0.01481380855139013,
    0.016309037597130725,
    0.014256876683563437,
    0.017506726378906923,
    0.015077620481906256,
    0.012048156309577793,
    0.013482113873659827,
    0.01231757478124582,
    0.013043500323973523,
    0.01040418777559506,
    0.011960810776523287,
    0.010312497756434696
  ],
  "val_loss": [
    0.344918803526805,
    0.266598634994947,
    0.2249909175130037,
    0.21346202607338244,
    0.1882918901168383,
    0.18054253951861307,
    0.16338367129747683,
    0.16155393994771516,
    0.15494886155311877,
    0.15113746317533347,
    0.14193725070128074,
    0.14021592386640036,
    0.13111756942593134,
    0.12789109750435904,
    0.12980699109343383,
    0.12613111963638893,
    0.12084629243383041,
    0.12110303686215328,
    0.1164655049259846,
    0.12269261851906776,
    0.11679445264431146,
    0.11262216791510582,
    0.1093615901011687,
    0.11078767220561321,
    0.12438275521764389,
    0.11503966840413901,
    0.11514856551702206,
    0.1114944786979602,
    0.10984479263424873,
    0.10553898461736165,
    0.09999976794307049,
    0.10584719851613045,
    0.1074940083691707,
    0.11054321005940437,
    0.10695784940169407,
    0.10177681222558022,
    0.10133345539753254,
    0.1008839367960508,
    0.10195979304038562,
    0.0920889386190818,
    0.0964754016066973,
    0.09760935332339543,
    0.09936629995130576,
    0.09102747904566619,
    0.09021938054894026,
    0.09736616021165481,
    0.09168556346916236,
    0.09453310960760483,
    0.09682463109493256,
    0.08405907946423842,
    0.09200413424808246,
    0.09901125327898906,
    0.09530203603208065,
    0.09351648361637042,
    0.0924026001817905,
    0.09410929966431397,
    0.09948569880082057,
    0.1038969993018187,
    0.09857612561721069,
    0.09682305959554818,
    0.09026766310517605,
    0.08905607777146193,
    0.09798067349653977,
    0.09553537302865432,
    0.09143985951176056,
    0.08557702429019488,
    0.09316448093606876,
    0.08983522868500306,
    0.09112657305712883,
    0.09083058950133048,
    0.08956669063235705,
    0.08521486553721704,
    0.09094294826858319,
    0.0905383424117015,
    0.09275720469080485
  ],
  "train_transduce": [
    0.864057314572948,
    0.31204013393657043,
    0.24712121560431943,
    0.21699384592547274,
    0.19172837349152802,
    0.17556172129836414,
    0.16322749587568905,
    0.15219385759665235,
    0.14247576066172948,
    0.132843118714224,
    0.12646620226378488,
    0.1195545320094812,
    0.11476041465112478,
    0.10761753805350549,
    0.10130972492665348,
    0.09836151100473829,
    0.09085038392850668,
    0.08932313776694902,
    0.08406107485441879,
    0.07941110885821946,
    0.07896577555796888,
    0.07336159655363253,
    0.07093118507378172,
    0.0657264285232171,
    0.06603892084838141,
    0.06448955682687241,
    0.060140228636636595,
    0.05773924145441834,
    0.05505565690374611,
    0.05217170364933439,
    0.052456103007097056,
    0.050071035723875064,
    0.048279854478222306,
    0.047455652829001445,
    0.043363840227006095,
    0.043323074817878775,
    0.04066376286641796,
    0.03959671196776746,
    0.036168753547538623,
    0.03747152973261505,
    0.03534425901119957,
    0.03359165724071831,
    0.03104960331969922,
    0.029754994621518815,
    0.029021111561335845,
    0.028114577524806603,
    0.02875942804177504,
    0.027398165568967563,
    0.026114856667521568,
    0.025893990881741047,
    0.024668760334906895,
    0.02419259829797072,
    0.02215347258318769,
    0.024305944543073672,
    0.021568602407443346,
    0.022272759610510402,
    0.017312120881374224,
    0.018738618738359154,
    0.018562088430038478,
    0.020292768480791017,
    0.016999282754293764,
    0.017165506549068902,
    0.015228868277725016,
    0.014752980061152046,
    0.01621404469548033,
    0.014225702096551362,
    0.017475380417014852,
    0.015029714502726155,
    0.012024183487888463,
    0.013444607079231946,
    0.012287451844146051,
    0.013001874501881476,
    0.010356503580281935,
    0.011934866921256969,
    0.01029286998794368
  ],