{
  "epoch": [
    1,
    2,
    3,
    4,
    5,
    6,
    7,
    8,
    9,
    10,
    11,
    12,
    13,
    14,
    15,
    16,
    17,
    18,
    19,
    20,
    21,
    22,
    23,
    24,
    25,
    26,
    27,
    28,
    29,
    30,
    31,
    32,
    33,
    34,
    35,
    36,
    37,
    38,
    39,
    40,
    41,
    42,
    43,
    44,
    45,
    46,
    47,
    48,
    49,
    50,
    51,
    52,
    53,
    54,
    55,
    56,
    57,
    58,
    59,
    60,
    61,
    62,
    63,
    64,
    65,
    66,
    67,
    68,
    69,
    70,
    71,
    72,
    73,
    74,
    75,
    76,
    77,
    78,
    79,
    80,
    81,
    82,
    83,
    84,
    85,
    86,
    87,
    88,
    89,
    90,
    91,
    92,
    93,
    94,
    95,
    96,
    97,
    98,
    99,
    100,
    101,
    102,
    103,
    104,
    105,
    106
  ],
  "train_loss": [
    1.2237360692515815,
    0.6730796206243259,
    0.5200597026298955,
    0.42651879326584413,
    0.35298874459623064,
    0.29877183494186893,
    0.2526093474061219,
    0.2187509344717891,
    0.19300998086781845,
    0.1721224073205412,
    0.15575130786938765,
    0.1379315868864969,
    0.1282735223469046,
    0.1143064854532173,
    0.10584358147047844,
    0.09798594159026121,
    0.08835931971054717,
    0.08257468632355179,
    0.07989765601904736,
    0.07291260169646174,
    0.06947254132210594,
    0.06408472311174132,
    0.06108935013144594,
    0.057486332607330735,
    0.054003225601057414,
    0.05302160774770471,
    0.049718931547759734,
    0.0494905057430421,
    0.04556014793012867,
    0.044231825777012665,
    0.04311962797277674,
    0.04120033492631826,
    0.040636773201992216,
    0.037821073742756214,
    0.0364646073046726,
    0.033913356717675924,
    0.03592123914049151,
    0.03283728326709231,
    0.03397712717552852,
    0.032344472332924756,
    0.030968016426357412,
    0.03155619487857696,
    0.02982084067375159,
    0.029770056131420676,
    0.027544470059867834,
    0.027217191331971858,
    0.02767899656217046,
    0.025846216539593087,
    0.025274256954795307,
    0.024536066465367823,
    0.024487367024664412,
    0.02519647881014215,
    0.023907436127534386,
    0.0226928833440023,
    0.02223352697970749,
    0.022112106951193634,
    0.022162411663172402,
    0.022854557313677883,
    0.02284594005953098,
    0.020869429856922823,
    0.021741229037456598,
    0.019644575014700825,
    0.020968768432419554,
    0.019727177121652503,
    0.020793020455214705,
    0.018149030004200747,
    0.018937726747532635,
    0.01798469892021307,
    0.018671703893336056,
    0.017999425358811067,
    0.017582208264412685,
    0.018436379556678543,
    0.017261502900660114,
    0.017175805747158556,
    0.016567638724773508,
    0.01620715980048378,
    0.017687357455064764,
    0.01701509335063897,
    0.017255088600051618,
    0.015902595615528103,
    0.01655517974640387,
    0.01564255309922467,
    0.015600400157728875,
    0.01413238939010663,
    0.015621067324806889,
    0.013859345647266385,
    0.015246118139835632,
    0.014842532219883707,
    0.015986854865782194,
    0.014934944089432488,
    0.01238491419959602,
    0.014241863858823655,
    0.012439121500008078,
    0.012976836937614093,
    0.012153904163158624,
    0.013328489455329637,
    0.012786918031123765,
    0.01291253877990908,
    0.012099215926748902,
    0.012891264179884697,
    0.01150563342278324,
    0.012308867767359582,
    0.013151120970544126,
    0.0120770384502938,
    0.012513407040987471,
    0.011602115826669255
  ],
  "val_loss": [
    0.48428816291002125,
    0.35938792733045727,
    0.30795785096975475,
    0.2563441533308763,
    0.2281609555849662,
    0.21659663204963392,
    0.20916471343774062,
    0.17765810971076673,
    0.17687130547486818,
    0.16800180421425745,
    0.16232159332587168,
    0.1429611209493417,
    0.1409782967888392,
    0.1421093109708566,
    0.13025409670976493,
    0.12407898587676194,
    0.11968676688579413,
    0.12371893513661164,
    0.12252714484930038,
    0.11245047960143822,
    0.10735159653883714,
    0.10397383470374805,
    0.10472898529126094,
    0.0985772257240919,
    0.09524517291440414,
    0.09145099426118228,
    0.09239678973188767,
    0.08770272479607509,
    0.08966224826872349,
    0.08835533232643054,
    0.0855892810683984,
    0.08676810949467696,
    0.08341875958901185,
    0.08919477018599327,
    0.08934589604345652,
    0.08011495364973178,
    0.08661928658302014,
    0.08427850902080536,
    0.08641904277297166,
    0.08629587607888076,
    0.08552218751552013,
    0.08867137828985086,
    0.08250438106747773,
    0.08235947959698163,
    0.08738582724562058,
    0.08756465034989211,
    0.08722406840668274,
    0.08668148775513355,
    0.08266813601725377,
    0.08566149682379685,
    0.08348315982864453,
    0.08533813775731967,
    0.08370143690934548,
    0.08012932847039057,
    0.0756034405472187,
    0.0825247960881545,
    0.07887596640592584,
    0.07668694731994317,
    0.07876054971263959,
    0.08068210273407973,
    0.08076937754566853,
    0.0832764097274496,
    0.07845669691092692,
    0.07815806614235044,
    0.07594724844854611,
    0.0779150644890391,
    0.0769558001596194,
    0.07702496031729075,
    0.07580924166653019,
    0.08370409347116947,
    0.07877723464312461,
    0.0796082173832334,
    0.07428542918597277,
    0.07345092704949471,
    0.07408344810112165,
    0.08082679189884892,
    0.077814746576433,
    0.07655560862846099,
    0.07689721760554956,
    0.07709150593011425,
    0.07295354498693576,
    0.07638571389879172,
    0.08070276154635045,
    0.07571372013682356,
    0.07432716074757852,
    0.07647266095647445,
    0.0747139914176212,
    0.07686226385144088,
    0.07970382165736876,
    0.07865900087815064,
    0.07690423555099048,
    0.07670715967049965,
    0.07391180742818576,
    0.07743319002195047,
    0.07935668517333958,
    0.07832247620591751,
    0.077801226459157,
    0.07953078321252878,
    0.07998246939566273,
    0.07720762666744682,
    0.0809467019011768,
    0.08597474394795987,
    0.07993612252175808,
    0.07931890811484593,
    0.07850796482167564,
    0.07859152598449817
  ],