{
  "epoch": [
    1,
    2,
    3,
    4,
    5,
    6,
    7,
    8,
    9,
    10,
    11,
    12,
    13,
    14,
    15,
    16,
    17,
    18,
    19,
    20,
    21,
    22,
    23,
    24,
    25,
    26,
    27,
    28,
    29,
    30,
    31,
    32,
    33,
    34,
    35,
    36,
    37,
    38,
    39,
    40,
    41,
    42,
    43,
    44,
    45,
    46,
    47,
    48,
    49,
    50,
    51,
    52,
    53,
    54,
    55,
    56,
    57,
    58,
    59,
    60
  ],
  "train_loss": [
    1.087995917526717,
    0.5406623796089408,
    0.37168822859980394,
    0.269301228839712,
    0.20829939942077264,
    0.1673251172316443,
    0.13622725539907968,
    0.11788594089064401,
    0.09997637667837217,
    0.087494658632684,
    0.0798354891234452,
    0.06884296975799442,
    0.06456423151431624,
    0.05851713089829253,
    0.054718123192025216,
    0.050247863280711715,
    0.04556999450127028,
    0.04266948521271655,
    0.03898631560510581,
    0.036100384808078256,
    0.03423742211145377,
    0.03150516262124341,
    0.02987554435589418,
    0.0280735653671484,
    0.02813991931142266,
    0.026159658425573988,
    0.022743758099806523,
    0.02395617937160291,
    0.0220806625042802,
    0.019447737279799336,
    0.019362063197534262,
    0.01939528472913602,
    0.01835540161928949,
    0.017051071859896183,
    0.016659850998752817,
    0.014779989299191566,
    0.015425952566672386,
    0.014225756589889756,
    0.014941313894484769,
    0.013940029191909377,
    0.013361668292212194,
    0.012504285823112143,
    0.01238551381531354,
    0.012876252892196715,
    0.011925245858440847,
    0.010652080441095396,
    0.011386052420910103,
    0.010425869773319663,
    0.01010734919331411,
    0.011154038406135611,
    0.00917323827551505,
    0.00936913688381481,
    0.01018526751101593,
    0.008081401149819116,
    0.008935033550759605,
    0.008858902100233611,
    0.00781948547468271,
    0.008793288260967154,
    0.008562326288455617,
    0.009066864318267163
  ],
  "val_loss": [
    0.4371044819171612,
    0.312970295548439,
    0.2566325698907559,
    0.2406395925925328,
    0.21473822914637053,
    0.2012320367189554,
    0.18062472572693458,
    0.16763491584704474,
    0.16538982437207148,
    0.16510328421225914,
    0.15581963440546623,
    0.1484752085346442,
    0.13963146393115705,
    0.1433130677502889,
    0.13391603930638388,
    0.13626701241502395,
    0.1289372040102115,
    0.13107153658683485,
    0.13611153341256654,
    0.1305636648948376,
    0.12558774908001608,
    0.11927730762041532,
    0.12378777706852326,
    0.12067560507700993,
    0.12245863260558018,
    0.1259110068472532,
    0.12677070870995522,
    0.1261079668139036,
    0.13739417493343353,
    0.12474540291497341,
    0.1219732786457126,
    0.11816179408476903,
    0.12470238698789707,
    0.12053346705551331,
    0.11233298702595326,
    0.12506504313876995,
    0.12092550571721333,
    0.11838215467734979,
    0.12507677020934913,
    0.12070056573989299,
    0.11788365703362685,
    0.12430222031588738,
    0.11746288262880765,
    0.1187326624416388,
    0.12367618671403481,
    0.12228998255271178,
    0.12894716815879712,
    0.12121957074850798,
    0.126868293978847,
    0.11693244441770591,
    0.1187820784174479,
    0.12193295746468581,
    0.1140857906295703,
    0.12674678589862126,
    0.11995010980619834,
    0.12499593026362933,
    0.12249048383763203,
    0.12015316370301522,
    0.12441829563333438,
    0.12414081294376117
  ],
  "train_transduce": [
    1.087995917526717,
    0.5406623796089408,
    0.37168822859980394,
    0.269301228839712,
    0.20829939942077264,
    0.1673251172316443,
    0.13622725539907968,
    0.11788594089064401,
    0.09997637667837217,
    0.087494658632684,
    0.0798354891234452,
    0.06884296975799442,
    0.06456423151431624,
    0.05851713089829253,
    0.054718123192025216,
    0.050247863280711715,
    0.04556999450127028,
    0.04266948521271655,
    0.03898631560510581,
    0.036100384808078256,
    0.03423742211145377,
    0.03150516262124341,
    0.02987554435589418,
    0.0280735653671484,
    0.02813991931142266,
    0.026159658425573988,
    0.022743758099806523,
    0.02395617937160291,
    0.0220806625042802,
    0.019447737279799336,
    0.019362063197534262,
    0.01939528472913602,
    0.01835540161928949,
    0.017051071859896183,
    0.016659850998752817,
    0.014779989299191566,
    0.015425952566672386,
    0.014225756589889756,
    0.014941313894484769,
    0.013940029191909377,
    0.013361668292212194,
    0.012504285823112143,
    0.01238551381531354,
    0.012876252892196715,
    0.011925245858440847,
    0.010652080441095396,
    0.011386052420910103,
    0.010425869773319663,
    0.01010734919331411,
    0.011154038406135611,
    0.00917323827551505,
    0.00936913688381481,
    0.01018526751101593,
    0.008081401149819116,
    0.008935033550759605,
    0.008858902100233611,
    0.00781948547468271,
    0.008793288260967154,
    0.008562326288455617,
    0.009066864318267163
  ],
  "val_transduce": [
    0.4371044819171612,
    0.312970295548439,
    0.2566325698907559,
    0.2406395925925328,
    0.21473822914637053,
    0.2012320367189554,
    0.18062472572693458,
    0.16763491584704474,
    0.16538982437207148,
    0.16510328421225914,
    0.15581963440546623,
    0.1484752085346442,
    0.13963146393115705,
    0.1433130677502889,
    0.13391603930638388,
    0.13626701241502395,
    0.1289372040102115,
    0.13107153658683485,
    0.13611153341256654,
    0.1305636648948376,
    0.12558774908001608,
    0.11927730762041532,
    0.12378777706852326,
    0.12067560507700993,
    0.12245863260558018,
    0.1259110068472532,
    0.12677070870995522,
    0.1261079668139036,
    0.13739417493343353,
    0.12474540291497341,
    0.1219732786457126,
    0.11816179408476903,
    0.12470238698789707,
    0.12053346705551331,
    0.11233298702595326,
    0.12506504313876995,
    0.12092550571721333,
    0.11838215467734979,
    0.12507677020934913,
    0.12070056573989299,
    0.11788365703362685,
    0.12430222031588738,
    0.11746288262880765,
    0.1187326624416388,
    0.12367618671403481,
    0.12228998255271178,
    0.12894716815879712,
    0.12121957074850798,
    0.126868293978847,
    0.11693244441770591,
    0.1187820784174479,
    0.12193295746468581,
    0.1140857906295703,
    0.12674678589862126,
    0.11995010980619834,
    0.12499593026362933,
    0.12249048383763203,
    0.12015316370301522,
    0.12441829563333438,
    0.12414081294376117
  ],
  "l0": [
    0.0,
    0.0,
    0.0,
    0.0,
    0.0,
    0.0,
    0.0,
    0.0,
    0.0,
    0.0,
    0.0,
    0.0,
    0.0,
    0.0,
    0.0,
    0.0,
    0.0,
    0.0,
    0.0,
    0.0,
    0.0,
    0.0,
    0.0,
    0.0,
    0.0,
    0.0,
    0.0,
    0.0,
    0.0,
    0.0,
    0.0,
    0.0,
    0.0,
    0.0,
    0.0,
    0.0,
    0.0,
    0.0,
    0.0,
    0.0,
    0.0,
    0.0,
    0.0,
    0.0,
    0.0,
    0.0,
    0.0,
    0.0,
    0.0,
    0.0,
    0.0,
    0.0,
    0.0,
    0.0,
    0.0,
    0.0,
    0.0,
    0.0,
    0.0,
    0.0
  ],
  "lambda_l0_effective": [
    0.01,
    0.01,
    0.01,
    0.01,
    0.01,
    0.01,
    0.01,
    0.01,
    0.01,
    0.01,
    0.01,
    0.01,
    0.01,
    0.01,
    0.01,
    0.01,
    0.01,
    0.01,
    0.01,
    0.01,
    0.01,
    0.01,
    0.01,
    0.01,
    0.01,
    0.01,
    0.01,
    0.01,
    0.01,
    0.01,
    0.01,
    0.01,
    0.01,
    0.01,
    0.01,
    0.01,
    0.01,
    0.01,
    0.01,
    0.01,
    0.01,
    0.01,
    0.01,
    0.01,
    0.01,
    0.01,
    0.01,
    0.01,
    0.01,
    0.01,
    0.01,
    0.01,
    0.01,
    0.01,
    0.01,
    0.01,
    0.01,
    0.01,
    0.01,
    0.01
  ],
  "recon_loss": [],
  "balance_loss": []
}