{
  "epoch": [
    1,
    2,
    3,
    4,
    5,
    6,
    7,
    8,
    9,
    10,
    11,
    12,
    13,
    14,
    15,
    16,
    17,
    18,
    19,
    20,
    21,
    22,
    23,
    24,
    25,
    26,
    27,
    28,
    29,
    30,
    31,
    32,
    33,
    34,
    35,
    36,
    37,
    38,
    39,
    40,
    41,
    42,
    43,
    44,
    45,
    46,
    47,
    48,
    49,
    50,
    51,
    52,
    53,
    54,
    55,
    56,
    57,
    58,
    59,
    60,
    61,
    62,
    63,
    64,
    65,
    66,
    67,
    68,
    69,
    70,
    71,
    72,
    73,
    74,
    75,
    76,
    77,
    78,
    79,
    80,
    81,
    82,
    83,
    84,
    85,
    86,
    87,
    88,
    89,
    90,
    91,
    92,
    93,
    94,
    95,
    96,
    97
  ],
  "train_loss": [
    0.9049406163763292,
    0.4141764032958758,
    0.30734883381588624,
    0.2586152814697511,
    0.23164586863010236,
    0.21404593069069455,
    0.2001549391315715,
    0.18749137790781437,
    0.17772064579300362,
    0.16994019730551407,
    0.16290612231091697,
    0.15634175109686238,
    0.15172609111460128,
    0.1454103667989816,
    0.13790120844646256,
    0.13366610084724898,
    0.13121385381806014,
    0.12745675046255092,
    0.12312797670907313,
    0.11797924313952426,
    0.1168809973883747,
    0.11619655961299886,
    0.11061842592045812,
    0.10929226414254396,
    0.10526916074870836,
    0.10234737425747484,
    0.10074658009527933,
    0.10074144137082713,
    0.09795394454999726,
    0.09707294806542963,
    0.09207430459780268,
    0.09231293079729128,
    0.09262184116362344,
    0.08857385356827538,
    0.08913110853126734,
    0.08498058348230206,
    0.08256713549910795,
    0.0827496800534796,
    0.08080184334280467,
    0.08039335513690321,
    0.08086485932073971,
    0.07886502312699167,
    0.07636984614747586,
    0.07452604783200982,
    0.0726878765122135,
    0.07163893661950485,
    0.07040420425410318,
    0.06823233288187201,
    0.06793892157660557,
    0.06875146388786264,
    0.06524192933730855,
    0.06448260738080976,
    0.06527746047382013,
    0.06489370109531845,
    0.06057540795738154,
    0.05913721027756386,
    0.05786992784700181,
    0.056702774110259396,
    0.05701874418755864,
    0.05624240737334631,
    0.054808562501601064,
    0.05473842632283669,
    0.054603333981467946,
    0.05218169996791547,
    0.05211250854674542,
    0.05283007568836507,
    0.05111617171712736,
    0.0522418873439921,
    0.05148813784085583,
    0.05080229946697998,
    0.04913322971488285,
    0.04839086100127142,
    0.048332444585786005,
    0.04786869286476533,
    0.046838259684051024,
    0.047413435414212175,
    0.046310946488255025,
    0.04647199352649917,
    0.04510744881936082,
    0.04434755826276718,
    0.044241315551507884,
    0.04279747916533068,
    0.04334649934645484,
    0.041421106901241116,
    0.04215536068313488,
    0.04098197063062303,
    0.04213988065885583,
    0.04158066305802158,
    0.04216494537558001,
    0.04058654944292537,
    0.0402003750804406,
    0.040696644136626825,
    0.04021687210897113,
    0.03966153338828152,
    0.03871852193156829,
    0.037531320738726025,
    0.03798172473999681
  ],
  "val_loss": [
    0.42387543962552,
    0.28227595067941225,
    0.23747574709928954,
    0.2160495468057119,
    0.208324178480185,
    0.19537351509699455,
    0.18682681425259665,
    0.1820155342037861,
    0.17273382957165057,
    0.17280665727762076,
    0.16356296837329865,
    0.1583559258052936,
    0.16000361339404032,
    0.15151988313748285,
    0.14838278121673143,
    0.1477777622640133,
    0.14337897329376295,
    0.13866664154025224,
    0.13806777246869528,
    0.1339334650681569,
    0.13102218566032556,
    0.13103957617512116,
    0.12818516762210772,
    0.12307243507642013,
    0.11935756785365251,
    0.11680815712763713,
    0.11481903063563201,
    0.11630272034269112,
    0.11631000271210304,
    0.10915056759348282,
    0.10970560891123918,
    0.11011094657274392,
    0.10456196533945891,
    0.10945362081894508,
    0.10627920037278762,
    0.10127368812950757,
    0.09776107150201614,
    0.10129483373692402,
    0.09979513903649953,
    0.09764428393772015,
    0.09520563540550378,
    0.0938716413309941,
    0.09358835865098697,
    0.08867204690781924,
    0.0942270616785838,
    0.09111926618676919,
    0.09027137621664084,
    0.09198430925607681,
    0.08629696114132038,
    0.08499022157719502,
    0.08877488053761996,
    0.09000080881210473,
    0.08675209389856228,
    0.09077872421879035,
    0.09209598815785004,
    0.09033160628034519,
    0.09094956416923267,
    0.08144006448296401,
    0.08703173453418109,
    0.08775880216405942,
    0.08603448764635967,
    0.08353281021118164,
    0.08356017504747097,
    0.08700828039302276,
    0.08578664522904617,
    0.08605944264966708,
    0.08828466256650594,
    0.08938873759829082,
    0.08163588494062424,
    0.08271765529822844,
    0.08675379263093838,
    0.079082557788262,
    0.08129977133984749,
    0.08047520612867978,
    0.08516217868488568,
    0.07979375725755325,
    0.08186679935226074,
    0.08221976387386139,
    0.08511399621000657,
    0.08369754527050716,
    0.08656073347307168,
    0.08581718515891296,
    0.08735388116194652,
    0.0867115157441451,
    0.08802876349252003,
    0.0842113052136623,
    0.07956344935183342,
    0.08675324802215283,
    0.0883888414559456,
    0.08836999263327855,
    0.08670512028038502,
    0.08580313436686993,
    0.08604778693272518,
    0.08572499640285969,
    0.08456021676269862,
    0.09033003592720398,
    0.08618429360481408
  ],