{
  "epoch": [
    1,
    2,
    3,
    4,
    5,
    6,
    7,
    8,
    9,
    10,
    11,
    12,
    13,
    14,
    15,
    16,
    17,
    18,
    19,
    20,
    21,
    22,
    23,
    24,
    25,
    26,
    27,
    28,
    29,
    30,
    31,
    32,
    33,
    34,
    35,
    36,
    37,
    38,
    39,
    40,
    41,
    42,
    43,
    44,
    45,
    46,
    47,
    48,
    49,
    50,
    51,
    52,
    53,
    54,
    55,
    56,
    57,
    58,
    59,
    60,
    61,
    62,
    63,
    64,
    65,
    66,
    67,
    68,
    69,
    70,
    71,
    72,
    73,
    74,
    75,
    76,
    77,
    78,
    79,
    80,
    81
  ],
  "train_loss": [
    1.5226842991470062,
    0.975795638008216,
    0.7995641142437139,
    0.7041423609576274,
    0.6277011473154285,
    0.5668340411382852,
    0.5192844734056709,
    0.4732088991968902,
    0.4318561185266554,
    0.3887617952123131,
    0.35935720939611654,
    0.3351243697490889,
    0.30766598872609974,
    0.28679168884901657,
    0.2603994374422683,
    0.2322326871691291,
    0.21062710274433352,
    0.19504463910749278,
    0.1816618525874369,
    0.16769242935727552,
    0.15473783523151555,
    0.14505526826707357,
    0.13843705478249138,
    0.12965122134107904,
    0.12129220762050029,
    0.11410936743942733,
    0.10791231958752441,
    0.10159879698197252,
    0.09585233643343768,
    0.09136244921570587,
    0.08651690117861192,
    0.07979626707809488,
    0.0774012002517882,
    0.0712986899270993,
    0.06787573378149074,
    0.06538547228868168,
    0.06311788960100756,
    0.05906164730639802,
    0.05745398677578292,
    0.055743328074819035,
    0.050784603318141906,
    0.050168476067483425,
    0.04769334347304149,
    0.0487213686358222,
    0.04670841876686234,
    0.04163806640168594,
    0.040933940319594034,
    0.03948882236577494,
    0.038447008785052396,
    0.03636868170836998,
    0.035532731032383046,
    0.03584400558911417,
    0.03423444691747811,
    0.03348272475990054,
    0.03109893984804602,
    0.031013150135362426,
    0.02935524041687628,
    0.028332090876593264,
    0.028210761224774204,
    0.026218482240381622,
    0.0263387976627144,
    0.026177811381147848,
    0.026537246766893827,
    0.026872009754219314,
    0.02423713046615732,
    0.02217691184919251,
    0.023795350785991272,
    0.021820586956029318,
    0.02147870402322295,
    0.020559058489863637,
    0.021363711158610573,
    0.02235700263636974,
    0.019800452461475795,
    0.02009800829103735,
    0.021393815045888276,
    0.01754127959984825,
    0.018762411626497496,
    0.018677100518804772,
    0.019405147538414783,
    0.01664265525796134,
    0.018042168737216323
  ],
  "val_loss": [
    0.7523223757743835,
    0.5670717794161576,
    0.49307185182204616,
    0.4439427348283621,
    0.4143989865596478,
    0.3808889366113223,
    0.3599141515218295,
    0.33146922634198117,
    0.3159640821126791,
    0.2950098995979016,
    0.27893901100525487,
    0.2868124945805623,
    0.25402142565983993,
    0.2515382468700409,
    0.22480239661840293,
    0.21373808498565966,
    0.20546907988878396,
    0.2074343000467007,
    0.19684096712332505,
    0.1819454379952871,
    0.18216566569530046,
    0.18207169839969048,
    0.17526704302200904,
    0.17723085903204405,
    0.1660802077788573,
    0.16563433236800706,
    0.1672461680494822,
    0.16375208187561768,
    0.1572831101142443,
    0.14707806133306944,
    0.14697647323975196,
    0.14172607431044945,
    0.14726494883115476,
    0.1455418003293184,
    0.14428491288652787,
    0.14168468920084146,
    0.15845285814542037,
    0.13860432144541007,
    0.1394549490740666,
    0.13553688044731432,
    0.1332889852615503,
    0.14268969028041914,
    0.14634107397152826,
    0.13773013393466288,
    0.13140558508726266,
    0.13937547258459604,
    0.13815060085975206,
    0.12759308574291375,
    0.13637454435229301,
    0.13265406297376522,
    0.13794754388240668,
    0.13899582624435425,
    0.1281002785723943,
    0.1369007841612284,
    0.12975560300625288,
    0.12712099489111167,
    0.1379589015761247,
    0.13241248176648066,
    0.1321205165093908,
    0.13352521036106807,
    0.13394694889967257,
    0.13174810518439,
    0.13762595576162523,
    0.13969428106569326,
    0.1412621819629119,
    0.13557906104968145,
    0.1330920009372326,
    0.14491998547544846,
    0.13074446011048096,
    0.14551962439257365,
    0.14811499459812275,
    0.14117341259351143,
    0.13524112148353687,
    0.14795387908816338,
    0.14293539301993755,
    0.13810588054072398,
    0.14021039052078357,
    0.14756065578414843,
    0.14333085529506207,
    0.1436985329939769,
    0.14768760866270617
  ],
  "train_transduce": [
    1.5156968994853424,
    0.9757583746590566,
    0.7995215267250219,
    0.7040384230539971,
    0.6275375006125146,
    0.5666633842839408,
    0.5189905249580895,
    0.4726828832909004,
    0.43104858972977117,
    0.38755450589755147,
    0.3575989372029747,
    0.3332754685399459,
    0.3063095716625145,
    0.28553156815853314,
    0.2594547641953242,
    0.2318871802429563,
    0.21057196990730837,
    0.195035648868256,
    0.18166318827683164,
    0.16768917975198364,
    0.1547398695088539,
    0.14505678042769432,
    0.13843439162238358,
    0.12965413025513137,
    0.12129496372084028,
    0.11410760197826882,
    0.1079143270389321,
    0.10160133039060328,
    0.09584975415437492,
    0.09136430066578168,
    0.08651818000932329,
    0.07979776831247758,
    0.07740256365042986,
    0.07130088266369301,
    0.06787685637083865,
    0.06538695427253075,
    0.06310310040014921,
    0.059063830422525554,
    0.05745518172025373,
    0.05574559884088248,
    0.05078283179858603,
    0.05016967264416906,
    0.04769401548468729,
    0.048722946281861704,
    0.04670995511306623,
    0.04163659918938101,
    0.040934356851215215,
    0.039488952390887996,
    0.0384452995248907,
    0.036367412906178495,
    0.03553020638730569,
    0.035844771810759284,
    0.034234361334214196,
    0.033482084643652606,
    0.03109957389389501,
    0.03101169490783485,
    0.0293555878890083,
    0.028332399024349666,
    0.028211149154230952,
    0.02621887776683824,
    0.02633911540453351,
    0.026178071061725317,
    0.026537579568294983,
    0.02687240816585566,
    0.024235963278939735,
    0.022177270150349773,
    0.023759672216610194,
    0.021819357169772853,
    0.021479095835190688,
    0.020556641508556288,
    0.021362881041755995,
    0.022357338570183162,
    0.019799975746733704,
    0.02009821595736904,
    0.021392139760998182,
    0.017541084929427,
    0.018762511035581072,
    0.018675970018015617,
    0.01940558637737191,
    0.01664305498317057,
    0.018041514051050794
  ],