{
  "epoch": [
    1,
    2,
    3,
    4,
    5,
    6,
    7,
    8,
    9,
    10,
    11,
    12,
    13,
    14,
    15,
    16,
    17,
    18,
    19,
    20,
    21,
    22,
    23,
    24,
    25,
    26,
    27,
    28,
    29,
    30,
    31,
    32,
    33,
    34,
    35,
    36,
    37,
    38,
    39,
    40,
    41,
    42,
    43,
    44,
    45,
    46,
    47,
    48,
    49
  ],
  "train_loss": [
    3.327549969795907,
    1.7669411767827403,
    1.0486139259716072,
    0.706149269743721,
    0.49077850963809705,
    0.36633909692858707,
    0.304622353008478,
    0.2621730735691467,
    0.23380217929877858,
    0.2104820375247757,
    0.19301449050112526,
    0.1783297959678244,
    0.15998617301482965,
    0.15304201634803621,
    0.1413472785734304,
    0.12854020273552672,
    0.12400446926234382,
    0.12044530111079169,
    0.10531545861965359,
    0.10422752011973078,
    0.10214917999830576,
    0.09146105232510236,
    0.08890812663306104,
    0.0879382031905179,
    0.0890693724118542,
    0.07478421303157759,
    0.0767408689336464,
    0.07021317962962802,
    0.06883928736690248,
    0.06485954192144298,
    0.0682052619672279,
    0.06479700708688044,
    0.06360802247124438,
    0.06721965468368761,
    0.0557520498549289,
    0.05431490474481984,
    0.05401872236300075,
    0.04927394670978336,
    0.04988790106600021,
    0.04833588039152103,
    0.04058051749252447,
    0.04010622920284029,
    0.042670756555392896,
    0.03757684361558444,
    0.03802478667071993,
    0.03528381646195851,
    0.036491299117223756,
    0.035933379468849246,
    0.03574194941706586
  ],
  "val_loss": [
    2.005189198714036,
    1.0475796140157259,
    0.5092014968395233,
    0.2638536955301578,
    0.15612808500344938,
    0.10676896629425195,
    0.09251408995344089,
    0.06739170749026996,
    0.07514131241119824,
    0.07304993701668885,
    0.06892417070384209,
    0.047719164966390684,
    0.04450048721180512,
    0.04101614363921376,
    0.040035910510386415,
    0.039273944396812185,
    0.0422698725014925,
    0.03762720738394329,
    0.03465251705179421,
    0.03446192115258712,
    0.03538646506002316,
    0.0372071170892853,
    0.032137534769180305,
    0.033678819586594515,
    0.03597856985512548,
    0.032021607155911624,
    0.038749648902851805,
    0.029590342516222827,
    0.033484336078310244,
    0.030818453340683706,
    0.03150740248383954,
    0.031028726688908555,
    0.031605617904390856,
    0.02906396952815927,
    0.02761520215202696,
    0.027861841461764507,
    0.02621600553035163,
    0.03241261311967929,
    0.028488466182562452,
    0.02550807807934829,
    0.02900426435875348,
    0.027737200470605437,
    0.030755269887427297,
    0.031832822591800675,
    0.027857911700266413,
    0.028714308276763544,
    0.032106517933873244,
    0.03247469032850439,
    0.026469872906230964
  ],
  "train_transduce": [
    2.7136680182844106,
    1.6291558317618795,
    0.9312374880998442,
    0.5967027919717355,
    0.38082064525915843,
    0.2649133802935629,
    0.20612965642225625,
    0.16618252442319795,
    0.1450707200213824,
    0.12061679009163734,
    0.10798787919454056,
    0.09575655905179459,
    0.08132000647411489,
    0.0793168725132352,
    0.06661489214932564,
    0.05753771289445386,
    0.056660808161786286,
    0.050484710179343084,
    0.04528440871635581,
    0.04664087122177134,
    0.04558924645517427,
    0.03509683810211349,
    0.03350870579591777,
    0.034802070173370364,
    0.038965392986884215,
    0.031371324147918433,
    0.029415845686551367,
    0.031449156804102485,
    0.025528374146485684,
    0.02523636550061626,
    0.02767042723936167,
    0.023452486082136927,
    0.02665857449727188,
    0.030774088636372644,
    0.021758289804848115,
    0.020771709245417526,
    0.021476771871531658,
    0.01953882782600156,
    0.019525194556756626,
    0.01979783290794285,
    0.015072275621650538,
    0.016041519141082865,
    0.015301457587813977,
    0.012910726162060947,
    0.014071868545846036,
    0.013674516376052605,
    0.014453391947940286,
    0.01409245298778878,
    0.016997532801481315
  ],
  "val_transduce": [
    2.005189198714036,
    1.0475796140157259,
    0.5092014968395233,
    0.2638536955301578,
    0.15612808500344938,
    0.10676896629425195,
    0.09251408995344089,
    0.06739170749026996,
    0.07514131241119824,
    0.07304993701668885,
    0.06892417070384209,
    0.047719164966390684,
    0.04450048721180512,
    0.04101614363921376,
    0.040035910510386415,
    0.039273944396812185,
    0.0422698725014925,
    0.03762720738394329,
    0.03465251705179421,
    0.03446192115258712,
    0.03538646506002316,
    0.0372071170892853,
    0.032137534769180305,
    0.033678819586594515,
    0.03597856985512548,
    0.032021607155911624,
    0.038749648902851805,
    0.029590342516222827,
    0.033484336078310244,
    0.030818453340683706,
    0.03150740248383954,
    0.031028726688908555,
    0.031605617904390856,
    0.02906396952815927,
    0.02761520215202696,
    0.027861841461764507,
    0.02621600553035163,
    0.03241261311967929,
    0.028488466182562452,
    0.02550807807934829,
    0.02900426435875348,
    0.027737200470605437,
    0.030755269887427297,
    0.031832822591800675,
    0.027857911700266413,
    0.028714308276763544,
    0.032106517933873244,
    0.03247469032850439,
    0.026469872906230964
  ],
  "l0": [
    0.0,
    0.0,
    0.0,
    0.0,
    0.0,
    0.0,
    0.0,
    0.0,
    0.0,
    0.0,
    0.0,
    0.0,
    0.0,
    0.0,
    0.0,
    0.0,
    0.0,
    0.0,
    0.0,
    0.0,
    0.0,
    0.0,
    0.0,
    0.0,
    0.0,
    0.0,
    0.0,
    0.0,
    0.0,
    0.0,
    0.0,
    0.0,
    0.0,
    0.0,
    0.0,
    0.0,
    0.0,
    0.0,
    0.0,
    0.0,
    0.0,
    0.0,
    0.0,
    0.0,
    0.0,
    0.0,
    0.0,
    0.0,
    0.0
  ],
  "lambda_l0_effective": [
    0.01,
    0.01,
    0.01,
    0.01,
    0.01,
    0.01,
    0.01,
    0.01,
    0.01,
    0.01,
    0.01,
    0.01,
    0.01,
    0.01,
    0.01,
    0.01,
    0.01,
    0.01,
    0.01,
    0.01,
    0.01,
    0.01,
    0.01,
    0.01,
    0.01,
    0.01,
    0.01,
    0.01,
    0.01,
    0.01,
    0.01,
    0.01,
    0.01,
    0.01,
    0.01,
    0.01,
    0.01,
    0.01,
    0.01,
    0.01,
    0.01,
    0.01,
    0.01,
    0.01,
    0.01,
    0.01,
    0.01,
    0.01,
    0.01
  ],
  "recon_loss": [],
  "balance_loss": [],
  "val_reg_acc": [
    0.0,
    0.16230366492146597,
    0.4895287958115183,
    0.7827225130890052,
    0.8795811518324608,
    0.9214659685863874,
    0.93717277486911,
    0.9633507853403142,
    0.9267015706806283,
    0.9528795811518325,
    0.9450261780104712,
    0.9842931937172775,
    0.981675392670157,
    0.9921465968586387,
    0.9790575916230366,
    0.9947643979057592,
    0.9842931937172775,
    0.9895287958115183,
    0.9973821989528796,
    0.9895287958115183,
    0.9921465968586387,
    0.9895287958115183,
    0.9947643979057592,
    0.9973821989528796,
    0.9869109947643979,
    0.9869109947643979,
    0.9842931937172775,
    0.9947643979057592,
    0.9921465968586387,
    0.9895287958115183,
    0.9790575916230366,
    0.9869109947643979,
    0.9869109947643979,
    0.9973821989528796,
    0.981675392670157,
    0.9842931937172775,
    0.9842931937172775,
    0.9895287958115183,
    0.9895287958115183,
    0.9947643979057592,
    0.9790575916230366,
    0.9895287958115183,
    0.9738219895287958,
    0.981675392670157,
    0.9921465968586387,
    0.981675392670157,
    0.9738219895287958,
    0.9764397905759162,
    0.9790575916230366
  ],