{
  "epoch": [
    1,
    2,
    3,
    4,
    5,
    6,
    7,
    8,
    9,
    10,
    11,
    12,
    13,
    14,
    15,
    16,
    17,
    18,
    19,
    20,
    21,
    22,
    23,
    24,
    25,
    26,
    27,
    28,
    29,
    30,
    31,
    32,
    33,
    34,
    35,
    36,
    37,
    38,
    39,
    40,
    41,
    42,
    43,
    44,
    45,
    46,
    47,
    48,
    49,
    50,
    51,
    52,
    53,
    54,
    55,
    56,
    57,
    58,
    59,
    60,
    61,
    62,
    63,
    64,
    65,
    66,
    67,
    68,
    69,
    70,
    71,
    72,
    73,
    74,
    75,
    76,
    77,
    78,
    79,
    80,
    81,
    82,
    83,
    84,
    85,
    86,
    87,
    88,
    89,
    90,
    91,
    92,
    93,
    94,
    95,
    96,
    97,
    98,
    99
  ],
  "train_loss": [
    1.2229029908038602,
    0.5497629515605398,
    0.3995361336977175,
    0.34337104473373675,
    0.3040779947054268,
    0.2726122173342374,
    0.25133537803546036,
    0.23085954195201988,
    0.21457020584309455,
    0.20490967209386354,
    0.19710244799014365,
    0.18734315177886793,
    0.17664447212868398,
    0.17043172309894372,
    0.16281570331885084,
    0.15734366593089436,
    0.14783061967037692,
    0.14472430088732502,
    0.1380631675814638,
    0.13667586017953287,
    0.13193417724111292,
    0.12755480065646738,
    0.12303116615160857,
    0.11793610840888306,
    0.11625001494689743,
    0.11091317122082898,
    0.10906177740728501,
    0.10634522398214528,
    0.1052773956688914,
    0.10011563402148757,
    0.10006765357338555,
    0.09392007886625753,
    0.09429775639483244,
    0.09121304193493163,
    0.08728240172166636,
    0.08564883769296183,
    0.08428555885606473,
    0.0822291711326873,
    0.08016726153321785,
    0.07865091997871895,
    0.07753119540244045,
    0.07338772708605422,
    0.07031458264013918,
    0.07273966750812412,
    0.07074026154852149,
    0.06819004513839684,
    0.06566536417323174,
    0.06475163522259433,
    0.05991426252271279,
    0.06097307621436839,
    0.06086545898625166,
    0.06083485771818917,
    0.05639076966902997,
    0.05785093524742244,
    0.05513779274971768,
    0.0551912679917889,
    0.05252225269185434,
    0.05469759474370149,
    0.052321420152588644,
    0.04964492021884659,
    0.049434310360120075,
    0.05095637529756468,
    0.047633101647295575,
    0.048198064733849896,
    0.047062748821802655,
    0.044301480497464095,
    0.04425157096679553,
    0.04496679414469417,
    0.044095516887189136,
    0.04314801788492368,
    0.04054605551432855,
    0.04294504345127261,
    0.03771048692045825,
    0.04130910397368935,
    0.04157332759719379,
    0.03769511695361078,
    0.037347024970568056,
    0.037785068537007166,
    0.03933609036341457,
    0.03614579175257742,
    0.03626819865980951,
    0.034124603218371324,
    0.03533266672385064,
    0.03388804482240783,
    0.032288901249666026,
    0.034531661198649664,
    0.03384628330385036,
    0.032090945399855034,
    0.03037927397019645,
    0.03076049931218276,
    0.03120104634286006,
    0.032557126434317026,
    0.03198141259334908,
    0.02690841293073084,
    0.028013019836369422,
    0.028398318672644914,
    0.027908436128740558,
    0.029025909841281942,
    0.02995792348952134
  ],
  "val_loss": [
    0.5232762075387515,
    0.32437304808543277,
    0.2856225543297254,
    0.270892579968159,
    0.2513810499356343,
    0.24837180972099304,
    0.22036790618529686,
    0.2106779240644895,
    0.21337668253825262,
    0.20666946356113142,
    0.19681346531097704,
    0.1938414304302289,
    0.2014859181184035,
    0.1857461602641986,
    0.168826162815094,
    0.16655650620277113,
    0.16649776525222337,
    0.15724608531365028,
    0.17038511198300582,
    0.15554384314096892,
    0.15062336509044355,
    0.14021689215531716,
    0.14330758727513826,
    0.13717914888491997,
    0.1386652457026335,
    0.14091439201281622,
    0.13680324932703605,
    0.12996796002754799,
    0.12832699372218206,
    0.12419085949659348,
    0.12328464308610329,
    0.12238399799053486,
    0.12087694727457486,
    0.11720762315850991,
    0.11499762305846581,
    0.11653836787893222,
    0.11586462190518013,
    0.11260854825377464,
    0.11168858208335362,
    0.10847180623274583,
    0.10892645040383706,
    0.10619234952789086,
    0.10708290309860156,
    0.104325371579482,
    0.10279041184828831,
    0.10543365146105106,
    0.10184366313310769,
    0.10454621280615146,
    0.10078705073549198,
    0.10022145395095532,
    0.10124928074387404,
    0.10086933265511806,
    0.09489039446298893,
    0.09347311378671573,
    0.09744393195097263,
    0.08909470602296866,
    0.09368451140247859,
    0.0886035392490717,
    0.08821302681015088,
    0.09052980662538455,
    0.09037260653880927,
    0.08919790788338734,
    0.09152151271700859,
    0.0912515211563844,
    0.09000166820792052,
    0.0926173459738493,
    0.09239691094710277,
    0.08802047257240002,
    0.08947044238448143,
    0.08996034112687294,
    0.08513809740543365,
    0.08624450246301982,
    0.091935609252407,
    0.07764468112817177,
    0.08075774160142128,
    0.081796516592686,
    0.07778800092637539,
    0.08557911675709945,
    0.08267170864229019,
    0.08264421184475605,
    0.07970528419201191,
    0.08140249722279035,
    0.0801994800567627,
    0.08339318661735608,
    0.08053709609577289,
    0.07955686905636238,
    0.07832843208542237,
    0.081226610363676,
    0.08230613014445855,
    0.07827584259212017,
    0.0786335550678464,
    0.08132725294965965,
    0.08135371569257516,
    0.08340804049601921,
    0.08128354053657788,
    0.08649055989315876,
    0.08200765716341826,
    0.07876218798068854,
    0.08594200201332569
  ],