{
  "epoch": [
    1,
    2,
    3,
    4,
    5,
    6,
    7,
    8,
    9,
    10,
    11,
    12,
    13,
    14,
    15,
    16,
    17,
    18,
    19,
    20,
    21,
    22,
    23,
    24,
    25,
    26,
    27,
    28,
    29,
    30,
    31,
    32,
    33,
    34,
    35,
    36,
    37,
    38,
    39,
    40,
    41,
    42,
    43,
    44,
    45,
    46,
    47,
    48,
    49,
    50,
    51,
    52,
    53,
    54,
    55,
    56,
    57,
    58,
    59,
    60,
    61,
    62,
    63,
    64,
    65,
    66,
    67,
    68,
    69,
    70,
    71,
    72,
    73,
    74,
    75,
    76,
    77,
    78,
    79,
    80,
    81,
    82,
    83,
    84,
    85,
    86,
    87,
    88,
    89,
    90
  ],
  "train_loss": [
    1.5546632507412703,
    0.9952558094693214,
    0.8049875497817993,
    0.6996210770508677,
    0.6228646003093916,
    0.5609546145520259,
    0.5120528449410016,
    0.4670513052608549,
    0.43071973907578853,
    0.39105489880768296,
    0.3627556935720837,
    0.33505643381900396,
    0.3091832433932835,
    0.288217199985514,
    0.2686224538333637,
    0.2465269970371551,
    0.23059244999258788,
    0.2192875040867894,
    0.20623211374448747,
    0.19344458487076857,
    0.18272911864764912,
    0.17150527753473557,
    0.1625951512035021,
    0.15357050745143103,
    0.14470881550121553,
    0.13976512764839782,
    0.13068040767588565,
    0.12852041058472752,
    0.11958059902811788,
    0.11325899181292229,
    0.11129252190135189,
    0.10386046150833675,
    0.10208921176717453,
    0.09597017544984203,
    0.09543959130100983,
    0.09005723841795601,
    0.0871983149194533,
    0.08365571059132974,
    0.08222074518652306,
    0.07778771108342815,
    0.07632315412317354,
    0.07170034111621454,
    0.07234354210614237,
    0.07206296330298652,
    0.06801729245092143,
    0.06859722493466028,
    0.06683182760535442,
    0.06432754802757625,
    0.06458785598041471,
    0.06308803683358062,
    0.05898587221337348,
    0.05939695089287365,
    0.055109217849358454,
    0.05543562803494254,
    0.05547539286853112,
    0.05449949450714072,
    0.05393349458031433,
    0.05219810860730784,
    0.05257592951283627,
    0.05202558034666113,
    0.05066416009818924,
    0.048624620638480505,
    0.0497176840507723,
    0.04942518133746902,
    0.0481088299342652,
    0.04838744353157343,
    0.04426912906262832,
    0.046075357277829625,
    0.04432181811881895,
    0.04591703883458659,
    0.0441879701714233,
    0.0406635008205074,
    0.0429563768467261,
    0.04283262465686835,
    0.04326239551331118,
    0.040457340432619004,
    0.039932335006822015,
    0.03870721522613054,
    0.040690433838855976,
    0.040360647196084565,
    0.039129877621403984,
    0.03959078235628525,
    0.04018012958953215,
    0.03645236365324289,
    0.03932174445926836,
    0.036253031021579334,
    0.0385730733408487,
    0.038233236592147765,
    0.037730527023986445,
    0.034849121715374215
  ],
  "val_loss": [
    0.7886196741691003,
    0.560578126173753,
    0.49051543840995204,
    0.43719683014429533,
    0.40594617220071644,
    0.3865190790249751,
    0.36117467284202576,
    0.34093091579583973,
    0.3242387336034041,
    0.2861283788314232,
    0.2731792628765106,
    0.25970464715590846,
    0.2602362632751465,
    0.23322672224961793,
    0.2190522700548172,
    0.20752049180177543,
    0.20710648596286774,
    0.18908936243790847,
    0.19331430471860445,
    0.1818902687384532,
    0.1720924159655204,
    0.16639675486546296,
    0.15805687526097664,
    0.15181891448222673,
    0.1488947982971485,
    0.1532827948148434,
    0.1391742154955864,
    0.1422787417586033,
    0.1379498879496868,
    0.13156069413973734,
    0.12837039507352388,
    0.12579448865010187,
    0.12349180017526333,
    0.1256068400465525,
    0.12300570653035091,
    0.11323073792916077,
    0.11586954702551548,
    0.11378284773001304,
    0.1118869732778806,
    0.10881119995163037,
    0.10869253455446316,
    0.10961787574566327,
    0.10773257739268817,
    0.11021952503002606,
    0.11692822294739577,
    0.10937446671036574,
    0.09970531841883293,
    0.10109207019782983,
    0.099998883329905,
    0.10346865367430907,
    0.09713784949137615,
    0.0981214396082438,
    0.09736987575888634,
    0.09791364291539559,
    0.09372891757923824,
    0.09508649575022551,
    0.09600795719486016,
    0.09721598802850796,
    0.0883815113741618,
    0.09647162101016594,
    0.09119037531602842,
    0.09379048058046745,
    0.09410578170074867,
    0.08969032678466576,
    0.08816118753300263,
    0.09424635474211894,
    0.09399571140798238,
    0.09549928427888797,
    0.09173292408768947,
    0.093996833723325,
    0.09386479209821957,
    0.09246491046192554,
    0.0936218869800751,
    0.09268153193764962,
    0.09195265059287731,
    0.09309148057722129,
    0.09468426598379245,
    0.09573435733238092,
    0.09432486802912675,
    0.09390678786887573,
    0.09333376299876434,
    0.09342799357210214,
    0.0921782969425504,
    0.0925669468079622,
    0.09119261328417522,
    0.09289439839239304,
    0.09003295527341273,
    0.091227512090252,
    0.0909788035429441,
    0.09302572791392986
  ],
  "train_transduce": [
    1.5546632507412703,
    0.9952558094693214,
    0.8049875497817993,
    0.6996210770508677,
    0.6228646003093916,
    0.5609546145520259,
    0.5120528449410016,
    0.4670513052608549,
    0.43071973907578853,
    0.39105489880768296,
    0.3627556935720837,
    0.33505643381900396,
    0.3091832433932835,
    0.288217199985514,
    0.2686224538333637,
    0.2465269970371551,
    0.23059244999258788,
    0.2192875040867894,
    0.20623211374448747,
    0.19344458487076857,
    0.18272911864764912,
    0.17150527753473557,
    0.1625951512035021,
    0.15357050745143103,
    0.14470881550121553,
    0.13976512764839782,
    0.13068040767588565,
    0.12852041058472752,
    0.11958059902811788,
    0.11325899181292229,
    0.11129252190135189,
    0.10386046150833675,
    0.10208921176717453,
    0.09597017544984203,
    0.09543959130100983,
    0.09005723841795601,
    0.0871983149194533,
    0.08365571059132974,
    0.08222074518652306,
    0.07778771108342815,
    0.07632315412317354,
    0.07170034111621454,
    0.07234354210614237,
    0.07206296330298652,
    0.06801729245092143,
    0.06859722493466028,
    0.06683182760535442,
    0.06432754802757625,
    0.06458785598041471,
    0.06308803683358062,
    0.05898587221337348,
    0.05939695089287365,
    0.055109217849358454,
    0.05543562803494254,
    0.05547539286853112,
    0.05449949450714072,
    0.05393349458031433,
    0.05219810860730784,
    0.05257592951283627,
    0.05202558034666113,
    0.05066416009818924,
    0.048624620638480505,
    0.0497176840507723,
    0.04942518133746902,
    0.0481088299342652,
    0.04838744353157343,
    0.04426912906262832,
    0.046075357277829625,
    0.04432181811881895,
    0.04591703883458659,
    0.0441879701714233,
    0.0406635008205074,
    0.0429563768467261,
    0.04283262465686835,
    0.04326239551331118,
    0.040457340432619004,
    0.039932335006822015,
    0.03870721522613054,
    0.040690433838855976,
    0.040360647196084565,
    0.039129877621403984,
    0.03959078235628525,
    0.04018012958953215,
    0.03645236365324289,
    0.03932174445926836,
    0.036253031021579334,
    0.0385730733408487,
    0.038233236592147765,
    0.037730527023986445,
    0.034849121715374215
  ],