{
  "epoch": [
    1,
    2,
    3,
    4,
    5,
    6,
    7,
    8,
    9,
    10,
    11,
    12,
    13,
    14,
    15,
    16,
    17,
    18,
    19,
    20,
    21,
    22,
    23,
    24,
    25,
    26,
    27,
    28,
    29,
    30,
    31,
    32,
    33,
    34,
    35,
    36,
    37,
    38,
    39,
    40,
    41,
    42,
    43,
    44,
    45,
    46,
    47,
    48,
    49,
    50,
    51,
    52,
    53,
    54,
    55,
    56,
    57,
    58,
    59,
    60,
    61,
    62,
    63,
    64,
    65,
    66,
    67,
    68,
    69,
    70,
    71,
    72,
    73,
    74,
    75,
    76,
    77,
    78,
    79,
    80,
    81,
    82,
    83,
    84,
    85,
    86,
    87,
    88,
    89,
    90,
    91,
    92,
    93,
    94,
    95,
    96,
    97,
    98,
    99,
    100,
    101,
    102,
    103,
    104,
    105,
    106,
    107,
    108,
    109,
    110,
    111,
    112,
    113,
    114,
    115,
    116,
    117,
    118,
    119,
    120
  ],
  "train_loss": [
    1.4420342279463698,
    0.8398280804304733,
    0.6622103094747386,
    0.5501235356343162,
    0.46887921027301516,
    0.4042799039599822,
    0.35163062442209303,
    0.310528469531192,
    0.2716189559894739,
    0.2446101137350515,
    0.220526821911335,
    0.20257560102288255,
    0.18183741753095203,
    0.16726501117047576,
    0.15573557324169837,
    0.1453754283564607,
    0.13571982753952755,
    0.12775788556054696,
    0.11803947773176371,
    0.1105219431067865,
    0.10626901766842174,
    0.09793892070727865,
    0.09180671082252694,
    0.09021136807949887,
    0.0845325864928285,
    0.08102577156627301,
    0.0743523333221674,
    0.07334826059024974,
    0.0675007264734697,
    0.06625205699892081,
    0.06330286159381732,
    0.05996860287238642,
    0.057207616526134236,
    0.055561069187890624,
    0.05296859727001067,
    0.05189603421184206,
    0.050123112112974995,
    0.048944261193889935,
    0.043606997400368615,
    0.04217530234438396,
    0.043919998456330336,
    0.03988808995957688,
    0.04049947417638812,
    0.03932896613613846,
    0.037983614864960775,
    0.03814622874074068,
    0.03491525013556646,
    0.03369750585118981,
    0.032597161162183766,
    0.03266369909547346,
    0.03223698884344746,
    0.030197338049885693,
    0.0301694610688989,
    0.029734991128393208,
    0.029270499589440134,
    0.028466076371692045,
    0.02931538311591775,
    0.027665323796250002,
    0.027460102378342722,
    0.028729118255552712,
    0.02636232245809485,
    0.023863575176441484,
    0.023723640138302575,
    0.02711406490074221,
    0.023159589522431807,
    0.02492454734429256,
    0.022593340855667887,
    0.021387561546043328,
    0.021558336671153755,
    0.024737927897055586,
    0.02171393146032717,
    0.020738192153470496,
    0.021049895220599378,
    0.021473140627405,
    0.02049593155430726,
    0.020093124875914036,
    0.02132556780683088,
    0.020020456827418476,
    0.01984669851047976,
    0.019873498487718327,
    0.019918450528813393,
    0.019169639835623812,
    0.018282872955938896,
    0.01837016990739545,
    0.018038579703251033,
    0.01824745744918041,
    0.017667109167116897,
    0.01653564463792004,
    0.016896150420544688,
    0.01596860680549127,
    0.015978232527166104,
    0.016169112578956122,
    0.016811163276289925,
    0.017195358566973434,
    0.01620671963535211,
    0.016016586698092444,
    0.015929630412672136,
    0.015087565956829288,
    0.014540315211148088,
    0.01429429238832546,
    0.015824570052911404,
    0.014338531686813984,
    0.014536356612843145,
    0.014151229926375384,
    0.016615391448476187,
    0.014462091303526511,
    0.014359375257909144,
    0.012963617564366228,
    0.01325211555279369,
    0.014398530723296643,
    0.01447025298611405,
    0.013021193895388165,
    0.013297476424696404,
    0.01266139332917951,
    0.01272971424293349,
    0.013832677880028435,
    0.01245165954658416,
    0.01451086398686964,
    0.012690904186006406,
    0.013194631702943523
  ],
  "val_loss": [
    0.6689510895655706,
    0.49967743570987994,
    0.42210791202691883,
    0.3537299587176396,
    0.3321092610175793,
    0.31139672031769383,
    0.283969005713096,
    0.2695923848794057,
    0.23835422098636627,
    0.2314381175316297,
    0.22159262001514435,
    0.21045170036646035,
    0.20620011137082025,
    0.19294052571058273,
    0.18303259805991098,
    0.17123838972586852,
    0.16728328569577292,
    0.17632446552698428,
    0.1582917393400119,
    0.15659577628740898,
    0.1463896408677101,
    0.14643775958281297,
    0.14163855577890688,
    0.13982406459175623,
    0.13334649400069162,
    0.12789217239389053,
    0.1234187435072202,
    0.11430983560589644,
    0.11961830779910088,
    0.1207602943938512,
    0.12216218474965829,
    0.11600633395405915,
    0.11061794883929767,
    0.10739433593474902,
    0.10727140393394691,
    0.1094830368573849,
    0.11117627299748935,
    0.09972867727852784,
    0.1059216451472961,
    0.10223700600461318,
    0.10023177372148404,
    0.10444282138576874,
    0.09779867701805554,
    0.09944440868611519,
    0.09925418375776364,
    0.09495689476338717,
    0.09147698188630435,
    0.09275872690173295,
    0.09550646832212806,
    0.09758999599860264,
    0.09571383395590462,
    0.09776092786341906,
    0.09634161933969992,
    0.0902842482408652,
    0.09612564584956719,
    0.09046672270275079,
    0.09538922251130526,
    0.09060450485692574,
    0.08758182118002039,
    0.09373524641761413,
    0.09509765227826741,
    0.08920363888431054,
    0.09759554195289429,
    0.09112351058194271,
    0.09148042247845577,
    0.09153710427479102,
    0.08893592229399544,
    0.0926199616291202,
    0.09084748555547915,
    0.08784046769142151,
    0.08078341100078362,
    0.08674588659778237,
    0.08753408609817807,
    0.08994918384660895,
    0.08512572901180157,
    0.08611434178713423,
    0.09418106064773522,
    0.09189316102017003,
    0.08987022965000226,
    0.09068777440832211,
    0.08610513003972861,
    0.08962582347269815,
    0.0850886991695286,
    0.08732401049480988,
    0.08763635377041422,
    0.08550832918486916,
    0.08674615401273164,
    0.0906174923830594,
    0.0870968139408013,
    0.09340337194645634,
    0.08794292195055348,
    0.08485754009766075,
    0.0827248292760207,
    0.08694278484640214,
    0.07955908208476523,
    0.08580400730268313,
    0.08612187742255628,
    0.08586391122438587,
    0.08100810312092878,
    0.08178513274134065,
    0.08610199459900077,
    0.08896522736176848,
    0.0887821946794597,
    0.08996617294346484,
    0.08517227246640967,
    0.08835744193325248,
    0.09085796168074012,
    0.08565228076902433,
    0.08049785224004434,
    0.088898550808573,
    0.09052844383180715,
    0.08958636285164036,
    0.09009043800716217,
    0.08999324247885782,
    0.09282390603150886,
    0.09008233539330271,
    0.09337344873123445,
    0.0915017684814162,
    0.08861371806751077,
    0.08709885697596921
  ],