{
  "epoch": [
    1,
    2,
    3,
    4,
    5,
    6,
    7,
    8,
    9,
    10,
    11,
    12,
    13,
    14,
    15,
    16,
    17,
    18,
    19,
    20,
    21,
    22,
    23,
    24,
    25,
    26,
    27,
    28,
    29,
    30,
    31,
    32,
    33,
    34,
    35,
    36,
    37,
    38,
    39,
    40,
    41,
    42,
    43,
    44,
    45,
    46,
    47,
    48,
    49,
    50,
    51,
    52,
    53,
    54,
    55,
    56,
    57,
    58,
    59,
    60,
    61,
    62,
    63,
    64,
    65,
    66,
    67,
    68,
    69,
    70,
    71,
    72,
    73,
    74,
    75,
    76,
    77,
    78,
    79,
    80,
    81,
    82,
    83,
    84,
    85,
    86,
    87,
    88,
    89,
    90,
    91,
    92,
    93,
    94,
    95,
    96,
    97
  ],
  "train_loss": [
    1.3602496422443193,
    0.7879097550800166,
    0.6214471651414006,
    0.5197555135513089,
    0.42547374380003544,
    0.34237293154001236,
    0.2959291328935279,
    0.2497540251495912,
    0.2157594760515026,
    0.19225594236217824,
    0.16942143106122606,
    0.15214055273489854,
    0.13885426974480913,
    0.12816107388316972,
    0.12093697616964885,
    0.10799184768009432,
    0.09857940099672559,
    0.09305612506709762,
    0.08543063763567467,
    0.08436813971661415,
    0.07490152350060411,
    0.07240572748417706,
    0.06993168932337736,
    0.06345800551365025,
    0.059683244809815565,
    0.057669364914451675,
    0.05400756472894519,
    0.05482261889066893,
    0.04876083823055336,
    0.04740823381436393,
    0.046023389934226104,
    0.04368558160711041,
    0.04462716919994078,
    0.04213242344174188,
    0.04219767155567395,
    0.03838043770820056,
    0.039086376739301015,
    0.03923707026220167,
    0.036550976727253846,
    0.03636476819009818,
    0.035265871143621424,
    0.0354580232326287,
    0.03193584841810474,
    0.03308331357199967,
    0.03194971502393715,
    0.031215075722693938,
    0.028627857138623588,
    0.027037472826591934,
    0.031670761211852055,
    0.02917376548272663,
    0.028505968542039854,
    0.028608975156700026,
    0.027427535782539352,
    0.028156873700448993,
    0.026347718235182085,
    0.026846063190101424,
    0.025706571118771723,
    0.025721993696991085,
    0.024586031549446975,
    0.02535470986268339,
    0.023657350505692596,
    0.022546690709879334,
    0.021258089117725025,
    0.022362025692271664,
    0.020862840824117213,
    0.022688998671526992,
    0.019794273696666986,
    0.021496146197248364,
    0.022166037495180813,
    0.021234695499609272,
    0.023163921437370255,
    0.02105347691679892,
    0.021495079855703432,
    0.019427612086652404,
    0.018726933587908976,
    0.01940769960830161,
    0.020524333971648562,
    0.020320005483262855,
    0.01890402372756051,
    0.01818106143096865,
    0.018369697719049092,
    0.01692108862574894,
    0.017966106220762983,
    0.01901032975826835,
    0.019265531137412816,
    0.018126260876876406,
    0.015682949217698854,
    0.016134693873590147,
    0.015539078735002345,
    0.015604099226976293,
    0.015921616157488033,
    0.017205192703878526,
    0.015876788990428076,
    0.014946415488723396,
    0.015732074866897053,
    0.014612068528952749,
    0.015907405835417936
  ],
  "val_loss": [
    0.6149340088550861,
    0.47639534106621373,
    0.43248568589870745,
    0.3923055896392235,
    0.28126098903325886,
    0.26535448546593005,
    0.22785024918042696,
    0.22898928821086884,
    0.21746084552544814,
    0.19891120837284967,
    0.20585392530147845,
    0.1806761370255397,
    0.19154995049421603,
    0.15974667725654748,
    0.1720068735572008,
    0.15962014404626992,
    0.16047260795648283,
    0.17115653936679548,
    0.1641140436896911,
    0.16405042776694664,
    0.15691472131472367,
    0.15131344875464073,
    0.14842442537729555,
    0.1574712240925202,
    0.1552483384998945,
    0.13522655029709524,
    0.14302877766581681,
    0.14652501075313643,
    0.13688800426629874,
    0.12883305950806692,
    0.13622615887568548,
    0.13269956639179817,
    0.13593429699540138,
    0.1395367495715618,
    0.13544584438204765,
    0.13380872687468162,
    0.12416575447871135,
    0.13615610737067002,
    0.13180449733940455,
    0.13460407864588958,
    0.12764613917813852,
    0.1324471365660429,
    0.13387649563642648,
    0.12672009505331516,
    0.13443464069412306,
    0.13534486021559972,
    0.12774899845513013,
    0.13710182776244786,
    0.12334027341925181,
    0.13520275199642548,
    0.13366845794595206,
    0.13102091734225935,
    0.1390956683227649,
    0.12198134454397055,
    0.12759049165134245,
    0.11813397848835358,
    0.12897898715275985,
    0.11336706206202507,
    0.1332529135621511,
    0.12458029589973964,
    0.12169365871411103,
    0.1265702061355114,
    0.12896009276692683,
    0.12709419056773186,
    0.1280717093210954,
    0.13329363585664675,
    0.12885784830611485,
    0.1243712343275547,
    0.12518777024860567,
    0.12574926677804726,
    0.12011141458956096,
    0.11176358163356781,
    0.12045357104104298,
    0.1271362892137124,
    0.11229309425331079,
    0.13487788948875207,
    0.1352873370051384,
    0.12004343334298867,
    0.126244066712948,
    0.12321319889563781,
    0.13416840350971773,
    0.12591570973969424,
    0.12526700043907532,
    0.13768140513163346,
    0.13003772010023779,
    0.12474313908471511,
    0.1267776656895876,
    0.12858389905438974,
    0.12995835193074667,
    0.13240390442884886,
    0.13071109340167963,
    0.13829602859914303,
    0.12848406041470858,
    0.13050109405930227,
    0.1309471815251387,
    0.1296368553661383,
    0.12410708946677354
  ],