{
  "epoch": [
    1,
    2,
    3,
    4,
    5,
    6,
    7,
    8,
    9,
    10,
    11,
    12,
    13,
    14,
    15,
    16,
    17,
    18,
    19,
    20,
    21,
    22,
    23,
    24,
    25,
    26,
    27,
    28,
    29,
    30,
    31,
    32,
    33,
    34,
    35,
    36,
    37,
    38,
    39,
    40,
    41,
    42,
    43,
    44,
    45,
    46,
    47,
    48,
    49,
    50,
    51,
    52,
    53,
    54,
    55,
    56,
    57,
    58,
    59,
    60,
    61,
    62,
    63,
    64,
    65,
    66,
    67,
    68,
    69,
    70,
    71,
    72,
    73,
    74,
    75,
    76,
    77,
    78,
    79,
    80,
    81,
    82,
    83,
    84,
    85,
    86,
    87,
    88,
    89,
    90,
    91,
    92,
    93,
    94,
    95,
    96,
    97,
    98,
    99,
    100,
    101,
    102,
    103,
    104,
    105,
    106,
    107,
    108,
    109,
    110,
    111,
    112,
    113,
    114,
    115,
    116,
    117,
    118,
    119,
    120,
    121,
    122,
    123,
    124,
    125,
    126,
    127,
    128,
    129,
    130
  ],
  "train_loss": [
    1.569201914390715,
    0.8842199539194012,
    0.6801466452013148,
    0.5670235770763737,
    0.5026484993424746,
    0.4567579901454472,
    0.4169204320647929,
    0.3909932938542697,
    0.3690330049779155,
    0.34707650955360714,
    0.3295400821336425,
    0.3086838961237728,
    0.2947943743207667,
    0.2847763105194167,
    0.2710816779054037,
    0.2592642953490267,
    0.2506118163023845,
    0.2408346707868104,
    0.23047862755190027,
    0.2245337157556326,
    0.21544901628305416,
    0.21048024222992434,
    0.20473717735840544,
    0.19794060983280143,
    0.1905841134709887,
    0.18532964697863796,
    0.18083055044459825,
    0.17805120009596986,
    0.17098215878895012,
    0.1654261888401343,
    0.16305485249745963,
    0.1597228021462365,
    0.15597987890538603,
    0.15227084267552538,
    0.14748215505687318,
    0.14352385684995367,
    0.14167562082852467,
    0.13705090669417144,
    0.13677102327346802,
    0.136515889169261,
    0.13008895106982477,
    0.12808463751974672,
    0.12438875945782897,
    0.12183490410299584,
    0.12158990016963223,
    0.1181895125030291,
    0.1156688764838889,
    0.11483170081040647,
    0.10900013141407824,
    0.11009993577505102,
    0.10911289351706457,
    0.10586897066176527,
    0.10410617882072336,
    0.10218706136882895,
    0.09746025805131044,
    0.0989722654149674,
    0.09785520739041932,
    0.0932728014148698,
    0.09052237694953928,
    0.08990213463064467,
    0.09060386594126721,
    0.087140904094028,
    0.08684918443017667,
    0.08470096440967356,
    0.0829962923348245,
    0.08299703025581813,
    0.08051552260202346,
    0.07964623557163937,
    0.07739566687015023,
    0.07571866400171035,
    0.0756847014890449,
    0.07250062483224538,
    0.07220821927237038,
    0.07052837291935293,
    0.07185074012025748,
    0.06699068816655343,
    0.06905557395945681,
    0.06831175835784709,
    0.06542040728548966,
    0.0654547408702645,
    0.06539605989462079,
    0.061138183855921915,
    0.061451299909022775,
    0.059271941828255605,
    0.05765212694238318,
    0.05790641081362668,
    0.057387847047631106,
    0.05673297005936061,
    0.05207924018291259,
    0.052019498504624506,
    0.05074036617459047,
    0.05089709037306285,
    0.05145370147864122,
    0.05087730556837108,
    0.04962649863987866,
    0.04869891007864239,
    0.04709321063122537,
    0.04797690200370432,
    0.047675944956960065,
    0.050042131012028986,
    0.04452329383480667,
    0.04582645937726639,
    0.04490307810725552,
    0.043623465934012194,
    0.04205642053211975,
    0.04084929965879067,
    0.042616368833892415,
    0.04194523074138578,
    0.041584846775720614,
    0.044144506639994606,
    0.040120915648075614,
    0.04074192818918145,
    0.04087437571275352,
    0.040095489029542054,
    0.039884913039605806,
    0.038612493784120766,
    0.038255602577793424,
    0.03806413244456053,
    0.03766950880555381,
    0.035226505710789474,
    0.03481751877703879,
    0.0336508483967126,
    0.034915827800252354,
    0.03743637817921025,
    0.03782440767171654,
    0.03548985417231475,
    0.037413688210567626,
    0.036225386992060016,
    0.03559264878161473,
    0.03492607688070229
  ],
  "val_loss": [
    0.8550922503838172,
    0.5724188043521001,
    0.4568831737224872,
    0.4115731888092481,
    0.3805759961788471,
    0.36749479747735536,
    0.3472330937018761,
    0.3330116845094241,
    0.32415720705802625,
    0.31022313695687515,
    0.29444607863059413,
    0.2843983517243312,
    0.2751507071348337,
    0.27378842119987196,
    0.25901929346414715,
    0.2572506700570767,
    0.24276975484994742,
    0.2368276325555948,
    0.2438515149630033,
    0.21979370025488046,
    0.22257364426667875,
    0.2079687823469822,
    0.22013226781900114,
    0.2108370466874196,
    0.19343318675573057,
    0.18382629121725375,
    0.1976965104158108,
    0.20014712329094225,
    0.1798854275391652,
    0.1772519378707959,
    0.1722045002075342,
    0.17228900927763718,
    0.16772917084969008,
    0.17753327236725733,
    0.16460172946636492,
    0.18463124621372956,
    0.1640587684053641,
    0.15234751197007987,
    0.15759058239368293,
    0.1513259966786091,
    0.1653539463877678,
    0.15228546410799026,
    0.15609312859865335,
    0.1580857731975042,
    0.153332463823832,
    0.15135853221783271,
    0.1510522119127787,
    0.15500638232781336,
    0.14044058752747682,
    0.1445551933004306,
    0.15007942055280393,
    0.13210880985626808,
    0.1355765929015783,
    0.12482459814502643,
    0.13132205949379847,
    0.12600796813002,
    0.12956220026199633,
    0.13746929569886282,
    0.11995266377925873,
    0.11994916372574292,
    0.11766706063197209,
    0.11814985796809196,
    0.1298335140141157,
    0.12354383101830116,
    0.12209464151125687,
    0.1284361003110042,
    0.12261537577097233,
    0.12414761861929527,
    0.11770525517371985,
    0.1145430404979449,
    0.10963166361817947,
    0.10827548228777371,
    0.11216615656247506,
    0.11841409510144821,
    0.1208180171939043,
    0.11272888430036031,
    0.10635794914112641,
    0.12613676574367744,
    0.11545541825202796,
    0.10974197949354465,
    0.10886496864259243,
    0.11498463984865409,
    0.10612759825128776,
    0.10146540890519436,
    0.10035332750815612,
    0.09908873229645766,
    0.09820724235704312,
    0.10384466714010789,
    0.10697052742426212,
    0.10549354323974022,
    0.10206979642120692,
    0.11036216825819932,
    0.10771867417945312,
    0.09939250722527504,
    0.09688986307726456,
    0.09724229015409946,
    0.10161778431099194,
    0.10149221838666843,
    0.0998358977242158,
    0.09895533366272083,
    0.09939540249223892,
    0.10057276616302821,
    0.09952631062613083,
    0.09264317978746615,
    0.0919763852770512,
    0.10288933506951882,
    0.09411141835153103,
    0.1044650893085278,
    0.10478775890973899,
    0.09564368856640962,
    0.09820793755352497,
    0.10245979935503922,
    0.10165296036463517,
    0.10434922346701989,
    0.09860040591313289,
    0.10693737577933532,
    0.09509103551793557,
    0.0974122962126365,
    0.1008781806494181,
    0.09812222901158608,
    0.10013401257590605,
    0.09994156658649445,
    0.09796220536988515,
    0.10555997720131508,
    0.0982002465484234,
    0.09786368261736172,
    0.09799906303389715,
    0.09322270507422778,
    0.10072493983002809,
    0.10075647061547408
  ],