{
  "epoch": [
    1,
    2,
    3,
    4,
    5,
    6,
    7,
    8,
    9,
    10,
    11,
    12,
    13,
    14,
    15,
    16,
    17,
    18,
    19,
    20,
    21,
    22,
    23,
    24,
    25,
    26,
    27,
    28,
    29,
    30,
    31,
    32,
    33,
    34,
    35,
    36,
    37,
    38,
    39,
    40,
    41,
    42,
    43,
    44,
    45,
    46,
    47,
    48,
    49,
    50,
    51,
    52,
    53,
    54,
    55,
    56,
    57,
    58,
    59,
    60,
    61,
    62,
    63,
    64,
    65,
    66,
    67,
    68,
    69,
    70,
    71,
    72,
    73,
    74,
    75,
    76,
    77,
    78,
    79,
    80,
    81,
    82,
    83,
    84,
    85,
    86,
    87,
    88,
    89,
    90,
    91,
    92,
    93,
    94,
    95,
    96,
    97,
    98
  ],
  "train_loss": [
    1.5080814229458879,
    0.9710459202220759,
    0.8035628196504927,
    0.6989258675231147,
    0.6225567679737032,
    0.562003182535319,
    0.5110985166633252,
    0.47269520132812026,
    0.4381062366913274,
    0.4049864985893682,
    0.37612944165455925,
    0.3474060920710416,
    0.3230224277094467,
    0.3033687788801095,
    0.2844697415982325,
    0.26617896595259305,
    0.2502295828818046,
    0.23530329594907073,
    0.22110046922546073,
    0.21169234965879893,
    0.19872529220949744,
    0.19182105807913946,
    0.1772810368577844,
    0.1705988950873773,
    0.15934423284278704,
    0.15754151263648702,
    0.14387415675926454,
    0.14244449691674144,
    0.1356271830262597,
    0.1282318302420611,
    0.12067382389045868,
    0.11613613055999746,
    0.11068140108560778,
    0.10753722540726982,
    0.10522945968376607,
    0.10053055881301767,
    0.09686585924751365,
    0.09124411604146368,
    0.08973277715447638,
    0.08808293579549518,
    0.08946480217975439,
    0.08300855529216147,
    0.08032609268869322,
    0.07632420321484816,
    0.07439272618401296,
    0.0712212677084908,
    0.07062214597598794,
    0.06627869177801707,
    0.06829545457761005,
    0.06676110943068855,
    0.06254564046130046,
    0.06070729975886259,
    0.06199883194352241,
    0.0602456363417285,
    0.05726662711192345,
    0.05933818055950489,
    0.05576839716624968,
    0.053694446657582655,
    0.05060871817248384,
    0.054095594298824205,
    0.052953142567163276,
    0.05028596124371763,
    0.05042092969698697,
    0.04816317528524657,
    0.04926668611575955,
    0.047496688254561624,
    0.04951075791410103,
    0.04858320233287271,
    0.04490729560115442,
    0.04690901243329509,
    0.04413837585694243,
    0.045763799992687614,
    0.04359883960749301,
    0.04358753035824323,
    0.04247244659177575,
    0.0401867865032718,
    0.03904799613909623,
    0.03988417724781122,
    0.039520144006525426,
    0.03649846871489102,
    0.039591062086701545,
    0.03867051249235561,
    0.03627522138773089,
    0.03556821047395621,
    0.037745020868371906,
    0.038413579714935774,
    0.035953588320480026,
    0.035158109270305056,
    0.0353574480227742,
    0.03518343950890619,
    0.03612795439500784,
    0.034149571758762154,
    0.03344420299951717,
    0.03433425705543883,
    0.03300629775567921,
    0.03209546570829356,
    0.03291465657926405,
    0.0319907762297458
  ],
  "val_loss": [
    0.7288853434415964,
    0.542144931279696,
    0.47890169345415556,
    0.4308971418784215,
    0.3992432929002322,
    0.3589154344338637,
    0.342778348005735,
    0.33906468978294957,
    0.3056580057510963,
    0.2944345875428273,
    0.26525344298436093,
    0.26351747948389787,
    0.2544526927746259,
    0.23242787902171796,
    0.22232843591616705,
    0.21523241240244645,
    0.21086458403330582,
    0.19786786230710837,
    0.19530993126905882,
    0.18707504868507385,
    0.18456347630574152,
    0.17365941863793594,
    0.17343518596429092,
    0.14972797494668227,
    0.15477350468818957,
    0.16002886226544014,
    0.15200850252921766,
    0.14105631009890482,
    0.13245875331071708,
    0.12659617284169564,
    0.12752380279394296,
    0.12141720262857583,
    0.12606589324199236,
    0.1216160523203703,
    0.12124929061302772,
    0.11320759527958356,
    0.10983828684458366,
    0.11722348687740472,
    0.1069293601008562,
    0.10775571889602222,
    0.10424534775889836,
    0.10678589372680737,
    0.10707342108854881,
    0.10427241514508541,
    0.09923916195447628,
    0.09987146292741482,
    0.10108305943699983,
    0.10055681461325058,
    0.0965363890505754,
    0.09641697802222692,
    0.10294355853245808,
    0.09677981470639889,
    0.09336814398948963,
    0.0948666655100309,
    0.09389854165223929,
    0.09203157000816785,
    0.09214590174647477,
    0.09127801169569676,
    0.0885620443866803,
    0.08747480924312885,
    0.09503709754118553,
    0.10028971244509403,
    0.08942759581483327,
    0.09355055598112252,
    0.0968207037792756,
    0.08469174429774284,
    0.08648144023922774,
    0.08663094702821511,
    0.08700776701936355,
    0.08688488946511196,
    0.08997153175564912,
    0.08796087251259731,
    0.0775270421917622,
    0.08129956773840465,
    0.08145767307052246,
    0.07922184137770763,
    0.07884318152299294,
    0.0851213989349512,
    0.08292836008163598,
    0.0863629450591711,
    0.08556867161622414,
    0.08621731027960777,
    0.08589193425499476,
    0.085561897032536,
    0.08206728358681385,
    0.0828178900365646,
    0.08804931291020833,
    0.08669512131466316,
    0.08433507554806195,
    0.0850675733616719,
    0.08698567003011703,
    0.08351883994272122,
    0.0860446382027406,
    0.08028108096466614,
    0.08827530277463105,
    0.08955865152753316,
    0.08326310091293775,
    0.0902961976826191
  ],