{
  "epoch": [
    1,
    2,
    3,
    4,
    5,
    6,
    7,
    8,
    9,
    10,
    11,
    12,
    13,
    14,
    15,
    16,
    17,
    18,
    19,
    20,
    21,
    22,
    23,
    24,
    25,
    26,
    27,
    28,
    29,
    30,
    31,
    32,
    33,
    34,
    35,
    36,
    37,
    38,
    39,
    40,
    41,
    42,
    43,
    44,
    45,
    46,
    47,
    48,
    49
  ],
  "train_loss": [
    2.2358908573376763,
    0.935851806832343,
    0.47569336227534975,
    0.30601833123214467,
    0.2012030741526294,
    0.15400195682478934,
    0.11511923624298621,
    0.09251739572464805,
    0.08047617324771955,
    0.0642019725049433,
    0.059791127891884635,
    0.0519353503495762,
    0.04472397418078227,
    0.03998867252399934,
    0.03662907955784005,
    0.035093204055903195,
    0.03089581184165994,
    0.026263709907352772,
    0.024615963563303818,
    0.02058892103257714,
    0.019942812170334084,
    0.018434545087637668,
    0.019732479320493403,
    0.01871964929039715,
    0.019433847960977593,
    0.0142089193170775,
    0.01530168179696253,
    0.015064853822005932,
    0.012054167029006196,
    0.015045949008277397,
    0.014220270553253322,
    0.013856008920108074,
    0.01335519394770111,
    0.010322354460307924,
    0.010280100962377548,
    0.009631727425472754,
    0.011141748467013816,
    0.009442516009097669,
    0.008574979135540995,
    0.010815401904203343,
    0.009972239861903308,
    0.012988278849924118,
    0.009106375919726975,
    0.00877060907378015,
    0.008708407001248225,
    0.012696277134158869,
    0.010174903272442309,
    0.00801770057566416,
    0.005624759573244595
  ],
  "val_loss": [
    1.4553046868397639,
    0.5379258279617016,
    0.28124556747766644,
    0.15156855949988732,
    0.1101920885535387,
    0.08356997571312465,
    0.06931558566597792,
    0.06760095360760505,
    0.06291860327697717,
    0.06772236346911925,
    0.06339890968341094,
    0.05974872729096275,
    0.060161862056702375,
    0.058229865900312476,
    0.062102643199838124,
    0.061876752198888704,
    0.0611737293119614,
    0.06678340419267233,
    0.06002864725171374,
    0.061891032803732045,
    0.0625679893956448,
    0.05896374861745594,
    0.06365000530450533,
    0.054505768393238,
    0.06769435767693302,
    0.06074427933288881,
    0.06897128167418906,
    0.07164843402838764,
    0.07067725352960853,
    0.07888126332545653,
    0.07651659572729841,
    0.07110704555032918,
    0.06782986586376165,
    0.07270094868727028,
    0.07768388185202359,
    0.07689364799387896,
    0.07672911197117244,
    0.0778732708937381,
    0.07541616849350528,
    0.07576472910855395,
    0.08150983709268846,
    0.08009618185930706,
    0.07753164899902633,
    0.07846964777071172,
    0.07340921425090458,
    0.0756794352738115,
    0.07736496635390303,
    0.07398973897887537,
    0.07524671524319834
  ],
  "train_transduce": [
    2.2238609680195442,
    0.9316155335952326,
    0.47368810625420404,
    0.3054178802622962,
    0.20102250733480012,
    0.15389342848019502,
    0.11503962600200447,
    0.09245705710167122,
    0.0804330093075627,
    0.06416040778966602,
    0.05976281709700208,
    0.051902640034857485,
    0.044699734384098,
    0.03996531608197646,
    0.03660773823383389,
    0.03507610364845887,
    0.030877802484985634,
    0.026246713647215637,
    0.024599723040231877,
    0.020576653253171862,
    0.019930921166117506,
    0.018427733984804646,
    0.019720083846681818,
    0.018707584106056115,
    0.019421837506239714,
    0.014200029207019078,
    0.015290529327947147,
    0.015054513845525528,
    0.012047813488794587,
    0.015040786417210763,
    0.014213288173477943,
    0.013849460588259258,
    0.013349314089432435,
    0.01031577918191258,
    0.010276623802336375,
    0.009628607794287201,
    0.011138441610586896,
    0.009437823276270718,
    0.008571515093826372,
    0.010811492489271596,
    0.009966826949090957,
    0.01298378583418263,
    0.00910341283894557,
    0.008768511659732164,
    0.008705006695722143,
    0.012694294395803753,
    0.010171974738807772,
    0.00801576178529319,
    0.005622513945089634
  ],
  "val_transduce": [
    1.4490200281143188,
    0.5350706279277802,
    0.2799822917351356,
    0.1513525230380205,
    0.11008980726966491,
    0.08349912527662057,
    0.06926239095628262,
    0.06755567986804706,
    0.06288426842253941,
    0.06769800694802633,
    0.06338237770474874,
    0.059734649633845456,
    0.06014819156665068,
    0.05821685976563738,
    0.06209067960914511,
    0.06186976602587562,
    0.0611678587917525,
    0.06677258075573124,
    0.06002129021530541,
    0.06188456396249911,
    0.06256464985199273,
    0.058958034828090325,
    0.06364464913405335,
    0.05450081105272357,
    0.06769121205434203,
    0.06073839083099021,
    0.06896561662254569,
    0.07164652755734725,
    0.07067469044481046,
    0.0788773198818,
    0.07651389259486817,
    0.07110500486137775,
    0.06782787918256453,
    0.07269900251636639,
    0.07768225292406547,
    0.07689112860064667,
    0.07672774673958954,
    0.07787233693838622,
    0.07541541328940254,
    0.07576236804911438,
    0.0815082179973475,
    0.08009553315731374,
    0.07753118004228991,
    0.0784689790990132,
    0.07340794647013983,
    0.075679322225579,
    0.07736496492109907,
    0.07398946058506575,
    0.07524604096565432
  ],
  "l0": [
    0.0,
    0.0,
    0.0,
    0.0,
    0.0,
    0.0,
    0.0,
    0.0,
    0.0,
    0.0,
    0.0,
    0.0,
    0.0,
    0.0,
    0.0,
    0.0,
    0.0,
    0.0,
    0.0,
    0.0,
    0.0,
    0.0,
    0.0,
    0.0,
    0.0,
    0.0,
    0.0,
    0.0,
    0.0,
    0.0,
    0.0,
    0.0,
    0.0,
    0.0,
    0.0,
    0.0,
    0.0,
    0.0,
    0.0,
    0.0,
    0.0,
    0.0,
    0.0,
    0.0,
    0.0,
    0.0,
    0.0,
    0.0,
    0.0
  ],
  "lambda_l0_effective": [
    0.01,
    0.01,
    0.01,
    0.01,
    0.01,
    0.01,
    0.01,
    0.01,
    0.01,
    0.01,
    0.01,
    0.01,
    0.01,
    0.01,
    0.01,
    0.01,
    0.01,
    0.01,
    0.01,
    0.01,
    0.01,
    0.01,
    0.01,
    0.01,
    0.01,
    0.01,
    0.01,
    0.01,
    0.01,
    0.01,
    0.01,
    0.01,
    0.01,
    0.01,
    0.01,
    0.01,
    0.01,
    0.01,
    0.01,
    0.01,
    0.01,
    0.01,
    0.01,
    0.01,
    0.01,
    0.01,
    0.01,
    0.01,
    0.01
  ],
  "recon_loss": [],
  "balance_loss": []
}