{
  "epoch": [
    1,
    2,
    3,
    4,
    5,
    6,
    7,
    8,
    9,
    10,
    11,
    12,
    13,
    14,
    15,
    16,
    17,
    18,
    19,
    20,
    21,
    22,
    23,
    24,
    25,
    26,
    27,
    28,
    29,
    30,
    31,
    32,
    33,
    34,
    35,
    36,
    37,
    38,
    39,
    40,
    41,
    42,
    43,
    44,
    45,
    46,
    47,
    48,
    49,
    50,
    51,
    52,
    53,
    54,
    55,
    56,
    57,
    58,
    59,
    60,
    61,
    62,
    63,
    64,
    65,
    66,
    67,
    68,
    69,
    70,
    71,
    72,
    73,
    74,
    75,
    76,
    77,
    78,
    79,
    80,
    81,
    82,
    83,
    84,
    85,
    86,
    87,
    88,
    89,
    90,
    91,
    92,
    93,
    94,
    95,
    96,
    97,
    98,
    99,
    100,
    101,
    102,
    103,
    104,
    105,
    106,
    107,
    108,
    109,
    110,
    111,
    112,
    113,
    114,
    115,
    116,
    117,
    118,
    119,
    120,
    121,
    122,
    123,
    124,
    125,
    126,
    127,
    128,
    129,
    130
  ],
  "train_loss": [
    1.243535514344874,
    0.6323769240035224,
    0.4370425959530565,
    0.32936192357663024,
    0.25944420587770717,
    0.21864168610923068,
    0.18545698616461656,
    0.16534670465385792,
    0.1521144958846655,
    0.1373106997421722,
    0.1211071328749669,
    0.11481279002252928,
    0.10156549069761615,
    0.09619514175604299,
    0.08556769577037428,
    0.0802955926040706,
    0.07408374861919696,
    0.06977258561198245,
    0.06640923071230195,
    0.0607772748437278,
    0.05805028961568149,
    0.05374043648966502,
    0.04935167555111585,
    0.04423810278075104,
    0.04423594073459659,
    0.03917742627624845,
    0.039054887350072565,
    0.035227817267217895,
    0.0334701704523843,
    0.033132068289578265,
    0.030005126922708198,
    0.02699662315582415,
    0.027697605599370814,
    0.024517141640205513,
    0.024780795808651092,
    0.024425816871033807,
    0.02199516481643101,
    0.021961572572838553,
    0.019550120177169898,
    0.019719222538922096,
    0.019816185275726404,
    0.018407220879003174,
    0.017382536217877546,
    0.0180564706667432,
    0.01599058613886807,
    0.015340740877664504,
    0.015699098681186123,
    0.012361158171582237,
    0.014018034795299172,
    0.014117596010898346,
    0.011865838559238798,
    0.013472090972126606,
    0.01170008191622832,
    0.011961236688519646,
    0.012169171745778475,
    0.01284120948301129,
    0.01221515495958978,
    0.010347382046675943,
    0.009215293785187503,
    0.011127788371876958,
    0.010678705214474773,
    0.008749467218126718,
    0.00917140832686912,
    0.008779148935441157,
    0.00955320039545618,
    0.00924192524824733,
    0.008455810698166913,
    0.009646948584182592,
    0.009368766244433667,
    0.008207815059595117,
    0.007200208864626042,
    0.006036355086667079,
    0.00850874466759143,
    0.007196693636774633,
    0.007230475192083065,
    0.008476054634342027,
    0.006203945037265567,
    0.0062245998509677086,
    0.006701983761380801,
    0.007916282896929392,
    0.00593996345102739,
    0.006182913234596592,
    0.004682355732885045,
    0.0061018390103348905,
    0.0055680716309466005,
    0.00545252325432135,
    0.006182239302548042,
    0.007164892179023753,
    0.005454169791527861,
    0.005908617585088539,
    0.005803328657945253,
    0.006532416252158918,
    0.0048112753747491955,
    0.0059709046636084,
    0.004971943328519515,
    0.004623992596308883,
    0.005218539880702666,
    0.005704427408606543,
    0.0049558757744626305,
    0.004601392795370181,
    0.0045036188962559705,
    0.004267310013168866,
    0.00376394027697052,
    0.005162540027066422,
    0.003971524068848086,
    0.003475732293961685,
    0.00421535681282679,
    0.004027934616687228,
    0.00422439984116132,
    0.004115623797166411,
    0.003466122348063155,
    0.0033340209082564696,
    0.0038760036016159123,
    0.0038996680596778553,
    0.003300543666574816,
    0.004063100555399193,
    0.004652283716626998,
    0.003360343125340356,
    0.003088655806723838,
    0.0034485954681643016,
    0.004070391495935331,
    0.003390509573101863,
    0.0027431459216366175,
    0.0032493662287585543,
    0.003134195733942648,
    0.003344057741339112,
    0.0028198736178365862,
    0.0033287437218325402,
    0.0024116061306522544,
    0.0030156053837026306
  ],
  "val_loss": [
    0.659952136186453,
    0.5047279206606058,
    0.4033036759266487,
    0.3562160042616037,
    0.3336026634161289,
    0.29436915539778197,
    0.2845262059798607,
    0.25815277374707735,
    0.24851867785820594,
    0.24074327831084913,
    0.2570858792616771,
    0.21361578771701226,
    0.21599682707052964,
    0.2161107905782186,
    0.21269071675263918,
    0.19782257137390283,
    0.2033247993542598,
    0.18395730623832116,
    0.18168166738290054,
    0.1847451632985702,
    0.1787660884169432,
    0.18095822288439825,
    0.16277884405392867,
    0.17822489543603018,
    0.15898388681503442,
    0.15882426328383958,
    0.1542742349780523,
    0.16275126658953154,
    0.1531144893513276,
    0.13813151505130988,
    0.1401147825213579,
    0.14931605355097696,
    0.14376484545377585,
    0.14340458466456488,
    0.1403784121458347,
    0.12969805472172224,
    0.13448126126940435,
    0.13107737096456382,
    0.13816053907458598,
    0.13629290260947668,
    0.13974557931606585,
    0.13282002967137557,
    0.13699263878739798,
    0.13756939568198645,
    0.12994012952997133,
    0.12140099217112248,
    0.1317943474994256,
    0.13095467709578001,
    0.13868610131052825,
    0.1353251813695981,
    0.12129237029988033,
    0.12574856441754562,
    0.11878244822415021,
    0.11810143205981988,
    0.10664900564230405,
    0.11983936709853318,
    0.11355093121528625,
    0.11886166007472919,
    0.12043756131942455,
    0.12699802019275153,
    0.12840128575380033,
    0.11846563220024109,
    0.1185447325786719,
    0.108617945216023,
    0.12070278092645682,
    0.11499023466156079,
    0.1078608838411478,
    0.1189072447327467,
    0.122044615734082,
    0.11669501103460789,
    0.10992967222745602,
    0.112668330494601,
    0.10927760063742216,
    0.10741854143830445,
    0.10089407438555589,
    0.10159418474023159,
    0.11388293023292835,
    0.11423473790861093,
    0.11690220924524161,
    0.12037017425665489,
    0.10573527546456227,
    0.10665197011369926,
    0.1187055757125983,
    0.10803585528181149,
    0.10960290093834583,
    0.10589840943710162,
    0.10733328437289366,
    0.10164155051685296,
    0.11220292274195415,
    0.11145339963527826,
    0.11080977768422319,
    0.11161509048766814,
    0.11104873682443912,
    0.10544450530925623,
    0.11274605573943028,
    0.10118312617907158,
    0.09874701191886114,
    0.09997747247465529,
    0.09059843743363252,
    0.0926732999774126,
    0.0935815113524978,
    0.09866220955378734,
    0.10069697350263596,
    0.0988861509383871,
    0.09015268166191302,
    0.09656882859193362,
    0.10285469295027164,
    0.09438518320138638,
    0.09837186057120562,
    0.09626633623758188,
    0.09558940248993728,
    0.0986057510957695,
    0.098642791979588,
    0.09535595638534197,
    0.09888816954424748,
    0.10606330092279957,
    0.09821530453001077,
    0.10331326938019349,
    0.09688154604429236,
    0.09521120933529276,
    0.09573857006258689,
    0.10024658203698121,
    0.09818894129533035,
    0.09882597610927545,
    0.10702897851856855,
    0.09782566903875424,
    0.09909388688034736,
    0.10399148946341413,
    0.1077170385979116,
    0.10183658411439794
  ],