{
  "epoch": [
    1,
    2,
    3,
    4,
    5,
    6,
    7,
    8,
    9,
    10,
    11,
    12,
    13,
    14,
    15,
    16,
    17,
    18,
    19,
    20,
    21,
    22,
    23,
    24,
    25,
    26,
    27,
    28,
    29,
    30,
    31,
    32,
    33,
    34,
    35,
    36,
    37,
    38,
    39,
    40,
    41,
    42,
    43,
    44,
    45
  ],
  "train_loss": [
    2.234334023342919,
    0.857736811041832,
    0.42072121215235325,
    0.26203087463821334,
    0.1757999670874212,
    0.12819952846111096,
    0.09722875771064733,
    0.08034182314943407,
    0.06590162887785238,
    0.053176424730108265,
    0.045458738557687124,
    0.03984995603503794,
    0.03489577107265899,
    0.03044679177176092,
    0.030430244800356245,
    0.02478219838284878,
    0.027244998646189563,
    0.02016195763123327,
    0.01894456692299201,
    0.018492342784194295,
    0.014721033348193028,
    0.01403660640437348,
    0.016235478357987998,
    0.014310187579747098,
    0.014104452907088567,
    0.013271558409335917,
    0.013079123830149123,
    0.014404642392074708,
    0.010530294444215167,
    0.008787630817171224,
    0.01067804495357553,
    0.009574639178289235,
    0.011742691259792786,
    0.01172983362795497,
    0.008379822632912355,
    0.007619119149071078,
    0.00835307201577024,
    0.006939195223409471,
    0.006193905164482859,
    0.008949732954599462,
    0.008820132852277536,
    0.006258991517224973,
    0.005802828896569914,
    0.005760606075577035,
    0.0063599706717440375
  ],
  "val_loss": [
    1.2699711414483876,
    0.4523165501081027,
    0.22449631645129278,
    0.1041504551584904,
    0.07149522106807965,
    0.05650997978563492,
    0.04459174435872298,
    0.037383262712795004,
    0.03582422424537631,
    0.030520940092034064,
    0.02908030322466332,
    0.0316807956327326,
    0.029232308940173916,
    0.03085886386151497,
    0.02665944114470711,
    0.028416204812506642,
    0.02812039710652943,
    0.02822990522075158,
    0.027566576555657845,
    0.024899350550885383,
    0.028480402131278355,
    0.025526841524809312,
    0.02809237141180067,
    0.027586328479138993,
    0.02544059552691089,
    0.027325328699169822,
    0.02781180588555379,
    0.028342101510273866,
    0.02663698868463353,
    0.027628188991981845,
    0.02587620305600397,
    0.03104952611073923,
    0.031057544461173866,
    0.02717554519655935,
    0.026351226620765653,
    0.025932626970573507,
    0.02975384655292146,
    0.027954834947125234,
    0.028232905056658916,
    0.029283243805156626,
    0.028682077395877477,
    0.029098776509971894,
    0.029796819803707946,
    0.029472234333157897,
    0.026074569455746453
  ],
  "train_transduce": [
    2.226714269402101,
    0.8575746785734117,
    0.42063443170687587,
    0.2619874018830122,
    0.1757609310761555,
    0.12817219959706375,
    0.09719952789240892,
    0.08032265123095095,
    0.06587916462845408,
    0.05315527208053421,
    0.04543618506454315,
    0.03983506998623308,
    0.03487673481523069,
    0.03043285137061606,
    0.030412692912691032,
    0.02477141372744263,
    0.02723622529709846,
    0.020151927668754895,
    0.018928869128150425,
    0.01848163671513117,
    0.014710497735164215,
    0.014028899770076434,
    0.016225245358787246,
    0.014300511343423854,
    0.0140986123335903,
    0.013265903010609146,
    0.013071342859868459,
    0.01439836666410424,
    0.010523312946555886,
    0.008781266029079244,
    0.010673745836553731,
    0.009569875605538795,
    0.011738563953783632,
    0.011727784946320829,
    0.008377238793644248,
    0.007616040756513086,
    0.008349823340000681,
    0.006937559032464668,
    0.006191706469704963,
    0.008946918318955438,
    0.008817720006714509,
    0.0062545697998673145,
    0.005800107749030186,
    0.005758160808346877,
    0.006358366973275684
  ],
  "val_transduce": [
    1.2696833060337946,
    0.4522418356858767,
    0.22447689679952768,
    0.10413890589888279,
    0.07148215074378711,
    0.05649455493459335,
    0.04457169018972378,
    0.03737563793905652,
    0.035820738484080024,
    0.03051499080342742,
    0.02905372424552647,
    0.03167043277062476,
    0.029211819825622324,
    0.03085782868751826,
    0.026656676244993623,
    0.02841379353776574,
    0.028102074069185898,
    0.02821763086383446,
    0.027545023279694412,
    0.024892786289386164,
    0.028473336598835886,
    0.025519305361040797,
    0.028090681336694755,
    0.02758064972406898,
    0.025431500105276846,
    0.02732167647067959,
    0.02780925463929844,
    0.028341500876614682,
    0.026635889549372502,
    0.0276268024899764,
    0.025873438986869026,
    0.031048082341350473,
    0.031057544461173866,
    0.02717554519655935,
    0.026350654843554366,
    0.02593234786931694,
    0.029753143905859012,
    0.027953802217850283,
    0.02823287195888742,
    0.029282859885335293,
    0.02868191226522098,
    0.029096907119450267,
    0.029796036561422694,
    0.029471162703255407,
    0.026074569455746453
  ],
  "l0": [
    0.0,
    0.0,
    0.0,
    0.0,
    0.0,
    0.0,
    0.0,
    0.0,
    0.0,
    0.0,
    0.0,
    0.0,
    0.0,
    0.0,
    0.0,
    0.0,
    0.0,
    0.0,
    0.0,
    0.0,
    0.0,
    0.0,
    0.0,
    0.0,
    0.0,
    0.0,
    0.0,
    0.0,
    0.0,
    0.0,
    0.0,
    0.0,
    0.0,
    0.0,
    0.0,
    0.0,
    0.0,
    0.0,
    0.0,
    0.0,
    0.0,
    0.0,
    0.0,
    0.0,
    0.0
  ],
  "lambda_l0_effective": [
    0.01,
    0.01,
    0.01,
    0.01,
    0.01,
    0.01,
    0.01,
    0.01,
    0.01,
    0.01,
    0.01,
    0.01,
    0.01,
    0.01,
    0.01,
    0.01,
    0.01,
    0.01,
    0.01,
    0.01,
    0.01,
    0.01,
    0.01,
    0.01,
    0.01,
    0.01,
    0.01,
    0.01,
    0.01,
    0.01,
    0.01,
    0.01,
    0.01,
    0.01,
    0.01,
    0.01,
    0.01,
    0.01,
    0.01,
    0.01,
    0.01,
    0.01,
    0.01,
    0.01,
    0.01
  ],
  "recon_loss": [],
  "balance_loss": []
}