{
  "epoch": [
    1,
    2,
    3,
    4,
    5,
    6,
    7,
    8,
    9,
    10,
    11,
    12,
    13,
    14,
    15,
    16,
    17,
    18,
    19,
    20,
    21,
    22,
    23,
    24,
    25,
    26,
    27,
    28,
    29,
    30,
    31,
    32,
    33,
    34,
    35,
    36,
    37,
    38,
    39,
    40,
    41,
    42,
    43,
    44,
    45,
    46,
    47,
    48,
    49,
    50,
    51,
    52,
    53,
    54,
    55,
    56,
    57,
    58,
    59,
    60,
    61,
    62,
    63,
    64,
    65,
    66,
    67,
    68,
    69,
    70,
    71,
    72,
    73,
    74,
    75,
    76,
    77,
    78,
    79,
    80,
    81,
    82,
    83,
    84,
    85,
    86,
    87,
    88,
    89,
    90,
    91,
    92,
    93,
    94,
    95,
    96,
    97,
    98,
    99,
    100,
    101,
    102,
    103,
    104,
    105,
    106,
    107,
    108,
    109,
    110,
    111,
    112,
    113,
    114,
    115,
    116,
    117
  ],
  "train_loss": [
    1.333377206679618,
    0.7742172898632464,
    0.5944222217739219,
    0.5046784131243678,
    0.4581027104712949,
    0.42025826886148737,
    0.3892105105194715,
    0.36379112465546865,
    0.34351193890123083,
    0.3280005955164976,
    0.3108862448151749,
    0.29300345495195673,
    0.28099797371000346,
    0.27250826447316917,
    0.26291397199182226,
    0.25487843642730523,
    0.24308660995252063,
    0.23503071158239158,
    0.226632359741938,
    0.21640497387045682,
    0.21415744662874997,
    0.20199602230055497,
    0.19636980613859573,
    0.18844110393288113,
    0.18212865654489782,
    0.17829878141384314,
    0.16826324275519589,
    0.15905133324979556,
    0.15489888751860892,
    0.15107190431934772,
    0.14421448790200866,
    0.14146023996100568,
    0.13476005292469911,
    0.13139741749751685,
    0.126850888723194,
    0.1224681746103976,
    0.11949682427514897,
    0.11355397802325759,
    0.1087826452780478,
    0.10723579512669308,
    0.10336869859164304,
    0.09951164673017983,
    0.09728411271578015,
    0.09399056984203877,
    0.08980100531831826,
    0.08672305845683163,
    0.08647031735370656,
    0.08237072913953573,
    0.08006292242224854,
    0.07702472791223243,
    0.07698398909651406,
    0.07173903312275906,
    0.07077880889767467,
    0.06819484183693876,
    0.06509365213315675,
    0.06515630913695486,
    0.063170284825829,
    0.060291858980118636,
    0.05860093872219619,
    0.05729067382762338,
    0.053938135338744315,
    0.05464510544028023,
    0.051565977329812426,
    0.050441194122823156,
    0.049384602778913954,
    0.04841340244701593,
    0.04613753871088571,
    0.04379835236116801,
    0.04410755815039767,
    0.04384339226428235,
    0.040008255179123126,
    0.03854149183498161,
    0.03715886079733915,
    0.03711044144733708,
    0.036711910628888865,
    0.03489898399698852,
    0.033503533165791244,
    0.034375971146296744,
    0.03374981211664358,
    0.03329125522534446,
    0.030924453639821842,
    0.030418844303429716,
    0.028012389713658555,
    0.028867903571243924,
    0.029010792438051488,
    0.02708404874521317,
    0.0253846507777672,
    0.0254986017001885,
    0.02461280001530258,
    0.02448879196170238,
    0.024505876945239483,
    0.02384950472318595,
    0.024194934852605703,
    0.02277698023429159,
    0.022837070831199093,
    0.021617370215014066,
    0.021417241478984307,
    0.021445933655642048,
    0.02110210184634912,
    0.020048170428870634,
    0.019449057352572383,
    0.017111297019084197,
    0.016349844823563747,
    0.016237522480031935,
    0.018028037511918803,
    0.016290362301918836,
    0.017171027627543058,
    0.017071448437094985,
    0.01588964252502169,
    0.01588862399008162,
    0.014380550445380186,
    0.015291118037674835,
    0.014927940251822076,
    0.01450866603956438,
    0.012627803485397951,
    0.014462689710043298,
    0.013997235351546419
  ],
  "val_loss": [
    0.8436384246899531,
    0.5901300334013425,
    0.4959498964823209,
    0.44025628154094404,
    0.3978503759090717,
    0.3724428243361987,
    0.35634054243564606,
    0.33618319263825047,
    0.3199448837683751,
    0.30067010109241193,
    0.29204224279293645,
    0.28688371639985305,
    0.27589559096556443,
    0.26768962695048404,
    0.2582273448889072,
    0.2538097718587288,
    0.24408000994187135,
    0.23980820178985596,
    0.230627596951448,
    0.23425960941956595,
    0.21331533789634705,
    0.21051675023940894,
    0.21092394108955675,
    0.20394166673605257,
    0.20215019067892662,
    0.1982808348077994,
    0.1929961173580243,
    0.1878706211080918,
    0.19263698275272662,
    0.18193006572815087,
    0.17725600588780183,
    0.1778325799566049,
    0.1741267253573124,
    0.16937174648046494,
    0.17077715809528643,
    0.16168586107400748,
    0.1797192320227623,
    0.16097993776202202,
    0.1627308944096932,
    0.1669501283994088,
    0.16788686353426713,
    0.15613017947627947,
    0.15140050936203736,
    0.14864588299622902,
    0.16374658048152924,
    0.15064863917919305,
    0.1557745669896786,
    0.16032062012415665,
    0.14694183463087448,
    0.14855045911211234,
    0.15281153011780518,
    0.15315103588195947,
    0.14343866190085044,
    0.14452696562959597,
    0.13493103304734597,
    0.141430645607985,
    0.13889832708698052,
    0.13884008274628565,
    0.13932973347031152,
    0.13344430006467378,
    0.1384148895740509,
    0.13654813170433044,
    0.14295830548955843,
    0.1333413519538366,
    0.132700505021673,
    0.13829963023845965,
    0.1349376874187818,
    0.13697257580665442,
    0.13273675854389483,
    0.13612833389869103,
    0.13172463685847247,
    0.13655536177639777,
    0.1313403989546574,
    0.13153438413372406,
    0.1325488551878012,
    0.13015249701073536,
    0.1386206286171308,
    0.1285284161567688,
    0.1386698018759489,
    0.1274075056784428,
    0.13409026253681916,
    0.12577755820865816,
    0.13207880722788665,
    0.1344685832468363,
    0.12592807956613028,
    0.13515600103598374,
    0.1267285649306499,
    0.1300951623572753,
    0.1312732593371318,
    0.12669447551553065,
    0.1250714949117257,
    0.12023153886772119,
    0.13132491392584947,
    0.12474722744753727,
    0.12328639884407704,
    0.12276240968360351,
    0.12397797577656232,
    0.12477197713003708,
    0.12130182480009702,
    0.12184143410279201,
    0.12658514426304743,
    0.12758667050645903,
    0.126040394203021,
    0.1319513560201113,
    0.13218322496574658,
    0.12800619120781237,
    0.12726920642531836,
    0.1229949753301648,
    0.12339240068999621,
    0.1278298792357628,
    0.14038009554720843,
    0.12916334632497567,
    0.1297864097242172,
    0.12849046633793756,
    0.1282270448282361,
    0.1255155371931883,
    0.12231490238068196
  ],