{
  "epoch": [
    1,
    2,
    3,
    4,
    5,
    6,
    7,
    8,
    9,
    10,
    11,
    12,
    13,
    14,
    15,
    16,
    17,
    18,
    19,
    20,
    21,
    22,
    23,
    24,
    25,
    26,
    27,
    28,
    29,
    30,
    31,
    32,
    33,
    34,
    35,
    36,
    37,
    38,
    39,
    40,
    41,
    42,
    43,
    44,
    45,
    46,
    47,
    48,
    49,
    50,
    51,
    52,
    53,
    54,
    55,
    56,
    57,
    58,
    59,
    60,
    61,
    62,
    63,
    64,
    65,
    66,
    67,
    68,
    69,
    70,
    71,
    72,
    73,
    74,
    75,
    76,
    77,
    78,
    79,
    80,
    81,
    82,
    83,
    84,
    85,
    86,
    87,
    88,
    89,
    90,
    91,
    92,
    93,
    94,
    95,
    96,
    97,
    98,
    99,
    100,
    101,
    102,
    103,
    104,
    105,
    106,
    107,
    108,
    109,
    110,
    111,
    112,
    113,
    114,
    115,
    116,
    117,
    118,
    119,
    120,
    121,
    122
  ],
  "train_loss": [
    1.4024620200555349,
    0.8114000832297138,
    0.6318854737220351,
    0.5146418385898944,
    0.4282617742560573,
    0.3634359892649749,
    0.3152244067222802,
    0.2773062130532314,
    0.24942345579260403,
    0.22637666562168868,
    0.20659647298227882,
    0.1895608080877471,
    0.17393051475747345,
    0.162883069596647,
    0.14931531181347737,
    0.14225212726550004,
    0.13197811136079818,
    0.1213001429688992,
    0.11493358457672227,
    0.10947031641052556,
    0.10424643580216109,
    0.09884321852827195,
    0.09426104724791247,
    0.08688174579868611,
    0.08166093619290701,
    0.07692533547116309,
    0.07498523848342527,
    0.07092515444479038,
    0.0678677637821313,
    0.06410822805170853,
    0.05767844636569318,
    0.05596216005686017,
    0.05640278277515443,
    0.051137079792001196,
    0.05046362545072418,
    0.04909774075387065,
    0.04714581570059983,
    0.041389094819266774,
    0.04306700331706208,
    0.0395824818094213,
    0.039741260009174495,
    0.03429827206892912,
    0.03437251476666976,
    0.03308058940546261,
    0.035394216417190955,
    0.03278902489883998,
    0.02987159815492089,
    0.029902287499652694,
    0.029112549354658297,
    0.029804636844309028,
    0.02735240059933558,
    0.025508783299226276,
    0.025161589716666752,
    0.025189700462020088,
    0.023194445426739062,
    0.024914310196145754,
    0.024246727174013546,
    0.023928867881042287,
    0.020516048367951335,
    0.02206254617512687,
    0.020371187351087165,
    0.020426831164963775,
    0.019615748413531205,
    0.018733202002116853,
    0.01902555565580188,
    0.020024613918947803,
    0.018212816717592787,
    0.016766866601849954,
    0.015023664349315631,
    0.017049531343143395,
    0.015788397702542086,
    0.01840975088518612,
    0.016838870488932914,
    0.016552211926798767,
    0.014882697696202271,
    0.014495316916865479,
    0.015821160449761628,
    0.01597059104044336,
    0.013603433502175528,
    0.014798510733262165,
    0.014291750187937593,
    0.013486067297599595,
    0.013295484101879843,
    0.01311354302277923,
    0.012502325677730566,
    0.011366338260860672,
    0.013521934968068926,
    0.01075349386286989,
    0.01111016985864292,
    0.011382617518430595,
    0.011302269800186887,
    0.012643688837829594,
    0.011041501741592302,
    0.011735474904423062,
    0.010793542494810158,
    0.011079483173461151,
    0.010473147019643107,
    0.009408148378853868,
    0.009602349069084703,
    0.010363712439375939,
    0.009725650779053224,
    0.009697768480166524,
    0.009081854010912944,
    0.00930958043858313,
    0.009546278729271527,
    0.009730992631113022,
    0.008966934228719203,
    0.008979796736198718,
    0.007748520227698801,
    0.009085388393885428,
    0.01002967726564054,
    0.00766933836209703,
    0.008362176235808424,
    0.008618900170141696,
    0.008346874435185022,
    0.009123119727838016,
    0.009401798577434336,
    0.007875052906306385,
    0.008065797397554805,
    0.007462681494065148,
    0.0069652356308784105,
    0.0072859480782632826
  ],
  "val_loss": [
    0.7687305395419781,
    0.590076377758613,
    0.522788955615117,
    0.4537947177886963,
    0.4219212509118594,
    0.38502499002676743,
    0.3647688604318179,
    0.3413857634250934,
    0.32339516052832973,
    0.31047356816438526,
    0.28781157846634203,
    0.27680918688957507,
    0.26257216242643505,
    0.26912701015289014,
    0.27103934035851407,
    0.23297719428172478,
    0.23109171367608583,
    0.2208627129976566,
    0.21135385563740364,
    0.2237537709566263,
    0.21297921125705427,
    0.20281709616000837,
    0.19517856320509544,
    0.18517102702305868,
    0.2001488758967473,
    0.19040967237490874,
    0.1809602173475119,
    0.17662159811991912,
    0.16735723958565638,
    0.1758057910662431,
    0.16980419250635,
    0.1690752265545038,
    0.16684949283416456,
    0.18023514804931787,
    0.15311706639253175,
    0.15401938557624817,
    0.13568518024224502,
    0.14393845659035903,
    0.13890870116077936,
    0.1460109490614671,
    0.1444449035020975,
    0.14183530784570253,
    0.14975093820920357,
    0.1674096263371981,
    0.1557638467504428,
    0.15031688603071067,
    0.132638119161129,
    0.1369685702599012,
    0.1262102430829635,
    0.14256138526476347,
    0.12675660304152048,
    0.1292135675366108,
    0.1280526573268267,
    0.12073309461657818,
    0.12447838857769966,
    0.1507674942796047,
    0.13072286345637762,
    0.13196309054127106,
    0.13213850643772346,
    0.1199156753718853,
    0.12451525806234433,
    0.1269597958486814,
    0.1267971953806969,
    0.12303903641609046,
    0.12235918784370789,
    0.12380839253847416,
    0.11894885794474529,
    0.11881410172925545,
    0.13082977584921396,
    0.11869449669925067,
    0.12727593888457006,
    0.12356484538087478,
    0.12321499993021671,
    0.12163668297804318,
    0.12553505828747383,
    0.12602843530476093,
    0.1311153769493103,
    0.1255964944855525,
    0.12229803749001943,
    0.11653541329388435,
    0.11804114009898442,
    0.11948376406843846,
    0.12254606273311835,
    0.11326746699901727,
    0.11555170669005467,
    0.12514548963652208,
    0.128969816920849,
    0.11454396795194882,
    0.11909426490847881,
    0.11843476243890248,
    0.11666550444295773,
    0.11703601379234058,
    0.1228212400411184,
    0.11813021967044243,
    0.11250128568365024,
    0.11225268731896694,
    0.11170323895147213,
    0.12045225071219298,
    0.11366842658473895,
    0.12027991376817226,
    0.11887787640667878,
    0.1218020855807341,
    0.12723434071701306,
    0.12401126683331452,
    0.12338166383023445,
    0.12377375593552223,
    0.1161996120443711,
    0.11639767383726743,
    0.12196915560903457,
    0.11686297391469662,
    0.11692171880545524,
    0.12015046859876467,
    0.11435278555235037,
    0.11854939485112062,
    0.1147120726796297,
    0.11659653534969458,
    0.11959716520057274,
    0.11929627758665727,
    0.11894090946477193,
    0.12398555151258524,
    0.11939768342731091,
    0.11611339886887716
  ],