{
  "epoch": [
    1,
    2,
    3,
    4,
    5,
    6,
    7,
    8,
    9,
    10,
    11,
    12,
    13,
    14,
    15,
    16,
    17,
    18,
    19,
    20,
    21,
    22,
    23,
    24,
    25,
    26,
    27,
    28,
    29,
    30,
    31,
    32,
    33,
    34,
    35,
    36,
    37,
    38,
    39,
    40,
    41,
    42,
    43,
    44,
    45,
    46,
    47,
    48,
    49,
    50,
    51,
    52,
    53,
    54,
    55,
    56,
    57,
    58,
    59,
    60,
    61,
    62,
    63,
    64,
    65,
    66,
    67,
    68,
    69,
    70,
    71,
    72,
    73,
    74,
    75,
    76,
    77,
    78,
    79,
    80,
    81,
    82
  ],
  "train_loss": [
    1.2413345415567614,
    0.6472464060967731,
    0.4686564266988912,
    0.3598342095453715,
    0.2959280087775791,
    0.2528805544542283,
    0.21864486677744954,
    0.19788646064314647,
    0.17654173629185588,
    0.1605617812613851,
    0.1459380710478296,
    0.13416089109845997,
    0.12247333913734279,
    0.11202958205081139,
    0.10456626497439503,
    0.10020155378991795,
    0.09065428347394024,
    0.08547219683982663,
    0.08193493818806619,
    0.07511653978684821,
    0.07034157577556432,
    0.06495460057535123,
    0.06231516683186145,
    0.057369561769913154,
    0.056218149495723936,
    0.0534302606775435,
    0.04908105390165577,
    0.04449507596988961,
    0.043729151344675685,
    0.04266847521258691,
    0.03994208977068054,
    0.037819728370487075,
    0.037685392894926145,
    0.031753974683467565,
    0.03356548734297304,
    0.031615929807699526,
    0.031220663454114776,
    0.029444578540578636,
    0.027575388906005117,
    0.025632815747569825,
    0.02802152612208168,
    0.022237299699048252,
    0.022807500653986616,
    0.02409077315236029,
    0.02249171923289133,
    0.022844223454402585,
    0.019425874870011257,
    0.021893730583917543,
    0.019582947216851197,
    0.020434172618798145,
    0.017113351848782953,
    0.01928778224235842,
    0.01629509115663655,
    0.018645747179482326,
    0.01630572440851595,
    0.017790990353552336,
    0.015386304298425382,
    0.015632043533824077,
    0.014340907820145186,
    0.01212514797525634,
    0.011883159033046825,
    0.014597495404532966,
    0.012946475190398543,
    0.012910897366476926,
    0.012742029884038013,
    0.012336335703610568,
    0.011373898405677726,
    0.01306665726978159,
    0.011151966746277223,
    0.010654962203974268,
    0.010200933182129598,
    0.011725402616574093,
    0.009839640064080986,
    0.009722755091041615,
    0.010944755770117236,
    0.011240641239636875,
    0.00941215815609465,
    0.00861479829577969,
    0.008454172701284424,
    0.008077776165122223,
    0.0073147790903134325,
    0.007936522379918407
  ],
  "val_loss": [
    0.6743896695283743,
    0.5249086824747232,
    0.4575710663428673,
    0.39460370861566985,
    0.38029398826452404,
    0.3483474231683291,
    0.2983279652320422,
    0.3114176828127641,
    0.303127883718564,
    0.2817720312338609,
    0.2658928965146725,
    0.2515821078648934,
    0.23711962424791777,
    0.22946682686989123,
    0.2623152847473438,
    0.21548644281350648,
    0.21673351297011742,
    0.20661699771881104,
    0.2044348453099911,
    0.20001763907762674,
    0.18731665725891405,
    0.2295390241421186,
    0.19385517216645753,
    0.1779633961044825,
    0.17403913919742292,
    0.1805847596663695,
    0.17250027966040832,
    0.1776961013674736,
    0.1714438973711087,
    0.18084348967442146,
    0.16239367253505266,
    0.17036810689247572,
    0.17078686964053374,
    0.16781345582925355,
    0.17096945471488512,
    0.16414879319759515,
    0.18484690957344496,
    0.17974160325068694,
    0.16582750643675143,
    0.16909180409633195,
    0.16412658989429474,
    0.1583059229529821,
    0.16068493173672602,
    0.15010415017604828,
    0.1520050156574983,
    0.16614124465447205,
    0.15888452701843703,
    0.1566855265544011,
    0.16445037378714636,
    0.1584846583696512,
    0.1549312650011136,
    0.15448688314511225,
    0.1570065193451368,
    0.16266201436519623,
    0.159740068591558,
    0.1445440174295352,
    0.1386172894674998,
    0.1560925428683941,
    0.16060256786071336,
    0.14250208380130622,
    0.14131551149945992,
    0.16005713263383278,
    0.14284599658388358,
    0.14939440328341264,
    0.1568167329980777,
    0.1507019208600888,
    0.1391814537346363,
    0.14431386469648436,
    0.14735196416194624,
    0.15667771318784127,
    0.15445460637028402,
    0.15049141788711914,
    0.14156977603068718,
    0.1495616355767617,
    0.1550041173513119,
    0.14165397103016192,
    0.141017970843957,
    0.15032727615191385,
    0.15134099269142517,
    0.14566591553963149,
    0.16104856935831216,
    0.15161644495450532
  ],
  "train_transduce": [
    1.2394619802224267,
    0.6465002611740348,
    0.46758514658077477,
    0.35892748602272306,
    0.2949412184738621,
    0.2517385821520668,
    0.21775646188978068,
    0.19694439367842428,
    0.17565692607889472,
    0.1597575867913433,
    0.14538081378205536,
    0.1335771549301049,
    0.12177601802287642,
    0.11148136652545217,
    0.10394345490818786,
    0.09965578497377868,
    0.09026239380317251,
    0.0850581831788433,
    0.08153369588796626,
    0.07475334961812213,
    0.07005250748707768,
    0.06467839992921992,
    0.0621227052869256,
    0.05710100003316538,
    0.05597870168996226,
    0.05322240743325236,
    0.04888988395711196,
    0.0442515791048171,
    0.043500303929268395,
    0.04246678132294994,
    0.03965927753597498,
    0.0376547396221419,
    0.03754646147207655,
    0.03166971401042622,
    0.033495370231415196,
    0.031551611004877335,
    0.031218169530680805,
    0.029419593441002454,
    0.02758636879590676,
    0.025578082735967084,
    0.027935374204126985,
    0.022266998169367613,
    0.02285294845633055,
    0.024078967232141913,
    0.02255018712405461,
    0.02288514314718621,
    0.01953791300334113,
    0.02204083297737711,
    0.019682975628739705,
    0.020588254181610553,
    0.017292568769747604,
    0.019466868953385688,
    0.01647473562907274,
    0.01879007334955344,
    0.016533575108342025,
    0.0180566790321669,
    0.01563237473301436,
    0.015956546628809312,
    0.014635088793530138,
    0.012411426800211948,
    0.012236332015576052,
    0.014846981308643812,
    0.013285250975462348,
    0.013216404238302913,
    0.013081141407889574,
    0.012733363682648992,
    0.011769924668676806,
    0.013478878531460986,
    0.01159204213313528,
    0.011121073381293603,
    0.010659387384387712,
    0.012248440229780395,
    0.010368227593231102,
    0.010278549608798487,
    0.011472292112416982,
    0.011721072069215636,
    0.010009451035995843,
    0.00919188173864632,
    0.009052061767451772,
    0.008727547465091495,
    0.00797749217239583,
    0.008593536277311211
  ],