{
  "epoch": [
    1,
    2,
    3,
    4,
    5,
    6,
    7,
    8,
    9,
    10,
    11,
    12,
    13,
    14,
    15,
    16,
    17,
    18,
    19,
    20,
    21,
    22,
    23,
    24,
    25,
    26,
    27,
    28,
    29,
    30,
    31,
    32,
    33,
    34,
    35,
    36,
    37,
    38,
    39,
    40,
    41,
    42,
    43,
    44,
    45,
    46,
    47,
    48,
    49,
    50,
    51,
    52,
    53,
    54,
    55,
    56,
    57,
    58,
    59,
    60,
    61,
    62,
    63,
    64,
    65,
    66
  ],
  "train_loss": [
    1.3249546722652985,
    0.7287677680094218,
    0.5689175079778298,
    0.47701190273786326,
    0.40400205383595733,
    0.34938619278140903,
    0.3051600035318394,
    0.27058955712109495,
    0.2384884602476641,
    0.21207228617877075,
    0.19206342684853936,
    0.1709841682969295,
    0.14965830635778682,
    0.1307674733941088,
    0.11729202087315702,
    0.10372110725063638,
    0.0947297921346635,
    0.08711898077240925,
    0.0774079929922045,
    0.07333612591796315,
    0.06525257773236516,
    0.06156303904489758,
    0.056941767213578076,
    0.054438791352986675,
    0.05185672278832836,
    0.04904636399839649,
    0.04436193041253796,
    0.040517424502093155,
    0.040958678657092996,
    0.038399088671718984,
    0.037668959669692,
    0.034150153720156125,
    0.033943873566104885,
    0.0315523312772749,
    0.03174002622446218,
    0.029462032142508122,
    0.027833256380843746,
    0.02878872923956243,
    0.027450880977882015,
    0.025611967010394737,
    0.025028323473831274,
    0.026150162823824694,
    0.022876864574014295,
    0.023526269860911306,
    0.022310271142674705,
    0.022054916509359923,
    0.02085678198869273,
    0.019890137902489797,
    0.018180732965738196,
    0.01803212734143317,
    0.018926325035713537,
    0.020142022495100408,
    0.0194794536260984,
    0.01749599321994969,
    0.019060331767607366,
    0.018274273231299112,
    0.015557825646348796,
    0.016339928214798308,
    0.014745710547845427,
    0.016527691512781474,
    0.014299084395818297,
    0.013268301544288538,
    0.015214049418759291,
    0.014168608227094212,
    0.013802433607574148,
    0.015287854796942784
  ],
  "val_loss": [
    0.5033188141309298,
    0.35458146838041454,
    0.3504746900154994,
    0.3072189138485835,
    0.27546318907004136,
    0.24317820026324347,
    0.22573383610982162,
    0.21717637204206908,
    0.19457973195956305,
    0.19388387925349748,
    0.18417667826780906,
    0.1862582266330719,
    0.15242339613345954,
    0.1382950424001767,
    0.13929734493677431,
    0.12917260395792815,
    0.11774639384104656,
    0.113760373626764,
    0.10655694254315816,
    0.1092725840325539,
    0.10142905752246197,
    0.10499037945499787,
    0.1001198819050422,
    0.09243827399152976,
    0.0963366196419184,
    0.08811571835898437,
    0.0870669515660176,
    0.08518952073959205,
    0.09319747468599907,
    0.08903117606846186,
    0.0849747543867964,
    0.08181420341134071,
    0.08168600843502925,
    0.08227728049342449,
    0.07808372965798928,
    0.0779361968430189,
    0.08512218267871784,
    0.08510502033795302,
    0.08134966293493143,
    0.08503923049339882,
    0.07429713992258677,
    0.08493637888190839,
    0.0810706545240604,
    0.08299800445540594,
    0.08390669721680191,
    0.08700622675510553,
    0.08041134288606162,
    0.08325604252660504,
    0.07617251754093629,
    0.0799729608787367,
    0.08017840798800954,
    0.08285247681375879,
    0.08131420082197739,
    0.08976009151396844,
    0.08298851248736565,
    0.08809939728906521,
    0.08045900355164821,
    0.07895312845133819,
    0.07815935211972548,
    0.08507072395430161,
    0.08316754513921645,
    0.08616330252530482,
    0.0796371277851554,
    0.08219155595781139,
    0.08844030311760995,
    0.0776724972260686
  ],
  "train_transduce": [
    1.3240459023677196,
    0.7286779413518217,
    0.5686563098246289,
    0.4764957223663625,
    0.4031748633409284,
    0.34845733504319926,
    0.3037997034868014,
    0.2696595470776263,
    0.23732698685729625,
    0.21104645844280107,
    0.19139594703759114,
    0.16990125175450266,
    0.14866942125036545,
    0.13061973529378162,
    0.11726811925698187,
    0.10368133835571329,
    0.09470789764345307,
    0.08711093232112448,
    0.07740269986355734,
    0.07333373570257855,
    0.06524732918238517,
    0.06156101272700681,
    0.05694126070851518,
    0.05443686421614947,
    0.051857155891730615,
    0.049046774125974815,
    0.04435473102020081,
    0.04051676154443898,
    0.04095890815129753,
    0.038399445118632206,
    0.03766063917860312,
    0.0341504512297124,
    0.03394410338195175,
    0.03155259470234519,
    0.03174028139244573,
    0.029462197195431312,
    0.027833418822223226,
    0.028788877478272645,
    0.027451055225215314,
    0.025612138504565684,
    0.025028038863572723,
    0.02615029182640317,
    0.02287700021826691,
    0.023526443698990745,
    0.02231045480524718,
    0.02205502785521454,
    0.02085696659098888,
    0.0198902293293228,
    0.018180830608189258,
    0.01803224264360849,
    0.018926191738969887,
    0.020142072716910278,
    0.019479502102878597,
    0.017496042842280658,
    0.01906007146414792,
    0.01827125461200809,
    0.015554506413893025,
    0.016339985932194694,
    0.014745773827973945,
    0.016476361738090625,
    0.014266666215748439,
    0.013260664286922434,
    0.015214052671187356,
    0.014168628208224,
    0.013802415850637097,
    0.01528789025200915
  ],
  "val_transduce": [
    0.5020210559551532,
    0.3540726120655353,
    0.3480626917802371,
    0.30141212848516613,
    0.2717354893684387,
    0.23746983936199775,
    0.21435122994276193,
    0.211862074641081,
    0.1875071399486982,
    0.18900682375981256,
    0.18058928274191344,
    0.1605861742909138,
    0.1466224640607834,
    0.13688858311909896,
    0.13894822620428526,
    0.12887444547735727,
    0.11747888418344352,
    0.11367475212766574,
    0.10652324070151035,
    0.10920474964838761,
    0.10139944318395394,
    0.10496337855091462,
    0.10011789231346203,
    0.09243604053671543,
    0.09632714035419318,
    0.08810625655146745,
    0.08706433046609163,
    0.08518887597780961,
    0.09319703409878108,
    0.08902921455983932,
    0.08497373258265165,
    0.08181412374744049,
    0.08168624799985152,
    0.0822774269259893,
    0.07808403054682109,
    0.0779365122031707,
    0.08512228569732262,
    0.08510528662456916,
    0.08134996188947788,
    0.08503954542370942,
    0.0742974580050661,
    0.08493667669021167,
    0.08107095390844804,
    0.08299829495640901,
    0.08390703120340522,
    0.08700634797032063,
    0.0804116391361906,
    0.08325630584015296,
    0.07617280972548403,
    0.07997324443064056,
    0.0801786666449446,
    0.08285260741383983,
    0.08131433557718992,
    0.08976021523659046,
    0.08298870605918077,
    0.0880996328420364,
    0.08045914690368451,
    0.07895329874008894,
    0.07815947749007207,
    0.08507085043507126,
    0.08316764221168481,
    0.08616336306127217,
    0.07963720286408296,
    0.08219165777644286,
    0.0884403673788676,
    0.0776725636365322
  ],