{
  "epoch": [
    1,
    2,
    3,
    4,
    5,
    6,
    7,
    8,
    9,
    10,
    11,
    12,
    13,
    14,
    15,
    16,
    17,
    18,
    19,
    20,
    21,
    22,
    23,
    24,
    25,
    26,
    27,
    28,
    29,
    30,
    31,
    32,
    33,
    34,
    35,
    36,
    37,
    38,
    39,
    40
  ],
  "train_loss": [
    2.4659906361520907,
    1.1462439802504076,
    0.5929194911546314,
    0.37612664561296244,
    0.26455174079260874,
    0.1928289080633945,
    0.14232141130901488,
    0.12404181533637121,
    0.10779868763362624,
    0.08940887623994621,
    0.08062734839880896,
    0.0679376654845384,
    0.06562932235063966,
    0.05780743243960068,
    0.051842612819266075,
    0.04896573404560691,
    0.04649906238233767,
    0.04399857925942417,
    0.04237837888319621,
    0.03619257547921434,
    0.03749262069630408,
    0.030684486257161983,
    0.0339937685081524,
    0.030334567444725444,
    0.029915360373819304,
    0.026983921072858665,
    0.02931299259569304,
    0.02531225285756872,
    0.021796172626374156,
    0.02422822557015287,
    0.020967469399449292,
    0.021398229484888006,
    0.02089233320451236,
    0.018802351966385068,
    0.02088617440793164,
    0.015986989190461133,
    0.014682759338216953,
    0.018377305951795167,
    0.018446435413765002,
    0.01805851463895752
  ],
  "val_loss": [
    1.5206563289348896,
    0.5585069908545568,
    0.25493958592414856,
    0.22798681603028223,
    0.14188440029437727,
    0.12274901282328826,
    0.08606199834209222,
    0.09400969227919212,
    0.09355120876660714,
    0.08947650909137267,
    0.08391289785504341,
    0.0770063754887535,
    0.09686934847671252,
    0.07955070585012436,
    0.0766162931954918,
    0.07700425248521452,
    0.08113375635674366,
    0.08072536467359616,
    0.08006210232046075,
    0.093154744630178,
    0.0799080364119548,
    0.08334441535855429,
    0.08247240132186562,
    0.08071495174394491,
    0.09120904872767054,
    0.08361108685270525,
    0.08447673902488671,
    0.08370599612736931,
    0.09576576525488725,
    0.0917002058480508,
    0.09117836883076681,
    0.08764085132413758,
    0.11311108613601671,
    0.0938483308256344,
    0.09128873831986521,
    0.10071795938039521,
    0.08406895081861876,
    0.10443817285144738,
    0.09461240501080354,
    0.08590009885553557
  ],
  "train_transduce": [
    2.4659906361520907,
    1.1462439802504076,
    0.5929194911546314,
    0.37612664561296244,
    0.26455174079260874,
    0.1928289080633945,
    0.14232141130901488,
    0.12404181533637121,
    0.10779868763362624,
    0.08940887623994621,
    0.08062734839880896,
    0.0679376654845384,
    0.06562932235063966,
    0.05780743243960068,
    0.051842612819266075,
    0.04896573404560691,
    0.04649906238233767,
    0.04399857925942417,
    0.04237837888319621,
    0.03619257547921434,
    0.03749262069630408,
    0.030684486257161983,
    0.0339937685081524,
    0.030334567444725444,
    0.029915360373819304,
    0.026983921072858665,
    0.02931299259569304,
    0.02531225285756872,
    0.021796172626374156,
    0.02422822557015287,
    0.020967469399449292,
    0.021398229484888006,
    0.02089233320451236,
    0.018802351966385068,
    0.02088617440793164,
    0.015986989190461133,
    0.014682759338216953,
    0.018377305951795167,
    0.018446435413765002,
    0.01805851463895752
  ],
  "val_transduce": [
    1.5206563289348896,
    0.5585069908545568,
    0.25493958592414856,
    0.22798681603028223,
    0.14188440029437727,
    0.12274901282328826,
    0.08606199834209222,
    0.09400969227919212,
    0.09355120876660714,
    0.08947650909137267,
    0.08391289785504341,
    0.0770063754887535,
    0.09686934847671252,
    0.07955070585012436,
    0.0766162931954918,
    0.07700425248521452,
    0.08113375635674366,
    0.08072536467359616,
    0.08006210232046075,
    0.093154744630178,
    0.0799080364119548,
    0.08334441535855429,
    0.08247240132186562,
    0.08071495174394491,
    0.09120904872767054,
    0.08361108685270525,
    0.08447673902488671,
    0.08370599612736931,
    0.09576576525488725,
    0.0917002058480508,
    0.09117836883076681,
    0.08764085132413758,
    0.11311108613601671,
    0.0938483308256344,
    0.09128873831986521,
    0.10071795938039521,
    0.08406895081861876,
    0.10443817285144738,
    0.09461240501080354,
    0.08590009885553557
  ],
  "l0": [
    0.0,
    0.0,
    0.0,
    0.0,
    0.0,
    0.0,
    0.0,
    0.0,
    0.0,
    0.0,
    0.0,
    0.0,
    0.0,
    0.0,
    0.0,
    0.0,
    0.0,
    0.0,
    0.0,
    0.0,
    0.0,
    0.0,
    0.0,
    0.0,
    0.0,
    0.0,
    0.0,
    0.0,
    0.0,
    0.0,
    0.0,
    0.0,
    0.0,
    0.0,
    0.0,
    0.0,
    0.0,
    0.0,
    0.0,
    0.0
  ],
  "lambda_l0_effective": [
    0.01,
    0.01,
    0.01,
    0.01,
    0.01,
    0.01,
    0.01,
    0.01,
    0.01,
    0.01,
    0.01,
    0.01,
    0.01,
    0.01,
    0.01,
    0.01,
    0.01,
    0.01,
    0.01,
    0.01,
    0.01,
    0.01,
    0.01,
    0.01,
    0.01,
    0.01,
    0.01,
    0.01,
    0.01,
    0.01,
    0.01,
    0.01,
    0.01,
    0.01,
    0.01,
    0.01,
    0.01,
    0.01,
    0.01,
    0.01
  ],
  "recon_loss": [],
  "balance_loss": []
}