{
  "epoch": [
    1,
    2,
    3,
    4,
    5,
    6,
    7,
    8,
    9,
    10,
    11,
    12,
    13,
    14,
    15,
    16,
    17,
    18,
    19,
    20,
    21,
    22,
    23,
    24,
    25,
    26,
    27,
    28,
    29,
    30,
    31,
    32,
    33,
    34,
    35,
    36,
    37,
    38,
    39,
    40,
    41,
    42,
    43,
    44,
    45,
    46,
    47,
    48,
    49,
    50,
    51,
    52,
    53,
    54,
    55,
    56,
    57,
    58,
    59,
    60,
    61,
    62,
    63,
    64,
    65,
    66,
    67,
    68,
    69,
    70,
    71,
    72,
    73,
    74,
    75,
    76,
    77,
    78,
    79,
    80,
    81,
    82,
    83,
    84,
    85,
    86,
    87,
    88,
    89,
    90,
    91,
    92,
    93,
    94,
    95,
    96,
    97,
    98,
    99,
    100,
    101,
    102,
    103,
    104,
    105,
    106,
    107,
    108,
    109,
    110,
    111,
    112,
    113,
    114,
    115,
    116,
    117,
    118,
    119
  ],
  "train_loss": [
    1.5416808187371434,
    0.7685985512072497,
    0.5936991531069916,
    0.5085476226735823,
    0.4476527267753488,
    0.39795424885088854,
    0.3691964698309946,
    0.3418865876622719,
    0.3223560352136593,
    0.30107234492160306,
    0.28454153461031395,
    0.27106431967551164,
    0.2621044512137328,
    0.24960565419480352,
    0.23572889309708434,
    0.2289478539830387,
    0.2159594737067081,
    0.20852528468217,
    0.20170680145816047,
    0.1930499596908541,
    0.18850259652527251,
    0.17912730301665789,
    0.17472872934719125,
    0.16783407802629,
    0.16524346504766163,
    0.15747695541617893,
    0.15360768522956583,
    0.15078907246046727,
    0.1450612733859827,
    0.14186476621002253,
    0.1377405376717596,
    0.13122139494903018,
    0.12914793554804113,
    0.1269328912517222,
    0.12352542959079885,
    0.11837245022306347,
    0.11670760364078059,
    0.1132700822804824,
    0.11147542935934397,
    0.10552519984026947,
    0.10432028342591654,
    0.10006467463208897,
    0.09832681486807247,
    0.09871079853855737,
    0.09459172310953093,
    0.09106050686228394,
    0.09063724262437017,
    0.08685147382392741,
    0.08429127817254255,
    0.0848224413867044,
    0.08248289932708928,
    0.07716248483203425,
    0.0766851068797088,
    0.073935625041918,
    0.07249704385084091,
    0.07030965391509604,
    0.06938646136239024,
    0.06758699221259887,
    0.06327911925566669,
    0.06438468665917321,
    0.0642750005763356,
    0.060520830554979865,
    0.06046961338286943,
    0.05689700746373965,
    0.056310090522217277,
    0.05177546958300737,
    0.04985419310408064,
    0.04892688925092173,
    0.04476942623605822,
    0.04713619552036323,
    0.043234534958137734,
    0.04359041335116519,
    0.0438335652988736,
    0.04001781912428318,
    0.038187409907874496,
    0.04023514049920705,
    0.034936857225354945,
    0.039491685310212694,
    0.03432864973339999,
    0.036474916373960456,
    0.03188125947766965,
    0.03204803603083486,
    0.031711163561754296,
    0.0320355966410572,
    0.03008991662449766,
    0.03065449121122313,
    0.028700032990684014,
    0.02879062057979921,
    0.027022214122300985,
    0.025172552116916026,
    0.02731156346876875,
    0.02691423852863436,
    0.025628398172557354,
    0.024678570596445903,
    0.02332765638533205,
    0.022838681069488574,
    0.022242508339926158,
    0.021725922011502898,
    0.021502673017359017,
    0.02176956173567341,
    0.022646242646629563,
    0.01974661326460024,
    0.019779137794463202,
    0.019493604883422503,
    0.019372702811355932,
    0.020242176783999595,
    0.019730189815163612,
    0.018638819350058785,
    0.02070718075121098,
    0.01825258707729085,
    0.016996589007483114,
    0.017677013937494542,
    0.01714515495621184,
    0.017755153194752217,
    0.014651656003281622,
    0.016360387627939038,
    0.013891719832629114,
    0.017144554276203754,
    0.01464097719814739
  ],
  "val_loss": [
    0.6548006442876962,
    0.4985722532639137,
    0.4108059268731337,
    0.39654876177127546,
    0.3598021005208676,
    0.3293157724233774,
    0.30224118209802187,
    0.29638831317424774,
    0.2732411909561891,
    0.27861793912374055,
    0.26946386580283826,
    0.2646689311816142,
    0.25641530522933376,
    0.2355913004049888,
    0.24334121495485306,
    0.22368478717712256,
    0.22640289939366853,
    0.21442166142738783,
    0.20607805252075195,
    0.20351238835316438,
    0.19150980561971664,
    0.19334676002080625,
    0.18839281052350998,
    0.18365041338480437,
    0.191763773560524,
    0.1762144428033095,
    0.18084002572756547,
    0.1777204005764081,
    0.17246446300011414,
    0.17083963637168592,
    0.16473287172042406,
    0.16823217100822008,
    0.15796481302151313,
    0.15620034990402368,
    0.154763281918489,
    0.15277323241417223,
    0.15676679003697175,
    0.14354636606115562,
    0.14241562525813395,
    0.14530262866845498,
    0.13675239968758363,
    0.13863210895886788,
    0.13419358260356462,
    0.13187138678935859,
    0.13128070676556,
    0.1341242492198944,
    0.1324246462721091,
    0.129636140110401,
    0.12677651299880102,
    0.1220807433128357,
    0.12988318904088095,
    0.12484737743551914,
    0.12466803135780188,
    0.12285839537015328,
    0.11629906182105725,
    0.11822317282740887,
    0.12167811021208763,
    0.11195566247288997,
    0.1124781255538647,
    0.1109108546605477,
    0.11152565823151515,
    0.11604053097275588,
    0.11572017549322201,
    0.11508018122269557,
    0.11074740955462822,
    0.11331262095616414,
    0.11713880415146168,
    0.10684211924672127,
    0.11164481694308612,
    0.11441060671439537,
    0.11502769216895103,
    0.10906133542840298,
    0.10769449589917293,
    0.10932756229661979,
    0.11075124402458851,
    0.10964008091160884,
    0.1007744028018071,
    0.11336371775429982,
    0.10792777142845668,
    0.10180349304125859,
    0.10254493413063195,
    0.10163563360961583,
    0.10587558035667126,
    0.12454231011752899,
    0.10139366253637351,
    0.10511149165148918,
    0.10835590213537216,
    0.10578738539837874,
    0.102366383975515,
    0.09966581286146091,
    0.09862302501614277,
    0.09777161106467247,
    0.10012553904492122,
    0.09697967108625632,
    0.10325615781431015,
    0.10339722896997745,
    0.10572678925326237,
    0.10099386545614554,
    0.10020470375624987,
    0.10677521776121396,
    0.10392582774735414,
    0.09902424164689504,
    0.09972706308158544,
    0.1055581930738229,
    0.10282560695822422,
    0.1034386159422306,
    0.09870864952412936,
    0.1033298891897385,
    0.10116848034354356,
    0.10261055956093165,
    0.09806721772138889,
    0.1033870570648175,
    0.10280930652068211,
    0.09717701547420941,
    0.10015817702962802,
    0.10402063724513237,
    0.09954856465069148,
    0.10044275030780297,
    0.10067749704019381
  ],