{
  "epoch": [
    1,
    2,
    3,
    4,
    5,
    6,
    7,
    8,
    9,
    10,
    11,
    12,
    13,
    14,
    15,
    16,
    17,
    18,
    19,
    20,
    21,
    22,
    23,
    24,
    25,
    26,
    27,
    28,
    29,
    30,
    31,
    32,
    33,
    34,
    35,
    36,
    37,
    38,
    39,
    40,
    41,
    42,
    43,
    44,
    45,
    46,
    47,
    48,
    49,
    50,
    51,
    52
  ],
  "train_loss": [
    0.906599095648097,
    0.4587345488907136,
    0.31252207683840977,
    0.22567908788464733,
    0.1711951539918934,
    0.1356293834054593,
    0.11297540516429341,
    0.10252543849889766,
    0.08903019906012054,
    0.08131553167381238,
    0.0718897104781774,
    0.06419629268540242,
    0.0603460698609346,
    0.05744858160038892,
    0.05453195126208755,
    0.05027392649658255,
    0.04588352796170361,
    0.04325725780511947,
    0.041411601472646,
    0.03932168158539331,
    0.03831786955658769,
    0.0344862819063602,
    0.034129685631079466,
    0.03171091749496067,
    0.03218449072278652,
    0.030423664319876236,
    0.02990237760991242,
    0.029379851232791684,
    0.027424777627528943,
    0.027432899204438033,
    0.025927357658859073,
    0.024438789253574365,
    0.02483084693925513,
    0.0228978545817825,
    0.023195347183422407,
    0.022096126995615892,
    0.021472083056614417,
    0.019956627572627412,
    0.0204814753876807,
    0.020302280937273477,
    0.01992289887587588,
    0.021003432227442637,
    0.01780358137030001,
    0.017359200209744043,
    0.01734850552417914,
    0.018763255506763523,
    0.016646006843075156,
    0.01727536991094575,
    0.017501090984484276,
    0.017271852576817126,
    0.014946910593485864,
    0.015244224193366724
  ],
  "val_loss": [
    0.3409248750943404,
    0.236350417137146,
    0.21249409936941588,
    0.20082524074957922,
    0.1884843512223317,
    0.17850763350725174,
    0.17796882757773766,
    0.1692742332816124,
    0.15566286272727525,
    0.15886044616882616,
    0.15759713374651396,
    0.15040594511307204,
    0.15685708133073953,
    0.152402679507549,
    0.1537362956083738,
    0.13999780955222937,
    0.1489932153087396,
    0.14510575968485612,
    0.14980427233072427,
    0.15096795386992967,
    0.14336485616289651,
    0.13867139701659864,
    0.14108078410992256,
    0.1499693485406729,
    0.1372009372481933,
    0.1444897193175096,
    0.13226693811324927,
    0.14549979395591295,
    0.15217177684490496,
    0.14547020483475465,
    0.15390202517692858,
    0.14299063441845086,
    0.14609570514697295,
    0.14580947103408667,
    0.14629414219122666,
    0.14225997002078936,
    0.13900278480007097,
    0.14436192180101687,
    0.14948470403368658,
    0.14683372670641312,
    0.15499601513147354,
    0.15182015099204504,
    0.15639888094021723,
    0.15006186096714094,
    0.1447551562809027,
    0.14323610411240503,
    0.1443043279533203,
    0.153515759568948,
    0.14419627676789576,
    0.13407689304305956,
    0.14628298551990435,
    0.14529380947351456
  ],
  "train_transduce": [
    0.9050771425065306,
    0.4585199156372817,
    0.3121422861040253,
    0.2250729634128895,
    0.17051018812914484,
    0.13507767616934382,
    0.11224329767307055,
    0.10188316037283116,
    0.08824348468909558,
    0.08083078704928,
    0.0712914035473134,
    0.06372005721919008,
    0.05991089375708828,
    0.05703524230336098,
    0.05420761092652365,
    0.049863194086656126,
    0.045406450493472444,
    0.0428279380784514,
    0.040992263997376883,
    0.0390216983355505,
    0.037985283982239125,
    0.03418746984746192,
    0.033804271355770604,
    0.03137966422556141,
    0.031843123028592504,
    0.030133068489544477,
    0.02953887611301136,
    0.02906198814732128,
    0.02705584266030988,
    0.02714276305620664,
    0.025663959016044114,
    0.0240951867212455,
    0.024545360829431526,
    0.02257696921173867,
    0.022868642518680888,
    0.02174674087688903,
    0.02110764597657799,
    0.01973590738447287,
    0.02021699325546392,
    0.020105752725509407,
    0.01968754376236772,
    0.020706215057253223,
    0.01763140381621101,
    0.017141649721564782,
    0.01714112478507606,
    0.018513129248773467,
    0.016426827751349696,
    0.01710051412996596,
    0.01726851395520948,
    0.01700102396311776,
    0.014670236219205539,
    0.015030652742182413
  ],
  "val_transduce": [
    0.34091558364721447,
    0.23588394430967477,
    0.2119335142465738,
    0.20025822176383093,
    0.18834039568901062,
    0.17758363141463354,
    0.177132805952659,
    0.16817953208318123,
    0.15495053564126676,
    0.15863368201714295,
    0.1510588085422149,
    0.15027888749654478,
    0.15461893780873373,
    0.15180739015340805,
    0.14963671966240957,
    0.1394911207831823,
    0.14870117490108198,
    0.1449111092549104,
    0.1496045354467172,
    0.15040271499982247,
    0.1431827164040162,
    0.13839640926856261,
    0.14082262951594132,
    0.1464648390045533,
    0.1371088079535044,
    0.14387847483158112,
    0.1320875662450607,
    0.1453608165566738,
    0.1519943682047037,
    0.14534235860292727,
    0.15377208991692617,
    0.1429140493273735,
    0.14593639511328477,
    0.14569088988579237,
    0.14606839475723413,
    0.14157000126746985,
    0.1388719121997173,
    0.14423828285474044,
    0.14906771223132426,
    0.14647659200888413,
    0.15483008726285055,
    0.15096027174821267,
    0.15627478865476754,
    0.14983059809758112,
    0.14424007357313082,
    0.1431294115116963,
    0.14418289953699479,
    0.1532504647397078,
    0.14399306218211466,
    0.13392716273665428,
    0.14616089715407446,
    0.14487338839815214
  ],
  "l0": [
    7.741442459519021e-06,
    0.00021277368068695068,
    0.00113293610047549,
    2.8913646019645967e-06,
    8.30190911074169e-05,
    0.0016373292310163379,
    0.0014431746676564217,
    0.0017908422742038965,
    0.0014254769776016474,
    0.00038555983337573707,
    0.008183411322534084,
    0.0001807268854463473,
    0.0037102007772773504,
    0.0008520180708728731,
    0.005508635193109512,
    0.0010708695044741035,
    0.000530613528098911,
    0.0003775311342906207,
    0.00039720034692436457,
    0.001182735781185329,
    0.00033255753805860877,
    0.0006629970739595592,
    0.0005700952024199069,
    0.00489581935107708,
    1.3484486771631055e-05,
    0.001244644052349031,
    0.0003661481605377048,
    0.00036838703090325,
    3.3405488011339912e-06,
    1.0705841546609918e-08,
    7.969758735271171e-05,
    0.00012103491462767124,
    0.00024537151330150664,
    8.191350207198411e-05,
    6.845577445346862e-06,
    0.00017680601740721613,
    0.00011124897719128057,
    2.0547822714434005e-05,
    0.0002069963957183063,
    4.947865818394348e-05,
    9.258603313355707e-06,
    0.0014864237746223807,
    4.6811568608973175e-05,
    2.2992739104665816e-05,
    0.00015251275908667594,
    7.970649312483147e-05,
    7.619291136506945e-05,
    3.986107185482979e-05,
    0.0003536692529451102,
    2.736734131758567e-05,
    2.0462193788262084e-05,
    7.111321610864252e-05
  ],
  "lambda_l0_effective": [
    0.01,
    0.01,
    0.01,
    0.01,
    0.01,
    0.01,
    0.01,
    0.01,
    0.01,
    0.01,
    0.01,
    0.01,
    0.01,
    0.01,
    0.01,
    0.01,
    0.01,
    0.01,
    0.01,
    0.01,
    0.01,
    0.01,
    0.01,
    0.01,
    0.01,
    0.01,
    0.01,
    0.01,
    0.01,
    0.01,
    0.01,
    0.01,
    0.01,
    0.01,
    0.01,
    0.01,
    0.01,
    0.01,
    0.01,
    0.01,
    0.01,
    0.01,
    0.01,
    0.01,
    0.01,
    0.01,
    0.01,
    0.01,
    0.01,
    0.01,
    0.01,
    0.01
  ],
  "recon_loss": [],
  "balance_loss": []
}