{
  "epoch": [
    1,
    2,
    3,
    4,
    5,
    6,
    7,
    8,
    9,
    10,
    11,
    12,
    13,
    14,
    15,
    16,
    17,
    18,
    19,
    20,
    21,
    22,
    23,
    24,
    25,
    26,
    27,
    28,
    29,
    30,
    31,
    32,
    33,
    34,
    35,
    36,
    37,
    38,
    39,
    40,
    41,
    42,
    43,
    44,
    45,
    46,
    47,
    48,
    49,
    50,
    51,
    52,
    53,
    54,
    55,
    56,
    57,
    58,
    59,
    60,
    61,
    62,
    63,
    64,
    65,
    66,
    67
  ],
  "train_loss": [
    1.1191792399576395,
    0.4249425158642306,
    0.31775602388499985,
    0.2719027155106611,
    0.24667526161906742,
    0.22607265870169838,
    0.20772667856204627,
    0.1951987741164642,
    0.18241998774580437,
    0.1704676524542346,
    0.1596724401311119,
    0.14799188512681735,
    0.1442768012385557,
    0.13479920218486596,
    0.1281615112087514,
    0.11918682962803558,
    0.11273549611468127,
    0.10543583495782154,
    0.1080538944737746,
    0.10012640903639321,
    0.09506242858743903,
    0.09391792985324812,
    0.08659550256215699,
    0.08478269611697385,
    0.08254515955058656,
    0.07596853309043564,
    0.07374339277791504,
    0.07085328816556104,
    0.06662190954505216,
    0.06465791442459172,
    0.06414524264781192,
    0.06138402767626956,
    0.06033257966732035,
    0.057883552192608906,
    0.05757763450688655,
    0.05225729870397856,
    0.05174218892756075,
    0.049341447291766656,
    0.04775036054451277,
    0.048388077453295195,
    0.04772476475722719,
    0.045134012172422786,
    0.04520104615257518,
    0.04319566822066755,
    0.039664172318459735,
    0.038964036520164794,
    0.03626825713026937,
    0.03909541565076549,
    0.03463242155970028,
    0.03444484328980198,
    0.03336326438601654,
    0.03289386700138007,
    0.03164349635601929,
    0.029405048356787995,
    0.03157795900202329,
    0.02821858884711372,
    0.027538420217535872,
    0.027331320983864885,
    0.026937256659390313,
    0.02614813676970725,
    0.026673952071457216,
    0.023830809556685463,
    0.025399561279849842,
    0.02380880469566967,
    0.02144114198255362,
    0.02306937234070484,
    0.021254045321689088
  ],
  "val_loss": [
    0.44501464183513934,
    0.30664291748633754,
    0.260044385607426,
    0.23769009457184717,
    0.21907855169131205,
    0.210207125888421,
    0.20275240276868528,
    0.1940141234260339,
    0.18061130092694208,
    0.1753995166375087,
    0.16536052696979964,
    0.1650302639374366,
    0.16360131823099577,
    0.15418796671124604,
    0.1412872514472558,
    0.14879615948750421,
    0.13671092545756927,
    0.13691999992498985,
    0.13620688622960678,
    0.1350912259748349,
    0.13070710347248957,
    0.12960103784616178,
    0.11641525591795261,
    0.11603098248059933,
    0.12013624321955901,
    0.12371108509027041,
    0.11383088964682359,
    0.11499871571476643,
    0.1220143807048981,
    0.12236625328660011,
    0.111178075751433,
    0.10798525007871482,
    0.10653258072069058,
    0.11377182660194543,
    0.10551228173650228,
    0.11955285287247254,
    0.11260833791815318,
    0.10468056740669104,
    0.10053414837099038,
    0.1029514683267245,
    0.09731661929534031,
    0.09635465850050633,
    0.10151078981848863,
    0.1007495539692732,
    0.10201448259445337,
    0.10286688489409593,
    0.10619922541081905,
    0.11112970658219777,
    0.1006555173259515,
    0.10694344742940022,
    0.09725707482833129,
    0.09768490235392864,
    0.10109383125717823,
    0.10409570514009549,
    0.10525794699788094,
    0.1066010155929969,
    0.10049096566553299,
    0.09725618362426758,
    0.09715724320938954,
    0.1006318161693903,
    0.09852157031687406,
    0.10290523632787742,
    0.11082458811310622,
    0.10287183623474377,
    0.10103762808900613,
    0.1073810147981231,
    0.10078308888925956
  ],
  "train_transduce": [
    1.1191792399576395,
    0.4249425158642306,
    0.31775602388499985,
    0.2719027155106611,
    0.24667526161906742,
    0.22607265870169838,
    0.20772667856204627,
    0.1951987741164642,
    0.18241998774580437,
    0.1704676524542346,
    0.1596724401311119,
    0.14799188512681735,
    0.1442768012385557,
    0.13479920218486596,
    0.1281615112087514,
    0.11918682962803558,
    0.11273549611468127,
    0.10543583495782154,
    0.1080538944737746,
    0.10012640903639321,
    0.09506242858743903,
    0.09391792985324812,
    0.08659550256215699,
    0.08478269611697385,
    0.08254515955058656,
    0.07596853309043564,
    0.07374339277791504,
    0.07085328816556104,
    0.06662190954505216,
    0.06465791442459172,
    0.06414524264781192,
    0.06138402767626956,
    0.06033257966732035,
    0.057883552192608906,
    0.05757763450688655,
    0.05225729870397856,
    0.05174218892756075,
    0.049341447291766656,
    0.04775036054451277,
    0.048388077453295195,
    0.04772476475722719,
    0.045134012172422786,
    0.04520104615257518,
    0.04319566822066755,
    0.039664172318459735,
    0.038964036520164794,
    0.03626825713026937,
    0.03909541565076549,
    0.03463242155970028,
    0.03444484328980198,
    0.03336326438601654,
    0.03289386700138007,
    0.03164349635601929,
    0.029405048356787995,
    0.03157795900202329,
    0.02821858884711372,
    0.027538420217535872,
    0.027331320983864885,
    0.026937256659390313,
    0.02614813676970725,
    0.026673952071457216,
    0.023830809556685463,
    0.025399561279849842,
    0.02380880469566967,
    0.02144114198255362,
    0.02306937234070484,
    0.021254045321689088
  ],
  "val_transduce": [
    0.44501464183513934,
    0.30664291748633754,
    0.260044385607426,
    0.23769009457184717,
    0.21907855169131205,
    0.210207125888421,
    0.20275240276868528,
    0.1940141234260339,
    0.18061130092694208,
    0.1753995166375087,
    0.16536052696979964,
    0.1650302639374366,
    0.16360131823099577,
    0.15418796671124604,
    0.1412872514472558,
    0.14879615948750421,
    0.13671092545756927,
    0.13691999992498985,
    0.13620688622960678,
    0.1350912259748349,
    0.13070710347248957,
    0.12960103784616178,
    0.11641525591795261,
    0.11603098248059933,
    0.12013624321955901,
    0.12371108509027041,
    0.11383088964682359,
    0.11499871571476643,
    0.1220143807048981,
    0.12236625328660011,
    0.111178075751433,
    0.10798525007871482,
    0.10653258072069058,
    0.11377182660194543,
    0.10551228173650228,
    0.11955285287247254,
    0.11260833791815318,
    0.10468056740669104,
    0.10053414837099038,
    0.1029514683267245,
    0.09731661929534031,
    0.09635465850050633,
    0.10151078981848863,
    0.1007495539692732,
    0.10201448259445337,
    0.10286688489409593,
    0.10619922541081905,
    0.11112970658219777,
    0.1006555173259515,
    0.10694344742940022,
    0.09725707482833129,
    0.09768490235392864,
    0.10109383125717823,
    0.10409570514009549,
    0.10525794699788094,
    0.1066010155929969,
    0.10049096566553299,
    0.09725618362426758,
    0.09715724320938954,
    0.1006318161693903,
    0.09852157031687406,
    0.10290523632787742,
    0.11082458811310622,
    0.10287183623474377,
    0.10103762808900613,
    0.1073810147981231,
    0.10078308888925956
  ],
  "l0": [
    0.0,
    0.0,
    0.0,
    0.0,
    0.0,
    0.0,
    0.0,
    0.0,
    0.0,
    0.0,
    0.0,
    0.0,
    0.0,
    0.0,
    0.0,
    0.0,
    0.0,
    0.0,
    0.0,
    0.0,
    0.0,
    0.0,
    0.0,
    0.0,
    0.0,
    0.0,
    0.0,
    0.0,
    0.0,
    0.0,
    0.0,
    0.0,
    0.0,
    0.0,
    0.0,
    0.0,
    0.0,
    0.0,
    0.0,
    0.0,
    0.0,
    0.0,
    0.0,
    0.0,
    0.0,
    0.0,
    0.0,
    0.0,
    0.0,
    0.0,
    0.0,
    0.0,
    0.0,
    0.0,
    0.0,
    0.0,
    0.0,
    0.0,
    0.0,
    0.0,
    0.0,
    0.0,
    0.0,
    0.0,
    0.0,
    0.0,
    0.0
  ],