{
  "epoch": [
    1,
    2,
    3,
    4,
    5,
    6,
    7,
    8,
    9,
    10,
    11,
    12,
    13,
    14,
    15,
    16,
    17,
    18,
    19,
    20,
    21,
    22,
    23,
    24,
    25,
    26,
    27,
    28,
    29,
    30,
    31,
    32,
    33,
    34,
    35,
    36,
    37,
    38,
    39,
    40
  ],
  "train_loss": [
    2.2451062589576565,
    0.8379668398308999,
    0.4214163957182894,
    0.25495155171020745,
    0.1780871215862097,
    0.13390717851286082,
    0.10575546234001204,
    0.08612112992817593,
    0.07227096992746457,
    0.05901694338115835,
    0.05369694043219704,
    0.042703101248240345,
    0.039294013225463865,
    0.037098971915613746,
    0.03444892200209277,
    0.029814707489741833,
    0.02563308937638307,
    0.024913082487362716,
    0.022845438098266106,
    0.023824007982464947,
    0.020979957967113282,
    0.02048162483975061,
    0.01786397088477484,
    0.017117707858092544,
    0.020985370638693886,
    0.01701066354121629,
    0.015993386122983757,
    0.017501612363104737,
    0.015068905388446735,
    0.015190870220264056,
    0.011645242861068817,
    0.01630745323485282,
    0.016560718591190567,
    0.015048914294949128,
    0.011519141741860275,
    0.009047526207310868,
    0.009120803134943139,
    0.015145400744267576,
    0.00961497366685209,
    0.00901109144660481
  ],
  "val_loss": [
    1.2445488342872033,
    0.4330609211554894,
    0.20453008436239684,
    0.13484530781324094,
    0.10257583398085374,
    0.07521642873493525,
    0.06714195686464126,
    0.05891817578902611,
    0.05692519297680029,
    0.05350736557291104,
    0.061633845791220665,
    0.05360460954789932,
    0.055415132333739445,
    0.0572530751546415,
    0.05079829150166076,
    0.05394701374909626,
    0.05838921503163874,
    0.054993844555261046,
    0.054011384616247736,
    0.053328723584015206,
    0.05808605907413249,
    0.05581317066501539,
    0.05487887288193004,
    0.05590487738104107,
    0.05643971001084607,
    0.057852045785134226,
    0.06223293692052651,
    0.06072861943483496,
    0.06458844588800836,
    0.05543211256959834,
    0.056551843881607056,
    0.06612755838656224,
    0.06038754073625359,
    0.060644163425492406,
    0.05685865489963012,
    0.06288260237376492,
    0.06823801184789492,
    0.06396166095957877,
    0.06002477865191535,
    0.05911791182230585
  ],
  "train_transduce": [
    2.2364117134477675,
    0.8374165808109894,
    0.4211399406962788,
    0.25478886313659627,
    0.17797472285702057,
    0.1338113920436692,
    0.10568162658703081,
    0.08606213655745246,
    0.07222736796805847,
    0.0589715929836342,
    0.05367373968906624,
    0.04267728538012382,
    0.03927263457174461,
    0.0370693215476253,
    0.03442375324474475,
    0.02979545558313119,
    0.02561566394456115,
    0.02489779537457243,
    0.022822857294327665,
    0.023813157728825186,
    0.020966722274717596,
    0.020469611671455588,
    0.017852054560825843,
    0.017103687902077187,
    0.02097770682363243,
    0.016998888576672096,
    0.01598216860780742,
    0.017495989391445806,
    0.015061137964949012,
    0.015184290211446122,
    0.011634485017191427,
    0.016302843522352464,
    0.01655542001022583,
    0.015044495576186125,
    0.01151353415142572,
    0.009043703090937175,
    0.009115844994384949,
    0.015139952899657727,
    0.009611374264122131,
    0.00900716988487438
  ],
  "val_transduce": [
    1.2435467701691847,
    0.43291113009819615,
    0.20446090973340547,
    0.1348078468671212,
    0.10256087694030541,
    0.07520081088520013,
    0.06713122544953457,
    0.058910466300753445,
    0.05691862772577084,
    0.05350090348376678,
    0.06163088647791973,
    0.05359874321864201,
    0.05541330586689023,
    0.05725156068085478,
    0.050797123193311006,
    0.05394479806105105,
    0.05838827110038927,
    0.05499349896294566,
    0.05400954117067158,
    0.053327417153363615,
    0.05808403910710835,
    0.055811065302875176,
    0.05487803841690318,
    0.05590487738104107,
    0.05643789593775112,
    0.057852045785134226,
    0.0622327979385423,
    0.06072861943483496,
    0.06458844588800836,
    0.05543211256959834,
    0.056551843881607056,
    0.06612755838656224,
    0.06038726793037942,
    0.060644163425492406,
    0.05685865489963012,
    0.06288241381676365,
    0.06823801184789492,
    0.06396166095957877,
    0.06002477865191535,
    0.05911779949047531
  ],
  "l0": [
    0.0,
    0.0,
    0.0,
    0.0,
    0.0,
    0.0,
    0.0,
    0.0,
    0.0,
    0.0,
    0.0,
    0.0,
    0.0,
    0.0,
    0.0,
    0.0,
    0.0,
    0.0,
    0.0,
    0.0,
    0.0,
    0.0,
    0.0,
    0.0,
    0.0,
    0.0,
    0.0,
    0.0,
    0.0,
    0.0,
    0.0,
    0.0,
    0.0,
    0.0,
    0.0,
    0.0,
    0.0,
    0.0,
    0.0,
    0.0
  ],
  "lambda_l0_effective": [
    0.01,
    0.01,
    0.01,
    0.01,
    0.01,
    0.01,
    0.01,
    0.01,
    0.01,
    0.01,
    0.01,
    0.01,
    0.01,
    0.01,
    0.01,
    0.01,
    0.01,
    0.01,
    0.01,
    0.01,
    0.01,
    0.01,
    0.01,
    0.01,
    0.01,
    0.01,
    0.01,
    0.01,
    0.01,
    0.01,
    0.01,
    0.01,
    0.01,
    0.01,
    0.01,
    0.01,
    0.01,
    0.01,
    0.01,
    0.01
  ],
  "recon_loss": [],
  "balance_loss": []
}