{
  "epoch": [
    1,
    2,
    3,
    4,
    5,
    6,
    7,
    8,
    9,
    10,
    11,
    12,
    13,
    14,
    15,
    16,
    17,
    18,
    19,
    20,
    21,
    22,
    23,
    24,
    25,
    26,
    27,
    28,
    29,
    30,
    31,
    32,
    33,
    34,
    35,
    36,
    37,
    38,
    39,
    40,
    41,
    42,
    43,
    44,
    45,
    46,
    47,
    48,
    49,
    50,
    51,
    52,
    53,
    54,
    55,
    56,
    57,
    58,
    59,
    60,
    61,
    62,
    63,
    64,
    65,
    66,
    67,
    68,
    69,
    70,
    71,
    72,
    73,
    74,
    75,
    76,
    77,
    78,
    79,
    80,
    81,
    82,
    83,
    84,
    85,
    86,
    87,
    88,
    89,
    90,
    91,
    92,
    93,
    94
  ],
  "train_loss": [
    1.1487278394477884,
    0.7118365056428713,
    0.5703575821574202,
    0.48415571635531396,
    0.42456308084050404,
    0.37878816321338576,
    0.3396541019229545,
    0.30621314678609984,
    0.2753818835487071,
    0.24722367179455215,
    0.22919104394224502,
    0.21018931273486197,
    0.19633205534563852,
    0.18245694048933148,
    0.17374327575269433,
    0.1615930681990594,
    0.15049944253465564,
    0.14102155546244888,
    0.1349482593155399,
    0.1263506054186944,
    0.12152558603544825,
    0.11624500781451304,
    0.11266712533290853,
    0.10573411506322242,
    0.10300778954760316,
    0.10024348617598568,
    0.09703989192536197,
    0.09195517414470308,
    0.09071875088992193,
    0.08604498895979726,
    0.08225871694571886,
    0.08228990806209058,
    0.07879149184091803,
    0.07737141389630198,
    0.07630303488641056,
    0.07200609303089146,
    0.07351585450707022,
    0.07127946716032385,
    0.06754280539402335,
    0.06737132044989116,
    0.06658668595260565,
    0.06311095415700957,
    0.06212196597042158,
    0.06113462543748703,
    0.05941511196151529,
    0.05994641056917992,
    0.0579138541277306,
    0.058335279181753234,
    0.06004515759762108,
    0.05607639208013557,
    0.05361540970325317,
    0.05333274431987522,
    0.0523882635878687,
    0.05119861000860782,
    0.05205811542391624,
    0.05052556851686737,
    0.04852067939601071,
    0.049711886063678976,
    0.04966715542292319,
    0.04789957647528691,
    0.04681012248044315,
    0.04831471490510499,
    0.04891842690574908,
    0.044015099323287454,
    0.04430904489529041,
    0.04299123030751176,
    0.0434758497219648,
    0.043380419296433326,
    0.042384825339636854,
    0.04328395698949234,
    0.04167702763831032,
    0.041759641802648906,
    0.04127037156968541,
    0.039515447485999965,
    0.038438555050026815,
    0.04022609416309014,
    0.04012132678468971,
    0.03847626842961637,
    0.03723325586599326,
    0.03781554238275461,
    0.035535027930685845,
    0.03781697541936157,
    0.037160113866719385,
    0.036579880709807895,
    0.03674045682059044,
    0.0353886820327913,
    0.037712976535705406,
    0.03415970685747788,
    0.03555957093287605,
    0.03549253397630816,
    0.0336050753548895,
    0.03426214812093021,
    0.0335766828028466,
    0.03340947748037036
  ],
  "val_loss": [
    0.4401303758988014,
    0.33240681428175706,
    0.2662115693092346,
    0.24989560819589174,
    0.23370845042742217,
    0.20798200827378494,
    0.17761491009822258,
    0.16070823944531953,
    0.15738790195721847,
    0.13978412976631752,
    0.13673782921754396,
    0.12234664880312406,
    0.12146941457803433,
    0.11496488234171501,
    0.1077399984575235,
    0.1163696228311612,
    0.10513750864909245,
    0.10567327044331111,
    0.10482493300850575,
    0.10610023943277505,
    0.10418703808234288,
    0.09659966625846349,
    0.09999224285666759,
    0.09781307125320801,
    0.1002435048039143,
    0.09082171865380727,
    0.08798495966654557,
    0.08625233889772342,
    0.0901251956820488,
    0.08847992265453705,
    0.08695219328197148,
    0.08383886716686763,
    0.08329414547635959,
    0.08363562865326038,
    0.08282470817749317,
    0.07864762842655182,
    0.0808968311892106,
    0.0803903851371545,
    0.08406142045099002,
    0.07683546611895928,
    0.0821169763803482,
    0.08055557869374752,
    0.07983978966680857,
    0.08085934473918034,
    0.07754817533378418,
    0.07740354251403075,
    0.07715157648691764,
    0.07713340194179462,
    0.0761106418302426,
    0.07639075794185583,
    0.07583395620951286,
    0.0763108511813558,
    0.0768957448263581,
    0.07892470685048746,
    0.07648035926887622,
    0.07396678920262136,
    0.07508492641724072,
    0.07548290605728443,
    0.07607559716472259,
    0.07168162563958994,
    0.07319651852146937,
    0.07657184201077773,
    0.0739551424407042,
    0.07376825544410028,
    0.07496041489335206,
    0.07180697993876842,
    0.07080374407367064,
    0.07404189700117478,
    0.06737684250737612,
    0.07100150612397836,
    0.07186303631617473,
    0.07228904203153573,
    0.07309801281931308,
    0.07095304453888765,
    0.07238831585989548,
    0.07422368615292586,
    0.07288282715643828,
    0.07052616674739581,
    0.07254740251944615,
    0.06972562765272763,
    0.06996338943449351,
    0.0705554003898914,
    0.0676097497344017,
    0.06882878210252294,
    0.06901176710827993,
    0.0675904147613507,
    0.07070935417253238,
    0.06792694566628107,
    0.06977951977975093,
    0.07211554458794686,
    0.07454219324370989,
    0.07112647908238265,
    0.07128687905004391,
    0.07567339326040103
  ],
  "train_transduce": [
    1.1487278394477884,
    0.7118365056428713,
    0.5703575821574202,
    0.48415571635531396,
    0.42456308084050404,
    0.37878816321338576,
    0.3396541019229545,
    0.30621314678609984,
    0.2753818835487071,
    0.24722367179455215,
    0.22919104394224502,
    0.21018931273486197,
    0.19633205534563852,
    0.18245694048933148,
    0.17374327575269433,
    0.1615930681990594,
    0.15049944253465564,
    0.14102155546244888,
    0.1349482593155399,
    0.1263506054186944,
    0.12152558603544825,
    0.11624500781451304,
    0.11266712533290853,
    0.10573411506322242,
    0.10300778954760316,
    0.10024348617598568,
    0.09703989192536197,
    0.09195517414470308,
    0.09071875088992193,
    0.08604498895979726,
    0.08225871694571886,
    0.08228990806209058,
    0.07879149184091803,
    0.07737141389630198,
    0.07630303488641056,
    0.07200609303089146,
    0.07351585450707022,
    0.07127946716032385,
    0.06754280539402335,
    0.06737132044989116,
    0.06658668595260565,
    0.06311095415700957,
    0.06212196597042158,
    0.06113462543748703,
    0.05941511196151529,
    0.05994641056917992,
    0.0579138541277306,
    0.058335279181753234,
    0.06004515759762108,
    0.05607639208013557,
    0.05361540970325317,
    0.05333274431987522,
    0.0523882635878687,
    0.05119861000860782,
    0.05205811542391624,
    0.05052556851686737,
    0.04852067939601071,
    0.049711886063678976,
    0.04966715542292319,
    0.04789957647528691,
    0.04681012248044315,
    0.04831471490510499,
    0.04891842690574908,
    0.044015099323287454,
    0.04430904489529041,
    0.04299123030751176,
    0.0434758497219648,
    0.043380419296433326,
    0.042384825339636854,
    0.04328395698949234,
    0.04167702763831032,
    0.041759641802648906,
    0.04127037156968541,
    0.039515447485999965,
    0.038438555050026815,
    0.04022609416309014,
    0.04012132678468971,
    0.03847626842961637,
    0.03723325586599326,
    0.03781554238275461,
    0.035535027930685845,
    0.03781697541936157,
    0.037160113866719385,
    0.036579880709807895,
    0.03674045682059044,
    0.0353886820327913,
    0.037712976535705406,
    0.03415970685747788,
    0.03555957093287605,
    0.03549253397630816,
    0.0336050753548895,
    0.03426214812093021,
    0.0335766828028466,
    0.03340947748037036
  ],