{
  "epoch": [
    1,
    2,
    3,
    4,
    5,
    6,
    7,
    8,
    9,
    10,
    11,
    12,
    13,
    14,
    15,
    16,
    17,
    18,
    19,
    20,
    21,
    22,
    23,
    24,
    25,
    26,
    27,
    28,
    29,
    30,
    31,
    32,
    33,
    34,
    35,
    36,
    37,
    38,
    39,
    40,
    41,
    42,
    43,
    44,
    45,
    46,
    47,
    48,
    49,
    50,
    51,
    52,
    53,
    54,
    55,
    56,
    57,
    58,
    59,
    60,
    61,
    62,
    63,
    64,
    65,
    66,
    67,
    68,
    69,
    70,
    71,
    72,
    73,
    74,
    75,
    76,
    77,
    78,
    79,
    80,
    81,
    82,
    83,
    84,
    85,
    86,
    87,
    88,
    89,
    90,
    91,
    92,
    93,
    94,
    95,
    96,
    97,
    98,
    99,
    100,
    101,
    102,
    103,
    104,
    105,
    106,
    107,
    108,
    109,
    110,
    111,
    112,
    113,
    114,
    115,
    116,
    117,
    118,
    119,
    120,
    121,
    122,
    123,
    124,
    125,
    126,
    127,
    128,
    129,
    130,
    131,
    132,
    133,
    134,
    135
  ],
  "train_loss": [
    1.1806317579628218,
    0.5413743210310983,
    0.37619586539740607,
    0.31192555890815094,
    0.2793298790065369,
    0.25556570881664165,
    0.2374601662158966,
    0.2195426188040488,
    0.20217560010381264,
    0.19365947022296415,
    0.18271965636770324,
    0.1730403463439186,
    0.16431749080962474,
    0.15885945092333426,
    0.1524062147825071,
    0.14749449152167482,
    0.14077545746718303,
    0.13403566089449542,
    0.12877488025639316,
    0.12642347665116338,
    0.11916937992566883,
    0.11752513891989642,
    0.11235399761855012,
    0.10916097532256995,
    0.106463455548971,
    0.10573558151574418,
    0.10142567159958404,
    0.09865007306089496,
    0.09614873050463081,
    0.09282821250876577,
    0.09127461762711553,
    0.08876432382529324,
    0.08284079869932467,
    0.08241593564795975,
    0.08021478205550425,
    0.0788787970743557,
    0.07577793654238824,
    0.07338650065409665,
    0.07396610221355268,
    0.06878227808761715,
    0.06832221913898345,
    0.06684191493630999,
    0.06707643909324514,
    0.06414917605643225,
    0.06263300555177254,
    0.062281707523040256,
    0.0597871259998272,
    0.059680413030604326,
    0.05607493072379344,
    0.05619332121482285,
    0.054914441549837,
    0.05386157379955939,
    0.050569623985355444,
    0.05293321692486211,
    0.04990046818067532,
    0.05204106555643058,
    0.04856858199628273,
    0.046685158551698275,
    0.04554043878976366,
    0.04430197810957042,
    0.04589200044733168,
    0.042770039179537554,
    0.041993379639000586,
    0.04237001645609294,
    0.04110326344091998,
    0.03960781586863617,
    0.03844332621239199,
    0.037474788928238474,
    0.0396177726475024,
    0.03824450504403598,
    0.03725342778950044,
    0.0369304298045169,
    0.03734276298949919,
    0.034464628859838045,
    0.037027743737222535,
    0.03279685904041375,
    0.033891842506899694,
    0.033555390064300285,
    0.032324807487870796,
    0.03114953312543359,
    0.032073335136554325,
    0.03152433001334862,
    0.029528860685111274,
    0.030490329747300336,
    0.03096946443218996,
    0.03352138448027101,
    0.02932639198728127,
    0.029950245753815857,
    0.028153240736020674,
    0.029799786253398894,
    0.025423012106762368,
    0.02744781101436013,
    0.02712590678936184,
    0.02564225807361821,
    0.025058701791164307,
    0.02595989584074457,
    0.026810956754638713,
    0.027209792903965652,
    0.02707953518256545,
    0.025722536853154992,
    0.02361932007300824,
    0.02520911199142142,
    0.02326814792958079,
    0.023284442842670595,
    0.025358087747440774,
    0.021861676235065453,
    0.023973415485850656,
    0.023546712546802982,
    0.024580344248858122,
    0.023489149983529703,
    0.02235379250544944,
    0.022267384828059095,
    0.02139856850516309,
    0.024093440710797463,
    0.021909503072573996,
    0.02073448154577377,
    0.022925406122709265,
    0.022882225814893253,
    0.021784799980313175,
    0.02077680049777621,
    0.02230269193077589,
    0.021477461511287654,
    0.02127159909704829,
    0.022030021527339474,
    0.018550488673666918,
    0.02021639300325867,
    0.021853188536876796,
    0.019917014647404304,
    0.018989077651651927,
    0.018724512767581507,
    0.020378510961032444,
    0.018951387133098917,
    0.019816417431477273,
    0.01803641102627141,
    0.017283176650560582
  ],
  "val_loss": [
    0.5896572424815252,
    0.32296944581545317,
    0.26169726940301746,
    0.23607162672739762,
    0.22482902270097,
    0.20819943398237228,
    0.19440967303055984,
    0.18975262802380782,
    0.1749857601064902,
    0.16979715801202333,
    0.1576259394104664,
    0.1554430895126783,
    0.1521245539188385,
    0.14024471262326607,
    0.13873542157503274,
    0.13410594400305015,
    0.13250337770351997,
    0.12562675029039383,
    0.12324388812367733,
    0.1236018489759702,
    0.12012510947310008,
    0.11625897855712818,
    0.11305022440277614,
    0.10863615085299198,
    0.11100658659751599,
    0.10483874982366195,
    0.10466303017276984,
    0.10540006653620647,
    0.09913766126220043,
    0.09956174286512229,
    0.10009492446596806,
    0.09756639800392665,
    0.09259785224611942,
    0.09140523609060508,
    0.08854383774674855,
    0.08969549978008637,
    0.0924436031625821,
    0.08717846426253135,
    0.08456029571019687,
    0.08209009568851727,
    0.0797140606893943,
    0.08117483613582757,
    0.07719531024877842,
    0.07603512675716327,
    0.08071009771755108,
    0.07736917413198031,
    0.07951403853411858,
    0.07938372988540393,
    0.07637159927533223,
    0.07234508802111332,
    0.07414406609649841,
    0.07410713786689135,
    0.07417714653106836,
    0.06875002685074623,
    0.071273587214259,
    0.0696283424129853,
    0.07125872516861328,
    0.06774722018207495,
    0.06724215098298512,
    0.06716672588999455,
    0.0665402623036733,
    0.06840378626321371,
    0.06885537605446118,
    0.06778538356033656,
    0.07123828514550741,
    0.06581882236955258,
    0.06479470940450063,
    0.064473310772043,
    0.06794949649618222,
    0.0676965954212042,
    0.06514576278053798,
    0.06679829030942458,
    0.06552394164296296,
    0.07015630717460926,
    0.06638930917072755,
    0.07015068556826848,
    0.06822199030564381,
    0.06689875895300737,
    0.06371682366499534,
    0.06652631947340873,
    0.06332082079293636,
    0.06385686793006383,
    0.06801199024686447,
    0.06276841232409844,
    0.06544982871183982,
    0.06434345786244823,
    0.06277033858574353,
    0.06375979976012157,
    0.06271474357121266,
    0.062064869508433804,
    0.06449217410185017,
    0.0640569099296744,
    0.06222778798725743,
    0.06461610505357385,
    0.062297887061364375,
    0.06026767606202226,
    0.06663142073039825,
    0.06466018537489268,
    0.06500716228038073,
    0.06528761291589874,
    0.060408269556669086,
    0.06158410521367422,
    0.06198833535353725,
    0.06371855431307967,
    0.060586716836461656,
    0.059284805678404294,
    0.06048299164439623,
    0.060833584338140026,
    0.059855547232123524,
    0.05892405157478956,
    0.06002290561222113,
    0.059437388339294836,
    0.06371271398921426,
    0.060481297998474196,
    0.060266816845306985,
    0.0607469086535275,
    0.060472161222535833,
    0.061105707015555635,
    0.06074949006478374,
    0.06074412424977009,
    0.061080565031331316,
    0.059344979074711986,
    0.05946330507644094,
    0.059565117869239584,
    0.05982062299377643,
    0.059736890969081566,
    0.0597949532720332,
    0.060200705694464535,
    0.059596808591427713,
    0.06150838134523768,
    0.060813396954192564,
    0.06298064809435835,
    0.06139230341292345,
    0.0614606448305914,
    0.06243746090107239
  ],