{
  "epoch": [
    1,
    2,
    3,
    4,
    5,
    6,
    7,
    8,
    9,
    10,
    11,
    12,
    13,
    14,
    15,
    16,
    17,
    18,
    19,
    20,
    21,
    22,
    23,
    24,
    25,
    26,
    27,
    28,
    29,
    30,
    31,
    32,
    33,
    34,
    35,
    36,
    37,
    38,
    39,
    40,
    41,
    42,
    43,
    44,
    45,
    46,
    47,
    48,
    49,
    50,
    51,
    52,
    53,
    54,
    55,
    56,
    57,
    58,
    59,
    60,
    61,
    62,
    63,
    64,
    65,
    66,
    67,
    68,
    69,
    70,
    71,
    72,
    73,
    74,
    75,
    76,
    77,
    78,
    79,
    80,
    81,
    82,
    83,
    84,
    85,
    86,
    87,
    88,
    89,
    90,
    91,
    92,
    93,
    94,
    95,
    96,
    97,
    98,
    99,
    100,
    101,
    102,
    103,
    104,
    105,
    106,
    107,
    108,
    109,
    110,
    111,
    112,
    113,
    114,
    115,
    116,
    117,
    118,
    119,
    120,
    121,
    122,
    123,
    124,
    125,
    126,
    127,
    128,
    129,
    130,
    131,
    132,
    133,
    134,
    135,
    136,
    137,
    138,
    139,
    140,
    141,
    142,
    143,
    144,
    145,
    146,
    147,
    148,
    149,
    150,
    151,
    152,
    153,
    154
  ],
  "train_loss": [
    1.211642330825919,
    0.5587913957562777,
    0.41441075636608765,
    0.3554133954319623,
    0.31603979444739844,
    0.2856684045331313,
    0.2594388149457403,
    0.24439950567660945,
    0.22792949158661435,
    0.21633830489498554,
    0.20268481822297124,
    0.19252349052688864,
    0.1836312981967879,
    0.1744263335914895,
    0.16641235690895873,
    0.15816938559902777,
    0.15129263890851843,
    0.14621141663577297,
    0.1371388520197113,
    0.13675923298786183,
    0.12866222921131862,
    0.12303208367954387,
    0.11847008211482869,
    0.11312644227896587,
    0.10941274320282558,
    0.10557038392318358,
    0.10456904658291599,
    0.10000079136231158,
    0.09569197214475952,
    0.09055377502400096,
    0.08983469813471974,
    0.08621225258944058,
    0.082451033636485,
    0.0802066052092774,
    0.07814576200181896,
    0.0750412266738344,
    0.07332241837636079,
    0.06932307302140363,
    0.06676122382061907,
    0.066197935897525,
    0.06593053830363373,
    0.06123647403599012,
    0.05916468325154026,
    0.058024010538022114,
    0.05499972047118267,
    0.05314502429844129,
    0.05381322731402251,
    0.05046250608445394,
    0.04983410814611038,
    0.048561916290090816,
    0.048552061698519354,
    0.04542157306603276,
    0.04445895536037365,
    0.043689793363066005,
    0.04006036576621308,
    0.03907825953631413,
    0.03959385511271729,
    0.03954366577033064,
    0.03724627728841388,
    0.035846214086776323,
    0.035892964018010856,
    0.03561612332036885,
    0.03381345575066781,
    0.03166747402104706,
    0.03311399563151126,
    0.030968249286755477,
    0.030945535472566538,
    0.028334625434167315,
    0.02924370331376201,
    0.026359404317370737,
    0.027006785104069675,
    0.025739989280331842,
    0.025474374947866592,
    0.0247153718448659,
    0.024890563708942125,
    0.023389479818541815,
    0.023334407607222548,
    0.022859538965259153,
    0.02288231081190971,
    0.021954314128523417,
    0.02339688870170624,
    0.020785470871199474,
    0.020932289508936722,
    0.019859716798741333,
    0.019229945191873772,
    0.018425649308627196,
    0.01939747955576323,
    0.018457659755344732,
    0.018023685423085595,
    0.01775220580085522,
    0.01749616390610538,
    0.016100962683189623,
    0.01625675754621625,
    0.015933337902631795,
    0.0168745440320287,
    0.016117680393675768,
    0.015368311891867088,
    0.015026437141702022,
    0.014151074066020475,
    0.014699921477586031,
    0.015150555056787215,
    0.015406101451043298,
    0.013466080433993352,
    0.013086278807593159,
    0.013667013685191326,
    0.014265259919171729,
    0.012217147379541899,
    0.012401059804723995,
    0.012910257605374745,
    0.01176084653188539,
    0.012335047372478512,
    0.012499901293177563,
    0.011675085247687922,
    0.012026731602589387,
    0.01120833857077183,
    0.01151633643923272,
    0.011084073354573091,
    0.009842351550411544,
    0.010082676377387183,
    0.010805077053200786,
    0.011219412625518323,
    0.011533455881705084,
    0.010649422593968044,
    0.00922870297575056,
    0.009156073317955257,
    0.009517413374995537,
    0.009203580085944274,
    0.01031224996008274,
    0.009969926877223914,
    0.008739814943735404,
    0.008556702264151212,
    0.008385111814097382,
    0.00872461888754722,
    0.008214620631280364,
    0.008539913283282945,
    0.007207469750739781,
    0.008155172812927625,
    0.008233088110158644,
    0.00841432169084391,
    0.009972515549409287,
    0.0069065931319987565,
    0.007791530407762321,
    0.008496524164416265,
    0.007667771119873343,
    0.007718852160977993,
    0.006865151145836652,
    0.008665877171921185,
    0.0074430443634657135,
    0.007550377560097097,
    0.007605821040624955,
    0.007392778060177692,
    0.006974932864437452,
    0.007422055237659133,
    0.0072272788631812775
  ],