{
  "epoch": [
    1,
    2,
    3,
    4,
    5,
    6,
    7,
    8,
    9,
    10,
    11,
    12,
    13,
    14,
    15,
    16,
    17,
    18,
    19,
    20,
    21,
    22,
    23,
    24,
    25,
    26,
    27,
    28,
    29,
    30,
    31,
    32,
    33,
    34,
    35,
    36,
    37,
    38,
    39,
    40,
    41,
    42,
    43,
    44,
    45,
    46,
    47,
    48,
    49,
    50,
    51,
    52,
    53,
    54,
    55,
    56,
    57,
    58,
    59,
    60,
    61,
    62,
    63,
    64,
    65,
    66,
    67,
    68
  ],
  "train_loss": [
    1.0230944384004652,
    0.5891827693612305,
    0.4533953777293569,
    0.36438914872321887,
    0.2998505595725836,
    0.24894118078590668,
    0.20960576540416048,
    0.18451223983285353,
    0.1574085498439897,
    0.14125760521778127,
    0.1222032937653286,
    0.11542891584259947,
    0.10312114143264048,
    0.09357696504706574,
    0.08878283338986107,
    0.08166272225837733,
    0.07807266124591385,
    0.07265420556644496,
    0.06976712117758915,
    0.06524115757651858,
    0.06307864526152304,
    0.05738505606837187,
    0.05465717768277397,
    0.05450261458178464,
    0.05288251706869485,
    0.05039684610806175,
    0.04743443433790631,
    0.044877066488195325,
    0.04490667251754821,
    0.04268366145930186,
    0.03977140685370595,
    0.04188084630199622,
    0.039797305455911404,
    0.037933389070568625,
    0.03627814102879504,
    0.033587296589364095,
    0.0348597420163491,
    0.034108582255190485,
    0.032848515485403774,
    0.030599393123357566,
    0.03210226554404368,
    0.029980730085355258,
    0.02917401496436178,
    0.028747970598375368,
    0.028189805919573326,
    0.02542462566694648,
    0.02776911158412311,
    0.02577297889253067,
    0.025226110714900586,
    0.02478125451262272,
    0.023834964201651206,
    0.024471619020014542,
    0.025676735202762653,
    0.02449100395933408,
    0.023010402896259094,
    0.02278134813796268,
    0.02251226533103504,
    0.02354658375129334,
    0.019438445334053915,
    0.02018253803589218,
    0.020502643358471236,
    0.021445275445171084,
    0.02165970980602595,
    0.020377718562082647,
    0.020451334663954823,
    0.020345530778736107,
    0.02038651099068487,
    0.0188259369028809
  ],
  "val_loss": [
    0.3657829165458679,
    0.288200244307518,
    0.23218715305511767,
    0.1983442891102571,
    0.1722871890434852,
    0.14500722461021864,
    0.12890592790566957,
    0.11619671892661315,
    0.10683653245751674,
    0.10738227373132339,
    0.10243062703655316,
    0.09672422535144366,
    0.0874093031653991,
    0.09217012702272488,
    0.0854692656833392,
    0.07656774383324844,
    0.08261537379943408,
    0.0821497765584634,
    0.07527557344963917,
    0.07791261575542964,
    0.07253003478623353,
    0.0725888254550787,
    0.07656318164215638,
    0.07323980102172264,
    0.0719791862827081,
    0.07204797520087315,
    0.0682874214477264,
    0.07250807355516233,
    0.0739519027993083,
    0.0674933735997631,
    0.06896814231116039,
    0.06863604797623478,
    0.07012881732617433,
    0.06817304625963935,
    0.06670103788089293,
    0.06871352226545031,
    0.0687825011376005,
    0.06709717930509494,
    0.06909754019803725,
    0.06726291517798717,
    0.07011600963484782,
    0.06630240398674057,
    0.06516794297987452,
    0.0676453909299408,
    0.0662987011198241,
    0.07195056745639214,
    0.07048028048414451,
    0.06935417195423864,
    0.07074977880200514,
    0.07008655663006581,
    0.07295708240081485,
    0.06879603212627654,
    0.0699902456253767,
    0.07076442245250711,
    0.0698847182524892,
    0.07025763016337386,
    0.07063126718052305,
    0.07161197209587464,
    0.07084240499310769,
    0.07049869258816426,
    0.07241728790820791,
    0.0762404093447213,
    0.07751074377805568,
    0.07438879943667696,
    0.0692925092835839,
    0.07275543806071465,
    0.07331969391984436,
    0.07753499461194643
  ],
  "train_transduce": [
    1.0230944384004652,
    0.5891827693612305,
    0.4533953777293569,
    0.36438914872321887,
    0.2998505595725836,
    0.24894118078590668,
    0.20960576540416048,
    0.18451223983285353,
    0.1574085498439897,
    0.14125760521778127,
    0.1222032937653286,
    0.11542891584259947,
    0.10312114143264048,
    0.09357696504706574,
    0.08878283338986107,
    0.08166272225837733,
    0.07807266124591385,
    0.07265420556644496,
    0.06976712117758915,
    0.06524115757651858,
    0.06307864526152304,
    0.05738505606837187,
    0.05465717768277397,
    0.05450261458178464,
    0.05288251706869485,
    0.05039684610806175,
    0.04743443433790631,
    0.044877066488195325,
    0.04490667251754821,
    0.04268366145930186,
    0.03977140685370595,
    0.04188084630199622,
    0.039797305455911404,
    0.037933389070568625,
    0.03627814102879504,
    0.033587296589364095,
    0.0348597420163491,
    0.034108582255190485,
    0.032848515485403774,
    0.030599393123357566,
    0.03210226554404368,
    0.029980730085355258,
    0.02917401496436178,
    0.028747970598375368,
    0.028189805919573326,
    0.02542462566694648,
    0.02776911158412311,
    0.02577297889253067,
    0.025226110714900586,
    0.02478125451262272,
    0.023834964201651206,
    0.024471619020014542,
    0.025676735202762653,
    0.02449100395933408,
    0.023010402896259094,
    0.02278134813796268,
    0.02251226533103504,
    0.02354658375129334,
    0.019438445334053915,
    0.02018253803589218,
    0.020502643358471236,
    0.021445275445171084,
    0.02165970980602595,
    0.020377718562082647,
    0.020451334663954823,
    0.020345530778736107,
    0.02038651099068487,
    0.0188259369028809
  ],
  "val_transduce": [
    0.3657829165458679,
    0.288200244307518,
    0.23218715305511767,
    0.1983442891102571,
    0.1722871890434852,
    0.14500722461021864,
    0.12890592790566957,
    0.11619671892661315,
    0.10683653245751674,
    0.10738227373132339,
    0.10243062703655316,
    0.09672422535144366,
    0.0874093031653991,
    0.09217012702272488,
    0.0854692656833392,
    0.07656774383324844,
    0.08261537379943408,
    0.0821497765584634,
    0.07527557344963917,
    0.07791261575542964,
    0.07253003478623353,
    0.0725888254550787,
    0.07656318164215638,
    0.07323980102172264,
    0.0719791862827081,
    0.07204797520087315,
    0.0682874214477264,
    0.07250807355516233,
    0.0739519027993083,
    0.0674933735997631,
    0.06896814231116039,
    0.06863604797623478,
    0.07012881732617433,
    0.06817304625963935,
    0.06670103788089293,
    0.06871352226545031,
    0.0687825011376005,
    0.06709717930509494,
    0.06909754019803725,
    0.06726291517798717,
    0.07011600963484782,
    0.06630240398674057,
    0.06516794297987452,
    0.0676453909299408,
    0.0662987011198241,
    0.07195056745639214,
    0.07048028048414451,
    0.06935417195423864,
    0.07074977880200514,
    0.07008655663006581,
    0.07295708240081485,
    0.06879603212627654,
    0.0699902456253767,
    0.07076442245250711,
    0.0698847182524892,
    0.07025763016337386,
    0.07063126718052305,
    0.07161197209587464,
    0.07084240499310769,
    0.07049869258816426,
    0.07241728790820791,
    0.0762404093447213,
    0.07751074377805568,
    0.07438879943667696,
    0.0692925092835839,
    0.07275543806071465,
    0.07331969391984436,
    0.07753499461194643
  ],