{
  "epoch": [
    1,
    2,
    3,
    4,
    5,
    6,
    7,
    8,
    9,
    10,
    11,
    12,
    13,
    14,
    15,
    16,
    17,
    18,
    19,
    20,
    21,
    22,
    23,
    24,
    25,
    26,
    27,
    28,
    29,
    30,
    31,
    32,
    33,
    34,
    35,
    36,
    37,
    38,
    39,
    40,
    41,
    42,
    43,
    44,
    45,
    46,
    47
  ],
  "train_loss": [
    2.5210634248772847,
    1.254086076906047,
    0.7225276334691293,
    0.4757619587723742,
    0.35089485040030527,
    0.26917605501474795,
    0.21391138507379698,
    0.17647433207975222,
    0.1455730308116097,
    0.12746564761649087,
    0.112637162823038,
    0.09287104509847681,
    0.08387199637585695,
    0.07673139588849753,
    0.07126757664817203,
    0.06445003048391994,
    0.059131620557421875,
    0.05197449313649505,
    0.046930271008810434,
    0.04808304106490206,
    0.044745004899108536,
    0.04095703343735989,
    0.03964327251749862,
    0.041122938496703954,
    0.04004551985387489,
    0.036599424994099385,
    0.03061617899100421,
    0.03271802119219426,
    0.03262018515805224,
    0.028007070157081655,
    0.026977829913579925,
    0.026891706799416198,
    0.02420051897559123,
    0.02579793798228361,
    0.027248764881076887,
    0.025569197356931327,
    0.02302131034702677,
    0.021308116732434053,
    0.023437937332758892,
    0.020536027662696067,
    0.019118374435605538,
    0.020527402506709175,
    0.021305722081265653,
    0.017876298952914926,
    0.01725501257724599,
    0.016909527773584825,
    0.01714608495210096
  ],
  "val_loss": [
    1.604485273361206,
    0.7284362637079679,
    0.3852391013732323,
    0.21016202637782463,
    0.16683284078653043,
    0.12049375015955704,
    0.08772843130506001,
    0.07223069897064796,
    0.0698772958264901,
    0.06442100225159755,
    0.06063402745013054,
    0.05524269133233107,
    0.05526242476816361,
    0.051049019783162154,
    0.05243900275001159,
    0.047733406213900216,
    0.049551042226644665,
    0.0471749732700678,
    0.04752817370284062,
    0.05012570876771441,
    0.0513332795101003,
    0.04578037599388223,
    0.04908869863272859,
    0.04625390817482884,
    0.05054094583297578,
    0.052635778135691695,
    0.05262967854594955,
    0.050728580583101854,
    0.0496536212740466,
    0.050291003623547464,
    0.05132494127162947,
    0.05695633672607633,
    0.05442434834996955,
    0.05235557283203189,
    0.05459955992857711,
    0.051638127103125535,
    0.05649347014080446,
    0.059056324985039495,
    0.05601104326510372,
    0.0542004586269076,
    0.05613769370561036,
    0.05342166913816562,
    0.05459933597236299,
    0.05808021528467249,
    0.05847807142149227,
    0.05419015487915693,
    0.05882843834562944
  ],
  "train_transduce": [
    2.4883303371901366,
    1.2431214159911441,
    0.7168293335695857,
    0.4715364411012414,
    0.3477006772744287,
    0.2664878976713751,
    0.21155255468389422,
    0.17437343476052136,
    0.14378194971797392,
    0.12576009438747598,
    0.11111557095782044,
    0.09153712074243531,
    0.08255896871890296,
    0.07566554351834599,
    0.07011484584204622,
    0.06351968109338861,
    0.05823882136340301,
    0.05107103814322924,
    0.04615559215782229,
    0.04733141049377851,
    0.043946513483665656,
    0.04028212103858283,
    0.03898116166597789,
    0.04049266303034941,
    0.03940063673695646,
    0.03602091044898039,
    0.030074839993888876,
    0.032244630371575655,
    0.03214472143661192,
    0.027543988150842105,
    0.026567968141441186,
    0.026466584406773914,
    0.023769663065940756,
    0.02534620384637689,
    0.026858246181947515,
    0.025248432222312104,
    0.022679192614117542,
    0.020987891419262616,
    0.023120076222748486,
    0.020236224455749328,
    0.018814689961031618,
    0.02030755853827697,
    0.021050383743695607,
    0.017626752527238627,
    0.016997731802024945,
    0.01669075735724656,
    0.016923632007092237
  ],
  "val_transduce": [
    1.586595214330233,
    0.7203353230769818,
    0.3792715256030743,
    0.20573034653296837,
    0.16299729966200316,
    0.1175763331926786,
    0.08516275252287205,
    0.06991446390748024,
    0.06767161663335103,
    0.06260539777576923,
    0.05896078981459141,
    0.05376272505292526,
    0.05379755014123825,
    0.04980855571249357,
    0.05127020079929095,
    0.04662639676378323,
    0.04841646519847787,
    0.046199769175683074,
    0.046598976119779624,
    0.049253038775462374,
    0.05051107074205692,
    0.04503093457494218,
    0.04841113409314018,
    0.04546278761699796,
    0.04992241604038729,
    0.05206338747834357,
    0.052082703896583274,
    0.05022671113077264,
    0.049102147145626635,
    0.04982207452233594,
    0.05087410445468357,
    0.056501970142842486,
    0.053977993509481445,
    0.05192116816760972,
    0.05418294759091133,
    0.0513232907307191,
    0.056142644661192134,
    0.058738019006201424,
    0.055682588941775836,
    0.053864770533087164,
    0.05587102316069202,
    0.05317933683713468,
    0.05436085938261105,
    0.05786737761585615,
    0.05826584281749092,
    0.053977926017698616,
    0.058650142034121715
  ],
  "l0": [
    0.0,
    0.0,
    0.0,
    0.0,
    0.0,
    0.0,
    0.0,
    0.0,
    0.0,
    0.0,
    0.0,
    0.0,
    0.0,
    0.0,
    0.0,
    0.0,
    0.0,
    0.0,
    0.0,
    0.0,
    0.0,
    0.0,
    0.0,
    0.0,
    0.0,
    0.0,
    0.0,
    0.0,
    0.0,
    0.0,
    0.0,
    0.0,
    0.0,
    0.0,
    0.0,
    0.0,
    0.0,
    0.0,
    0.0,
    0.0,
    0.0,
    0.0,
    0.0,
    0.0,
    0.0,
    0.0,
    0.0
  ],
  "lambda_l0_effective": [
    0.01,
    0.01,
    0.01,
    0.01,
    0.01,
    0.01,
    0.01,
    0.01,
    0.01,
    0.01,
    0.01,
    0.01,
    0.01,
    0.01,
    0.01,
    0.01,
    0.01,
    0.01,
    0.01,
    0.01,
    0.01,
    0.01,
    0.01,
    0.01,
    0.01,
    0.01,
    0.01,
    0.01,
    0.01,
    0.01,
    0.01,
    0.01,
    0.01,
    0.01,
    0.01,
    0.01,
    0.01,
    0.01,
    0.01,
    0.01,
    0.01,
    0.01,
    0.01,
    0.01,
    0.01,
    0.01,
    0.01
  ],
  "recon_loss": [],
  "balance_loss": []
}