{
  "epoch": [
    1,
    2,
    3,
    4,
    5,
    6,
    7,
    8,
    9,
    10,
    11,
    12,
    13,
    14,
    15,
    16,
    17,
    18,
    19,
    20,
    21,
    22,
    23,
    24,
    25,
    26,
    27,
    28,
    29,
    30,
    31,
    32,
    33,
    34,
    35,
    36,
    37,
    38,
    39,
    40,
    41,
    42,
    43,
    44,
    45,
    46,
    47,
    48,
    49,
    50,
    51,
    52,
    53,
    54,
    55,
    56,
    57,
    58,
    59,
    60,
    61,
    62,
    63,
    64,
    65,
    66,
    67,
    68,
    69,
    70,
    71,
    72,
    73,
    74,
    75,
    76,
    77,
    78,
    79,
    80,
    81,
    82,
    83,
    84,
    85,
    86,
    87,
    88,
    89,
    90,
    91,
    92,
    93,
    94,
    95,
    96,
    97,
    98,
    99,
    100,
    101,
    102,
    103
  ],
  "train_loss": [
    1.4061211593372305,
    0.8238158603918921,
    0.6553788443201596,
    0.5441967619141352,
    0.4712364102147289,
    0.40439238314776077,
    0.35571396919255405,
    0.3132041632821879,
    0.2781103993045915,
    0.2506832852959633,
    0.22591522942806028,
    0.2043138803894987,
    0.18788394658375032,
    0.17395048457937143,
    0.16048663796991416,
    0.14832212138421758,
    0.13814956264704772,
    0.1274102681230024,
    0.12116953628809796,
    0.11071252319769762,
    0.10790119888548999,
    0.10074282402998393,
    0.09719284182203185,
    0.08965164974101425,
    0.0871156774192434,
    0.07986377755698469,
    0.07692103178153947,
    0.07191129557826777,
    0.06814928571741606,
    0.06499297279365283,
    0.06304522208178166,
    0.06099470033665601,
    0.06070161452420901,
    0.059010564637629645,
    0.05517074392782044,
    0.05117277996902613,
    0.04847732779675538,
    0.04817524681002209,
    0.04465419630107192,
    0.04435582081163206,
    0.0406838756861146,
    0.0392609312410284,
    0.039770949775948354,
    0.040743387193831894,
    0.03724180312692812,
    0.03619436629250953,
    0.03411729134062363,
    0.03422412498537259,
    0.03433496103689228,
    0.03307813068986246,
    0.029083333827900824,
    0.02991567199243252,
    0.03146324969693711,
    0.02914088515123141,
    0.029121639382228563,
    0.02755423722375837,
    0.027510107046031615,
    0.027032938413802034,
    0.025220726850711424,
    0.025637776377255617,
    0.02710630840228237,
    0.02438863879549749,
    0.023885560020343543,
    0.023270143011162422,
    0.02221520042368547,
    0.023184956764303072,
    0.02160032048158962,
    0.022535094873710852,
    0.022913980550977604,
    0.021332838721381326,
    0.022979736031685984,
    0.02026517622259244,
    0.020158476367852046,
    0.019429075176414755,
    0.01952164917680214,
    0.01975576234285326,
    0.020756880003843726,
    0.018721174412723824,
    0.019380167420694278,
    0.018420222437383664,
    0.017461990445525835,
    0.017394313269496423,
    0.01660774735621052,
    0.017882252816523704,
    0.019005332398948444,
    0.017065656987095692,
    0.01703353840545703,
    0.017596081362499558,
    0.015531969949190226,
    0.014998812699503237,
    0.01607691364173211,
    0.01595054569320523,
    0.0155408897997629,
    0.015921329903013082,
    0.015529724613273727,
    0.013877424340666338,
    0.014579192874473087,
    0.013832490854013288,
    0.014465857147162338,
    0.016261098150298307,
    0.01461124880546608,
    0.014388779389489558,
    0.01384966090482362
  ],
  "val_loss": [
    0.6921198826569778,
    0.5082835234128512,
    0.43552887668976414,
    0.39603883486527663,
    0.3496201061285459,
    0.3279326076690967,
    0.3112874420789572,
    0.29217042372776914,
    0.2726687422165504,
    0.2667670055077626,
    0.2426022061934838,
    0.2393804800051909,
    0.23135895568590897,
    0.21844630860365355,
    0.21110279399615067,
    0.21167177191147438,
    0.19480086805728766,
    0.19117627235559317,
    0.18718565599276468,
    0.1915041426053414,
    0.1732672911423903,
    0.1805478769999284,
    0.17933686077594757,
    0.17200055087988192,
    0.16064420285133216,
    0.17607437589993843,
    0.16856982387029207,
    0.15350566231287444,
    0.14757447976332444,
    0.15023668826772615,
    0.14882249958240068,
    0.14813619393568772,
    0.14705491295227638,
    0.13869960147600907,
    0.1363284931733058,
    0.13176900005111328,
    0.13050610915972635,
    0.1372675342628589,
    0.12823012929696304,
    0.1260225701217468,
    0.1256298620540362,
    0.12537326305531538,
    0.1280377796636178,
    0.1294709719144381,
    0.12473275913642003,
    0.1357384372789126,
    0.11966905914820157,
    0.12109166784928395,
    0.11680171638727188,
    0.11627035416089572,
    0.12357234324400242,
    0.12658753188756797,
    0.11702859616623475,
    0.12540133569676143,
    0.11948321473139983,
    0.12374697525340778,
    0.11933846442172161,
    0.12705407649851763,
    0.12159779667854309,
    0.12827908591582224,
    0.12721636920021132,
    0.12475190884791888,
    0.1247448713447039,
    0.12925338086027366,
    0.1196438897974216,
    0.12376756335680301,
    0.11985461170283648,
    0.11797376779409555,
    0.1270840193789739,
    0.12674844694825319,
    0.1236143450324352,
    0.11637336330918166,
    0.11625739745795727,
    0.11685610877779815,
    0.12207928844369374,
    0.12015081820293115,
    0.12160977807182533,
    0.10801372906336418,
    0.12144009575534326,
    0.11911129184926932,
    0.11901074203734215,
    0.12478862373301616,
    0.12104654211837512,
    0.11653109553914803,
    0.12453692671484672,
    0.12940194615377829,
    0.12773425647845635,
    0.11890936084091663,
    0.1165901107283739,
    0.11577844863327649,
    0.11402313647648463,
    0.11643203168820876,
    0.12872255536226127,
    0.1262951264014611,
    0.12063403671177533,
    0.11643517282433234,
    0.11667556258348319,
    0.12816022694683993,
    0.11923660667469868,
    0.11212566982095058,
    0.12147593677330476,
    0.11398818515814267,
    0.11589136812835932
  ],