{
  "epoch": [
    1,
    2,
    3,
    4,
    5,
    6,
    7,
    8,
    9,
    10,
    11,
    12,
    13,
    14,
    15,
    16,
    17,
    18,
    19,
    20,
    21,
    22,
    23,
    24,
    25,
    26,
    27,
    28,
    29,
    30,
    31,
    32,
    33,
    34,
    35,
    36,
    37,
    38,
    39,
    40,
    41,
    42,
    43,
    44,
    45,
    46,
    47,
    48,
    49,
    50,
    51,
    52,
    53,
    54,
    55,
    56,
    57,
    58,
    59,
    60,
    61,
    62,
    63,
    64,
    65,
    66,
    67,
    68,
    69,
    70,
    71,
    72,
    73,
    74,
    75
  ],
  "train_loss": [
    1.1307395641336735,
    0.5810410787457043,
    0.433977131069321,
    0.33334191658140455,
    0.26536460673993395,
    0.2183928559582258,
    0.18474433832254605,
    0.1565469687746972,
    0.13927485782307447,
    0.12510550506028933,
    0.11115392996478327,
    0.09875031879421362,
    0.08020605002865963,
    0.07258356383704033,
    0.06433426867210373,
    0.05956705393672911,
    0.05394031444430044,
    0.0496340095132743,
    0.04519467861343598,
    0.041959404993379856,
    0.037603971884422695,
    0.03497466251503715,
    0.03111479756393537,
    0.029693365778735617,
    0.02925225671083119,
    0.026802609717838235,
    0.025186628091254645,
    0.024153952710042448,
    0.024384496349495712,
    0.021030751587438983,
    0.020453712370093028,
    0.019512151731610222,
    0.018293777916378814,
    0.018209098459019798,
    0.018622560397789034,
    0.017095735605047613,
    0.018290543302259956,
    0.01655437185827489,
    0.01403677737347532,
    0.015017706966843725,
    0.014261768399329721,
    0.014045636754089333,
    0.013870497958460995,
    0.014609133892515003,
    0.01297722240674703,
    0.011232852723363057,
    0.013114445657978199,
    0.009560903954048421,
    0.011577924678087733,
    0.011645890252674287,
    0.013993388431305162,
    0.010089415211960212,
    0.010113941864398568,
    0.009922576003669541,
    0.010049199357211167,
    0.010387840635172025,
    0.012078297373685102,
    0.011258128239561986,
    0.012278863395679473,
    0.009942394719379907,
    0.009134499236134831,
    0.010367970051335114,
    0.008405729993570539,
    0.007242970023221413,
    0.00905608667298364,
    0.010711086649008422,
    0.009138114456346585,
    0.008099334351070341,
    0.007710635118857362,
    0.008250823214148488,
    0.008098845806671306,
    0.007716205072638425,
    0.007362834323730473,
    0.0089783558199547,
    0.00661714761844985
  ],
  "val_loss": [
    0.4007812256996448,
    0.29930563614918637,
    0.2764111149769563,
    0.26560487426244295,
    0.23608739559467024,
    0.19468861130567697,
    0.19344149243373138,
    0.1818130108026358,
    0.1650014387873503,
    0.15855855093552515,
    0.14366214378521994,
    0.1378796031841865,
    0.1206810362637043,
    0.1206443954545718,
    0.11460404012065667,
    0.11974507656234962,
    0.10632169877107327,
    0.10336402345162171,
    0.10570621003325169,
    0.0995346442438089,
    0.09721371989983779,
    0.10493070918780106,
    0.09719027034365214,
    0.09091555413145286,
    0.09980559091155346,
    0.09502339033553234,
    0.10011685023514125,
    0.09610785414966252,
    0.0818785741352118,
    0.08876606732463607,
    0.09516767734804979,
    0.09883664906598054,
    0.09150210517243697,
    0.08490630110295919,
    0.09478889771092397,
    0.08049292497050303,
    0.08584042065418683,
    0.08821776824501845,
    0.08243919823032159,
    0.08084334963216232,
    0.08370962473922051,
    0.08104534635248666,
    0.07999468601953524,
    0.08049457466516358,
    0.08734341302456763,
    0.08956797705748333,
    0.08179378742352128,
    0.08086911662338445,
    0.08209316869481252,
    0.07719606744985168,
    0.07937045868199605,
    0.08747132156545726,
    0.07988868960036108,
    0.08371341110278781,
    0.09384350933564398,
    0.0985893730718929,
    0.08488709343454012,
    0.09315706678451253,
    0.08435627782287505,
    0.07993160236555223,
    0.08594160650570232,
    0.08274734258436812,
    0.07987920370382759,
    0.08466321566643623,
    0.08129686320451303,
    0.08527818752022889,
    0.07821952157582228,
    0.08097875091838293,
    0.09081451227673544,
    0.07809639077347058,
    0.09403380219681332,
    0.09706214500161317,
    0.0878155401083999,
    0.09383598002246939,
    0.09486275515519083
  ],
  "train_transduce": [
    1.130360278886618,
    0.5809178648842979,
    0.43335257148005296,
    0.33288961372424647,
    0.2648069240997747,
    0.2178934585187853,
    0.18401641598374574,
    0.15584460192734434,
    0.13866358081397323,
    0.12446791573053169,
    0.11038291210443088,
    0.09754147814567556,
    0.0796188945430763,
    0.07248658980674964,
    0.06431587262213537,
    0.059548663733930314,
    0.05391758210841835,
    0.04962102248880666,
    0.04518648841389522,
    0.04195784567135204,
    0.03760382178066701,
    0.03497324878177077,
    0.031112795820478927,
    0.029694368299480873,
    0.029253394837424007,
    0.026803802014760597,
    0.025187462808314673,
    0.02415483190015573,
    0.024385299034339867,
    0.021031885239842934,
    0.020454655631839,
    0.01951316618192557,
    0.01829475868786157,
    0.018210078203167345,
    0.018623304951782386,
    0.017096634096101158,
    0.01829127283867679,
    0.016554091926232056,
    0.014037228892701342,
    0.015017720305399258,
    0.014262395638482856,
    0.014046067946840116,
    0.013870845195362056,
    0.014605847121331571,
    0.012976993987884027,
    0.011233074054693246,
    0.013114492210905193,
    0.009560942353102253,
    0.011578244531584769,
    0.011646233133602043,
    0.013993418216225259,
    0.010089013911543664,
    0.01011404622833427,
    0.009922656131315419,
    0.010049449049774077,
    0.010388077437138358,
    0.01207855552646149,
    0.011258350594626912,
    0.012279090044009452,
    0.00994283074666698,
    0.009134900823989212,
    0.010368358533164562,
    0.008405414651767303,
    0.007243205841658301,
    0.00905652032965871,
    0.010711605857743296,
    0.009138179787845091,
    0.008099492029322926,
    0.007710744415442268,
    0.008251044816714376,
    0.008099209113087332,
    0.007716516701753021,
    0.007363002020301605,
    0.008978472072355085,
    0.006617478610312845
  ],