{
  "epoch": [
    1,
    2,
    3,
    4,
    5,
    6,
    7,
    8,
    9,
    10,
    11,
    12,
    13,
    14,
    15,
    16,
    17,
    18,
    19,
    20,
    21,
    22,
    23,
    24,
    25,
    26,
    27,
    28,
    29,
    30,
    31,
    32,
    33,
    34,
    35,
    36,
    37,
    38,
    39,
    40,
    41,
    42,
    43,
    44,
    45,
    46,
    47,
    48,
    49,
    50,
    51,
    52,
    53,
    54,
    55,
    56,
    57,
    58,
    59,
    60,
    61,
    62,
    63,
    64,
    65,
    66,
    67,
    68,
    69,
    70,
    71
  ],
  "train_loss": [
    0.7497084810592161,
    0.2542303869924923,
    0.20018870582674989,
    0.17576625817778088,
    0.15760681099525772,
    0.14619284772341795,
    0.13702267039530347,
    0.12785006513690003,
    0.1196037687656313,
    0.11226908877344415,
    0.10508168669472827,
    0.10201687845263151,
    0.0967349172892547,
    0.09337028322538526,
    0.08700768393233861,
    0.08191069866539819,
    0.08081678325070603,
    0.07654393528873968,
    0.06975048363651379,
    0.06874726214768863,
    0.06437258018494242,
    0.05845693437991166,
    0.05696472468426322,
    0.05583876183274949,
    0.0527379472398817,
    0.05065128920913333,
    0.04824484532496127,
    0.04812755191348272,
    0.0438784571401406,
    0.04133553494985151,
    0.04100473368964573,
    0.03869546505410482,
    0.03759456573441477,
    0.03849346591805172,
    0.03637181979484192,
    0.033054134052357464,
    0.033007451904808534,
    0.03241314837653743,
    0.03226700750649861,
    0.030015837963633607,
    0.029167116813287878,
    0.02980954259043873,
    0.026748492419350855,
    0.027263423580086172,
    0.026216213586786302,
    0.023777320672121672,
    0.024299252165094164,
    0.024069851241305028,
    0.022912021495844467,
    0.024211187376686844,
    0.02187147334052047,
    0.020867130661493923,
    0.021483690703822538,
    0.020096888387631073,
    0.019146447431867813,
    0.018392172715820297,
    0.019048739005673197,
    0.016687430699567983,
    0.020058377118006645,
    0.017202150777424915,
    0.017602806620410468,
    0.016865515649217264,
    0.016062997272330345,
    0.015149524746610238,
    0.016631495129169508,
    0.015587440475194466,
    0.014807588434639838,
    0.014460433998357246,
    0.014795893879312247,
    0.01317425178234825,
    0.012645055094992023
  ],
  "val_loss": [
    0.2984587573088132,
    0.21772314665409234,
    0.1944424813756576,
    0.18146257217113787,
    0.1665968860571201,
    0.1577839911557161,
    0.15027864134082428,
    0.14035605238034174,
    0.14223359582515863,
    0.12994325390228859,
    0.12970545773322767,
    0.12114693883519906,
    0.1259405489724416,
    0.1101323148378959,
    0.10803153107945736,
    0.10913012979122308,
    0.10539429147656147,
    0.09699994382949975,
    0.10858232585283425,
    0.09619562757702974,
    0.09314751882965748,
    0.09136732825292991,
    0.0944408937715567,
    0.1018934052150983,
    0.09354936259870346,
    0.08868986626084034,
    0.09028860812003796,
    0.09133866042471848,
    0.08468510052905633,
    0.08795037679374218,
    0.08770568554217999,
    0.08084561690115012,
    0.07821682152839807,
    0.08782514385305919,
    0.07960835872934414,
    0.08231697274515262,
    0.08131462908708133,
    0.08460966010506336,
    0.08682789395634945,
    0.08102760650217533,
    0.07754849943404014,
    0.08225874044001102,
    0.07833549566566944,
    0.08015329834933464,
    0.08139516183963189,
    0.07687212039644901,
    0.09055881166400817,
    0.080882045870217,
    0.07956513948738575,
    0.08142399787902832,
    0.08426473619273075,
    0.08343887959535305,
    0.0792069286108017,
    0.07772635381955367,
    0.08888987007622536,
    0.08276874213837661,
    0.08583623629349929,
    0.07939741144386622,
    0.081526157947687,
    0.08907274163972873,
    0.07837882509025243,
    0.08594814243798073,
    0.08618298559807815,
    0.08764507714658976,
    0.08841836939637478,
    0.087544739103088,
    0.08861534268810199,
    0.08919552935717198,
    0.08823678305802438,
    0.08172996112933525,
    0.08658914447117311
  ],
  "train_transduce": [
    0.7462809599272096,
    0.25419600425970434,
    0.20016216302272116,
    0.17573432867774869,
    0.15754986074891422,
    0.14613472544910885,
    0.13695535901011807,
    0.12773344282171514,
    0.11939774863053076,
    0.11218431145690455,
    0.10476563166421239,
    0.10177703743966499,
    0.096228341175483,
    0.09309021173284786,
    0.08672712675046802,
    0.0814846932224118,
    0.08043373189866543,
    0.07618995527229687,
    0.06945198038500724,
    0.0684999253158227,
    0.06426990887906292,
    0.05838199562881843,
    0.056924266427165214,
    0.0557935496072958,
    0.052705367114210484,
    0.050621184999916226,
    0.04822788168076832,
    0.048104000240933184,
    0.04386000615535396,
    0.041319832971116695,
    0.040983036215795146,
    0.038686991051429566,
    0.03758805473842243,
    0.03848443037396906,
    0.03636621819384912,
    0.033049890024605955,
    0.03300402905460041,
    0.03240089481327646,
    0.032259927453971146,
    0.030011568527373644,
    0.029162781917038236,
    0.029805051623889717,
    0.02674057869941439,
    0.0272580419003152,
    0.02620352202528479,
    0.02377082139604015,
    0.024298416164768213,
    0.024069416415093855,
    0.02290951518231247,
    0.024207870964661683,
    0.021870073350607463,
    0.020864242164528753,
    0.02148161591998864,
    0.02009490746220961,
    0.01914393366544996,
    0.01839140098597301,
    0.019046972780073487,
    0.016687389062072087,
    0.020057952704627326,
    0.01720176039189838,
    0.017602417011754495,
    0.016865231528979643,
    0.016062779432752788,
    0.015149382203540738,
    0.016631325870512588,
    0.015587179640326465,
    0.0148073793596376,
    0.014460201324470857,
    0.014795608221470276,
    0.013173973543965949,
    0.012644737703024898
  ],
  "val_transduce": [
    0.2983464357944635,
    0.2176700675716767,
    0.1939974438685637,
    0.180052970464413,
    0.16616399815449348,
    0.15734498518017623,
    0.14968585566832468,
    0.13950302308568588,
    0.141275055706501,
    0.12952701690105292,
    0.1285981458540146,
    0.12095342519191596,
    0.12553114186112696,
    0.11005649429101211,
    0.10783285275101662,
    0.10906991649132508,
    0.10421086102724075,
    0.09695283237558144,
    0.10815095041806881,
    0.09612567063707572,
    0.09302392802559413,
    0.09124921204952094,
    0.09439331221465881,
    0.10188053576992108,
    0.09353613437941441,
    0.08868191978679253,
    0.0902657349808858,
    0.09126497389605412,
    0.08462213166058064,
    0.08786151314584109,
    0.08765260631648394,
    0.08079915751631443,
    0.07821133245642369,
    0.08775943660965332,
    0.07959366174271473,
    0.08230416691647126,
    0.08130351382379349,
    0.08458895680422966,
    0.08679383276746823,
    0.08101531404715318,
    0.07752425180604824,
    0.08223432073226342,
    0.07831261034768361,
    0.08011875688456573,
    0.08136809130127613,
    0.07686399768751401,
    0.09055582734827812,
    0.08086531573476699,
    0.0795492885204462,
    0.08141783983088456,
    0.08425883232400967,
    0.08342906474494018,
    0.07920055306301667,
    0.07771016184527141,
    0.08888183204600444,
    0.08276082689945514,
    0.08583565271244599,
    0.07939639286353038,
    0.08152330781404789,
    0.08906974664960916,
    0.07837672603244965,
    0.08594588319269511,
    0.08618152055602807,
    0.08764409116254403,
    0.08841752203611228,
    0.08754315750243571,
    0.08861372641359384,
    0.08919374558788079,
    0.08823356182815936,
    0.0817272004026633,
    0.08658788417680906
  ],