{
  "epoch": [
    1,
    2,
    3,
    4,
    5,
    6,
    7,
    8,
    9,
    10,
    11,
    12,
    13,
    14,
    15,
    16,
    17,
    18,
    19,
    20,
    21,
    22,
    23,
    24,
    25,
    26,
    27,
    28,
    29,
    30,
    31,
    32,
    33,
    34,
    35,
    36,
    37,
    38,
    39,
    40,
    41,
    42,
    43,
    44,
    45,
    46,
    47,
    48,
    49,
    50,
    51,
    52,
    53,
    54,
    55,
    56,
    57,
    58,
    59,
    60,
    61,
    62,
    63,
    64,
    65,
    66,
    67,
    68,
    69,
    70,
    71,
    72,
    73,
    74,
    75,
    76,
    77,
    78,
    79,
    80
  ],
  "train_loss": [
    1.3852563813789605,
    0.7076662748130327,
    0.535008166100561,
    0.425517217553768,
    0.3378685621410301,
    0.27674216807810303,
    0.2326512659333416,
    0.19906439386385003,
    0.17652350495156555,
    0.15606027534327557,
    0.14031028881976285,
    0.1265808637685997,
    0.11329054212216864,
    0.10512202417420358,
    0.09433584155265204,
    0.09067528426032706,
    0.08154553274825677,
    0.07793096228281862,
    0.07196300770588142,
    0.07142257984228355,
    0.06324762583124577,
    0.05934290812571639,
    0.05813078825198805,
    0.0534328480308741,
    0.04852807675440287,
    0.046976720472586525,
    0.04589983854999708,
    0.041689763037660685,
    0.04064413571499826,
    0.03781951570729773,
    0.03706894928743083,
    0.036630244205523396,
    0.03233270313033892,
    0.030796850839456946,
    0.031120280538368777,
    0.028776278169633646,
    0.0281190602684912,
    0.027290126498423748,
    0.025487579870969057,
    0.023982251134998713,
    0.025542072694959866,
    0.023909591551217222,
    0.022900908052460433,
    0.02166795629057457,
    0.020305313498799486,
    0.019193689586095436,
    0.02051043644134608,
    0.019475894518071767,
    0.020212165543271862,
    0.01715044234279236,
    0.016932963471638866,
    0.017652422508954543,
    0.01750810582973255,
    0.0171507373440185,
    0.015530441237191103,
    0.01619164323309417,
    0.014725340980335533,
    0.01442944165559236,
    0.013492241014544036,
    0.015394073477754197,
    0.013168451618691235,
    0.012932774778839546,
    0.01416608188469347,
    0.013141504178644571,
    0.011112625902691452,
    0.01283709419358368,
    0.01280809555457156,
    0.012413794033171744,
    0.011551546833007452,
    0.010980419087890997,
    0.01100360573096604,
    0.009901886832295466,
    0.012189577942409255,
    0.012198590911137536,
    0.010732918935731897,
    0.010379889405982992,
    0.00998883893696553,
    0.009176134360178863,
    0.010823428051152564,
    0.010694696453937627
  ],
  "val_loss": [
    0.6499278407830459,
    0.40981877079376805,
    0.34460631471413833,
    0.33495497703552246,
    0.2845439314842224,
    0.23520197891272032,
    0.22450171411037445,
    0.2084025637461589,
    0.2051753688317079,
    0.19847524624604446,
    0.18336364512260145,
    0.1689275365609389,
    0.15004262385460046,
    0.15048574312375143,
    0.14079380723146293,
    0.14327402126330596,
    0.14576049378285041,
    0.14012394129083708,
    0.13821822175612816,
    0.13045403132071862,
    0.13147499269017807,
    0.12318018107460095,
    0.11965811797059499,
    0.12092745504700221,
    0.11271256108123523,
    0.10449880504837403,
    0.10424645875508969,
    0.10460002863636383,
    0.10870767628344205,
    0.10861906896416958,
    0.10019499550645168,
    0.10605302596321473,
    0.10375511875519386,
    0.09562503747068919,
    0.09311064189443222,
    0.09660407370672776,
    0.09515945068918742,
    0.09561483791241279,
    0.10127913407408275,
    0.10011450917674945,
    0.09783532971946093,
    0.09436069550709082,
    0.08878700162928838,
    0.09428297728300095,
    0.08958510087373164,
    0.09939927887171507,
    0.09606341974666485,
    0.09348343384380524,
    0.0963904125472674,
    0.09752446556320557,
    0.09677373202374348,
    0.09452454616817144,
    0.0897818045833936,
    0.09562950298333397,
    0.08688933549162287,
    0.08906255676769294,
    0.08944529187507354,
    0.09171380718740132,
    0.09640276682778047,
    0.08728501934987995,
    0.09029872149515611,
    0.09486250181754048,
    0.09418250197687975,
    0.09248527687472793,
    0.09757807134435727,
    0.08757549477741122,
    0.09286357333453801,
    0.08988312862885113,
    0.08936329379391211,
    0.09379310092817132,
    0.09577230808253472,
    0.09494722686493053,
    0.09746513107361701,
    0.09190508730422992,
    0.09360670640419883,
    0.09548302066440766,
    0.08786597722568192,
    0.09403686347202612,
    0.10487730894237757,
    0.10715627412383373
  ],
  "train_transduce": [
    1.3852563813789605,
    0.7076662748130327,
    0.535008166100561,
    0.425517217553768,
    0.3378685621410301,
    0.27674216807810303,
    0.2326512659333416,
    0.19906439386385003,
    0.17652350495156555,
    0.15606027534327557,
    0.14031028881976285,
    0.1265808637685997,
    0.11329054212216864,
    0.10512202417420358,
    0.09433584155265204,
    0.09067528426032706,
    0.08154553274825677,
    0.07793096228281862,
    0.07196300770588142,
    0.07142257984228355,
    0.06324762583124577,
    0.05934290812571639,
    0.05813078825198805,
    0.0534328480308741,
    0.04852807675440287,
    0.046976720472586525,
    0.04589983854999708,
    0.041689763037660685,
    0.04064413571499826,
    0.03781951570729773,
    0.03706894928743083,
    0.036630244205523396,
    0.03233270313033892,
    0.030796850839456946,
    0.031120280538368777,
    0.028776278169633646,
    0.0281190602684912,
    0.027290126498423748,
    0.025487579870969057,
    0.023982251134998713,
    0.025542072694959866,
    0.023909591551217222,
    0.022900908052460433,
    0.02166795629057457,
    0.020305313498799486,
    0.019193689586095436,
    0.02051043644134608,
    0.019475894518071767,
    0.020212165543271862,
    0.01715044234279236,
    0.016932963471638866,
    0.017652422508954543,
    0.01750810582973255,
    0.0171507373440185,
    0.015530441237191103,
    0.01619164323309417,
    0.014725340980335533,
    0.01442944165559236,
    0.013492241014544036,
    0.015394073477754197,
    0.013168451618691235,
    0.012932774778839546,
    0.01416608188469347,
    0.013141504178644571,
    0.011112625902691452,
    0.01283709419358368,
    0.01280809555457156,
    0.012413794033171744,
    0.011551546833007452,
    0.010980419087890997,
    0.01100360573096604,
    0.009901886832295466,
    0.012189577942409255,
    0.012198590911137536,
    0.010732918935731897,
    0.010379889405982992,
    0.00998883893696553,
    0.009176134360178863,
    0.010823428051152564,
    0.010694696453937627
  ],