{
  "epoch": [
    1,
    2,
    3,
    4,
    5,
    6,
    7,
    8,
    9,
    10,
    11,
    12,
    13,
    14,
    15,
    16,
    17,
    18,
    19,
    20,
    21,
    22,
    23,
    24,
    25,
    26,
    27,
    28,
    29,
    30,
    31,
    32,
    33,
    34,
    35,
    36,
    37,
    38,
    39,
    40,
    41,
    42,
    43,
    44,
    45,
    46,
    47,
    48,
    49,
    50,
    51,
    52,
    53,
    54,
    55,
    56,
    57,
    58,
    59,
    60,
    61,
    62,
    63,
    64,
    65,
    66,
    67,
    68
  ],
  "train_loss": [
    1.0282666932061775,
    0.4845772605274141,
    0.32573196399457677,
    0.22804181389126582,
    0.1648466534835776,
    0.12532293704367176,
    0.10424281220844726,
    0.08721090004462556,
    0.07581523732887101,
    0.06704127684850053,
    0.058309102008484076,
    0.050151215991024505,
    0.044942480012697655,
    0.039363934308021646,
    0.039000948401379215,
    0.03470241025416661,
    0.03196974704042077,
    0.02979538910878227,
    0.026995550358629564,
    0.026899447491795746,
    0.026601793074058657,
    0.023234394292548758,
    0.021855268464183685,
    0.021765999618399236,
    0.019462967946760588,
    0.019875295660650532,
    0.01779967894028757,
    0.017398391098993802,
    0.01802125323045346,
    0.016769619446161406,
    0.014504006655152273,
    0.0142578980573405,
    0.014529346349797951,
    0.015603977351535842,
    0.01477810237784726,
    0.015031700558389163,
    0.013487163941932785,
    0.012132263103903262,
    0.014176033156115044,
    0.012892035169757366,
    0.014145035158360339,
    0.012965247356968922,
    0.012663865508151614,
    0.01023533873136405,
    0.012278364137770397,
    0.011288405216920679,
    0.01214970666441116,
    0.010588253294231765,
    0.009257223036742682,
    0.008114725358234527,
    0.00911128296656054,
    0.009723290555465957,
    0.009177659493757017,
    0.009435144000441873,
    0.00954429665550388,
    0.008952149767284617,
    0.008154846427808563,
    0.009186414490182664,
    0.009830026705083246,
    0.00850956780507743,
    0.007978383859603895,
    0.007760524039712408,
    0.007884025399107486,
    0.008137421960163545,
    0.007894288795758951,
    0.010375635631828924,
    0.00832315753592111,
    0.00966469417779212
  ],
  "val_loss": [
    0.34494744814359224,
    0.26781654014037204,
    0.21345922924005067,
    0.17389783664391592,
    0.16277039968050444,
    0.1527341902256012,
    0.15341234722962746,
    0.13498164913975275,
    0.14177460309404594,
    0.1345023295054069,
    0.1267333858861373,
    0.1296133904789503,
    0.12380491397701777,
    0.12392708372611266,
    0.1265683930653792,
    0.12592090379733306,
    0.11570018988389236,
    0.11658513861206862,
    0.11316278204321861,
    0.12216690813119595,
    0.11107226045658955,
    0.11969883310107085,
    0.12935877963900566,
    0.1275487459049775,
    0.11493775792993031,
    0.11733661821255317,
    0.10972667886660649,
    0.11221438359755737,
    0.12085165198032673,
    0.11973946885420726,
    0.12090258629849324,
    0.11598720014668427,
    0.11347163726504032,
    0.1121010402074227,
    0.11955403020748726,
    0.11555125850897568,
    0.1300582610643827,
    0.10937025713232848,
    0.1313377547149475,
    0.11711452027352956,
    0.11202271411625239,
    0.11405036154274757,
    0.1046716609539894,
    0.11408000647162016,
    0.11637316020922019,
    0.11339238966600253,
    0.13257374327916366,
    0.11312885911991963,
    0.11889669657326661,
    0.1142430933049092,
    0.11280543758318974,
    0.12413913298111695,
    0.12885350325646308,
    0.11618620056945544,
    0.11412999162880275,
    0.11697534786967131,
    0.11411581417688957,
    0.12776970834686205,
    0.12471768446266651,
    0.12112395995511459,
    0.1268341041241701,
    0.12733545383581749,
    0.11388729197474626,
    0.1203607888175891,
    0.12867455184459686,
    0.12385113479999396,
    0.11977768761034195,
    0.1114687671383413
  ],
  "train_transduce": [
    1.0262879720053721,
    0.48431056369211256,
    0.32498665576435853,
    0.22679724233205786,
    0.16459167088122711,
    0.12510317364304335,
    0.1042251846724257,
    0.08720494799085499,
    0.07580783223906129,
    0.06703388527727004,
    0.05830740619489213,
    0.050150814542988524,
    0.044942172834668885,
    0.03936338536057275,
    0.03900080201091226,
    0.03470180061232952,
    0.03196783704183919,
    0.029794243711632553,
    0.026994435157454044,
    0.026898852026224444,
    0.026601685213462747,
    0.023234210233924163,
    0.02185484718233731,
    0.021765923579991554,
    0.019462723688212866,
    0.019875248379227658,
    0.017799625839298765,
    0.0173982302226203,
    0.01802122738865233,
    0.016769591206444678,
    0.01450393245178611,
    0.014257849556557144,
    0.014529339936753908,
    0.015603926677266424,
    0.014777080459549025,
    0.015031691185755598,
    0.013487140097794574,
    0.012132019440633888,
    0.01416489206669737,
    0.012891841722897148,
    0.014144229120274852,
    0.012965068385813903,
    0.012662714338842203,
    0.010233492810115909,
    0.012278306898036875,
    0.011288324875046605,
    0.012149681507900223,
    0.010588219523587091,
    0.009256757518874252,
    0.008113973918634937,
    0.009111253555189608,
    0.00972328443841087,
    0.009177654627266522,
    0.00943513399232467,
    0.009544287875748346,
    0.008952145615938245,
    0.008154843449766613,
    0.009186410134959458,
    0.009830015737739796,
    0.008509539294575062,
    0.007978360414968267,
    0.007760513107473578,
    0.007883994104388678,
    0.008137399233372393,
    0.007894245835204762,
    0.010375246816655602,
    0.008323138118715543,
    0.009664589144468317
  ],
  "val_transduce": [
    0.3442786496419173,
    0.26358283253816456,
    0.2133554437985787,
    0.17328028266246503,
    0.1605112523986743,
    0.152340741111682,
    0.15336257305282813,
    0.13488954506241357,
    0.14175345949255502,
    0.13448298235352224,
    0.12671631460006422,
    0.12961229094519064,
    0.12377207496991524,
    0.12391888407560495,
    0.12655735990175834,
    0.12590465379449037,
    0.11568107857153966,
    0.11658033470694835,
    0.11315436288714409,
    0.12216554481822711,
    0.11106639441389304,
    0.1196974699313824,
    0.1293576365480056,
    0.12754817135058916,
    0.11493540741503239,
    0.11733616745242706,
    0.10972558921919419,
    0.11221370401863869,
    0.12085122113617566,
    0.11973926424980164,
    0.12090253041913876,
    0.11598697412185945,
    0.11347072227643086,
    0.11210078574143924,
    0.11955353775276588,
    0.11555048135610727,
    0.13005814285805592,
    0.10936917307285163,
    0.13133680791809008,
    0.11711171727914077,
    0.1120218476996972,
    0.11404936918272422,
    0.1046650094481615,
    0.11407982558012009,
    0.11637301406321618,
    0.11339234797140726,
    0.13257364928722382,
    0.11312873360629265,
    0.11889642520019642,
    0.11424299831000659,
    0.1128054133688028,
    0.12413907466599575,
    0.12885347832567418,
    0.11618614311401661,
    0.11412996297272351,
    0.11697532809697665,
    0.11411578580737114,
    0.12776968570855948,
    0.12471765322754017,
    0.12112390694136803,
    0.12683403105116808,
    0.12733539938926697,
    0.11388706716780479,
    0.12036072348172848,
    0.12867436930537224,
    0.12385106659852542,
    0.11977766310939422,
    0.11146847104940277
  ],