{
  "epoch": [
    1,
    2,
    3,
    4,
    5,
    6,
    7,
    8,
    9,
    10,
    11,
    12,
    13,
    14,
    15,
    16,
    17,
    18,
    19,
    20,
    21,
    22,
    23,
    24,
    25,
    26,
    27,
    28,
    29,
    30,
    31,
    32,
    33,
    34,
    35,
    36,
    37,
    38,
    39,
    40,
    41,
    42,
    43,
    44,
    45,
    46,
    47,
    48,
    49,
    50,
    51,
    52,
    53,
    54,
    55,
    56,
    57,
    58,
    59,
    60,
    61,
    62,
    63,
    64,
    65,
    66,
    67,
    68,
    69,
    70,
    71,
    72,
    73,
    74,
    75,
    76,
    77,
    78,
    79,
    80,
    81,
    82,
    83,
    84,
    85,
    86,
    87,
    88,
    89,
    90,
    91,
    92,
    93,
    94,
    95,
    96,
    97,
    98,
    99,
    100,
    101,
    102,
    103,
    104,
    105,
    106,
    107,
    108,
    109,
    110,
    111,
    112,
    113,
    114,
    115,
    116,
    117,
    118,
    119,
    120,
    121,
    122,
    123,
    124,
    125,
    126,
    127,
    128,
    129,
    130,
    131,
    132
  ],
  "train_loss": [
    1.0942129185884306,
    0.5394386678639025,
    0.41622243659331065,
    0.365336151701389,
    0.3297740293316322,
    0.3023284588119771,
    0.27626941404720345,
    0.255753369909702,
    0.24065598255336876,
    0.2272828310580537,
    0.21571910160012764,
    0.20459542880849083,
    0.1960973001205095,
    0.18578871487095805,
    0.17777951076479243,
    0.17087168187493146,
    0.16440829405985255,
    0.15851914772007725,
    0.1503819454424452,
    0.14538694423909235,
    0.13833612992916958,
    0.13459637657840653,
    0.13014906666951603,
    0.1269559453767125,
    0.11989181370723366,
    0.11694717584270062,
    0.11367870229158071,
    0.1076071808243742,
    0.1055901627803203,
    0.10111365065273673,
    0.10013055963681476,
    0.09653913746080776,
    0.09457279631111881,
    0.09146542931989868,
    0.08853034745201026,
    0.08519821971802428,
    0.0829455951357832,
    0.08144357900070671,
    0.07801959173071503,
    0.07317908141430061,
    0.0729583052383496,
    0.07003850891891092,
    0.06887364614349191,
    0.06723595919585464,
    0.06654147086388404,
    0.06211995327900542,
    0.06332004380108107,
    0.0589859054635952,
    0.06002993592162534,
    0.05808121755276576,
    0.05481914583925564,
    0.05531595977447411,
    0.054378058447843734,
    0.05301837678445448,
    0.05180954785630255,
    0.05102140130014113,
    0.04894175898689445,
    0.047924551836187296,
    0.04712836278399619,
    0.04284292730585773,
    0.04347864934934838,
    0.043094440796735266,
    0.042314019459899106,
    0.03913356636715407,
    0.04130512977590655,
    0.04027671719172803,
    0.03884922476061205,
    0.03839079748912908,
    0.03596644115514389,
    0.034610781495892765,
    0.03371236933450593,
    0.03288163213372821,
    0.032934071376255834,
    0.03098207774876368,
    0.03283524747458425,
    0.03162264810082051,
    0.02960382702548315,
    0.02990512548955065,
    0.02801601159948819,
    0.028884278785547998,
    0.02974086764757291,
    0.025551685362611667,
    0.02801242600757592,
    0.025218402012481843,
    0.024863260051254,
    0.023679519929729477,
    0.02716033290702813,
    0.024951852138827342,
    0.023914228304114084,
    0.02352270659630989,
    0.023703252666141136,
    0.021275426215021917,
    0.022700312644206355,
    0.02065528920934637,
    0.021660106044520837,
    0.019989089247318778,
    0.020000112445859034,
    0.020390323796632265,
    0.01924914827496551,
    0.01909194486492341,
    0.018893450779821908,
    0.01823167412053093,
    0.017249073980763408,
    0.01584181685627687,
    0.01835787493163849,
    0.016857759621326285,
    0.016247779661144067,
    0.016628641211012804,
    0.016777958674817392,
    0.017913558617197345,
    0.01668695829771828,
    0.014291836880147457,
    0.015000059776524506,
    0.015532235921554194,
    0.01674423340966206,
    0.01428915668592447,
    0.014174055036083601,
    0.015075736497021696,
    0.012996605839488088,
    0.013957490736507986,
    0.013338588270367963,
    0.014162249535801683,
    0.013310005111472295,
    0.013692276365593961,
    0.013619587752082855,
    0.012454001979883944,
    0.012149452178803559,
    0.01236372670195628,
    0.01276594766019152,
    0.01299391639428121,
    0.011746472093544088,
    0.011797613761673617
  ],
  "val_loss": [
    0.5802530371225797,
    0.4122035365838271,
    0.352557625908118,
    0.3234787560426272,
    0.30280187955269444,
    0.27907901199964374,
    0.269919495169933,
    0.2525546562213164,
    0.23851806498490846,
    0.23628919170452997,
    0.22823132001436675,
    0.21884303425367063,
    0.20882023870944977,
    0.20001419690939096,
    0.19924499094486237,
    0.19519078903473341,
    0.19206892240505952,
    0.18459098728803489,
    0.17959998891903803,
    0.179683119058609,
    0.18241792516066477,
    0.1691728366109041,
    0.1690457480458113,
    0.16762384199179137,
    0.16754552607352918,
    0.1638670752827938,
    0.16575181885407522,
    0.16767330238452324,
    0.15705584218868843,
    0.16070804458398086,
    0.16002138188252082,
    0.15380060500823534,
    0.1580817435796444,
    0.14925938959305102,
    0.1491321402673538,
    0.15321798679920343,
    0.14880109406434572,
    0.1454728738619731,
    0.14431732663741478,
    0.14781192460885414,
    0.14442691665429336,
    0.14237768661517364,
    0.141766162445912,
    0.1381852701306343,
    0.13861244916915894,
    0.1449337123105159,
    0.1325163752413713,
    0.13705152588394973,
    0.12989420271836793,
    0.14008634652082735,
    0.13754192223915687,
    0.13825535143797213,
    0.1324669088308628,
    0.13249654380174783,
    0.12827790843752715,
    0.13192438506163084,
    0.12838653818919107,
    0.13253069726320413,
    0.13067693951038215,
    0.1330673276231839,
    0.13039328902959824,
    0.13162695989012718,
    0.12603502491345772,
    0.1296828159919152,
    0.12593867343205672,
    0.13052300793620256,
    0.1271210745550119,
    0.12327070964070466,
    0.12104239830603966,
    0.12149309366941452,
    0.1186734503851487,
    0.12906879387222803,
    0.11821687020934545,
    0.12084479257464409,
    0.12059907128031437,
    0.12144091754005505,
    0.12217640762145703,
    0.12673406331585005,
    0.13116203592373774,
    0.1252374818118719,
    0.12326349719212605,
    0.12072029423255187,
    0.11764766934972543,
    0.11740711531960048,
    0.11409149849070953,
    0.11596685246779369,
    0.122092508782561,
    0.12057312090809529,
    0.11452806124893519,
    0.11175408543875584,
    0.11388989394673935,
    0.11546137155248569,
    0.11326065487586535,
    0.12082990631461143,
    0.11957866669847415,
    0.11975625443917054,
    0.11591942551044318,
    0.11064629428661786,
    0.11052267339367133,
    0.11539133910376292,
    0.11254166525143844,
    0.11172244984370011,
    0.1113709112486014,
    0.11169600400787133,
    0.11059809361512844,
    0.11241999311515918,
    0.10769039994248977,
    0.11026543880311343,
    0.11357843345747544,
    0.11218925680105503,
    0.11108649908923186,
    0.11673054672204532,
    0.11226646473201421,
    0.11160308136962928,
    0.1124017694248603,
    0.11078970664395736,
    0.11397651239083363,
    0.11327058707292263,
    0.11137154383155015,
    0.11224918697889034,
    0.11510714157842673,
    0.1125799911813094,
    0.11080618990728489,
    0.11415279556352359,
    0.11175704919374906,
    0.11584775565335384,
    0.11142456044371311,
    0.11610608290021236,
    0.11522783582600263,
    0.11194758088542865,
    0.11366275024528687,
    0.1115719569990268
  ],