{
  "epoch": [
    1,
    2,
    3,
    4,
    5,
    6,
    7,
    8,
    9,
    10,
    11,
    12,
    13,
    14,
    15,
    16,
    17,
    18,
    19,
    20,
    21,
    22,
    23,
    24,
    25,
    26,
    27,
    28,
    29,
    30,
    31,
    32,
    33,
    34,
    35,
    36,
    37,
    38,
    39,
    40,
    41,
    42,
    43,
    44,
    45,
    46,
    47,
    48,
    49,
    50,
    51,
    52,
    53,
    54,
    55,
    56,
    57,
    58,
    59,
    60,
    61,
    62,
    63,
    64,
    65,
    66,
    67,
    68,
    69,
    70,
    71,
    72,
    73,
    74,
    75
  ],
  "train_loss": [
    1.0201755393411696,
    0.43458231023906435,
    0.27020128555211825,
    0.18946898697885042,
    0.15004645564506963,
    0.12313213329954245,
    0.10404409842623263,
    0.09330643794124889,
    0.08129865921956976,
    0.07183751765369754,
    0.0641214263807867,
    0.05936389173544252,
    0.05484374222758504,
    0.049376526607450136,
    0.04493914343435893,
    0.04135838089530001,
    0.03833944958721086,
    0.03855811272142935,
    0.036325308983934296,
    0.033659648203012565,
    0.03163106297382835,
    0.029585327847486305,
    0.027297705608736917,
    0.028019028948619962,
    0.023608167763780226,
    0.024855191752160947,
    0.02095588623334836,
    0.023186365668133823,
    0.023304262622163546,
    0.020971769948259535,
    0.018659872719393948,
    0.021888861864728413,
    0.01753200003853279,
    0.01831184632802555,
    0.018167094893983958,
    0.015488638864234858,
    0.016979914671050134,
    0.015459541399415928,
    0.01475613852890842,
    0.015060064172823481,
    0.014811593816572436,
    0.0144962712872735,
    0.014768178158286075,
    0.01338649680777981,
    0.01305952239553588,
    0.015594408827589,
    0.011273932024553302,
    0.01265205166869096,
    0.012144483396958694,
    0.013933150331158498,
    0.013307112324910872,
    0.011490211904603392,
    0.010505911711418578,
    0.009083388575782385,
    0.009405614010696827,
    0.010302889859153813,
    0.011082174028563985,
    0.01089579504407515,
    0.010211316998429913,
    0.010528538155563887,
    0.009637331182002714,
    0.010025282922535702,
    0.008567117570302948,
    0.008574792353157914,
    0.008938347119069899,
    0.008404892520497783,
    0.011119402910687136,
    0.009045232053169231,
    0.009850610116737914,
    0.008377409696437361,
    0.007929504410208914,
    0.00670022085820896,
    0.00712031559459385,
    0.009668119228024939,
    0.00786818493353851
  ],
  "val_loss": [
    0.3856388284609868,
    0.2726306032675963,
    0.244577638231791,
    0.23112730796520525,
    0.20086626937756172,
    0.21303239178199035,
    0.18598071944255096,
    0.17905329855588767,
    0.19887887056057268,
    0.16733845151387727,
    0.17084390498124635,
    0.1687164043004696,
    0.16651730354015642,
    0.1605253706757839,
    0.16526838735892221,
    0.14994696699655974,
    0.1549014778664479,
    0.16276465413662103,
    0.15650338794176394,
    0.15375175040501815,
    0.14449866574544173,
    0.14785619681844345,
    0.154112631884905,
    0.1518353997514798,
    0.13543395268229338,
    0.1404189604979295,
    0.14951684325933456,
    0.14100186297526726,
    0.150020613693274,
    0.14331670850515366,
    0.14789918982065642,
    0.14128854211706382,
    0.1397023258300928,
    0.14664943086413237,
    0.13705189841297957,
    0.139934982244785,
    0.14900093325055563,
    0.14183742438371366,
    0.14316232015307134,
    0.14213444837010825,
    0.13449843170551154,
    0.1382956003340391,
    0.1274208420744309,
    0.13537230657843444,
    0.1355416181568916,
    0.13354496027414614,
    0.1372361214688191,
    0.12638056392853075,
    0.13457301144416517,
    0.12207553421075527,
    0.13079522435481733,
    0.1357047105064759,
    0.14433963883381623,
    0.13306935561391023,
    0.13181773573160172,
    0.13338386210111472,
    0.13076624173957568,
    0.13736802368209913,
    0.1480335948558954,
    0.13850479286450607,
    0.13631152963409057,
    0.13350105070723936,
    0.1335225454889811,
    0.12831966693584734,
    0.13982510624023584,
    0.1476711339962024,
    0.14052469311998442,
    0.149253960698843,
    0.14562567753287461,
    0.13758333285267538,
    0.14988397692258543,
    0.14505952653976587,
    0.1417270778463437,
    0.13586165927923644,
    0.12530676017587
  ],
  "train_transduce": [
    1.0186845243898863,
    0.4341699779033661,
    0.2697722656057053,
    0.1889047311215671,
    0.14938072810314365,
    0.12273480533862237,
    0.10350404243877868,
    0.09285416722912149,
    0.08093770793111053,
    0.07143268021802927,
    0.06385344781519212,
    0.05896273680684185,
    0.054541599917580785,
    0.049175391770592054,
    0.044610336014866525,
    0.041097189952648175,
    0.03811287686478385,
    0.038326043246755585,
    0.036122346930589876,
    0.03339535286458036,
    0.03143765159508156,
    0.0294384471544055,
    0.02711855885380706,
    0.027774417480050596,
    0.023341130138826126,
    0.024708667652412634,
    0.020842988288855738,
    0.023116355154605715,
    0.023166290377554744,
    0.020910077676724297,
    0.018585454209314026,
    0.021776826881813174,
    0.017488248712267996,
    0.01823671849218879,
    0.01808878391160217,
    0.015500768295431644,
    0.016955598287486,
    0.01545925937789809,
    0.014755681579567722,
    0.015003015536853332,
    0.01481566104987521,
    0.01454381535751457,
    0.014713317974945819,
    0.013446161026595948,
    0.01308001424293946,
    0.01558794498866059,
    0.011304617730706219,
    0.012709937452641075,
    0.012199170732349829,
    0.014028611258704445,
    0.013372149311255702,
    0.011568926831649751,
    0.010627629392307502,
    0.009250207725533083,
    0.009586829225563915,
    0.010461180037776843,
    0.01125929451015893,
    0.01109373006884479,
    0.010429722310065474,
    0.010717859991571684,
    0.009848933155077136,
    0.01021152580116117,
    0.008816812311049513,
    0.008848608055298418,
    0.00922163800947301,
    0.008671097945573154,
    0.01135465066646557,
    0.00927353427777206,
    0.01009659919666952,
    0.008592321615445321,
    0.008253817334615136,
    0.007039701351721906,
    0.007482533684881289,
    0.009975750273970897,
    0.008203388441092401
  ],