{
  "epoch": [
    1,
    2,
    3,
    4,
    5,
    6,
    7,
    8,
    9,
    10,
    11,
    12,
    13,
    14,
    15,
    16,
    17,
    18,
    19,
    20,
    21,
    22,
    23,
    24,
    25,
    26,
    27,
    28,
    29,
    30,
    31,
    32,
    33,
    34,
    35,
    36,
    37,
    38,
    39,
    40,
    41,
    42,
    43,
    44
  ],
  "train_loss": [
    2.2537779635989788,
    0.9063783807238353,
    0.4758048318710524,
    0.3042360431293851,
    0.21232252145550914,
    0.15789498546227967,
    0.11543164611554023,
    0.10071430151763651,
    0.07598161227885902,
    0.06078405956708893,
    0.046654187286867925,
    0.03965201524575961,
    0.03218001799331498,
    0.02970812707832179,
    0.02225693265340992,
    0.015022203259016435,
    0.013774366223627758,
    0.010702640739912839,
    0.005989389071605869,
    0.008755512929223861,
    0.003016948191084198,
    0.00529093296295896,
    -0.00048408742763639723,
    0.0022983489193252682,
    0.00042934568848499317,
    0.0008279222169334127,
    -0.003180555298386775,
    -0.0049689156627378515,
    -0.0031374738714897757,
    -0.004323568627161463,
    -0.005523684050542177,
    -0.005918742186322655,
    -0.0077000847662386206,
    -0.0077442215544354055,
    -0.009735740721225739,
    -0.007157686041648855,
    -0.007428041947333468,
    -0.0081696360631241,
    -0.008620334760353123,
    -0.011487845667474662,
    -0.013190261040305355,
    -0.010751013346400457,
    -0.012289680751789477,
    -0.009318551471092036
  ],
  "val_loss": [
    1.3850401731637807,
    0.49430609207886916,
    0.2537496949617679,
    0.14910306609593904,
    0.11102601713859118,
    0.0889960599060242,
    0.07055449901291957,
    0.07076175682819806,
    0.06200936006811949,
    0.04964338500912373,
    0.047660198922340684,
    0.044123634696006775,
    0.045473762429677524,
    0.04681145285184567,
    0.04582422226667404,
    0.045444157834236436,
    0.038831328256772116,
    0.04056106822995039,
    0.03518528935427849,
    0.037750301452783436,
    0.04146340231482799,
    0.04099582708798922,
    0.04339389732250801,
    0.04298151427736649,
    0.038296023527017005,
    0.03888728727514927,
    0.03787971918399517,
    0.04694062414077612,
    0.04801911817720303,
    0.04739380685182718,
    0.044835097228105254,
    0.04633221273811964,
    0.04588943118086228,
    0.0479128472507,
    0.044243099167943,
    0.04276564043874924,
    0.048114400500288375,
    0.042799523959939294,
    0.0412200209326469,
    0.03999564481469301,
    0.04289260205741112,
    0.03686390473292424,
    0.03953005674366768,
    0.03747126632011854
  ],
  "train_transduce": [
    2.250820854889978,
    0.9055509198572218,
    0.4763368014822301,
    0.30698935034656033,
    0.21763553865945218,
    0.1650710621291829,
    0.12402076683170402,
    0.11136651146657688,
    0.08778902821089189,
    0.07383635715034205,
    0.060504268710837535,
    0.05435206924478725,
    0.04742314004022436,
    0.04553660949135257,
    0.038365728433061505,
    0.03157674249492048,
    0.030596921028396517,
    0.027713611779600075,
    0.023230123412843372,
    0.026460808757020487,
    0.020784117612680515,
    0.02314241365385578,
    0.01752358863427851,
    0.020490334700485786,
    0.018599761255114273,
    0.01908660881682155,
    0.015246007437865758,
    0.013460618053735761,
    0.015304693432534402,
    0.014218090072072581,
    0.013050622072733324,
    0.012669415331983305,
    0.010944207148511232,
    0.010948690924836687,
    0.009214228647400999,
    0.012178560147618818,
    0.012199448425197955,
    0.01151092666904586,
    0.011363227929699128,
    0.008809465539315236,
    0.007395356657108311,
    0.009860293805892052,
    0.008328909640675699,
    0.011485136081656614
  ],
  "val_transduce": [
    1.384283652672401,
    0.4919489851364723,
    0.25508324343424577,
    0.15233790014798826,
    0.11513419220080742,
    0.09367190473354779,
    0.07880872960847157,
    0.07993815610041985,
    0.07205864414572716,
    0.0625202817699084,
    0.06021971864482531,
    0.05865559318604378,
    0.059039379899891525,
    0.06173131980288487,
    0.0612229690528833,
    0.061128759398483314,
    0.055743410681875855,
    0.0570897043754275,
    0.051694123181872643,
    0.05508248357532116,
    0.0595851274780356,
    0.0588668196891936,
    0.06142212368118075,
    0.06064221162635546,
    0.05674912073076344,
    0.05752976844087243,
    0.05648129490705637,
    0.06511187180876732,
    0.06671672074410778,
    0.06565263183214344,
    0.06285075707217821,
    0.06474151272469988,
    0.0645654507411214,
    0.06672955397516489,
    0.06357171963183926,
    0.06219870195938991,
    0.06790800200094683,
    0.06276819705425833,
    0.06174326129257679,
    0.06022616820588995,
    0.0637294167939287,
    0.05737655565070991,
    0.06054814441057925,
    0.058679689814408235
  ],
  "l0": [
    0.0,
    0.0,
    0.0,
    0.0,
    0.0,
    0.0,
    0.0,
    0.0,
    0.0,
    0.0,
    0.0,
    0.0,
    0.0,
    0.0,
    0.0,
    0.0,
    0.0,
    0.0,
    0.0,
    0.0,
    0.0,
    0.0,
    0.0,
    0.0,
    0.0,
    0.0,
    0.0,
    0.0,
    0.0,
    0.0,
    0.0,
    0.0,
    0.0,
    0.0,
    0.0,
    0.0,
    0.0,
    0.0,
    0.0,
    0.0,
    0.0,
    0.0,
    0.0,
    0.0
  ],
  "lambda_l0_effective": [
    0.01,
    0.01,
    0.01,
    0.01,
    0.01,
    0.01,
    0.01,
    0.01,
    0.01,
    0.01,
    0.01,
    0.01,
    0.01,
    0.01,
    0.01,
    0.01,
    0.01,
    0.01,
    0.01,
    0.01,
    0.01,
    0.01,
    0.01,
    0.01,
    0.01,
    0.01,
    0.01,
    0.01,
    0.01,
    0.01,
    0.01,
    0.01,
    0.01,
    0.01,
    0.01,
    0.01,
    0.01,
    0.01,
    0.01,
    0.01,
    0.01,
    0.01,
    0.01,
    0.01
  ],
  "recon_loss": [],
  "balance_loss": [
    1.5966790564281423,
    2.3632042770533217,
    2.5258184880325474,
    2.4549899248732734,
    2.3038388072829887,
    2.1882990918208645,
    2.0926278718968025,
    1.940895867101925,
    1.87187242815175,
    1.7854638216421777,
    1.7382515035953718,
    1.6776965211347206,
    1.6306323839217116,
    1.5839785011773257,
    1.5640788778816301,
    1.5295486228982198,
    1.503659696308608,
    1.491632259383644,
    1.475689036329997,
    1.4325481388986725,
    1.4291564312177836,
    1.4219815128857327,
    1.4151346800253564,
    1.4009781074278134,
    1.40341295163656,
    1.3968383411771244,
    1.3808635755912544,
    1.3840634306681525,
    1.3828788160048808,
    1.3743625344689359,
    1.372964244527915,
    1.3695329145057915,
    1.366527401294905,
    1.3624728217567366,
    1.3395042689805179,
    1.2960114356168766,
    1.2632566942382104,
    1.2548854265016378,
    1.2271351826559638,
    1.1955089907056278,
    1.171132363609432,
    1.1673328563110115,
    1.1670243076442444,
    1.1508645058907185
  ]
}