{
  "epoch": [
    1,
    2,
    3,
    4,
    5,
    6,
    7,
    8,
    9,
    10,
    11,
    12,
    13,
    14,
    15,
    16,
    17,
    18,
    19,
    20,
    21,
    22,
    23,
    24,
    25,
    26,
    27,
    28,
    29,
    30,
    31,
    32,
    33,
    34,
    35,
    36,
    37,
    38,
    39,
    40,
    41,
    42,
    43,
    44,
    45,
    46,
    47,
    48,
    49,
    50,
    51,
    52,
    53,
    54,
    55,
    56,
    57,
    58,
    59,
    60,
    61,
    62,
    63,
    64,
    65,
    66,
    67,
    68,
    69,
    70,
    71,
    72,
    73,
    74,
    75,
    76,
    77,
    78,
    79,
    80,
    81,
    82,
    83,
    84,
    85,
    86,
    87,
    88,
    89,
    90,
    91,
    92,
    93,
    94,
    95,
    96,
    97,
    98,
    99,
    100,
    101,
    102,
    103,
    104
  ],
  "train_loss": [
    1.269132919225496,
    0.6618333564898402,
    0.5065524284679865,
    0.40891867614898486,
    0.33505451356627275,
    0.2765738123778215,
    0.2375456249898242,
    0.20796746430323296,
    0.1816735752695,
    0.1614991615420764,
    0.14606207083027387,
    0.13344207348436424,
    0.1225821032889725,
    0.11004202941567012,
    0.10053305078259449,
    0.09618529039867145,
    0.08891417932955875,
    0.08282822543351921,
    0.07922458399048786,
    0.07430070373661739,
    0.07231549764071236,
    0.06569206946980707,
    0.06399528965469181,
    0.059688193761964436,
    0.0555644686401044,
    0.05577558549793111,
    0.04963371075075312,
    0.04789841653222276,
    0.04561935980641043,
    0.04433020070848084,
    0.04287598335385783,
    0.03878937376970329,
    0.040076730662438366,
    0.03859310614463595,
    0.03554482176208619,
    0.03343408554312341,
    0.0326992805384714,
    0.032808620535490135,
    0.030274400050684658,
    0.02838653324114293,
    0.029706722048600923,
    0.026416575092073416,
    0.024616574299684967,
    0.026620037136023345,
    0.024849477509689546,
    0.022693319823448882,
    0.024441648130641154,
    0.023778233996390837,
    0.020592553293831722,
    0.020475709239577818,
    0.021970877618308075,
    0.02060273780305054,
    0.019787424396406666,
    0.019810399141393063,
    0.02044115324394259,
    0.018706556333987445,
    0.018027129880699915,
    0.016480121094272614,
    0.015905995854445416,
    0.017835792994184287,
    0.01690707651816654,
    0.015839109911352935,
    0.014720221626159456,
    0.016082642709154674,
    0.014855455685186094,
    0.014999286307036378,
    0.015045522649762864,
    0.015325429669302917,
    0.014094939221959254,
    0.013293464820515173,
    0.012372435134182656,
    0.01295412119931647,
    0.014465334164530769,
    0.013473410767829526,
    0.01174158232284172,
    0.012381606949517293,
    0.011882962711208221,
    0.011966798401716137,
    0.012246471675492093,
    0.01273545574399249,
    0.011212060068369141,
    0.012450554839589815,
    0.012508867963183595,
    0.011217116339842683,
    0.011904501522406359,
    0.011589732085901899,
    0.01044186028368656,
    0.01149466723028436,
    0.011176862374077714,
    0.00967946403165415,
    0.011304960184677783,
    0.00961841841962803,
    0.009963564067051659,
    0.00877562894266262,
    0.009211513816292599,
    0.009379311087277247,
    0.00952397737611258,
    0.009404991162021538,
    0.010824582375077167,
    0.009104472002045722,
    0.008715474798665718,
    0.009416743138440183,
    0.00778668129981073,
    0.008814622357022017
  ],
  "val_loss": [
    0.5342883857396933,
    0.40964069733252895,
    0.34762620008908784,
    0.3072253339565717,
    0.283905205818323,
    0.27048805356025696,
    0.23898091683020958,
    0.23542114060658675,
    0.23077010420652536,
    0.21010007995825547,
    0.20389954516520867,
    0.19058753550052643,
    0.18645458897719017,
    0.17347922519995615,
    0.17701494292570993,
    0.17340632585378793,
    0.17090605600522116,
    0.16664714480821902,
    0.15336769790603563,
    0.14701818158993354,
    0.15027937894830337,
    0.1544518628372596,
    0.14508593942110354,
    0.1413762096602183,
    0.14151465319670165,
    0.13285397136440644,
    0.13101952293744454,
    0.12888815339941245,
    0.1345132113649295,
    0.13715824456169054,
    0.12739854764479858,
    0.12459866014810708,
    0.12840028279102766,
    0.12432352052285121,
    0.11934798726668724,
    0.1198314497104058,
    0.11809494403692392,
    0.11359271679360133,
    0.11084666604606006,
    0.11600673069747594,
    0.11612937427484073,
    0.10919271022654496,
    0.11249842580694419,
    0.11568815977527545,
    0.10996912820981099,
    0.10672389916502513,
    0.10577141106701814,
    0.10786856782550995,
    0.11007889001988448,
    0.10693237027869774,
    0.10405675121224843,
    0.1014858025054519,
    0.10603427586074059,
    0.11724250333813521,
    0.11134436841194446,
    0.10466315138798493,
    0.1036082822829485,
    0.10741187546115655,
    0.09973419027832839,
    0.09947654318351012,
    0.10181393323896024,
    0.09905165054190618,
    0.11250347859011246,
    0.10034494581990518,
    0.10513941929317437,
    0.10213069796848756,
    0.10436145710543944,
    0.0977026355954317,
    0.10286074267843595,
    0.1062672666202371,
    0.10963028268172191,
    0.10468626179947303,
    0.10656008360764155,
    0.09589587144840223,
    0.09932318215186779,
    0.10909575474663423,
    0.09622009411955681,
    0.09969327729553558,
    0.09084342511442418,
    0.09834640591333692,
    0.10215205229962102,
    0.09224348099758992,
    0.0992973278133342,
    0.09857752840392865,
    0.10207190450567466,
    0.0918253690828211,
    0.0969276441476093,
    0.09587202430702746,
    0.09848949875539312,
    0.10684934365921296,
    0.09105647538000575,
    0.10206016830097024,
    0.10207624962696663,
    0.10053411960745087,
    0.10410029043515141,
    0.10431536358709519,
    0.10318582573045905,
    0.10129968082317366,
    0.09939613757440104,
    0.09881350792084749,
    0.0939426864676464,
    0.09545923228590535,
    0.09663531520905402,
    0.10197616791209349
  ],