{
  "epoch": [
    1,
    2,
    3,
    4,
    5,
    6,
    7,
    8,
    9,
    10,
    11,
    12,
    13,
    14,
    15,
    16,
    17,
    18,
    19,
    20,
    21,
    22,
    23,
    24,
    25,
    26,
    27,
    28,
    29,
    30,
    31,
    32,
    33,
    34,
    35,
    36,
    37,
    38,
    39,
    40,
    41,
    42,
    43,
    44,
    45,
    46,
    47,
    48,
    49,
    50,
    51,
    52,
    53,
    54,
    55,
    56,
    57,
    58,
    59,
    60,
    61,
    62,
    63,
    64,
    65,
    66,
    67,
    68,
    69,
    70,
    71,
    72,
    73,
    74,
    75,
    76,
    77,
    78,
    79,
    80,
    81,
    82,
    83,
    84,
    85,
    86,
    87,
    88,
    89,
    90,
    91,
    92,
    93,
    94,
    95,
    96,
    97,
    98,
    99,
    100,
    101,
    102,
    103,
    104,
    105,
    106,
    107,
    108,
    109,
    110,
    111,
    112,
    113,
    114,
    115,
    116,
    117,
    118,
    119,
    120,
    121,
    122,
    123,
    124,
    125,
    126,
    127,
    128,
    129,
    130,
    131,
    132,
    133,
    134,
    135,
    136,
    137,
    138,
    139,
    140,
    141,
    142,
    143,
    144,
    145,
    146
  ],
  "train_loss": [
    1.5413443540582563,
    0.8023670380658442,
    0.6356397734420134,
    0.5467917311309588,
    0.4842600972935705,
    0.4421661865003038,
    0.40917460546635165,
    0.3844382066537838,
    0.3572021529521092,
    0.33642111807176384,
    0.3246301344715723,
    0.3052811551802229,
    0.29193536302830914,
    0.2784430906914248,
    0.2692436168689539,
    0.2562408181700376,
    0.2485651987614018,
    0.23562915195332895,
    0.22554013000266387,
    0.21602009841711214,
    0.21041243899576734,
    0.20123077501164804,
    0.19477272417285654,
    0.18891445768646675,
    0.1842930848793228,
    0.1765703117050747,
    0.17237625337473236,
    0.16456761203780032,
    0.15921865890521814,
    0.15452834462175274,
    0.1507205681340529,
    0.1433272170695928,
    0.14083486588874666,
    0.13318889565987163,
    0.13101867933084468,
    0.12559009697472695,
    0.12208570532574511,
    0.11714376634595418,
    0.11532473601032012,
    0.1135954202918133,
    0.10780219276352684,
    0.1041204797675704,
    0.10138919200785089,
    0.09857114673693582,
    0.0952939871735502,
    0.09045787439635485,
    0.09009830410232639,
    0.08609653511407352,
    0.08515782805510086,
    0.07938830779478101,
    0.07880352042836718,
    0.07570828045580057,
    0.07413843967536889,
    0.07295603282970957,
    0.07069332860779054,
    0.06721417178021799,
    0.0660266452053986,
    0.06428474763242326,
    0.061671940757348984,
    0.06100583452694487,
    0.06031327700187074,
    0.05873927759873395,
    0.0554007336607959,
    0.05413881023552748,
    0.050881386540903906,
    0.04991404974077007,
    0.05144720312466126,
    0.05003227070342786,
    0.047372236976971724,
    0.0453932275903402,
    0.04585107078425365,
    0.04070305977348644,
    0.04333927436261484,
    0.04380960026663719,
    0.04049672965550482,
    0.041244376340124865,
    0.039533089053365264,
    0.03826527771456997,
    0.03775152067036027,
    0.035394577005195736,
    0.036148069666163754,
    0.03446692587014767,
    0.0331752387124418,
    0.03167261730990197,
    0.03178836541748283,
    0.032880991457565,
    0.03134539567561138,
    0.03144826361964835,
    0.032491092044528165,
    0.028048647134242082,
    0.02876396159097405,
    0.026832963386089495,
    0.027429749930996707,
    0.024895420150444058,
    0.02548503638752321,
    0.022219760633894418,
    0.02449815636408506,
    0.024018396125497794,
    0.024146011532607054,
    0.02299084640246364,
    0.02321595878404851,
    0.021713157530210102,
    0.022823505320281972,
    0.021568652067222808,
    0.021817516825982545,
    0.019919566450511465,
    0.020224939985661813,
    0.020234389843806478,
    0.020299755516323712,
    0.019253294186500628,
    0.018437148085657027,
    0.0203637082203485,
    0.01855258647315573,
    0.01771556100079624,
    0.018380552484183618,
    0.01776582139110801,
    0.017857920749592457,
    0.017473701346149242,
    0.0162717729189092,
    0.016575046971735386,
    0.016555589093540858,
    0.016004017355971702,
    0.015143147457649213,
    0.015107007130132159,
    0.014228940627878845,
    0.014871383376308892,
    0.013851516838600435,
    0.014507734272075763,
    0.013612798673312852,
    0.013663584894343916,
    0.014269344086786456,
    0.013116850768962856,
    0.013101747190340025,
    0.011829092967240969,
    0.013076003170618326,
    0.012767868515306919,
    0.012635771466400658,
    0.012505629740766074,
    0.013270518834711892,
    0.010968673831349847,
    0.012431827917842581,
    0.012045249875432045,
    0.011943741487154718,
    0.01168975233801152,
    0.010332225181051705,
    0.011752884367038266
  ],