{
  "epoch": [
    1,
    2,
    3,
    4,
    5,
    6,
    7,
    8,
    9,
    10,
    11,
    12,
    13,
    14,
    15,
    16,
    17,
    18,
    19,
    20,
    21,
    22,
    23,
    24,
    25,
    26,
    27,
    28,
    29,
    30,
    31,
    32,
    33,
    34,
    35,
    36,
    37,
    38,
    39,
    40,
    41,
    42,
    43
  ],
  "train_loss": [
    2.1886415229630223,
    0.7851268802721476,
    0.4325074724776229,
    0.27960838193131476,
    0.1994733499727913,
    0.14836568911511874,
    0.11517718705089436,
    0.09508733345752525,
    0.08329077022745437,
    0.07026691423709859,
    0.0645822263082739,
    0.05721739639249659,
    0.05040325028053725,
    0.04319528902679221,
    0.043263113961468654,
    0.039889498460154556,
    0.03453647557972479,
    0.03228361191727298,
    0.029537108522772637,
    0.029650645277741337,
    0.02436804725577306,
    0.03123825200900589,
    0.02666434029491676,
    0.02319492372328934,
    0.024807746330103308,
    0.020513181557840446,
    0.02032958964946843,
    0.021665108507767934,
    0.02144215438279717,
    0.018322420767364428,
    0.01907065740820097,
    0.01828948939795193,
    0.01492018554690918,
    0.01459962146275091,
    0.01705451180783974,
    0.013303492865141136,
    0.015841575267427053,
    0.014101094602890428,
    0.013831683416543625,
    0.018105042352432328,
    0.014866272757458741,
    0.01459832282163222,
    0.011536101199753736
  ],
  "val_loss": [
    1.0437189890788152,
    0.36176167313869184,
    0.1843409538269043,
    0.1069324970818483,
    0.09322764065403205,
    0.0651336399695048,
    0.059806584738768064,
    0.0542998518078373,
    0.05841892463370012,
    0.05762664006593136,
    0.04656060745653052,
    0.048211349765411936,
    0.04788755184899156,
    0.05481368466280401,
    0.049397323826829403,
    0.04942695520674953,
    0.055009647451627716,
    0.04229242357317931,
    0.053639429406477854,
    0.0464130217084088,
    0.051044219406321645,
    0.05484682173790553,
    0.04669149935496254,
    0.05289494969810431,
    0.059845468745781824,
    0.047080282836059965,
    0.05213141378660042,
    0.05489471839973703,
    0.11732047860725568,
    0.05366159382370265,
    0.04531636698028216,
    0.05099288234711052,
    0.04733914394903248,
    0.05765029662870802,
    0.04845492956071841,
    0.04437085636779487,
    0.048410778565224834,
    0.04847164872598324,
    0.056263549318828154,
    0.048332581021755826,
    0.04799709482736384,
    0.05354908362530226,
    0.04982624043567249
  ],
  "train_transduce": [
    2.1886415229630223,
    0.7851268802721476,
    0.4325074724776229,
    0.27960838193131476,
    0.1994733499727913,
    0.14836568911511874,
    0.11517718705089436,
    0.09508733345752525,
    0.08329077022745437,
    0.07026691423709859,
    0.0645822263082739,
    0.05721739639249659,
    0.05040325028053725,
    0.04319528902679221,
    0.043263113961468654,
    0.039889498460154556,
    0.03453647557972479,
    0.03228361191727298,
    0.029537108522772637,
    0.029650645277741337,
    0.02436804725577306,
    0.03123825200900589,
    0.02666434029491676,
    0.02319492372328934,
    0.024807746330103308,
    0.020513181557840446,
    0.02032958964946843,
    0.021665108507767934,
    0.02144215438279717,
    0.018322420767364428,
    0.01907065740820097,
    0.01828948939795193,
    0.01492018554690918,
    0.01459962146275091,
    0.01705451180783974,
    0.013303492865141136,
    0.015841575267427053,
    0.014101094602890428,
    0.013831683416543625,
    0.018105042352432328,
    0.014866272757458741,
    0.01459832282163222,
    0.011536101199753736
  ],
  "val_transduce": [
    1.0437189890788152,
    0.36176167313869184,
    0.1843409538269043,
    0.1069324970818483,
    0.09322764065403205,
    0.0651336399695048,
    0.059806584738768064,
    0.0542998518078373,
    0.05841892463370012,
    0.05762664006593136,
    0.04656060745653052,
    0.048211349765411936,
    0.04788755184899156,
    0.05481368466280401,
    0.049397323826829403,
    0.04942695520674953,
    0.055009647451627716,
    0.04229242357317931,
    0.053639429406477854,
    0.0464130217084088,
    0.051044219406321645,
    0.05484682173790553,
    0.04669149935496254,
    0.05289494969810431,
    0.059845468745781824,
    0.047080282836059965,
    0.05213141378660042,
    0.05489471839973703,
    0.11732047860725568,
    0.05366159382370265,
    0.04531636698028216,
    0.05099288234711052,
    0.04733914394903248,
    0.05765029662870802,
    0.04845492956071841,
    0.04437085636779487,
    0.048410778565224834,
    0.04847164872598324,
    0.056263549318828154,
    0.048332581021755826,
    0.04799709482736384,
    0.05354908362530226,
    0.04982624043567249
  ],
  "l0": [
    0.0,
    0.0,
    0.0,
    0.0,
    0.0,
    0.0,
    0.0,
    0.0,
    0.0,
    0.0,
    0.0,
    0.0,
    0.0,
    0.0,
    0.0,
    0.0,
    0.0,
    0.0,
    0.0,
    0.0,
    0.0,
    0.0,
    0.0,
    0.0,
    0.0,
    0.0,
    0.0,
    0.0,
    0.0,
    0.0,
    0.0,
    0.0,
    0.0,
    0.0,
    0.0,
    0.0,
    0.0,
    0.0,
    0.0,
    0.0,
    0.0,
    0.0,
    0.0
  ],
  "lambda_l0_effective": [
    0.01,
    0.01,
    0.01,
    0.01,
    0.01,
    0.01,
    0.01,
    0.01,
    0.01,
    0.01,
    0.01,
    0.01,
    0.01,
    0.01,
    0.01,
    0.01,
    0.01,
    0.01,
    0.01,
    0.01,
    0.01,
    0.01,
    0.01,
    0.01,
    0.01,
    0.01,
    0.01,
    0.01,
    0.01,
    0.01,
    0.01,
    0.01,
    0.01,
    0.01,
    0.01,
    0.01,
    0.01,
    0.01,
    0.01,
    0.01,
    0.01,
    0.01,
    0.01
  ],
  "recon_loss": [],
  "balance_loss": []
}