{
  "epoch": [
    1,
    2,
    3,
    4,
    5,
    6,
    7,
    8,
    9,
    10,
    11,
    12,
    13,
    14,
    15,
    16,
    17,
    18,
    19,
    20,
    21,
    22,
    23,
    24,
    25,
    26,
    27,
    28,
    29,
    30,
    31,
    32,
    33,
    34,
    35,
    36,
    37,
    38,
    39,
    40,
    41,
    42,
    43,
    44,
    45,
    46,
    47,
    48,
    49,
    50,
    51,
    52,
    53,
    54,
    55,
    56,
    57,
    58,
    59,
    60,
    61,
    62,
    63,
    64,
    65,
    66,
    67,
    68,
    69,
    70,
    71,
    72,
    73,
    74,
    75,
    76,
    77,
    78,
    79,
    80,
    81,
    82,
    83,
    84,
    85,
    86,
    87,
    88,
    89,
    90
  ],
  "train_loss": [
    0.7517337763663565,
    0.2522374035993425,
    0.20059305119632495,
    0.17717309657594946,
    0.161260686814785,
    0.14451213350685516,
    0.13698223063556275,
    0.1252999791488199,
    0.11857359148193114,
    0.10972059835301767,
    0.10269155744278785,
    0.09925601937540687,
    0.09280678415947621,
    0.08863450099926183,
    0.08540692291047314,
    0.08217712716743497,
    0.07550086756006326,
    0.07597988795968566,
    0.0728414919928159,
    0.0682544429039601,
    0.06717217226724813,
    0.06493847796896307,
    0.06149448627735128,
    0.060746003458700557,
    0.05970301274394635,
    0.0569434198596985,
    0.05617218092083931,
    0.05451478706764998,
    0.050919241972710236,
    0.05113100655155607,
    0.04959191542376976,
    0.047667961512314214,
    0.04532313494399042,
    0.04510649289972711,
    0.04458806714467188,
    0.0423027676908244,
    0.043048629509561724,
    0.04013861675221141,
    0.03880626355104222,
    0.03848889504218161,
    0.03848149223566646,
    0.03861378266079591,
    0.03651605977095885,
    0.0345368441839767,
    0.033582349160298855,
    0.03372425413552192,
    0.0363500160718392,
    0.03439273548284822,
    0.030563329586224392,
    0.031262774693567565,
    0.030765353775776848,
    0.029168743796941666,
    0.027772861336920373,
    0.028036401164487447,
    0.028739211506828077,
    0.026616911205582985,
    0.02764302177705092,
    0.026432720068288913,
    0.026422973348768336,
    0.02413035271283571,
    0.025136634961028796,
    0.023933294715617996,
    0.02373261287771534,
    0.02371138411269772,
    0.024049055306148707,
    0.023304911475573287,
    0.022751043064261574,
    0.022046691406112495,
    0.02223631470362739,
    0.01964820670148376,
    0.02043636817494315,
    0.020644509733774432,
    0.019383620961781332,
    0.019924229140033816,
    0.018752611389770957,
    0.020562787393873353,
    0.01867878346791546,
    0.018231879034549883,
    0.01726026946936946,
    0.01777176608534364,
    0.01702344567413525,
    0.01760237920328532,
    0.017908854950634337,
    0.016374433100786023,
    0.018498942567183093,
    0.018982043872485952,
    0.01618304081597725,
    0.017649575107786253,
    0.015435874075997658,
    0.016554067736620656
  ],
  "val_loss": [
    0.2840939026612502,
    0.18651183465352425,
    0.16301870059508544,
    0.15039369406608435,
    0.14109469549014017,
    0.1358086739021998,
    0.12993559671136048,
    0.1245730287180497,
    0.11762749002530025,
    0.10853138480048913,
    0.11418046659001937,
    0.10332075277200112,
    0.1040471951262309,
    0.0990438273606392,
    0.09679232451778191,
    0.09501092293514656,
    0.09419927473824757,
    0.094059982122137,
    0.09020764151444802,
    0.09116591197940019,
    0.08706437223232709,
    0.08264646163353553,
    0.08618651874936543,
    0.08646005535354981,
    0.08635155741985027,
    0.08425881599004452,
    0.09046056709037377,
    0.08511978373504601,
    0.0807449844880746,
    0.08289964554401544,
    0.07825191591221553,
    0.07676608487963676,
    0.07897624652832747,
    0.0794141420091574,
    0.07549647943904766,
    0.0777064342624866,
    0.0800865377800969,
    0.08414516547838083,
    0.07893043871109302,
    0.07428943201039846,
    0.07676687127409074,
    0.07372547141634501,
    0.07674882245751527,
    0.07585687132982108,
    0.07912746071815491,
    0.07846521106190406,
    0.07265758557388416,
    0.08185556237227641,
    0.08127317520288321,
    0.07824527952246942,
    0.07478318657152928,
    0.07741228297639352,
    0.07369334995746613,
    0.07802014869566147,
    0.07885521779266688,
    0.07743984561126965,
    0.07601993416364376,
    0.07864014947643647,
    0.0727350522692387,
    0.0751737728714943,
    0.07879248992181741,
    0.079426417986934,
    0.0768257573676797,
    0.07457997248722957,
    0.07238618667738941,
    0.0741991250274273,
    0.0755116859307656,
    0.07975746727047059,
    0.08322461658658889,
    0.08029191568493843,
    0.0749752760076752,
    0.07879559864075138,
    0.07291370214751133,
    0.07630009537276167,
    0.08383123419032647,
    0.07443572172465232,
    0.08123522151548129,
    0.08124879303459938,
    0.07703837716522124,
    0.07401667245162222,
    0.07714522157150966,
    0.08383318086942801,
    0.08146518723179515,
    0.07819693023338914,
    0.08356665483174416,
    0.08516908580294022,
    0.08468239116840638,
    0.07672040529835683,
    0.08131020100644001,
    0.07361093607659523
  ],
  "train_transduce": [
    0.7478515532347235,
    0.2521972240197777,
    0.20053202614630802,
    0.17710939802155637,
    0.16115483110493953,
    0.14445235085959482,
    0.13690111081641498,
    0.1251416040012742,
    0.11841366428992536,
    0.10954228121012745,
    0.10262459605047018,
    0.09909181853774751,
    0.09268508128600546,
    0.08854974149772436,
    0.08526619177053471,
    0.08179798510183792,
    0.07536835881816868,
    0.07586284536905218,
    0.07268998983989258,
    0.06809849022786216,
    0.06690783120027863,
    0.06463753538999227,
    0.061393421217061504,
    0.06059252072383862,
    0.05952374023007284,
    0.05680512430349199,
    0.055810802754494224,
    0.054281086780794775,
    0.0507274343272542,
    0.05089573014416907,
    0.04949485199839467,
    0.047536949368912985,
    0.045205257187532905,
    0.044948025025648645,
    0.04443580020993653,
    0.04215089631921584,
    0.04292932618409395,
    0.03999241305939337,
    0.038712965269194974,
    0.03837115978729902,
    0.03830247658240323,
    0.03855990260691926,
    0.036439201056883475,
    0.03436526929092879,
    0.033475490904754344,
    0.03360144770012634,
    0.03620337894979385,
    0.03429139331259792,
    0.03046734257149372,
    0.03119126945217647,
    0.03066616363380805,
    0.02910815716933201,
    0.027712340445930857,
    0.02795695794727838,
    0.028644720627234714,
    0.026562273474686808,
    0.02754974902819584,
    0.026316013936377544,
    0.026339902759225358,
    0.02405242609911331,
    0.02504300680195931,
    0.023793988363208746,
    0.02361903619943279,
    0.023616919390820335,
    0.023907420946985926,
    0.023235248212730236,
    0.02270026705781053,
    0.021979840898812556,
    0.022106005987705717,
    0.01956390056731456,
    0.02029590566854666,
    0.020515363405246546,
    0.019265126291717782,
    0.019813517080896563,
    0.01868059840007215,
    0.02050004910682282,
    0.0186165490736355,
    0.018081333308416134,
    0.017197377036906557,
    0.017720879704488608,
    0.01694895075588017,
    0.01756117930336127,
    0.017830589167211242,
    0.01630943646829686,
    0.018433059549586166,
    0.018940092096713806,
    0.016150215645274607,
    0.01758902918058678,
    0.015358165468983722,
    0.016488953442819934
  ],