{
  "epoch": [
    1,
    2,
    3,
    4,
    5,
    6,
    7,
    8,
    9,
    10,
    11,
    12,
    13,
    14,
    15,
    16,
    17,
    18,
    19,
    20,
    21,
    22,
    23,
    24,
    25,
    26,
    27,
    28,
    29,
    30,
    31,
    32,
    33,
    34,
    35,
    36,
    37,
    38,
    39,
    40,
    41,
    42,
    43,
    44,
    45,
    46,
    47,
    48,
    49,
    50,
    51,
    52,
    53,
    54,
    55,
    56,
    57,
    58,
    59,
    60,
    61,
    62,
    63,
    64,
    65,
    66,
    67,
    68,
    69,
    70,
    71,
    72,
    73,
    74,
    75,
    76,
    77,
    78,
    79,
    80,
    81,
    82,
    83,
    84,
    85,
    86,
    87,
    88,
    89,
    90,
    91,
    92,
    93,
    94,
    95,
    96,
    97,
    98,
    99,
    100,
    101,
    102,
    103,
    104,
    105,
    106,
    107,
    108,
    109,
    110,
    111,
    112,
    113,
    114,
    115,
    116,
    117,
    118,
    119,
    120,
    121,
    122,
    123
  ],
  "train_loss": [
    1.5202075195784617,
    0.7593676518685747,
    0.584984686410073,
    0.4957482310214845,
    0.43702913156830436,
    0.3985728358868325,
    0.3623797748938645,
    0.3375618710081176,
    0.31793871182616396,
    0.29736586638016277,
    0.2798795117305057,
    0.2707039436491409,
    0.25694162538736176,
    0.24306828757323842,
    0.2333046942949295,
    0.22489407820866839,
    0.21719714932807602,
    0.2071993100171042,
    0.1986054849654141,
    0.1919231466432609,
    0.18623470234693867,
    0.17927876321396025,
    0.1720215819112145,
    0.16874302990070664,
    0.1618583630954865,
    0.15858941938322368,
    0.15383030533200442,
    0.14745468963490854,
    0.14372476182951785,
    0.13987783305715806,
    0.13643578344052382,
    0.13150679209444782,
    0.12834266108451503,
    0.12390807658286378,
    0.12170721999932044,
    0.11970924825804068,
    0.11672348042230794,
    0.11216198715685617,
    0.10660499245813577,
    0.10721098738584188,
    0.10251198937692264,
    0.10184286741336973,
    0.09782177239361375,
    0.09796989137435903,
    0.093619339315608,
    0.0923167880218808,
    0.08999598561094539,
    0.08539273733697315,
    0.08826485722519384,
    0.08379072699658942,
    0.08520682004861313,
    0.07809976875634476,
    0.07825057348697492,
    0.0753121143852425,
    0.07450860862315882,
    0.07360520444367782,
    0.07238525340315138,
    0.06796558027957926,
    0.06824016698294937,
    0.06687405443575123,
    0.06650141296484093,
    0.0641397074012473,
    0.06248360263681648,
    0.058830109636972445,
    0.06132909297795579,
    0.062253233617042554,
    0.05713804800174024,
    0.0580435561034644,
    0.053965469748519436,
    0.05372132158072868,
    0.05324047711668628,
    0.05508634108718079,
    0.0508467256008546,
    0.05215443324039478,
    0.04892859320239265,
    0.0500252125323704,
    0.0489468367051075,
    0.046792339330705084,
    0.04616633871809976,
    0.0459173261418496,
    0.045566766817897265,
    0.04460257906835563,
    0.04211696021553903,
    0.042076145271115965,
    0.04228030306536077,
    0.039846340387985846,
    0.040206036991485866,
    0.03743849478957086,
    0.03908307621679684,
    0.03864902595408482,
    0.036782492431673676,
    0.0373490881912484,
    0.0352036223636184,
    0.03583651990399207,
    0.03705340713299442,
    0.03360928845877695,
    0.032922054880695176,
    0.036237417950783626,
    0.03433326368524444,
    0.03354450929356684,
    0.03143727847623943,
    0.030938935839561837,
    0.03130060809636765,
    0.03045364665697412,
    0.029903505527700235,
    0.029700464126423444,
    0.03190268026572643,
    0.029598370457234065,
    0.03110701058723844,
    0.02848022029098898,
    0.02904647906854896,
    0.028396098385795508,
    0.026944421328567336,
    0.027224602334496407,
    0.026918144915068505,
    0.026148168273307015,
    0.025833299595604438,
    0.02653287500050841,
    0.024991524000052768,
    0.025524958765300195,
    0.026119794839495183,
    0.02440048295469715,
    0.023884648533242913
  ],
  "val_loss": [
    0.6744282704133254,
    0.46647613094403195,
    0.39716040858855617,
    0.3505171858347379,
    0.32519257297882664,
    0.303127007988783,
    0.2915916901368361,
    0.28686822950839996,
    0.27975695866804856,
    0.2443020951289397,
    0.24225164147523734,
    0.24439552426338196,
    0.23628127231047705,
    0.22967037558555603,
    0.21646090138417023,
    0.20674563313906008,
    0.2050451676432903,
    0.2140533671929286,
    0.19451436056540564,
    0.18817419214890554,
    0.18658874814326948,
    0.18816884607076645,
    0.17840406470573866,
    0.1699699547428351,
    0.1745443011705692,
    0.17057453497098043,
    0.155572265959703,
    0.16048508767898267,
    0.14913474023342133,
    0.15178132572999367,
    0.16448768228292465,
    0.1481455128926497,
    0.14686470192212325,
    0.142460288050083,
    0.13475260138511658,
    0.13002175407914016,
    0.1359972395002842,
    0.13163418838611016,
    0.12531385083611196,
    0.1244329996407032,
    0.1355635472215139,
    0.13150507268997338,
    0.12021908507897304,
    0.12003306500040568,
    0.1224264118533868,
    0.11494713935714501,
    0.14404634271676725,
    0.11097859906462523,
    0.11401813104748726,
    0.11171031284790772,
    0.10874268183341393,
    0.11230332719591948,
    0.11411809405455223,
    0.10602792638998765,
    0.11291184792151818,
    0.10571546222154911,
    0.10339941428257869,
    0.10179618344857143,
    0.10509617282794072,
    0.10889359764181651,
    0.10191899595352319,
    0.10038893555219357,
    0.10040214686439587,
    0.09625164218820058,
    0.1000451365342507,
    0.09220205075465716,
    0.09343766478391793,
    0.10146174178673671,
    0.08964314827552208,
    0.09878915892197536,
    0.09271997643204835,
    0.09260738641023636,
    0.09179589309944557,
    0.09075229070507564,
    0.08796458003612664,
    0.09342084151621048,
    0.08589422459212634,
    0.0928522374194402,
    0.09441171959042549,
    0.09494295472709033,
    0.09206564366244353,
    0.09632927910066567,
    0.08899836485775617,
    0.08987399090368015,
    0.08406563081706946,
    0.08291482251997177,
    0.0872467177418562,
    0.08801682436695465,
    0.08333282358944416,
    0.08144234607999142,
    0.08326522783877757,
    0.07942260894924402,
    0.0860614528736243,
    0.0862675909526073,
    0.08120149531616615,
    0.0784397551503319,
    0.0813858501183299,
    0.07602392387791322,
    0.08473375525612098,
    0.08001574508559245,
    0.07996827722168885,
    0.07982092035504487,
    0.07955333432899071,
    0.07974627979386312,
    0.07884952583565162,
    0.08101228352349538,
    0.08251710379352936,
    0.08401794330431865,
    0.07666950300335884,
    0.07748377996568497,
    0.07870122281691203,
    0.0789652976135795,
    0.08483277046336578,
    0.08057262712659743,
    0.07740900522241226,
    0.07880379395702711,
    0.07790572977123353,
    0.0790448386150484,
    0.07674792348049007,
    0.07742702896491839,
    0.0783447538717435,
    0.07839178265287326,
    0.08124585181044844
  ],