{
  "epoch": [
    1,
    2,
    3,
    4,
    5,
    6,
    7,
    8,
    9,
    10,
    11,
    12,
    13,
    14,
    15,
    16,
    17,
    18,
    19,
    20,
    21,
    22,
    23,
    24,
    25,
    26,
    27,
    28,
    29,
    30,
    31,
    32,
    33,
    34,
    35,
    36,
    37,
    38,
    39,
    40,
    41,
    42,
    43,
    44,
    45,
    46,
    47,
    48,
    49,
    50,
    51,
    52,
    53,
    54,
    55,
    56,
    57,
    58,
    59,
    60,
    61,
    62,
    63,
    64,
    65,
    66,
    67,
    68,
    69,
    70,
    71,
    72,
    73,
    74,
    75,
    76,
    77,
    78,
    79,
    80,
    81,
    82,
    83,
    84,
    85,
    86,
    87,
    88,
    89,
    90,
    91,
    92,
    93,
    94,
    95,
    96,
    97,
    98,
    99,
    100,
    101,
    102,
    103,
    104,
    105,
    106,
    107,
    108,
    109,
    110,
    111,
    112,
    113,
    114,
    115,
    116,
    117,
    118,
    119,
    120,
    121
  ],
  "train_loss": [
    1.3934706818197191,
    0.7883895451260596,
    0.5971752102534795,
    0.48116521890630426,
    0.39308913589752825,
    0.3297348142284708,
    0.28375935116686773,
    0.2501193669807051,
    0.21929144874675988,
    0.19540286256173223,
    0.1773306397125893,
    0.16073776405189455,
    0.15096820975394593,
    0.13758709738703118,
    0.12678751952408515,
    0.11938328063595541,
    0.10956031045655615,
    0.10202103323235955,
    0.09499726807410569,
    0.08855371889610265,
    0.08535651459368233,
    0.07998726184758329,
    0.07704483554458495,
    0.06999778493125107,
    0.06597911504087682,
    0.06350181685741414,
    0.05964883471618301,
    0.056641635072139124,
    0.05482387284450617,
    0.050607616014625,
    0.048576360433986505,
    0.04719071772871251,
    0.04297702551156897,
    0.04281049907764362,
    0.039438755933156946,
    0.0366034083183586,
    0.03370273892393278,
    0.03376351675671554,
    0.03245057561194774,
    0.031484191545966975,
    0.03105402424854716,
    0.0290973765545131,
    0.02643510999311645,
    0.027607323203389485,
    0.02517650629749003,
    0.023331538721266174,
    0.024539751742399998,
    0.02416984326465382,
    0.02041658883453491,
    0.020961454870256104,
    0.02147939228020685,
    0.02021848100007118,
    0.019313270026894726,
    0.017984557648419795,
    0.017019186027290432,
    0.017724646947865096,
    0.01605195482741542,
    0.018432674102590793,
    0.015848946543986497,
    0.015252494366033022,
    0.015135731870913398,
    0.015470488811843097,
    0.014713832522867266,
    0.01284073558684016,
    0.01341635706599264,
    0.013155313662358933,
    0.013880661334698424,
    0.012821057363720514,
    0.012281264765332117,
    0.012647817605031059,
    0.012278747034364754,
    0.01212523357832286,
    0.010921723778796449,
    0.010488160626636338,
    0.01171407965491958,
    0.011431251455712872,
    0.011449766550549143,
    0.008771670514180027,
    0.009158395414994358,
    0.009549838660606519,
    0.009982397308760351,
    0.00997323071291267,
    0.009077131351547259,
    0.009207054915041039,
    0.008318468856327619,
    0.007911940830754903,
    0.008234631350880834,
    0.009309258987675853,
    0.009742503589110392,
    0.00703062581740915,
    0.0074901927908229615,
    0.007980761786721186,
    0.007493030599416858,
    0.008427034275001395,
    0.00659766201483153,
    0.007575380320051089,
    0.0070046737796708594,
    0.008040804455846491,
    0.006862490158888137,
    0.006253478434428899,
    0.007102199594283803,
    0.0066382025717157565,
    0.005896364193176851,
    0.006049058665929497,
    0.0071659494085194175,
    0.006349044785349985,
    0.005895274268228023,
    0.006051401314253621,
    0.005699468764132033,
    0.006141973189834371,
    0.00547952355472515,
    0.005214636016951529,
    0.006339726092734316,
    0.00481966632141098,
    0.005736582018687034,
    0.004726121863398279,
    0.005201601932490168,
    0.004495836383922352,
    0.004870511928378825,
    0.005392700620505661,
    0.005364001519166739
  ],
  "val_loss": [
    0.765090172107403,
    0.5563635367613572,
    0.4970703560572404,
    0.42037102809319127,
    0.38740165875508237,
    0.3428060572880965,
    0.3238170238641592,
    0.30845680374365586,
    0.2853517211400546,
    0.26039295013134295,
    0.24735243389239678,
    0.23829791064445788,
    0.23719682372533357,
    0.2257569397871311,
    0.2125671414228586,
    0.20374463154719427,
    0.2001082352720774,
    0.20013042997855407,
    0.19197902369957703,
    0.18928525539544913,
    0.18616496313076752,
    0.1746122453075189,
    0.16799221703639397,
    0.17781526652666238,
    0.1666442688841086,
    0.1639563596019378,
    0.1591805242575132,
    0.15180644851464492,
    0.15306969617421812,
    0.14532469327633196,
    0.14115979694403136,
    0.14270315720484808,
    0.1382044553756714,
    0.1382092466721168,
    0.13527083196319067,
    0.1384249017215692,
    0.1318149592440862,
    0.13131345464633062,
    0.12749225073135817,
    0.13576537284713525,
    0.1298480793260611,
    0.12352139732012382,
    0.12179402176004189,
    0.11893546294707519,
    0.1212012584392841,
    0.11573206189160164,
    0.11467192350671841,
    0.12087128655268596,
    0.11536710938582054,
    0.10956255446832913,
    0.11484200263825747,
    0.11242344244741477,
    0.11154059320688248,
    0.11294225374093422,
    0.11680206871376587,
    0.10967504705947179,
    0.11214784396669039,
    0.1122854701601542,
    0.10605435854253861,
    0.10826281859324528,
    0.11365905661995594,
    0.10887735824172314,
    0.10356256723977052,
    0.10509890740594038,
    0.11023658521186847,
    0.09814704488962889,
    0.1011687979245415,
    0.11329333691929395,
    0.1046325913272225,
    0.1042745254503993,
    0.10102017524723823,
    0.09721475259329264,
    0.1004644135156503,
    0.10207892481524211,
    0.10247843526303768,
    0.0969702248963026,
    0.09918333052729185,
    0.10395135601552632,
    0.10546114861678618,
    0.10717442423964922,
    0.10158973387800731,
    0.09929417263573179,
    0.09344699344812678,
    0.0971370289245477,
    0.1028038000043195,
    0.09544178764694013,
    0.09199914354114579,
    0.09876683243335439,
    0.090282248512197,
    0.09309909206170303,
    0.09379889190985033,
    0.09772069234615909,
    0.1007187941398185,
    0.09718782143094219,
    0.09491973542250119,
    0.08997475613768284,
    0.0904472632190356,
    0.09190443913953808,
    0.09358720997205147,
    0.0972784161925889,
    0.10428184301305848,
    0.10171129837488899,
    0.10259953907762583,
    0.09483366710348771,
    0.10272400004144472,
    0.09480732548623703,
    0.10252925157188796,
    0.09717603851682864,
    0.09993955514465387,
    0.09770257831909336,
    0.09711652277753903,
    0.09566900794967435,
    0.09720256419565815,
    0.09673548076086892,
    0.10224439387317173,
    0.0997826387353528,
    0.09699279401236428,
    0.09490295570307913,
    0.09768854049392618,
    0.09839531642277367,
    0.09817435124065153
  ],