{
  "epoch": [
    1,
    2,
    3,
    4,
    5,
    6,
    7,
    8,
    9,
    10,
    11,
    12,
    13,
    14,
    15,
    16,
    17,
    18,
    19,
    20,
    21,
    22,
    23,
    24,
    25,
    26,
    27,
    28,
    29,
    30,
    31,
    32,
    33,
    34,
    35,
    36,
    37,
    38,
    39,
    40,
    41,
    42,
    43,
    44,
    45,
    46,
    47,
    48,
    49,
    50,
    51,
    52,
    53,
    54,
    55,
    56,
    57,
    58,
    59,
    60,
    61,
    62,
    63,
    64,
    65,
    66,
    67,
    68,
    69,
    70,
    71,
    72,
    73,
    74,
    75,
    76,
    77,
    78,
    79,
    80,
    81,
    82,
    83,
    84,
    85,
    86,
    87,
    88,
    89,
    90,
    91,
    92,
    93,
    94,
    95,
    96,
    97,
    98,
    99,
    100,
    101,
    102,
    103,
    104,
    105
  ],
  "train_loss": [
    2.6899068644366313,
    1.5409096006265621,
    1.0910584100128449,
    0.8660690676920193,
    0.7165107846874552,
    0.6260670578664111,
    0.5474504476662764,
    0.5043994835049835,
    0.4508424830651775,
    0.42212378202947143,
    0.39540073805555853,
    0.36739361839196116,
    0.3558032152425383,
    0.33665593129765126,
    0.3209682933448516,
    0.3012116015648719,
    0.2869191764249015,
    0.28524649243072137,
    0.2765052653081024,
    0.2691424870767544,
    0.2719720082031083,
    0.25327452928903177,
    0.241340919676208,
    0.23165697854050657,
    0.23119877117503548,
    0.22673563037029246,
    0.22080656667191959,
    0.20997632440832473,
    0.20722718652068955,
    0.20217311301643087,
    0.19961545794971824,
    0.19993691791578666,
    0.19171962430028572,
    0.19642637862065404,
    0.18492162569435602,
    0.17999605865208143,
    0.17544247429894724,
    0.18257189593901954,
    0.17353912302744143,
    0.1667861976113516,
    0.16968568226264924,
    0.16775327383242933,
    0.16101672671274425,
    0.15934619975765957,
    0.1518139121765943,
    0.15917529855115511,
    0.15276574560431475,
    0.14788511307122781,
    0.15086174324231663,
    0.14505559069670967,
    0.1452311057712614,
    0.14095386219470157,
    0.1382916190843914,
    0.13930458396903633,
    0.13583956916154044,
    0.13894848308535582,
    0.13661097613230502,
    0.1320694592234093,
    0.13264664012900332,
    0.1276211634124677,
    0.12472283146968208,
    0.12660272440575449,
    0.12362769624391168,
    0.1229384749858957,
    0.12480386198719137,
    0.12244175816166032,
    0.12009238046545957,
    0.11742755275258084,
    0.11958266587294254,
    0.11800592587588682,
    0.11416420352059542,
    0.11379561730727707,
    0.11017387089578762,
    0.10826792206960856,
    0.11070188625533249,
    0.10925333547530715,
    0.10695653764972675,
    0.10494580633515857,
    0.1043655078704517,
    0.10564902626438853,
    0.10416760337875061,
    0.1020355731556096,
    0.10275946390459832,
    0.09922006723384574,
    0.09440240431961018,
    0.09757827306838379,
    0.10025341660936468,
    0.09609644854268462,
    0.09445788462636705,
    0.09439577567439104,
    0.09077354912290868,
    0.09058433585829034,
    0.08970944015021176,
    0.09178120999107349,
    0.0915631508915541,
    0.09090650977432421,
    0.08779906919322063,
    0.0926070333045629,
    0.08611810431076386,
    0.08559672846506859,
    0.08441739900940165,
    0.08174698592941325,
    0.08272050791564062,
    0.08247107274580709,
    0.08069382683786842
  ],
  "val_loss": [
    2.0934770657466006,
    1.2118724034382746,
    0.9343088360933157,
    0.7684638179265536,
    0.7131826419096726,
    0.5927123840038593,
    0.5410331533505366,
    0.492735885656797,
    0.4490820008974809,
    0.4272724710977994,
    0.40979867485853344,
    0.38879396135990435,
    0.3841608189619504,
    0.36317128860033476,
    0.3689696146891667,
    0.333254330433332,
    0.3345912672006167,
    0.3108909084246709,
    0.31518859473558575,
    0.3057393878698349,
    0.30917109434421247,
    0.299122793170122,
    0.2763776114353767,
    0.2797145958130176,
    0.2860279427124904,
    0.2644721498856178,
    0.28303853479715496,
    0.2725403881989993,
    0.27412024484230924,
    0.2783755213022232,
    0.2693663526039857,
    0.2984614154467216,
    0.2518774958757254,
    0.2648463982802171,
    0.27267959026189953,
    0.25657930626319003,
    0.2656469482641954,
    0.25424102636484,
    0.2529708341910289,
    0.24902008473873138,
    0.2626235427764746,
    0.24438127760703748,
    0.2454045552473802,
    0.24263119124449217,
    0.23757499571029955,
    0.25136222633031696,
    0.2543189342205341,
    0.2628091057905784,
    0.2507889408331651,
    0.25529486055557543,
    0.23736184033063742,
    0.24110924911040527,
    0.26225677591103774,
    0.23290170499911675,
    0.25156871859843916,
    0.23119105169406304,
    0.2541325562275373,
    0.23608509909648162,
    0.24088997680407304,
    0.25837548764852375,
    0.23967075806397659,
    0.23317190603568003,
    0.24846422099150145,
    0.24325321385493645,
    0.23835348108640084,
    0.24543504531566912,
    0.2432304099202156,
    0.2514929651067807,
    0.24365509702609137,
    0.25252787654216474,
    0.23248185675877792,
    0.22879163634318572,
    0.22583763072123894,
    0.23003758604709917,
    0.22224700565521532,
    0.2467415275482031,
    0.24024812533305243,
    0.23390999264442003,
    0.22661587595939636,
    0.2505083175805899,
    0.2586909933732106,
    0.2320594208744856,
    0.2331146586399812,
    0.23225125956993836,
    0.2306739384165177,
    0.24250759642857772,
    0.2225454392341467,
    0.22579197069773307,
    0.23355756241541642,
    0.22327974839852407,
    0.2519269539759709,
    0.2426628745519198,
    0.2408972606062889,
    0.23292450606822968,
    0.24211249787073869,
    0.25118002180869764,
    0.23665178681795412,
    0.25557923775452834,
    0.2514667843396847,
    0.24350720300124243,
    0.2506780664508159,
    0.2549729519165479,
    0.2531391347830112,
    0.2493646265222476,
    0.25294748751016766
  ],