{
  "epoch": [
    1,
    2,
    3,
    4,
    5,
    6,
    7,
    8,
    9,
    10,
    11,
    12,
    13,
    14,
    15,
    16,
    17,
    18,
    19,
    20,
    21,
    22,
    23,
    24,
    25,
    26,
    27,
    28,
    29,
    30,
    31,
    32,
    33,
    34,
    35,
    36,
    37,
    38,
    39,
    40,
    41,
    42,
    43,
    44,
    45,
    46,
    47,
    48,
    49,
    50,
    51,
    52,
    53,
    54,
    55,
    56,
    57,
    58,
    59,
    60,
    61,
    62,
    63,
    64,
    65,
    66,
    67,
    68,
    69,
    70,
    71,
    72,
    73,
    74,
    75,
    76,
    77,
    78,
    79,
    80,
    81,
    82,
    83,
    84,
    85,
    86,
    87
  ],
  "train_loss": [
    1.2716421473144304,
    0.5526398750815061,
    0.41797359184463423,
    0.3465160675863228,
    0.3023696321957182,
    0.2726796561538583,
    0.24863493958912272,
    0.22708466427751106,
    0.21408652942074408,
    0.20575162805248015,
    0.19315937707329742,
    0.18251507094886044,
    0.16981191202850626,
    0.16385310799768654,
    0.15785250783261687,
    0.14893676266811862,
    0.1445386476888515,
    0.13748340485709729,
    0.13173342743279912,
    0.1270155952044643,
    0.12288254665413706,
    0.11641948655395225,
    0.11229859104398454,
    0.11018220733593007,
    0.10773774594216064,
    0.10283823964176791,
    0.09936747179910688,
    0.09597255086692252,
    0.09315949427609396,
    0.0891361436115043,
    0.0867782456449943,
    0.08574567344224099,
    0.08226379766912743,
    0.08113498864049959,
    0.07895591561820837,
    0.07680933728887893,
    0.07462901114901103,
    0.07419428030158033,
    0.07195867869154651,
    0.06902595815977247,
    0.06781324829057891,
    0.06587103687890686,
    0.06329778963607727,
    0.06230484664735227,
    0.06105538380175534,
    0.05938907030342829,
    0.05950006790975533,
    0.057380691742395414,
    0.05504930500715676,
    0.053035546149505244,
    0.05328722174583685,
    0.051864232213264055,
    0.04878758178046434,
    0.0500123908577284,
    0.046955686449857044,
    0.0502946820331387,
    0.04726044721163736,
    0.04515380673294905,
    0.04516076622069767,
    0.043849402273276654,
    0.04554503997511203,
    0.040893473016964915,
    0.0420435618627632,
    0.03833675782869358,
    0.041199849923095194,
    0.03777440374551138,
    0.03701862782276798,
    0.03733323259039385,
    0.0378566622217693,
    0.036944862077067986,
    0.035648074618881885,
    0.03548125854444386,
    0.03322429048118762,
    0.034967900899303433,
    0.03176856886060669,
    0.03458201900438065,
    0.03221680575262497,
    0.0325692022625025,
    0.033042263364105824,
    0.03149224575701179,
    0.03166389522502328,
    0.02993399260270566,
    0.030175719815905732,
    0.02904989403017824,
    0.028859684566533803,
    0.03002025260783658,
    0.02784607321540318
  ],
  "val_loss": [
    0.5294698087068704,
    0.34837324114946217,
    0.2969450858923105,
    0.2650682135270192,
    0.23282955816158882,
    0.22733937203884125,
    0.2063520447565959,
    0.2028570925960174,
    0.18195899117451447,
    0.17397327090685183,
    0.16970577492163733,
    0.16087792756465766,
    0.1575160135443394,
    0.14853066951036453,
    0.14767575865754715,
    0.14840934396936342,
    0.13992041234786695,
    0.1336265656237419,
    0.13416084847771204,
    0.12443476714766942,
    0.13585308108192223,
    0.11887744384316298,
    0.114082154746239,
    0.11907592043280602,
    0.11272005478923137,
    0.11231390616068473,
    0.10074448442229858,
    0.09725691435428765,
    0.09535724239853713,
    0.09732148423790932,
    0.09355216874526097,
    0.09352996945381165,
    0.08845738378854898,
    0.08955079574997608,
    0.09373267281513947,
    0.09702090145303653,
    0.08541982176785286,
    0.09357231454207347,
    0.08081772823173267,
    0.08169570579551734,
    0.08194960854374446,
    0.08447232713493016,
    0.08476525931977309,
    0.08506341708394197,
    0.07710817284308948,
    0.08619201871064994,
    0.08263183757662773,
    0.08148349979175971,
    0.08395829954399513,
    0.07682658474032696,
    0.08257295520832905,
    0.07629851781978057,
    0.08095174598006102,
    0.07850189471187499,
    0.08142752286333305,
    0.08028090788194767,
    0.07893000371181048,
    0.08394346099633437,
    0.07618287499420918,
    0.07967366493092133,
    0.07942109655302304,
    0.06500020057249528,
    0.07276679353358653,
    0.07136728120251344,
    0.0682328873528884,
    0.07346007500130397,
    0.07552565691562799,
    0.071172092253199,
    0.0756338551067389,
    0.07302233677070874,
    0.0728001888268269,
    0.07256785343186213,
    0.07272072960264407,
    0.07056913460389926,
    0.06821403824366055,
    0.07660023080041775,
    0.06811400248597448,
    0.07208885159343481,
    0.07005010065264426,
    0.07171866627266774,
    0.06885507523726958,
    0.07071214749549444,
    0.0729154937255841,
    0.06808271592196363,
    0.07230499494247712,
    0.06518427755397099,
    0.07411262514786078
  ],
  "train_transduce": [
    1.2716421473144304,
    0.5526398750815061,
    0.41797359184463423,
    0.3465160675863228,
    0.3023696321957182,
    0.2726796561538583,
    0.24863493958912272,
    0.22708466427751106,
    0.21408652942074408,
    0.20575162805248015,
    0.19315937707329742,
    0.18251507094886044,
    0.16981191202850626,
    0.16385310799768654,
    0.15785250783261687,
    0.14893676266811862,
    0.1445386476888515,
    0.13748340485709729,
    0.13173342743279912,
    0.1270155952044643,
    0.12288254665413706,
    0.11641948655395225,
    0.11229859104398454,
    0.11018220733593007,
    0.10773774594216064,
    0.10283823964176791,
    0.09936747179910688,
    0.09597255086692252,
    0.09315949427609396,
    0.0891361436115043,
    0.0867782456449943,
    0.08574567344224099,
    0.08226379766912743,
    0.08113498864049959,
    0.07895591561820837,
    0.07680933728887893,
    0.07462901114901103,
    0.07419428030158033,
    0.07195867869154651,
    0.06902595815977247,
    0.06781324829057891,
    0.06587103687890686,
    0.06329778963607727,
    0.06230484664735227,
    0.06105538380175534,
    0.05938907030342829,
    0.05950006790975533,
    0.057380691742395414,
    0.05504930500715676,
    0.053035546149505244,
    0.05328722174583685,
    0.051864232213264055,
    0.04878758178046434,
    0.0500123908577284,
    0.046955686449857044,
    0.0502946820331387,
    0.04726044721163736,
    0.04515380673294905,
    0.04516076622069767,
    0.043849402273276654,
    0.04554503997511203,
    0.040893473016964915,
    0.0420435618627632,
    0.03833675782869358,
    0.041199849923095194,
    0.03777440374551138,
    0.03701862782276798,
    0.03733323259039385,
    0.0378566622217693,
    0.036944862077067986,
    0.035648074618881885,
    0.03548125854444386,
    0.03322429048118762,
    0.034967900899303433,
    0.03176856886060669,
    0.03458201900438065,
    0.03221680575262497,
    0.0325692022625025,
    0.033042263364105824,
    0.03149224575701179,
    0.03166389522502328,
    0.02993399260270566,
    0.030175719815905732,
    0.02904989403017824,
    0.028859684566533803,
    0.03002025260783658,
    0.02784607321540318
  ],