{
  "epoch": [
    1,
    2,
    3,
    4,
    5,
    6,
    7,
    8,
    9,
    10,
    11,
    12,
    13,
    14,
    15,
    16,
    17,
    18,
    19,
    20,
    21,
    22,
    23,
    24,
    25,
    26,
    27,
    28,
    29,
    30,
    31,
    32,
    33,
    34,
    35,
    36,
    37,
    38,
    39,
    40,
    41,
    42,
    43,
    44,
    45,
    46,
    47,
    48,
    49,
    50,
    51,
    52,
    53,
    54,
    55,
    56,
    57,
    58,
    59,
    60,
    61,
    62,
    63,
    64,
    65,
    66,
    67,
    68,
    69,
    70,
    71,
    72,
    73,
    74,
    75,
    76,
    77,
    78,
    79,
    80,
    81,
    82,
    83,
    84,
    85,
    86,
    87,
    88,
    89,
    90,
    91,
    92,
    93,
    94,
    95,
    96,
    97,
    98,
    99,
    100,
    101,
    102
  ],
  "train_loss": [
    1.7240927477472836,
    1.1443204965788065,
    0.9469186725075712,
    0.8351553045597273,
    0.7532737798912009,
    0.6858099192073664,
    0.6262369854855783,
    0.57728724842219,
    0.5285073027168352,
    0.48485335999542906,
    0.4525473463473861,
    0.41866234390391516,
    0.39529572335100666,
    0.3678022484803937,
    0.3443165572033715,
    0.32125482462423366,
    0.3042588151760937,
    0.2864549822874905,
    0.2744086791866833,
    0.25821259325927065,
    0.24191155346091262,
    0.23048018487458377,
    0.21584792550384385,
    0.2057275510172254,
    0.19457914342278057,
    0.1831317085427107,
    0.18233474908569425,
    0.16913124208444172,
    0.16286083621923456,
    0.1516263493403946,
    0.14672322759462386,
    0.14084661571481794,
    0.13623178731074037,
    0.1270522838938482,
    0.12242992815667207,
    0.12062164054242606,
    0.11594226220910697,
    0.11113058155421744,
    0.10397284174549211,
    0.10004736356360396,
    0.09807224771411148,
    0.09696769960147818,
    0.09162657485180295,
    0.08997993505339033,
    0.08361979568204314,
    0.08022173998166912,
    0.07852609622647468,
    0.08032651702614174,
    0.07479020668020875,
    0.07395607103430427,
    0.06924275865720719,
    0.06583950209632977,
    0.06715622650862661,
    0.06320170327521783,
    0.06320656267638058,
    0.060358864975344276,
    0.058907787910825814,
    0.05608862724884884,
    0.05670408074043153,
    0.052127740461110454,
    0.05315892110319482,
    0.05066566645964673,
    0.04878799604808854,
    0.04862169625199179,
    0.047596406844473374,
    0.048338060401687304,
    0.04687916133648802,
    0.0469642076161258,
    0.04459973258091156,
    0.04171987511121582,
    0.042948834689276426,
    0.04264931938102104,
    0.04040979513821682,
    0.0393884858097305,
    0.03945296430797076,
    0.03722571232596163,
    0.037887011433845943,
    0.036695914431811145,
    0.03629807853283956,
    0.0352212437572553,
    0.034673661536047444,
    0.0360124149772617,
    0.03392862586650191,
    0.03332480694618575,
    0.03191970039120654,
    0.03197482686499422,
    0.03167139529970657,
    0.03270513074443743,
    0.030278017763624487,
    0.03293222223034071,
    0.03127571933701174,
    0.030679951973989147,
    0.027293705554275783,
    0.029921484088582785,
    0.02733902972714841,
    0.028949557928387652,
    0.028832902169315933,
    0.028531729368512164,
    0.028947968897649768,
    0.02814340128649756,
    0.026158578698667362,
    0.026947074020089407
  ],
  "val_loss": [
    0.9458380341529846,
    0.7394578181780301,
    0.6350011412913983,
    0.5911130354954646,
    0.5706916268055255,
    0.507399313724958,
    0.4919092242534344,
    0.44847060625369733,
    0.4296732246875763,
    0.3990519092633174,
    0.39300958468363834,
    0.38023874163627625,
    0.34427886513563305,
    0.34135862726431626,
    0.31898902929746187,
    0.3156132422960721,
    0.2916453010760821,
    0.2873831402796965,
    0.27869509962888867,
    0.2651748920862491,
    0.2602909436592689,
    0.26158844851530516,
    0.23687221797612998,
    0.2377528972350634,
    0.2268539541042768,
    0.22108076627437884,
    0.2056982677716475,
    0.20674916528738463,
    0.21344673518951124,
    0.2140352542583759,
    0.19449839912928069,
    0.18538370499244103,
    0.18214954435825348,
    0.1828292149763841,
    0.1904456581060703,
    0.17438112772428072,
    0.17175284085365441,
    0.1642055201988954,
    0.16526313699208772,
    0.16197959677531168,
    0.16521917684720114,
    0.16352347685740545,
    0.15040829204596007,
    0.15094366841591322,
    0.14523589209868357,
    0.14282048780184525,
    0.14143817470623896,
    0.14526755649309891,
    0.1504121543123172,
    0.13822995871305466,
    0.13787411611813766,
    0.14240195258305624,
    0.1327369539783551,
    0.1356869890139653,
    0.1327543404812996,
    0.13583179505971762,
    0.13173196063591883,
    0.13145613555724805,
    0.12539174694281358,
    0.12788774388340804,
    0.13281978466189825,
    0.12790598920904672,
    0.12773214080012762,
    0.12117384202205218,
    0.12035733747940797,
    0.12086616771725509,
    0.11792369645375472,
    0.1172769392052522,
    0.11899043017855057,
    0.12134930290854894,
    0.12149904267146037,
    0.12242136207910684,
    0.11830222578002857,
    0.11864462623802516,
    0.11830117238255647,
    0.12005982977839616,
    0.11606418269758041,
    0.11851136071177629,
    0.12539336543816787,
    0.12018086904516587,
    0.12009642774669024,
    0.12265698124582951,
    0.1188193942205264,
    0.12169965628821117,
    0.1202540469284241,
    0.12040019149963672,
    0.11874812884399524,
    0.12253526770151578,
    0.11890498663370426,
    0.12242250961179917,
    0.11699369492439124,
    0.11909065983043267,
    0.1179158638876218,
    0.12307643460539672,
    0.12158889696002007,
    0.11849366486645661,
    0.11843268494479932,
    0.12382317886043054,
    0.12534717814280436,
    0.11807190598203586,
    0.12407538380760413,
    0.12327184900641441
  ],