{
  "epoch": [
    1,
    2,
    3,
    4,
    5,
    6,
    7,
    8,
    9,
    10,
    11,
    12,
    13,
    14,
    15,
    16,
    17,
    18,
    19,
    20,
    21,
    22,
    23,
    24,
    25,
    26,
    27,
    28,
    29,
    30,
    31,
    32,
    33,
    34,
    35,
    36,
    37,
    38,
    39,
    40,
    41,
    42,
    43,
    44,
    45,
    46,
    47,
    48,
    49,
    50,
    51,
    52,
    53,
    54,
    55,
    56,
    57,
    58,
    59,
    60,
    61,
    62,
    63,
    64,
    65,
    66,
    67,
    68,
    69,
    70,
    71,
    72,
    73,
    74,
    75,
    76,
    77,
    78,
    79,
    80,
    81,
    82,
    83,
    84,
    85,
    86,
    87,
    88,
    89,
    90,
    91,
    92,
    93,
    94,
    95,
    96,
    97,
    98,
    99,
    100,
    101,
    102,
    103,
    104,
    105,
    106,
    107,
    108,
    109,
    110,
    111,
    112,
    113,
    114,
    115,
    116,
    117,
    118,
    119,
    120,
    121,
    122,
    123
  ],
  "train_loss": [
    1.5046414455564896,
    0.764249060413625,
    0.5803582700762419,
    0.4963177536973859,
    0.43774715479057613,
    0.4063007530599537,
    0.36907244171246445,
    0.34257473833490126,
    0.31924987562222057,
    0.30100055422523236,
    0.283658445914193,
    0.2728131968196076,
    0.257482975573823,
    0.24334138690835178,
    0.23320057139833375,
    0.22316486307299963,
    0.21353860391248572,
    0.2054117200988354,
    0.19982089957978466,
    0.19373430990346588,
    0.1864601635549328,
    0.179224559871277,
    0.17246639359705518,
    0.16706628640099327,
    0.16198909186785765,
    0.15825417401767014,
    0.14981797580966855,
    0.1471722798403537,
    0.14105445161314295,
    0.1396653976770911,
    0.13665888200301934,
    0.13144974845765842,
    0.12900195322414437,
    0.12558817088899046,
    0.12199850018956873,
    0.11864026809240331,
    0.11802437809286731,
    0.11240325458716638,
    0.10818630431105594,
    0.10788906118509793,
    0.10673595046495447,
    0.10134488834750534,
    0.09964352831392005,
    0.09747768459048602,
    0.09512963315637984,
    0.0930977263810611,
    0.08969146208745418,
    0.08611296825479753,
    0.08437484724096733,
    0.08292151216675739,
    0.07938943596759646,
    0.07660722824754101,
    0.07365393859915215,
    0.07144761221981284,
    0.06760358657355946,
    0.06607242688389107,
    0.06282321057549797,
    0.06333297120388781,
    0.0620405136395504,
    0.05917222181906794,
    0.05700286297072278,
    0.055249695878217715,
    0.05217957129646646,
    0.050382087062491046,
    0.05029117494895317,
    0.04826278790905334,
    0.04536972172779612,
    0.046338166580489365,
    0.0428243665541015,
    0.04274659398205505,
    0.040782564974362306,
    0.0438787884143467,
    0.03822342215087449,
    0.040942939819011946,
    0.03650350320051507,
    0.03970232810640689,
    0.03490699594379357,
    0.03572412165305992,
    0.030914307452074373,
    0.03407554933340243,
    0.030402178719344707,
    0.033118838472015195,
    0.02934659182988476,
    0.02803901673322267,
    0.02898258479809997,
    0.02852204870340405,
    0.030978822887017584,
    0.027219113497303264,
    0.0264069936653175,
    0.02597084689405885,
    0.024539151800667295,
    0.02627985120409786,
    0.02511868985037845,
    0.024040074276710205,
    0.023160669828147285,
    0.024243872907787265,
    0.022789288072450325,
    0.022227266471427264,
    0.021349461882900777,
    0.022024481409773377,
    0.021030738304304606,
    0.02091153294751697,
    0.019791881498502622,
    0.01893229634584029,
    0.018723451481707912,
    0.018554833846738433,
    0.01920798566598113,
    0.017439659415181764,
    0.01780846054518208,
    0.01628057187939487,
    0.016588153123929358,
    0.017601746471027042,
    0.015077337422085429,
    0.01578054541150237,
    0.015837611556790844,
    0.014131267036375876,
    0.014091537629097406,
    0.013455392481611655,
    0.015357865838997878,
    0.012912020956322845,
    0.013874404284512937,
    0.012169912455160872,
    0.01257094811408384
  ],
  "val_loss": [
    0.6738015413284302,
    0.46458151707282436,
    0.39082489563868594,
    0.36762250616000247,
    0.35133548883291393,
    0.31922074350026935,
    0.3041041699739603,
    0.29032329985728633,
    0.276442119708428,
    0.26097079996879285,
    0.2677842344229038,
    0.250351498906429,
    0.24574072659015656,
    0.21992706335507906,
    0.22524398565292358,
    0.2171450022321481,
    0.22248324293356675,
    0.20330792321608618,
    0.19988822020017183,
    0.18426202581478998,
    0.1945967158445945,
    0.18215749240838564,
    0.17335385313400856,
    0.16868406133009836,
    0.16219726892618033,
    0.1630009664939,
    0.15849967014331084,
    0.15165387753110665,
    0.1499953269958496,
    0.14815231498617393,
    0.135761992002909,
    0.13673803525475356,
    0.1330502457343615,
    0.13581664487719536,
    0.13625162180799705,
    0.12735946189898711,
    0.12476323315730461,
    0.12359486262385662,
    0.12587926364862,
    0.12372453825978133,
    0.11972525572547546,
    0.11071640711564285,
    0.1133789153626332,
    0.10802773099679214,
    0.10581018431828572,
    0.10746766282961918,
    0.10870652158672993,
    0.10566274191324528,
    0.09820561096645318,
    0.09471340248217949,
    0.09370574383781506,
    0.09537387567643936,
    0.09049538121773647,
    0.09369436078346692,
    0.09364283357102138,
    0.09678687269871052,
    0.08795232984882134,
    0.08966517964234719,
    0.09181937073858884,
    0.09446933664954625,
    0.08329310153539364,
    0.08681557270196769,
    0.08617304695340303,
    0.09572362598891442,
    0.08649629598053601,
    0.08306843400574647,
    0.08816324833493966,
    0.08960353926970409,
    0.0817028319892975,
    0.08169787176526509,
    0.0843088708531398,
    0.08490255446388172,
    0.07882686475148568,
    0.07457509751503284,
    0.08598268748475955,
    0.08561803687077302,
    0.08279013275527038,
    0.08997413329780102,
    0.0803349417849229,
    0.08197624293657449,
    0.07308467140851113,
    0.07168335109375991,
    0.07391315899216212,
    0.07654995170350258,
    0.07886042531866294,
    0.0754335055557581,
    0.07168525486038281,
    0.08081686783295411,
    0.08412661460729745,
    0.0756772686369144,
    0.07816584680515987,
    0.07337204897059844,
    0.07528544417940654,
    0.07428538369444701,
    0.07074476420306243,
    0.07382714841514826,
    0.07187144135913023,
    0.06982195821519081,
    0.07095657460964643,
    0.07083894641926655,
    0.07331492021106757,
    0.07386398845567153,
    0.07771774402891214,
    0.07572876540227579,
    0.07808448789784542,
    0.07184786163270473,
    0.0713053302696118,
    0.07938876361227952,
    0.07742043727865586,
    0.07562435468515524,
    0.0804175864905119,
    0.07811940447069131,
    0.08033191627607895,
    0.08259304204525855,
    0.08724362317186135,
    0.0827577173566589,
    0.08460727577599195,
    0.08195313395789036,
    0.08652928328284851,
    0.0854474430760512,
    0.08300293559351793,
    0.08427628330313243,
    0.08016318441010438
  ],