{
  "epoch": [
    1,
    2,
    3,
    4,
    5,
    6,
    7,
    8,
    9,
    10,
    11,
    12,
    13,
    14,
    15,
    16,
    17,
    18,
    19,
    20,
    21,
    22,
    23,
    24,
    25,
    26,
    27,
    28,
    29,
    30,
    31,
    32,
    33,
    34,
    35,
    36,
    37,
    38,
    39,
    40,
    41,
    42,
    43,
    44,
    45,
    46,
    47,
    48,
    49,
    50,
    51,
    52,
    53,
    54,
    55,
    56,
    57,
    58,
    59,
    60,
    61,
    62,
    63,
    64,
    65,
    66,
    67,
    68,
    69,
    70,
    71,
    72,
    73,
    74,
    75,
    76,
    77,
    78,
    79,
    80,
    81,
    82,
    83,
    84,
    85,
    86,
    87,
    88,
    89,
    90,
    91,
    92,
    93,
    94,
    95,
    96,
    97,
    98,
    99,
    100,
    101,
    102,
    103,
    104,
    105,
    106,
    107,
    108,
    109,
    110,
    111,
    112,
    113,
    114,
    115,
    116,
    117,
    118,
    119,
    120,
    121,
    122,
    123,
    124,
    125,
    126,
    127,
    128,
    129,
    130,
    131,
    132,
    133,
    134,
    135,
    136,
    137,
    138,
    139,
    140,
    141
  ],
  "train_loss": [
    2.787160937148746,
    2.1666715310351683,
    1.9186003810108299,
    1.7674151234107442,
    1.6504879056817234,
    1.5517204598625107,
    1.4851297411588158,
    1.4209500338771555,
    1.3675149809015859,
    1.309134037187784,
    1.2690549817415748,
    1.2329932840743867,
    1.196473252655256,
    1.1710226028272421,
    1.14848924450355,
    1.1303966122098488,
    1.0925227905263994,
    1.0805408370376814,
    1.0576654206408131,
    1.0349321058481047,
    1.0175007127299167,
    0.9988993187942127,
    0.9800589084625244,
    0.9655325353735744,
    0.9501862431516742,
    0.9368142361688142,
    0.9362055789126028,
    0.9160566076193706,
    0.8983979980544289,
    0.9004992565306107,
    0.8846760044003478,
    0.8775070049975178,
    0.8775090114905102,
    0.8598002661572824,
    0.8401621580123901,
    0.8371337008948373,
    0.819736920961059,
    0.8163342174917164,
    0.8218601894850778,
    0.8083035798356084,
    0.7945315477871658,
    0.799870516994212,
    0.7883099836878257,
    0.7793107310144027,
    0.7569715835080288,
    0.7648693706729625,
    0.746434996033659,
    0.7420700605552976,
    0.7466781381333228,
    0.725224251204198,
    0.7363101356100328,
    0.7270615927063593,
    0.7203487576824603,
    0.7130195197492543,
    0.7013098532610601,
    0.7114846310993233,
    0.6958435431565388,
    0.7001719132508382,
    0.6851431922157212,
    0.6843077867928118,
    0.6870289173456702,
    0.6751890737231415,
    0.6696805886112818,
    0.6635459744104064,
    0.6672075889488258,
    0.6639227784506165,
    0.6475905132765817,
    0.6433684852453742,
    0.63154004765029,
    0.6552600176027505,
    0.6360820428569718,
    0.6359981375165505,
    0.6273618299182099,
    0.6341707254990493,
    0.6271683511757614,
    0.6180523099875687,
    0.6207459524716481,
    0.6128731396528754,
    0.6168962855740349,
    0.598996756395491,
    0.6065897513734232,
    0.5935114377205915,
    0.5927888464809644,
    0.5915940477706418,
    0.5846226383553873,
    0.5931769857312194,
    0.5828269082720917,
    0.5720855363524786,
    0.5730302823652135,
    0.5674324755621428,
    0.5681102948613687,
    0.5643030959780854,
    0.5581538506073527,
    0.5535680548389359,
    0.5710506285771285,
    0.5643958644111557,
    0.5572167531688614,
    0.5568816065788269,
    0.5606116271845185,
    0.5530350175824496,
    0.5426950301274215,
    0.5329689778903923,
    0.5360609847720307,
    0.5403763519065214,
    0.541795962222732,
    0.5319893472265489,
    0.5199485851986574,
    0.5290685054099206,
    0.533844380980671,
    0.5221382648047834,
    0.5164819362730083,
    0.5217179995362121,
    0.5190831278220261,
    0.5130904018878937,
    0.5302463212225696,
    0.5256128131163003,
    0.5077362113659925,
    0.5169890443287274,
    0.5166894412866914,
    0.5088648391832219,
    0.49815534306044623,
    0.503803401595295,
    0.507689228447357,
    0.5037284337057926,
    0.49642207982516523,
    0.49544924173024624,
    0.48965731705769455,
    0.48058459162712097,
    0.4850727089560858,
    0.4925114173110169,
    0.48910980560992023,
    0.48643941277324565,
    0.48181793005159584,
    0.4931227765461006,
    0.47820845423358505,
    0.47203143398360453,
    0.48950764979466355,
    0.48502935897005667,
    0.4794140381388145,
    0.46449113305252376,
    0.46484479632708103
  ],
  "val_loss": [
    2.204817588512714,
    1.8878122659829946,
    1.7290088671904345,
    1.58443061205057,
    1.5247353131954486,
    1.4363110157159658,
    1.366796768628634,
    1.3386848706465502,
    1.275321025114793,
    1.2063586528484638,
    1.1671276826124926,
    1.1268083315629225,
    1.0790198216071496,
    1.0497192098544195,
    1.0610997355901277,
    1.013691388643705,
    1.006267364208515,
    0.9833467098382803,
    0.9659280960376446,
    0.9457629231306223,
    0.9286869030732375,
    0.9363697308760422,
    0.8913854773227985,
    0.8828866481781006,
    0.8757263513711783,
    0.8779429059762222,
    0.8627766829270583,
    0.8375794245646551,
    0.826225587954888,
    0.8547145907695477,
    0.826805958381066,
    0.7993709720098056,
    0.80271250468034,
    0.8083866376143235,
    0.8001407751670251,
    0.7761826698596661,
    0.7767624304844782,
    0.7504498958587646,
    0.7523902700497553,
    0.7528358514492328,
    0.7593400432513311,
    0.7470264893311721,
    0.7597909157092755,
    0.7435147716448858,
    0.7444962492355933,
    0.7229339067752545,
    0.7379132142433753,
    0.7101951929239126,
    0.7267584846569941,
    0.7167790715511029,
    0.7144516660616949,
    0.6871880063643823,
    0.704895922770867,
    0.691862418101384,
    0.6908995692546551,
    0.6984341694758489,
    0.690566741503202,
    0.674704175729018,
    0.6842606067657471,
    0.6760942523296063,
    0.6691543459892273,
    0.6611173107073858,
    0.6767946206606351,
    0.6711566906708938,
    0.6756769510415884,
    0.6630038756590623,
    0.6542637302325323,
    0.6745031292621906,
    0.6736112741323618,
    0.6523507741781381,
    0.647036822942587,
    0.64470813366083,
    0.6367055040139419,
    0.6382890343666077,
    0.6229202976593604,
    0.658043962258559,
    0.6602047865207379,
    0.6457524253771856,
    0.6330597492364737,
    0.6258845283434942,
    0.6420111839587872,
    0.6421514382729163,
    0.6502034343205966,
    0.6232855503375714,
    0.6253079359348004,
    0.6186104095899142,
    0.6394483126126803,
    0.6348844629067641,
    0.6243008971214294,
    0.6329907637376052,
    0.648237732740549,
    0.6222818218744718,
    0.6306682779238775,
    0.6300988289026114,
    0.6402392983436584,
    0.6258675593596238,
    0.630402936385228,
    0.64056213085468,
    0.6193840503692627,
    0.6192336082458496,
    0.6237801542648902,
    0.6261850687173697,
    0.6171662394817059,
    0.6283660576893733,
    0.6309396624565125,
    0.6174843723957355,
    0.6292845560954168,
    0.6304705601472121,
    0.6155060438009409,
    0.6378495784906241,
    0.6286992705785311,
    0.6177419148958646,
    0.6249889181210444,
    0.615873960348276,
    0.6202368782116816,
    0.6017594383313105,
    0.6220655670532813,
    0.6221891825015728,
    0.619715575988476,
    0.6174253592124352,
    0.6164604471280024,
    0.6198491087326636,
    0.6121684404519888,
    0.6119633041895353,
    0.6122869895054743,
    0.6195588845473069,
    0.6177407640677232,
    0.6075827937859756,
    0.6135377012766324,
    0.6108796504827646,
    0.6126452317604651,
    0.6149989687479459,
    0.6143932709327111,
    0.6115791981036847,
    0.6106711534353403,
    0.6054607721475455,
    0.6045540571212769,
    0.6038721822775327,
    0.613745377613948,
    0.606669735450011,
    0.6100098490715027
  ],