{
  "epoch": [
    1,
    2,
    3,
    4,
    5,
    6,
    7,
    8,
    9,
    10,
    11,
    12,
    13,
    14,
    15,
    16,
    17,
    18,
    19,
    20,
    21,
    22,
    23,
    24,
    25,
    26,
    27,
    28,
    29,
    30,
    31,
    32,
    33,
    34,
    35,
    36,
    37,
    38,
    39,
    40,
    41,
    42,
    43,
    44,
    45,
    46,
    47,
    48,
    49,
    50,
    51,
    52,
    53,
    54,
    55
  ],
  "train_loss": [
    2.535479228521131,
    1.003346762091843,
    0.5497900408875082,
    0.3679640785474138,
    0.26495160569542464,
    0.2023548133210423,
    0.15489498280065575,
    0.13028850846146187,
    0.09885249839922816,
    0.08921529594616792,
    0.07269458829895738,
    0.06235916956721507,
    0.05551611766526379,
    0.04214579892373577,
    0.041467954807905195,
    0.0352803688669174,
    0.031547422155968306,
    0.028161554520508062,
    0.019847508251052543,
    0.014400181446954147,
    0.014628815541485535,
    0.015505694006521678,
    0.013292696134945782,
    0.010753289316348807,
    0.007528422102716165,
    0.009167826705679451,
    0.0023202313897535973,
    0.0036487211329267197,
    -0.0013994156699819664,
    0.0006205351043915012,
    -0.0005823322523807742,
    -0.006783835647493294,
    -0.001710584560005935,
    -0.002430113195681695,
    -0.004581110734377325,
    -0.0007707167359203408,
    -0.005732909872283026,
    -0.005394241983819868,
    -0.005194216438559527,
    -0.0036991871605368005,
    -0.006207768699711131,
    -0.008350474625518642,
    -0.006535842573058974,
    -0.007258026274977271,
    -0.010200373021904956,
    -0.012183770662192832,
    -0.009539131132751396,
    -0.008691102035881318,
    -0.00842863294420783,
    -0.011418975841676452,
    -0.009081353923094641,
    -0.013515812268039001,
    -0.012094531169871693,
    -0.01311515337912385,
    -0.014424324630922879
  ],
  "val_loss": [
    1.3727293931520903,
    0.4674064264847682,
    0.2111033143905493,
    0.12622109055519104,
    0.08238106622145726,
    0.05187193189675991,
    0.04476800560951233,
    0.028595305406130277,
    0.026255339097518187,
    0.029267071817929927,
    0.02057237163759195,
    0.01753639759352574,
    0.008550824454197517,
    0.010102390526578976,
    0.011933279868501883,
    0.009328624806725062,
    0.011134909752469797,
    0.010889646525566395,
    0.010911547077389864,
    0.012645365670323372,
    0.008793581563692827,
    0.01344263324370751,
    0.01187554130760523,
    0.013290635095192837,
    0.012629965893351115,
    0.015012734211408175,
    0.017331684151521094,
    0.013015611527057795,
    0.013848039249961194,
    0.008074757141562609,
    0.012990932051952068,
    0.009770996008928005,
    0.015725556331185195,
    0.009425302680868369,
    0.011491724504874302,
    0.013477979227900505,
    0.01467395588182486,
    0.014121858546367059,
    0.01054313750221179,
    0.017944549282009784,
    0.015000435165487803,
    0.014234988305431146,
    0.0176858023668711,
    0.016996000821773823,
    0.013148637345203986,
    0.01938709946205983,
    0.019125962200073097,
    0.023390431100359328,
    0.017483902235443775,
    0.02318597140793617,
    0.019526092908703364,
    0.025080135092139244,
    0.025968104027784787,
    0.01979255833877967,
    0.024941307277633593
  ],
  "train_transduce": [
    2.5374691603110007,
    1.0290129476601315,
    0.5764341024086648,
    0.395067353224017,
    0.29238955768727765,
    0.23000336580516137,
    0.1827208213508129,
    0.15827329921507344,
    0.1269573377656568,
    0.11744077426871073,
    0.10100695469714317,
    0.09072668744808006,
    0.0839503754756039,
    0.07063883687993608,
    0.06999380258152012,
    0.06383516121962943,
    0.060138011706474516,
    0.05676394764372369,
    0.04847827363644064,
    0.04304407181736735,
    0.04329040340272729,
    0.04419342814416615,
    0.041994202238766806,
    0.03947385742818726,
    0.03626975759182164,
    0.037921673013377434,
    0.031093582064489422,
    0.032428771108580924,
    0.027401804273525617,
    0.0294411149903287,
    0.02824468090266143,
    0.02204422813062508,
    0.027128917880394718,
    0.026414908947586323,
    0.024285603596675257,
    0.02810621224991862,
    0.02315158772248698,
    0.023489868944059557,
    0.023693458477188786,
    0.025192725563364236,
    0.022696108325653393,
    0.02056252759564476,
    0.022381818048012703,
    0.021655962857676996,
    0.01872055460434868,
    0.016740944141704475,
    0.0193892245531351,
    0.020236826111735374,
    0.020506933155066343,
    0.017518904890634658,
    0.019859377012741704,
    0.015428952570313337,
    0.016853102075101656,
    0.015833545531405462,
    0.014535761483916148
  ],
  "val_transduce": [
    1.3961129647034864,
    0.4938824956233685,
    0.23830128289186037,
    0.15347877259437853,
    0.11002382062948667,
    0.07979195994826463,
    0.07261206037723102,
    0.05664800365383808,
    0.05452732011102713,
    0.057462696702434465,
    0.04886102103270017,
    0.045753941513024844,
    0.036987209907517984,
    0.03860421869187401,
    0.04041220795793029,
    0.037814016740482584,
    0.03971971492641247,
    0.03951123500099549,
    0.03946326778700145,
    0.04126840317621827,
    0.03743476153781208,
    0.04218816961376713,
    0.04059875183380567,
    0.041978011874911875,
    0.04142315578288757,
    0.04372913892774914,
    0.04598736992249122,
    0.04177879088988098,
    0.04268388781481637,
    0.036864340788899705,
    0.04176945117964911,
    0.038582112098363444,
    0.04452992620645091,
    0.038282166190373786,
    0.04026729395487704,
    0.042312419382282175,
    0.043540944234477,
    0.043048052448564425,
    0.03939987344067329,
    0.04685290301970851,
    0.043848741410049394,
    0.04315546474838182,
    0.0466111028245695,
    0.04594816005332037,
    0.042072916647437245,
    0.04823325980060662,
    0.04806068415816229,
    0.05232601449153243,
    0.04642637290089624,
    0.052080061224002674,
    0.04846589664856975,
    0.05406030639558314,
    0.05489546587117589,
    0.0487429937336576,
    0.05386001042251547
  ],
  "l0": [
    0.0,
    0.0,
    0.0,
    0.0,
    0.0,
    0.0,
    0.0,
    0.0,
    0.0,
    0.0,
    0.0,
    0.0,
    0.0,
    0.0,
    0.0,
    0.0,
    0.0,
    0.0,
    0.0,
    0.0,
    0.0,
    0.0,
    0.0,
    0.0,
    0.0,
    0.0,
    0.0,
    0.0,
    0.0,
    0.0,
    0.0,
    0.0,
    0.0,
    0.0,
    0.0,
    0.0,
    0.0,
    0.0,
    0.0,
    0.0,
    0.0,
    0.0,
    0.0,
    0.0,
    0.0,
    0.0,
    0.0,
    0.0,
    0.0,
    0.0,
    0.0,
    0.0,
    0.0,
    0.0,
    0.0
  ],
  "lambda_l0_effective": [
    0.01,
    0.01,
    0.01,
    0.01,
    0.01,
    0.01,
    0.01,
    0.01,
    0.01,
    0.01,
    0.01,
    0.01,
    0.01,
    0.01,
    0.01,
    0.01,
    0.01,
    0.01,
    0.01,
    0.01,
    0.01,
    0.01,
    0.01,
    0.01,
    0.01,
    0.01,
    0.01,
    0.01,
    0.01,
    0.01,
    0.01,
    0.01,
    0.01,
    0.01,
    0.01,
    0.01,
    0.01,
    0.01,
    0.01,
    0.01,
    0.01,
    0.01,
    0.01,
    0.01,
    0.01,
    0.01,
    0.01,
    0.01,
    0.01,
    0.01,
    0.01,
    0.01,
    0.01,
    0.01,
    0.01
  ],
  "recon_loss": [],