{
  "epoch": [
    1,
    2,
    3,
    4,
    5,
    6,
    7,
    8,
    9,
    10,
    11,
    12,
    13,
    14,
    15,
    16,
    17,
    18,
    19,
    20,
    21,
    22,
    23,
    24,
    25,
    26,
    27,
    28,
    29,
    30,
    31,
    32,
    33,
    34,
    35,
    36,
    37,
    38,
    39,
    40,
    41,
    42,
    43,
    44,
    45,
    46,
    47,
    48,
    49,
    50,
    51,
    52,
    53,
    54
  ],
  "train_loss": [
    1.205543711935122,
    0.16200509947753444,
    0.05161226642577304,
    0.024573788214858967,
    0.013797529838672004,
    0.01020462771387982,
    0.006734363050632102,
    0.005001605477558507,
    0.005023601043671754,
    0.0030636328732181993,
    0.002744169764763186,
    0.0019734553274453723,
    0.0018935099561559515,
    0.0012649941258432496,
    0.0011963712918024855,
    0.015696930999765005,
    0.004086353751058455,
    0.0013748804042724887,
    0.0013492430130709276,
    0.0008010688033744035,
    0.0009513272594143852,
    0.0003661112583808831,
    0.00027956634690293793,
    0.0006665726149239885,
    0.0011839986536213792,
    0.0012138145498330729,
    0.00036688313637044015,
    0.0002639696962076639,
    0.00016531788855665827,
    0.0019581159972169434,
    0.0026908957926147213,
    0.0003186395357054785,
    0.00024448008213026303,
    0.00018441284312748112,
    0.00015224569219331972,
    0.00010169056702476698,
    0.0003255219254551963,
    9.307978366310054e-05,
    6.716211041795347e-05,
    0.001792716881341549,
    0.00024290443192531363,
    0.0001656425164976999,
    0.00011558137145922169,
    6.250806663065868e-05,
    5.389365543292631e-05,
    4.399236013927593e-05,
    4.243118179878478e-05,
    2.8201149542762803e-05,
    2.7720473698086746e-05,
    0.00035814764855164876,
    0.006121043999273658,
    0.00024528608377970404,
    0.00039377374833072945,
    0.00011904373954419817
  ],
  "val_loss": [
    0.20051576770268953,
    0.04750140226231171,
    0.03143576604242508,
    0.026516850858640213,
    0.024048758724417824,
    0.02299341754629635,
    0.022980214790620197,
    0.02209695048021296,
    0.023429581152203564,
    0.023542567789823245,
    0.023240803787932515,
    0.02415902186252284,
    0.025004865162862606,
    0.028135898776571803,
    0.025925288009322964,
    0.06221269472287251,
    0.07339033627739319,
    0.05925335720754587,
    0.09641261828633454,
    0.07277341659825581,
    0.07600875084216778,
    0.07219198747323109,
    0.07189762234114684,
    0.09260919546851745,
    0.0975127970943084,
    0.09007595450832294,
    0.09485364733980252,
    0.08884799050597045,
    0.09263426896471244,
    0.19577317627576682,
    0.13416684075043753,
    0.13134939997242048,
    0.15907397178503183,
    0.15640801592515066,
    0.1597758629001104,
    0.15280021211275688,
    0.13514265418052673,
    0.1357663176380671,
    0.14020266899695763,
    0.16332068924720472,
    0.17045328708795401,
    0.21249475788611633,
    0.203744354729469,
    0.20306565555242392,
    0.20184557712995088,
    0.19555724412202835,
    0.18335947795556143,
    0.19701710859170327,
    0.1870701817365793,
    0.18604513486990562,
    0.2653619417777428,
    0.254448808156527,
    0.28867588249536663,
    0.2941974355624272
  ],
  "train_transduce": [
    1.205543711935122,
    0.16200509947753444,
    0.05161226642577304,
    0.024573788214858967,
    0.013797529838672004,
    0.01020462771387982,
    0.006734363050632102,
    0.005001605477558507,
    0.005023601043671754,
    0.0030636328732181993,
    0.002744169764763186,
    0.0019734553274453723,
    0.0018935099561559515,
    0.0012649941258432496,
    0.0011963712918024855,
    0.015696930999765005,
    0.004086353751058455,
    0.0013748804042724887,
    0.0013492430130709276,
    0.0008010688033744035,
    0.0009513272594143852,
    0.0003661112583808831,
    0.00027956634690293793,
    0.0006665726149239885,
    0.0011839986536213792,
    0.0012138145498330729,
    0.00036688313637044015,
    0.0002639696962076639,
    0.00016531788855665827,
    0.0019581159972169434,
    0.0026908957926147213,
    0.0003186395357054785,
    0.00024448008213026303,
    0.00018441284312748112,
    0.00015224569219331972,
    0.00010169056702476698,
    0.0003255219254551963,
    9.307978366310054e-05,
    6.716211041795347e-05,
    0.001792716881341549,
    0.00024290443192531363,
    0.0001656425164976999,
    0.00011558137145922169,
    6.250806663065868e-05,
    5.389365543292631e-05,
    4.399236013927593e-05,
    4.243118179878478e-05,
    2.8201149542762803e-05,
    2.7720473698086746e-05,
    0.00035814764855164876,
    0.006121043999273658,
    0.00024528608377970404,
    0.00039377374833072945,
    0.00011904373954419817
  ],
  "val_transduce": [
    0.20051576770268953,
    0.04750140226231171,
    0.03143576604242508,
    0.026516850858640213,
    0.024048758724417824,
    0.02299341754629635,
    0.022980214790620197,
    0.02209695048021296,
    0.023429581152203564,
    0.023542567789823245,
    0.023240803787932515,
    0.02415902186252284,
    0.025004865162862606,
    0.028135898776571803,
    0.025925288009322964,
    0.06221269472287251,
    0.07339033627739319,
    0.05925335720754587,
    0.09641261828633454,
    0.07277341659825581,
    0.07600875084216778,
    0.07219198747323109,
    0.07189762234114684,
    0.09260919546851745,
    0.0975127970943084,
    0.09007595450832294,
    0.09485364733980252,
    0.08884799050597045,
    0.09263426896471244,
    0.19577317627576682,
    0.13416684075043753,
    0.13134939997242048,
    0.15907397178503183,
    0.15640801592515066,
    0.1597758629001104,
    0.15280021211275688,
    0.13514265418052673,
    0.1357663176380671,
    0.14020266899695763,
    0.16332068924720472,
    0.17045328708795401,
    0.21249475788611633,
    0.203744354729469,
    0.20306565555242392,
    0.20184557712995088,
    0.19555724412202835,
    0.18335947795556143,
    0.19701710859170327,
    0.1870701817365793,
    0.18604513486990562,
    0.2653619417777428,
    0.254448808156527,
    0.28867588249536663,
    0.2941974355624272
  ],
  "l0": [
    0.0,
    0.0,
    0.0,
    0.0,
    0.0,
    0.0,
    0.0,
    0.0,
    0.0,
    0.0,
    0.0,
    0.0,
    0.0,
    0.0,
    0.0,
    0.0,
    0.0,
    0.0,
    0.0,
    0.0,
    0.0,
    0.0,
    0.0,
    0.0,
    0.0,
    0.0,
    0.0,
    0.0,
    0.0,
    0.0,
    0.0,
    0.0,
    0.0,
    0.0,
    0.0,
    0.0,
    0.0,
    0.0,
    0.0,
    0.0,
    0.0,
    0.0,
    0.0,
    0.0,
    0.0,
    0.0,
    0.0,
    0.0,
    0.0,
    0.0,
    0.0,
    0.0,
    0.0,
    0.0
  ],
  "lambda_l0_effective": [
    0.01,
    0.01,
    0.01,
    0.01,
    0.01,
    0.01,
    0.01,
    0.01,
    0.01,
    0.01,
    0.01,
    0.01,
    0.01,
    0.01,
    0.01,
    0.01,
    0.01,
    0.01,
    0.01,
    0.01,
    0.01,
    0.01,
    0.01,
    0.01,
    0.01,
    0.01,
    0.01,
    0.01,
    0.01,
    0.01,
    0.01,
    0.01,
    0.01,
    0.01,
    0.01,
    0.01,
    0.01,
    0.01,
    0.01,
    0.01,
    0.01,
    0.01,
    0.01,
    0.01,
    0.01,
    0.01,
    0.01,
    0.01,
    0.01,
    0.01,
    0.01,
    0.01,
    0.01,
    0.01
  ],
  "recon_loss": [],
  "balance_loss": [],