{
  "epoch": [
    1,
    2,
    3,
    4,
    5,
    6,
    7,
    8,
    9,
    10,
    11,
    12,
    13,
    14,
    15,
    16,
    17,
    18,
    19,
    20,
    21,
    22,
    23,
    24,
    25,
    26,
    27,
    28,
    29,
    30,
    31,
    32,
    33,
    34,
    35,
    36,
    37,
    38,
    39,
    40,
    41,
    42,
    43,
    44,
    45,
    46,
    47,
    48,
    49,
    50,
    51,
    52,
    53,
    54,
    55,
    56,
    57,
    58,
    59,
    60,
    61,
    62
  ],
  "train_loss": [
    0.9753515870915246,
    0.47931428084668426,
    0.33157628774642944,
    0.24227647752184228,
    0.18320064999393582,
    0.14362211533121227,
    0.11888580936362449,
    0.10375625325232438,
    0.0880945516731014,
    0.07652809376799569,
    0.06611328998330943,
    0.06271858289645812,
    0.05728097469305869,
    0.050195318632327096,
    0.04575503812430753,
    0.04242012428465424,
    0.040501699835714916,
    0.038793747154899784,
    0.036870661690907996,
    0.03203693833010098,
    0.03265905015401004,
    0.03153233828272709,
    0.03053783468383643,
    0.02910989138163319,
    0.02694328732730955,
    0.026641244769634045,
    0.025958636060318688,
    0.024395715344466808,
    0.02182798001425552,
    0.024054761635158788,
    0.020017993517613672,
    0.0204602579427787,
    0.019990201672231873,
    0.01925673074396231,
    0.019610459120588897,
    0.01922002591951222,
    0.019132800375053792,
    0.01918536613121648,
    0.016614074315923776,
    0.017334751149917924,
    0.0168749816804529,
    0.0165540107859529,
    0.015697878282565202,
    0.015774846357802293,
    0.01678862860762351,
    0.01394621547270739,
    0.01471788059414806,
    0.014566127645912743,
    0.015709643214388953,
    0.015544544373154064,
    0.013746584125328809,
    0.015215215237796806,
    0.01363619514524975,
    0.013580009161216235,
    0.013461148743181653,
    0.012310673765953361,
    0.013521245791463988,
    0.013762139142778962,
    0.014692670577469752,
    0.01005372845150108,
    0.011872308468266111,
    0.011432462325679696
  ],
  "val_loss": [
    0.35573427035258365,
    0.2273736183459942,
    0.2005642790060777,
    0.15969235048844263,
    0.14150202790131935,
    0.13135868138991869,
    0.1170147112928904,
    0.10470376249689323,
    0.10074874500815685,
    0.09923023802156632,
    0.09205442609695288,
    0.09007175051822112,
    0.08811306738509582,
    0.0924840636837941,
    0.08643363444850995,
    0.08657279152136582,
    0.07788111892743753,
    0.08418163786140773,
    0.0837901746854186,
    0.07977725536777423,
    0.08218076180380124,
    0.08276930082446107,
    0.07751315058423923,
    0.08346285850096208,
    0.08229240112436506,
    0.08000985404046682,
    0.0812248416030063,
    0.08198137692390726,
    0.08466493316854422,
    0.08044056884514597,
    0.08236295951960179,
    0.08924242675017852,
    0.08262197071543106,
    0.08092756175364439,
    0.08370723326403934,
    0.07678119428097628,
    0.07223008180825183,
    0.07931080643230906,
    0.08749276256332031,
    0.08234114786430907,
    0.08769808646040754,
    0.08552842332909887,
    0.08579032105178787,
    0.08340132358269049,
    0.0796471211898069,
    0.08246164898782109,
    0.08632325228805152,
    0.0908117494904078,
    0.08401286104120888,
    0.08362668837743023,
    0.08201170191526987,
    0.08143923385516526,
    0.07531679934786203,
    0.08401595989618307,
    0.08596529386257036,
    0.0847826259694277,
    0.08650028307993825,
    0.07855509432892387,
    0.07890241919085383,
    0.07995862981680638,
    0.07863621066252773,
    0.08640129779143116
  ],
  "train_transduce": [
    0.9753515870915246,
    0.47931428084668426,
    0.33157628774642944,
    0.24227647752184228,
    0.18320064999393582,
    0.14362211533121227,
    0.11888580936362449,
    0.10375625325232438,
    0.0880945516731014,
    0.07652809376799569,
    0.06611328998330943,
    0.06271858289645812,
    0.05728097469305869,
    0.050195318632327096,
    0.04575503812430753,
    0.04242012428465424,
    0.040501699835714916,
    0.038793747154899784,
    0.036870661690907996,
    0.03203693833010098,
    0.03265905015401004,
    0.03153233828272709,
    0.03053783468383643,
    0.02910989138163319,
    0.02694328732730955,
    0.026641244769634045,
    0.025958636060318688,
    0.024395715344466808,
    0.02182798001425552,
    0.024054761635158788,
    0.020017993517613672,
    0.0204602579427787,
    0.019990201672231873,
    0.01925673074396231,
    0.019610459120588897,
    0.01922002591951222,
    0.019132800375053792,
    0.01918536613121648,
    0.016614074315923776,
    0.017334751149917924,
    0.0168749816804529,
    0.0165540107859529,
    0.015697878282565202,
    0.015774846357802293,
    0.01678862860762351,
    0.01394621547270739,
    0.01471788059414806,
    0.014566127645912743,
    0.015709643214388953,
    0.015544544373154064,
    0.013746584125328809,
    0.015215215237796806,
    0.01363619514524975,
    0.013580009161216235,
    0.013461148743181653,
    0.012310673765953361,
    0.013521245791463988,
    0.013762139142778962,
    0.014692670577469752,
    0.01005372845150108,
    0.011872308468266111,
    0.011432462325679696
  ],
  "val_transduce": [
    0.35573427035258365,
    0.2273736183459942,
    0.2005642790060777,
    0.15969235048844263,
    0.14150202790131935,
    0.13135868138991869,
    0.1170147112928904,
    0.10470376249689323,
    0.10074874500815685,
    0.09923023802156632,
    0.09205442609695288,
    0.09007175051822112,
    0.08811306738509582,
    0.0924840636837941,
    0.08643363444850995,
    0.08657279152136582,
    0.07788111892743753,
    0.08418163786140773,
    0.0837901746854186,
    0.07977725536777423,
    0.08218076180380124,
    0.08276930082446107,
    0.07751315058423923,
    0.08346285850096208,
    0.08229240112436506,
    0.08000985404046682,
    0.0812248416030063,
    0.08198137692390726,
    0.08466493316854422,
    0.08044056884514597,
    0.08236295951960179,
    0.08924242675017852,
    0.08262197071543106,
    0.08092756175364439,
    0.08370723326403934,
    0.07678119428097628,
    0.07223008180825183,
    0.07931080643230906,
    0.08749276256332031,
    0.08234114786430907,
    0.08769808646040754,
    0.08552842332909887,
    0.08579032105178787,
    0.08340132358269049,
    0.0796471211898069,
    0.08246164898782109,
    0.08632325228805152,
    0.0908117494904078,
    0.08401286104120888,
    0.08362668837743023,
    0.08201170191526987,
    0.08143923385516526,
    0.07531679934786203,
    0.08401595989618307,
    0.08596529386257036,
    0.0847826259694277,
    0.08650028307993825,
    0.07855509432892387,
    0.07890241919085383,
    0.07995862981680638,
    0.07863621066252773,
    0.08640129779143116
  ],
  "l0": [
    0.0,
    0.0,
    0.0,
    0.0,
    0.0,
    0.0,
    0.0,
    0.0,
    0.0,
    0.0,
    0.0,
    0.0,
    0.0,
    0.0,
    0.0,
    0.0,
    0.0,
    0.0,
    0.0,
    0.0,
    0.0,
    0.0,
    0.0,
    0.0,
    0.0,
    0.0,
    0.0,
    0.0,
    0.0,
    0.0,
    0.0,
    0.0,
    0.0,
    0.0,
    0.0,
    0.0,
    0.0,
    0.0,
    0.0,
    0.0,
    0.0,
    0.0,
    0.0,
    0.0,
    0.0,
    0.0,
    0.0,
    0.0,
    0.0,
    0.0,
    0.0,
    0.0,
    0.0,
    0.0,
    0.0,
    0.0,
    0.0,
    0.0,
    0.0,
    0.0,
    0.0,
    0.0
  ],