{
  "epoch": [
    1,
    2,
    3,
    4,
    5,
    6,
    7,
    8,
    9,
    10,
    11,
    12,
    13,
    14,
    15,
    16,
    17,
    18,
    19,
    20,
    21,
    22,
    23,
    24,
    25,
    26,
    27,
    28,
    29,
    30,
    31,
    32,
    33,
    34,
    35,
    36,
    37,
    38,
    39,
    40,
    41,
    42,
    43,
    44,
    45,
    46,
    47,
    48,
    49,
    50,
    51,
    52,
    53,
    54,
    55,
    56,
    57,
    58,
    59,
    60,
    61,
    62,
    63,
    64,
    65,
    66,
    67,
    68,
    69
  ],
  "train_loss": [
    1.2499800416612135,
    0.6987070438173628,
    0.5314119140204695,
    0.4275842201463955,
    0.3424356599751207,
    0.2861182873242909,
    0.2496245610959751,
    0.21841354107426614,
    0.19491911176400087,
    0.17156663537025452,
    0.15689392971623803,
    0.14696072260897183,
    0.13448727246105058,
    0.1218480981271906,
    0.11333756388846747,
    0.10413920668136213,
    0.09783760803876464,
    0.08762911743647658,
    0.08678852307811841,
    0.08127157242258184,
    0.07707745361996372,
    0.06909269157835503,
    0.0637369332355015,
    0.05561407037156144,
    0.04938011992837965,
    0.04597116907885701,
    0.04057850252318474,
    0.03875379114574993,
    0.03603662086228274,
    0.03492427223659668,
    0.0329892415284496,
    0.03112099576770261,
    0.02922365917180924,
    0.02745635697579722,
    0.028105851046779415,
    0.024456851213171926,
    0.022934533336401445,
    0.022189315816521952,
    0.022281252824672564,
    0.019029422231095352,
    0.01755539505483256,
    0.01748862393925293,
    0.017228408776626913,
    0.019249957534916623,
    0.018567932877670397,
    0.016874455117150067,
    0.014725376102958144,
    0.01720316768215835,
    0.015192324558474584,
    0.01373251678647723,
    0.014099081650558743,
    0.01292664065930666,
    0.011586800142018528,
    0.012104739625242144,
    0.010963281845798735,
    0.012596129908432858,
    0.013003568258016495,
    0.0119521970297786,
    0.008770580404106835,
    0.010066552765153771,
    0.010879950217432198,
    0.009250307464960137,
    0.01119745384719338,
    0.009958993707730714,
    0.008866638410836458,
    0.009387393003166412,
    0.008902367506867525,
    0.011604938153225506,
    0.009229269241446092
  ],
  "val_loss": [
    0.5940547447938186,
    0.4410639519874866,
    0.3803206361257113,
    0.3499060364869925,
    0.3057735092364825,
    0.29555207605545336,
    0.2714974880218506,
    0.2567267188659081,
    0.25541876600338864,
    0.24242349885977232,
    0.22171188432436723,
    0.21673949635945833,
    0.2311005019224607,
    0.21146928576322702,
    0.2080795134489353,
    0.19995348212810662,
    0.18798628678688636,
    0.18642895897993675,
    0.18962754767674667,
    0.17804523213551596,
    0.183812158038983,
    0.20137192595463532,
    0.1886585664290648,
    0.16608469818647092,
    0.1674726502253459,
    0.15527737140655518,
    0.16515516145871237,
    0.15029368033775917,
    0.15600873558567122,
    0.14645156092368639,
    0.1575115595299464,
    0.14523276658012316,
    0.15051407624895757,
    0.14880678659448257,
    0.1412275367631362,
    0.15183865708800462,
    0.15864250522393447,
    0.15349791944026947,
    0.14487130739367926,
    0.14886412798212126,
    0.1520338597205969,
    0.14855546561571267,
    0.14427232111875826,
    0.1320114300514643,
    0.147917145719895,
    0.1437106252862857,
    0.1480453541645637,
    0.14712689186518008,
    0.1401860020481623,
    0.14545138323536286,
    0.14009507487599665,
    0.13615800297031036,
    0.13517366607601827,
    0.14993833263333028,
    0.14596110553695604,
    0.14669843562520468,
    0.14425912585396033,
    0.14042014084183252,
    0.13469702693132254,
    0.14143511509666076,
    0.15009407899700677,
    0.13699591188476637,
    0.14181292802095413,
    0.149046280922798,
    0.15126708149909973,
    0.14730487018823624,
    0.1458357616972465,
    0.14821696825898611,
    0.13691870209116203
  ],
  "train_transduce": [
    1.24751203514866,
    0.6985220826163734,
    0.5311138817329997,
    0.4270741352715443,
    0.3419774783026312,
    0.28545867828364224,
    0.24895813776967451,
    0.2178608513600433,
    0.1942308152228901,
    0.170894853847543,
    0.15602447730057017,
    0.14608052388294457,
    0.1336651697140379,
    0.12120489933595215,
    0.11282471064286134,
    0.10336819765417232,
    0.09729628065197739,
    0.0871096653767775,
    0.0863355461738466,
    0.08040349765383091,
    0.07614329622424755,
    0.0677837621535837,
    0.06240443249722732,
    0.05498088039841849,
    0.04922103229910135,
    0.045888236056552414,
    0.040545249093784805,
    0.038707354874110096,
    0.03601582284018244,
    0.03491227570249094,
    0.03298606993822554,
    0.031118515840510733,
    0.029219036048143795,
    0.027453788940209087,
    0.028094762019313796,
    0.024454387797753222,
    0.02293199168748616,
    0.022187397978508595,
    0.02227403025488494,
    0.019022145337357965,
    0.01755126793004726,
    0.017485674163422633,
    0.01722678055233063,
    0.019244077143777814,
    0.0185607667225077,
    0.016873695033112753,
    0.01472470743015178,
    0.017201744708875866,
    0.01519203201517194,
    0.013723879554500976,
    0.014098495587624955,
    0.012926357421428733,
    0.01158628219224935,
    0.012104498661728096,
    0.010962729420892164,
    0.012595162619524588,
    0.012994849399697112,
    0.0119505583695088,
    0.008770333860458364,
    0.0100661346889293,
    0.010879779985227343,
    0.009250113101179241,
    0.011196899773269776,
    0.009957855346507019,
    0.008866237763005798,
    0.009368722992241094,
    0.008900621216732183,
    0.01160398136509928,
    0.009228275534360833
  ],
  "val_transduce": [
    0.5935208270182977,
    0.43957464282329267,
    0.37810166294758135,
    0.3457084343983577,
    0.3054806750554305,
    0.2914347488146562,
    0.2693578348709987,
    0.2551659723887077,
    0.25437461871367234,
    0.2410143338716947,
    0.22071249668414777,
    0.21554607840684745,
    0.22466424909921792,
    0.20859266015199515,
    0.2066360322328714,
    0.197964506653639,
    0.18741538260991758,
    0.1859249839415917,
    0.1875273843224232,
    0.17686458848989928,
    0.1789199045071235,
    0.16207424092751282,
    0.16113433757653603,
    0.16324744946681535,
    0.1659752058868225,
    0.15326185008654228,
    0.164334054176624,
    0.14990924986509177,
    0.15567199971813422,
    0.14614562461009392,
    0.1573545800951811,
    0.14510616545493787,
    0.15035575570968482,
    0.14872463993155038,
    0.14112791590965712,
    0.15176446334673807,
    0.15854820809685266,
    0.15338080748915672,
    0.14469250778739268,
    0.1486967776257258,
    0.15193145177685297,
    0.14848848045445406,
    0.1442257549900275,
    0.13197653296475226,
    0.1478930483930386,
    0.1436958110962923,
    0.14803042348760825,
    0.14711028222854322,
    0.14017808752564284,
    0.14543970330403402,
    0.14008530759467527,
    0.13614256393450958,
    0.13516809705358285,
    0.14993003497903162,
    0.14595205881274664,
    0.1466849987896589,
    0.14418366092901963,
    0.14041534209480652,
    0.13469114613074523,
    0.14142817402115235,
    0.15009018406271935,
    0.13698924905978715,
    0.14180277889737716,
    0.14903383845320115,
    0.15125752383699784,
    0.14729496492789343,
    0.14582980467149845,
    0.1482088792209442,
    0.13690995797514915
  ],