{
  "epoch": [
    1,
    2,
    3,
    4,
    5,
    6,
    7,
    8,
    9,
    10,
    11,
    12,
    13,
    14,
    15,
    16,
    17,
    18,
    19,
    20,
    21,
    22,
    23,
    24,
    25,
    26,
    27,
    28,
    29,
    30,
    31,
    32,
    33,
    34,
    35,
    36,
    37,
    38,
    39,
    40,
    41,
    42,
    43,
    44,
    45,
    46,
    47,
    48,
    49,
    50,
    51,
    52,
    53,
    54,
    55,
    56,
    57,
    58,
    59,
    60,
    61,
    62,
    63,
    64,
    65,
    66,
    67,
    68,
    69,
    70,
    71,
    72
  ],
  "train_loss": [
    1.295303380366453,
    0.6705124117049974,
    0.5109609689601918,
    0.4132626534430022,
    0.344172410282892,
    0.2879091765462738,
    0.24441441617061183,
    0.21212896105554915,
    0.19036259041311815,
    0.17084723572755597,
    0.1513971895670768,
    0.13662482675203344,
    0.1247715019073683,
    0.11614761895202484,
    0.10506199181233485,
    0.09823028764389839,
    0.09440300523389861,
    0.08492437083773392,
    0.07856880282963981,
    0.0778954499833209,
    0.0722901715330549,
    0.06849795667281777,
    0.06449202001670894,
    0.061856910048686355,
    0.05709018961516852,
    0.056498075652982774,
    0.05402937533391505,
    0.05218985472258526,
    0.046787564345088205,
    0.046014729906449614,
    0.045030998834168785,
    0.04303319989367552,
    0.041669185743811205,
    0.038728963406084435,
    0.03909378990857411,
    0.036900542364407755,
    0.03708662905912731,
    0.0342012382131646,
    0.03580503146039303,
    0.033021122068358756,
    0.032588634846405576,
    0.0312966691502898,
    0.03066240379481202,
    0.031054749772835944,
    0.028939833648541233,
    0.027320244095105792,
    0.027364219560470318,
    0.0272674437314656,
    0.025882851870096837,
    0.024825738116465126,
    0.02389455102768141,
    0.024861367395358908,
    0.023768687672365802,
    0.024615332397833926,
    0.023059592045814797,
    0.023319310801506964,
    0.022478037650610523,
    0.022726571007353282,
    0.021112222129661476,
    0.02105837732135827,
    0.022631445162708767,
    0.02168587425642061,
    0.020294202438834095,
    0.019370309888510052,
    0.020670336720380048,
    0.021192497343362607,
    0.01811023740597146,
    0.0179190072050971,
    0.01784423846612233,
    0.01829998238257027,
    0.018108786809853443,
    0.018372686156167734
  ],
  "val_loss": [
    0.5086160118763263,
    0.385309657225242,
    0.33748201452768767,
    0.3014265252993657,
    0.24706199994454017,
    0.22451883669082934,
    0.2207470673781175,
    0.20411891776781815,
    0.18582050502300262,
    0.1894433590082022,
    0.18712504093463606,
    0.1750038885153257,
    0.16686218289228585,
    0.16212126841911903,
    0.1624698323699144,
    0.158567325426982,
    0.15657186393554395,
    0.14762911945581436,
    0.14100751739281875,
    0.14592285310992828,
    0.1399741000854052,
    0.13108096028176638,
    0.13941140272296393,
    0.1273939050734043,
    0.12632619589567184,
    0.12221557561021584,
    0.12492589566570061,
    0.12103214516089512,
    0.11952015528312096,
    0.11856413661287381,
    0.11420356023770112,
    0.11473318475943345,
    0.11670858613573588,
    0.11611502216412471,
    0.11339940388615315,
    0.11375280985465416,
    0.11195663334085391,
    0.1187669921379823,
    0.11603253248792428,
    0.11589243005101497,
    0.11106138146267487,
    0.11157507506700662,
    0.11076925164805008,
    0.1103815412005553,
    0.11391292025263493,
    0.1169051774419271,
    0.1016272405305734,
    0.11565165135722894,
    0.11356084836790195,
    0.1075070736786494,
    0.11178746518607323,
    0.10962938803892869,
    0.10763723431871487,
    0.10195155097888066,
    0.10995532658237678,
    0.10841384343802929,
    0.11007894833500569,
    0.10902082203672482,
    0.10864526893083866,
    0.11223625821562913,
    0.1078715853822919,
    0.10823694014778504,
    0.10602102034653609,
    0.11106798740533683,
    0.1130174368333358,
    0.10972916865004943,
    0.1155005951340382,
    0.10830054532449979,
    0.10957936570048332,
    0.11299949311293088,
    0.11215167299199563,
    0.11525534437252925
  ],
  "train_transduce": [
    1.295303380366453,
    0.6705124117049974,
    0.5109609689601918,
    0.4132626534430022,
    0.344172410282892,
    0.2879091765462738,
    0.24441441617061183,
    0.21212896105554915,
    0.19036259041311815,
    0.17084723572755597,
    0.1513971895670768,
    0.13662482675203344,
    0.1247715019073683,
    0.11614761895202484,
    0.10506199181233485,
    0.09823028764389839,
    0.09440300523389861,
    0.08492437083773392,
    0.07856880282963981,
    0.0778954499833209,
    0.0722901715330549,
    0.06849795667281777,
    0.06449202001670894,
    0.061856910048686355,
    0.05709018961516852,
    0.056498075652982774,
    0.05402937533391505,
    0.05218985472258526,
    0.046787564345088205,
    0.046014729906449614,
    0.045030998834168785,
    0.04303319989367552,
    0.041669185743811205,
    0.038728963406084435,
    0.03909378990857411,
    0.036900542364407755,
    0.03708662905912731,
    0.0342012382131646,
    0.03580503146039303,
    0.033021122068358756,
    0.032588634846405576,
    0.0312966691502898,
    0.03066240379481202,
    0.031054749772835944,
    0.028939833648541233,
    0.027320244095105792,
    0.027364219560470318,
    0.0272674437314656,
    0.025882851870096837,
    0.024825738116465126,
    0.02389455102768141,
    0.024861367395358908,
    0.023768687672365802,
    0.024615332397833926,
    0.023059592045814797,
    0.023319310801506964,
    0.022478037650610523,
    0.022726571007353282,
    0.021112222129661476,
    0.02105837732135827,
    0.022631445162708767,
    0.02168587425642061,
    0.020294202438834095,
    0.019370309888510052,
    0.020670336720380048,
    0.021192497343362607,
    0.01811023740597146,
    0.0179190072050971,
    0.01784423846612233,
    0.01829998238257027,
    0.018108786809853443,
    0.018372686156167734
  ],
  "val_transduce": [
    0.5086160118763263,
    0.385309657225242,
    0.33748201452768767,
    0.3014265252993657,
    0.24706199994454017,
    0.22451883669082934,
    0.2207470673781175,
    0.20411891776781815,
    0.18582050502300262,
    0.1894433590082022,
    0.18712504093463606,
    0.1750038885153257,
    0.16686218289228585,
    0.16212126841911903,
    0.1624698323699144,
    0.158567325426982,
    0.15657186393554395,
    0.14762911945581436,
    0.14100751739281875,
    0.14592285310992828,
    0.1399741000854052,
    0.13108096028176638,
    0.13941140272296393,
    0.1273939050734043,
    0.12632619589567184,
    0.12221557561021584,
    0.12492589566570061,
    0.12103214516089512,
    0.11952015528312096,
    0.11856413661287381,
    0.11420356023770112,
    0.11473318475943345,
    0.11670858613573588,
    0.11611502216412471,
    0.11339940388615315,
    0.11375280985465416,
    0.11195663334085391,
    0.1187669921379823,
    0.11603253248792428,
    0.11589243005101497,
    0.11106138146267487,
    0.11157507506700662,
    0.11076925164805008,
    0.1103815412005553,
    0.11391292025263493,
    0.1169051774419271,
    0.1016272405305734,
    0.11565165135722894,
    0.11356084836790195,
    0.1075070736786494,
    0.11178746518607323,
    0.10962938803892869,
    0.10763723431871487,
    0.10195155097888066,
    0.10995532658237678,
    0.10841384343802929,
    0.11007894833500569,
    0.10902082203672482,
    0.10864526893083866,
    0.11223625821562913,
    0.1078715853822919,
    0.10823694014778504,
    0.10602102034653609,
    0.11106798740533683,
    0.1130174368333358,
    0.10972916865004943,
    0.1155005951340382,
    0.10830054532449979,
    0.10957936570048332,
    0.11299949311293088,
    0.11215167299199563,
    0.11525534437252925
  ],