{
  "epoch": [
    1,
    2,
    3,
    4,
    5,
    6,
    7,
    8,
    9,
    10,
    11,
    12,
    13,
    14,
    15,
    16,
    17,
    18,
    19,
    20,
    21,
    22,
    23,
    24,
    25,
    26,
    27,
    28,
    29,
    30,
    31,
    32,
    33,
    34,
    35,
    36,
    37,
    38,
    39,
    40,
    41,
    42,
    43,
    44,
    45,
    46,
    47,
    48,
    49,
    50,
    51,
    52,
    53,
    54,
    55,
    56,
    57,
    58,
    59,
    60,
    61,
    62,
    63,
    64,
    65,
    66,
    67,
    68,
    69,
    70,
    71,
    72,
    73,
    74,
    75,
    76,
    77,
    78,
    79,
    80,
    81,
    82,
    83,
    84,
    85,
    86,
    87,
    88,
    89,
    90,
    91,
    92,
    93,
    94,
    95,
    96,
    97,
    98,
    99,
    100,
    101,
    102,
    103,
    104,
    105,
    106
  ],
  "train_loss": [
    1.567566015056728,
    0.9711994322919354,
    0.7789994223216146,
    0.6695138649227693,
    0.579923581831234,
    0.5078838527509847,
    0.4512538518180552,
    0.4031702707108763,
    0.36075182489513125,
    0.32419658882409025,
    0.2998200353119791,
    0.2730581692813598,
    0.2551388751292966,
    0.2391506213810026,
    0.21613709897417382,
    0.20355545568097497,
    0.1928125241214467,
    0.18074632927621762,
    0.1691431299082397,
    0.15845041403297297,
    0.1472658115947984,
    0.1377049512853942,
    0.1335433078065668,
    0.12388223720733653,
    0.11719962987165476,
    0.1102384503201111,
    0.10739643272665358,
    0.1002366025308051,
    0.09648183775470429,
    0.09169802568929712,
    0.08884340879920218,
    0.08622099843221842,
    0.08037835453665748,
    0.07736041886520754,
    0.0749939841592742,
    0.06947337552789867,
    0.06833835612483245,
    0.0649562759862579,
    0.06048188231808623,
    0.05979422237916091,
    0.05691721144410753,
    0.0560433543047186,
    0.054789908374323675,
    0.051676762280697675,
    0.05039088624846382,
    0.04808580711695183,
    0.04661240256823523,
    0.04853262286633253,
    0.043603670620119446,
    0.04291445646703858,
    0.04037851709680459,
    0.04052213098873029,
    0.039253709084095104,
    0.03791104693004151,
    0.035555423460612745,
    0.0341501772912584,
    0.03436311596486064,
    0.03371860621708263,
    0.03379436685540473,
    0.031936528329190216,
    0.03195460019729186,
    0.03155493699782288,
    0.0294356929527154,
    0.029065508150601202,
    0.029261037786539223,
    0.027670738536902925,
    0.027707356613935884,
    0.026012910251534477,
    0.02609963431119074,
    0.02511054706836561,
    0.024581458801211615,
    0.023824250385568468,
    0.025338234384688213,
    0.023107180388682744,
    0.025978746000658144,
    0.02349630717941819,
    0.023349117413259197,
    0.021314001272518916,
    0.023287296419982444,
    0.023511963001135543,
    0.02060641620917841,
    0.022256145576619993,
    0.021232211497881133,
    0.020058905163338196,
    0.018632032572455014,
    0.020197136056388624,
    0.019807117409072816,
    0.01920512282726422,
    0.01920366393805472,
    0.020374516188407066,
    0.018218129423216524,
    0.019185882982241047,
    0.017855019191011172,
    0.01740442947052496,
    0.016335949347325667,
    0.01698865570348793,
    0.018037206021656003,
    0.017162665788362706,
    0.017637951273144672,
    0.016253665932718205,
    0.016454663671332307,
    0.01502673209347215,
    0.014574387904074159,
    0.016562569007930374,
    0.01672468450011628,
    0.01597083871704094
  ],
  "val_loss": [
    0.8481148618918198,
    0.6465127743207492,
    0.5477060331748083,
    0.491230302132093,
    0.45800535724713254,
    0.4041304152745467,
    0.3760129671830397,
    0.34787978117282575,
    0.31935730347266567,
    0.3136942833662033,
    0.3065011558624414,
    0.2995641231536865,
    0.26511336175295025,
    0.26225461524266463,
    0.24842147872998163,
    0.23180448779693016,
    0.23347179018534148,
    0.22709956765174866,
    0.21112367166922644,
    0.2005276886316446,
    0.19672193779395178,
    0.1951067573749102,
    0.18191749946429178,
    0.17901267799047324,
    0.17547166576752296,
    0.16926247970415995,
    0.16164994469055763,
    0.15275936000622237,
    0.15319913224532053,
    0.15166423125908926,
    0.144123500929429,
    0.14086344494269445,
    0.13932274453915083,
    0.13715372922328803,
    0.1418563136114524,
    0.130112952624376,
    0.12986672211151856,
    0.12745265719982293,
    0.13314342212218505,
    0.12285674105469997,
    0.11939476115199235,
    0.11588321798122846,
    0.10868441542753807,
    0.10670053299803,
    0.10923428632892095,
    0.10723941457959321,
    0.10191891743586613,
    0.09987467183516575,
    0.09791778558148788,
    0.09716426667112571,
    0.1025383873627736,
    0.0973956619317715,
    0.09491248156588811,
    0.10116936037173638,
    0.09340480113258728,
    0.08711883411384545,
    0.08683861820743634,
    0.08732324179548484,
    0.08292757920347728,
    0.08377517229662491,
    0.08237044441585357,
    0.0832138701986808,
    0.07977866753935814,
    0.08231196179986,
    0.08218992530153348,
    0.08473078519679032,
    0.0801089616635671,
    0.07937526917801453,
    0.08231023870981656,
    0.07510520073656853,
    0.0822706209638944,
    0.07748261330505976,
    0.07790912515841998,
    0.08051580713632014,
    0.08082849475053641,
    0.07408472043103896,
    0.07637836132198572,
    0.07624746715793243,
    0.07790699536697222,
    0.07376956323591563,
    0.07124649038395056,
    0.07668560664527692,
    0.07731352574550189,
    0.07430436326047549,
    0.0764287651444857,
    0.0778699001440635,
    0.0779803037786713,
    0.07794479710551408,
    0.07318088376464751,
    0.07495202489483815,
    0.07820600041976342,
    0.07648573253447047,
    0.07175200865962185,
    0.07182902018897809,
    0.07492304070351216,
    0.07366277241649535,
    0.07708398897487384,
    0.0744142670256014,
    0.0739996342991407,
    0.07851052241256604,
    0.07417145167262508,
    0.07389115420385049,
    0.07170271250204398,
    0.07134838932408737,
    0.07745658892851609,
    0.07577021380599874
  ],