{
  "epoch": [
    1,
    2,
    3,
    4,
    5,
    6,
    7,
    8,
    9,
    10,
    11,
    12,
    13,
    14,
    15,
    16,
    17,
    18,
    19,
    20,
    21,
    22,
    23,
    24,
    25,
    26,
    27,
    28,
    29,
    30,
    31,
    32,
    33,
    34,
    35,
    36,
    37,
    38,
    39,
    40,
    41,
    42,
    43,
    44,
    45,
    46,
    47,
    48,
    49,
    50,
    51,
    52,
    53,
    54,
    55,
    56,
    57,
    58,
    59,
    60,
    61,
    62,
    63,
    64,
    65,
    66,
    67,
    68,
    69,
    70,
    71,
    72,
    73,
    74,
    75,
    76,
    77,
    78,
    79,
    80,
    81,
    82,
    83,
    84,
    85,
    86,
    87,
    88,
    89,
    90,
    91,
    92
  ],
  "train_loss": [
    1.4952736607531911,
    0.8622840627567055,
    0.6809285926757399,
    0.5640736457306085,
    0.4812702146387592,
    0.41756721578307987,
    0.3649934584025255,
    0.32557758589073554,
    0.29098178338758723,
    0.25741818616377937,
    0.2345753663901201,
    0.21325205343285786,
    0.19181592186394425,
    0.17825216254622667,
    0.16175891409061618,
    0.15010740488921245,
    0.14221047552436897,
    0.131888390048263,
    0.12013507736174717,
    0.11427214557362586,
    0.10552966266332828,
    0.10117615409886714,
    0.09629108873916041,
    0.09024483923675473,
    0.08653960309769075,
    0.08170706913182416,
    0.07834557397771127,
    0.0771265556824576,
    0.07044466992974588,
    0.06877108220702287,
    0.06187689341796735,
    0.059878988383510676,
    0.060777206386717936,
    0.05669573359383443,
    0.05352932189773653,
    0.05357402664868487,
    0.050534221420506224,
    0.050648511800262114,
    0.0470822184663458,
    0.046868601026608774,
    0.04446564002692239,
    0.04261434995617295,
    0.04166832171649355,
    0.041227680919019835,
    0.040459611702748796,
    0.0380102060783232,
    0.0365437034003859,
    0.037961818853911665,
    0.034833897855708895,
    0.03289040318959076,
    0.03335896830948204,
    0.032127091013010325,
    0.03250225965106457,
    0.032275662008557734,
    0.03320210938793175,
    0.03019923408822992,
    0.027485682881081996,
    0.02762999985194237,
    0.02856423346248945,
    0.027471887019760523,
    0.02895638599425324,
    0.024682866351813385,
    0.025815214916161195,
    0.02358876272541538,
    0.02626536568967606,
    0.025617076194432285,
    0.024614975245227825,
    0.02475100478094993,
    0.024399586344742666,
    0.023708215513813895,
    0.023448828140936177,
    0.021764812609372835,
    0.022421102255544403,
    0.023907539272709683,
    0.021715260246413348,
    0.02096100655005112,
    0.020771386939552182,
    0.021818391695503415,
    0.022056401187563603,
    0.021005355702597917,
    0.020645263799245365,
    0.022029630853026415,
    0.02066986899842153,
    0.01872972507610648,
    0.01977189848458721,
    0.018913216854099992,
    0.018517622623362186,
    0.01715976844263292,
    0.018221615694256826,
    0.017444263382205144,
    0.017964897197239177,
    0.018528270343745837
  ],
  "val_loss": [
    0.7112253904342651,
    0.5340270331272712,
    0.4556379409936758,
    0.3933420479297638,
    0.35624937140024626,
    0.3175894342936002,
    0.28164199797006756,
    0.2685120988350648,
    0.2633512341059171,
    0.23494046811874097,
    0.22534845196283781,
    0.21246744119204009,
    0.21329684784779182,
    0.19159519901642433,
    0.19295221108656663,
    0.19384348392486572,
    0.18700306461407587,
    0.17360606789588928,
    0.1710666332107324,
    0.1471091268154291,
    0.1574020987519851,
    0.13879471501478782,
    0.14155253997215858,
    0.13339305009979469,
    0.12477545039011882,
    0.13039812846825674,
    0.13094130616921645,
    0.1217369930102275,
    0.11020802391263154,
    0.11524449575405854,
    0.12209684659655277,
    0.11174598536812343,
    0.11707304102870134,
    0.12348751895702802,
    0.10822348325298382,
    0.10798072843597485,
    0.10858860497291271,
    0.10213667727433719,
    0.09854232892394066,
    0.09191562536244209,
    0.09453316648992208,
    0.09353611389031777,
    0.0982433263785564,
    0.09076798807543057,
    0.09230988701948753,
    0.08281022912034622,
    0.0857497240201785,
    0.08526430379312772,
    0.08363974495575978,
    0.08493003005591723,
    0.08500221615227369,
    0.08530114863354427,
    0.08735205548313948,
    0.07860575516063434,
    0.08486948592158464,
    0.08794111128036793,
    0.08113918424798892,
    0.0863967020637714,
    0.08329542869558701,
    0.09415136005442876,
    0.08272758928629068,
    0.07899095304310322,
    0.0904169796177974,
    0.08606797234656718,
    0.08253573067486286,
    0.0811481807524195,
    0.07894644578202413,
    0.08770945861649054,
    0.08359117003587577,
    0.08920456612339386,
    0.09147539648872155,
    0.09083486205110183,
    0.09702456900133537,
    0.09315155174296635,
    0.08691785369928066,
    0.09080029264665566,
    0.09825186323947631,
    0.07991427999849503,
    0.0839665259879369,
    0.08021424460009886,
    0.08324151378698073,
    0.08703149475443822,
    0.08503986250322598,
    0.09042901982768224,
    0.09210705914749549,
    0.08831925374957231,
    0.10244085754339512,
    0.0960123182202761,
    0.09572623598460968,
    0.09211950312153651,
    0.08856752729759766,
    0.08547934302343772
  ],
  "train_transduce": [
    1.4952736607531911,
    0.8622840627567055,
    0.6809285926757399,
    0.5640736457306085,
    0.4812702146387592,
    0.41756721578307987,
    0.3649934584025255,
    0.32557758589073554,
    0.29098178338758723,
    0.25741818616377937,
    0.2345753663901201,
    0.21325205343285786,
    0.19181592186394425,
    0.17825216254622667,
    0.16175891409061618,
    0.15010740488921245,
    0.14221047552436897,
    0.131888390048263,
    0.12013507736174717,
    0.11427214557362586,
    0.10552966266332828,
    0.10117615409886714,
    0.09629108873916041,
    0.09024483923675473,
    0.08653960309769075,
    0.08170706913182416,
    0.07834557397771127,
    0.0771265556824576,
    0.07044466992974588,
    0.06877108220702287,
    0.06187689341796735,
    0.059878988383510676,
    0.060777206386717936,
    0.05669573359383443,
    0.05352932189773653,
    0.05357402664868487,
    0.050534221420506224,
    0.050648511800262114,
    0.0470822184663458,
    0.046868601026608774,
    0.04446564002692239,
    0.04261434995617295,
    0.04166832171649355,
    0.041227680919019835,
    0.040459611702748796,
    0.0380102060783232,
    0.0365437034003859,
    0.037961818853911665,
    0.034833897855708895,
    0.03289040318959076,
    0.03335896830948204,
    0.032127091013010325,
    0.03250225965106457,
    0.032275662008557734,
    0.03320210938793175,
    0.03019923408822992,
    0.027485682881081996,
    0.02762999985194237,
    0.02856423346248945,
    0.027471887019760523,
    0.02895638599425324,
    0.024682866351813385,
    0.025815214916161195,
    0.02358876272541538,
    0.02626536568967606,
    0.025617076194432285,
    0.024614975245227825,
    0.02475100478094993,
    0.024399586344742666,
    0.023708215513813895,
    0.023448828140936177,
    0.021764812609372835,
    0.022421102255544403,
    0.023907539272709683,
    0.021715260246413348,
    0.02096100655005112,
    0.020771386939552182,
    0.021818391695503415,
    0.022056401187563603,
    0.021005355702597917,
    0.020645263799245365,
    0.022029630853026415,
    0.02066986899842153,
    0.01872972507610648,
    0.01977189848458721,
    0.018913216854099992,
    0.018517622623362186,
    0.01715976844263292,
    0.018221615694256826,
    0.017444263382205144,
    0.017964897197239177,
    0.018528270343745837
  ],