{
  "epoch": [
    1,
    2,
    3,
    4,
    5,
    6,
    7,
    8,
    9,
    10,
    11,
    12,
    13,
    14,
    15,
    16,
    17,
    18,
    19,
    20,
    21,
    22,
    23,
    24,
    25,
    26,
    27,
    28,
    29,
    30,
    31,
    32,
    33,
    34,
    35,
    36,
    37,
    38,
    39,
    40,
    41,
    42,
    43,
    44,
    45,
    46,
    47,
    48,
    49,
    50,
    51,
    52,
    53,
    54,
    55,
    56,
    57,
    58,
    59,
    60,
    61,
    62,
    63,
    64,
    65,
    66,
    67,
    68,
    69,
    70,
    71,
    72,
    73,
    74,
    75,
    76,
    77,
    78,
    79,
    80,
    81,
    82,
    83,
    84,
    85,
    86,
    87,
    88,
    89,
    90,
    91,
    92,
    93,
    94,
    95,
    96,
    97,
    98,
    99,
    100,
    101,
    102,
    103,
    104,
    105,
    106,
    107,
    108,
    109,
    110,
    111,
    112,
    113,
    114,
    115,
    116,
    117,
    118,
    119
  ],
  "train_loss": [
    1.1717133498427892,
    0.5058614027382123,
    0.37035256152105805,
    0.3112355734747235,
    0.27966512680643857,
    0.2549061351778484,
    0.23591103662948798,
    0.22355047207657652,
    0.21088354171502707,
    0.20010592441747685,
    0.19040608797037956,
    0.18123458451268695,
    0.1744248129353665,
    0.1694073255109315,
    0.16088257796398484,
    0.15588156569122089,
    0.14994620782609033,
    0.14302442680196006,
    0.13990038854650932,
    0.1363000465501653,
    0.13274970990006285,
    0.1269571316050421,
    0.12235915926423403,
    0.11884632592301557,
    0.1168828190922147,
    0.11428554337656144,
    0.1099022279060123,
    0.10804147940903606,
    0.10399420625797592,
    0.10010302749158133,
    0.09875686507266347,
    0.09621679207476058,
    0.0920873265529033,
    0.09203209879227203,
    0.08936449616114692,
    0.08802631700245461,
    0.08553149248703872,
    0.08344598158751385,
    0.0826663745216804,
    0.08093906560968055,
    0.07869752798930253,
    0.07553255185484886,
    0.07498341575633771,
    0.07291252885272007,
    0.07354047461090112,
    0.06984711860739949,
    0.0674575551016496,
    0.06834776087267565,
    0.06571693296110866,
    0.06421047908318515,
    0.06450628671832014,
    0.06314490499472854,
    0.060406363209580434,
    0.057810735787347994,
    0.05713163825249908,
    0.055484079931041985,
    0.054227190848329276,
    0.052154439768873816,
    0.05143361898268213,
    0.04958164750017447,
    0.04718064062186692,
    0.04722236868657983,
    0.047808976124713916,
    0.04414554919568029,
    0.045288784106695415,
    0.04238976007972908,
    0.04265378419272971,
    0.043869427571276036,
    0.0407454020408268,
    0.04012943104388985,
    0.03918574151057418,
    0.040662498102698584,
    0.03887939742664889,
    0.039080352301128427,
    0.03558158416227244,
    0.036828353539994446,
    0.03587260528808773,
    0.035834088395949044,
    0.03318321562399811,
    0.033477109040843674,
    0.0337576466096141,
    0.03153072823632029,
    0.0314003250810622,
    0.030107777819295627,
    0.03044118059079836,
    0.030337827492247123,
    0.030972208924554656,
    0.02827962943915241,
    0.02933183591812849,
    0.02775946614968747,
    0.02747663923788189,
    0.026420137549907265,
    0.029446081631807702,
    0.02850434196522773,
    0.025674370278853297,
    0.026736018072703097,
    0.026151522422338477,
    0.025854891719351902,
    0.025551870718856555,
    0.025137955899175148,
    0.02476952827563233,
    0.025420792290184756,
    0.023875841573526214,
    0.02461725319874021,
    0.023452356393163155,
    0.02249358790594679,
    0.02309537749036704,
    0.02316291344647139,
    0.02105155318634271,
    0.022560193954902417,
    0.021882779460566323,
    0.022303911363982624,
    0.02267719767895518,
    0.019762150606712197,
    0.020392320088876207,
    0.020164848740977962,
    0.020581187463669787,
    0.01985077636482397,
    0.020512078529094705
  ],
  "val_loss": [
    0.5197045505046844,
    0.32677876490813035,
    0.27885450422763824,
    0.2516870762293155,
    0.23312257459530464,
    0.21845357291973555,
    0.2077227532863617,
    0.19702404221663108,
    0.18697814929943818,
    0.18239666865422174,
    0.1720533955555696,
    0.1692916642014797,
    0.17067031734264815,
    0.16254946417533434,
    0.1557079367339611,
    0.15486861994633308,
    0.1461269844036836,
    0.1442716924043802,
    0.1431680960723987,
    0.14184339745686605,
    0.13672439524760613,
    0.13524114856353173,
    0.13230801459688407,
    0.13229765771673277,
    0.12459571143755546,
    0.12621783809019968,
    0.12143257374946888,
    0.11631334315125759,
    0.11903710663318634,
    0.11544729826542047,
    0.11148269933003646,
    0.10310142315351047,
    0.10657382240662208,
    0.10428471977894123,
    0.10841905855788635,
    0.10336409251277263,
    0.09803155179207142,
    0.10076178467044464,
    0.10066592693328857,
    0.09699019302542393,
    0.09590664477302478,
    0.09351913946179244,
    0.0943348052409979,
    0.0905788281502632,
    0.08889121089417201,
    0.09316319241546668,
    0.08760739246813151,
    0.08632011883533917,
    0.08112477468183407,
    0.08323568019729394,
    0.08144117920444562,
    0.07762856165376994,
    0.07602919451892376,
    0.07575972879735324,
    0.07961292937397957,
    0.08042970887170388,
    0.08027835620137361,
    0.07652015303476499,
    0.0745941293067657,
    0.07091547878315815,
    0.08902782645936196,
    0.0789449167652772,
    0.06787099159107758,
    0.08039538791546455,
    0.07132901244152051,
    0.07081380636932758,
    0.0725684565706895,
    0.06731161575477856,
    0.07625672787141341,
    0.0740592758386181,
    0.07316638185427739,
    0.06794396164612128,
    0.0696361270518257,
    0.06925620962507449,
    0.06818187079177453,
    0.06548097514762329,
    0.07004229043825315,
    0.06523461546748877,
    0.06542074135862865,
    0.06812778251388898,
    0.06319242436438799,
    0.08105007709505466,
    0.06909653436965667,
    0.07133237630701982,
    0.06721301828152858,
    0.06474925606296612,
    0.0634206819992799,
    0.07365021560914241,
    0.07236082400553502,
    0.06507775549275371,
    0.07734134864921753,
    0.07194290568049137,
    0.06253997401262705,
    0.06150050934117574,
    0.06810987568818606,
    0.06990741444035219,
    0.06586825578974989,
    0.06954767769918992,
    0.06423639513265628,
    0.07092551973003608,
    0.06920950351139674,
    0.07220802413156399,
    0.07886857303002706,
    0.06887665634544995,
    0.07410670523173533,
    0.06596037595031354,
    0.06703543426612249,
    0.061781421733590275,
    0.06438392629990211,
    0.07047316095290276,
    0.06965958176610562,
    0.06790120806545019,
    0.0641758732067851,
    0.06947757160434356,
    0.07003556471318007,
    0.06721041598715462,
    0.06639991908405836,
    0.06614887445735243,
    0.06687528847788389
  ],