{
  "epoch": [
    1,
    2,
    3,
    4,
    5,
    6,
    7,
    8,
    9,
    10,
    11,
    12,
    13,
    14,
    15,
    16,
    17,
    18,
    19,
    20,
    21,
    22,
    23,
    24,
    25,
    26,
    27,
    28,
    29,
    30,
    31,
    32,
    33,
    34,
    35,
    36,
    37,
    38,
    39,
    40,
    41,
    42,
    43,
    44,
    45,
    46,
    47,
    48,
    49,
    50,
    51,
    52,
    53,
    54,
    55,
    56,
    57,
    58,
    59,
    60,
    61,
    62,
    63,
    64,
    65,
    66,
    67,
    68,
    69,
    70,
    71,
    72,
    73,
    74,
    75,
    76,
    77,
    78,
    79,
    80,
    81,
    82,
    83,
    84,
    85,
    86,
    87,
    88,
    89,
    90,
    91,
    92,
    93,
    94,
    95,
    96,
    97,
    98,
    99,
    100,
    101,
    102,
    103,
    104,
    105,
    106,
    107,
    108,
    109,
    110,
    111,
    112,
    113,
    114,
    115,
    116,
    117,
    118,
    119,
    120,
    121,
    122,
    123,
    124,
    125,
    126,
    127,
    128,
    129,
    130,
    131,
    132,
    133,
    134,
    135,
    136,
    137
  ],
  "train_loss": [
    1.1705039326507267,
    0.555108233548627,
    0.4156076692708648,
    0.361453119480964,
    0.32356978392246927,
    0.2963037741656351,
    0.2709232012529184,
    0.2512217015028,
    0.2380911511654901,
    0.22261232521274302,
    0.20527831826469686,
    0.19886729726106814,
    0.19094842871521958,
    0.18062580185066354,
    0.16882327929286672,
    0.16299547741908837,
    0.1541021523056644,
    0.1514468123712162,
    0.14505184441804886,
    0.13798245787620544,
    0.13295881103466053,
    0.1270413712257206,
    0.12286072637480085,
    0.11842830353739238,
    0.11363676880108248,
    0.11052229594771225,
    0.10794896842672093,
    0.10362810423911208,
    0.09738738805350691,
    0.09499984732506299,
    0.09430285285014918,
    0.09292549064548888,
    0.08584076937029858,
    0.0855694938045327,
    0.08329540424712814,
    0.08040385117920318,
    0.07868961680053484,
    0.07611298881987534,
    0.07058348359152822,
    0.06906577878364242,
    0.06838862568435103,
    0.06613408064119297,
    0.06569109536191024,
    0.06507033467440322,
    0.05952017162327129,
    0.058073409454952374,
    0.0552730869391177,
    0.05423472941585696,
    0.053070596594474106,
    0.05283877441641128,
    0.05279891200289868,
    0.04971608857043309,
    0.050900758659042936,
    0.04550033957134969,
    0.046513069098317386,
    0.0459704910875252,
    0.0442869286836669,
    0.042563765835348925,
    0.04254779255589341,
    0.0399839547232236,
    0.03894162710092151,
    0.03852910514330805,
    0.036151419449044334,
    0.03632853542555972,
    0.035376373844424096,
    0.036231140412464,
    0.035188567437379074,
    0.03238005027875747,
    0.031867050492011086,
    0.03219694298424638,
    0.03203102896487949,
    0.029844246694062014,
    0.029021383558243217,
    0.02863837184734864,
    0.0264878409112444,
    0.02746738979390057,
    0.02612652550774193,
    0.0261235228822668,
    0.026812578616018344,
    0.024155275808591947,
    0.024903781278667474,
    0.023516454083826577,
    0.023190091276486025,
    0.022473926374707187,
    0.022985827108605368,
    0.021079027052452362,
    0.019375939115808153,
    0.021418402109774623,
    0.01947826368383842,
    0.020392541063599067,
    0.018164744840400055,
    0.018356362445335284,
    0.01957612039318474,
    0.016994499290214463,
    0.017360753808539398,
    0.01763003869074406,
    0.016445880903318378,
    0.016884888964935695,
    0.015862871931939578,
    0.015649985397548073,
    0.015965079768828237,
    0.015314267664723614,
    0.015951366560293896,
    0.014723471801562032,
    0.017205403343138127,
    0.015322598089270367,
    0.01501236343064742,
    0.015252489052565382,
    0.014063904029639935,
    0.012904830613533164,
    0.01348455169118277,
    0.014403817174716456,
    0.014441840551184987,
    0.012719393793106227,
    0.012469582762200348,
    0.012263595488494133,
    0.013428676527657427,
    0.011490337419240633,
    0.011839126165273904,
    0.01216004938025507,
    0.010555016416318641,
    0.010207151415490426,
    0.010604211528057067,
    0.010638539499538665,
    0.009062334582772068,
    0.010900673871435741,
    0.01120348577387631,
    0.011183066335091791,
    0.009574443672433274,
    0.010108529728385482,
    0.011156612647568235,
    0.008802679127617048,
    0.01123634812025593,
    0.009626712273151641,
    0.010136827170655205,
    0.009168674235720889,
    0.00931037787928956
  ],