{
  "epoch": [
    1,
    2,
    3,
    4,
    5,
    6,
    7,
    8,
    9,
    10,
    11,
    12,
    13,
    14,
    15,
    16,
    17,
    18,
    19,
    20,
    21,
    22,
    23,
    24,
    25,
    26,
    27,
    28,
    29,
    30,
    31,
    32,
    33,
    34,
    35,
    36,
    37,
    38,
    39,
    40,
    41,
    42,
    43,
    44,
    45,
    46,
    47,
    48,
    49,
    50,
    51,
    52,
    53,
    54,
    55,
    56,
    57,
    58,
    59,
    60,
    61,
    62,
    63,
    64,
    65,
    66,
    67,
    68,
    69,
    70,
    71,
    72,
    73,
    74,
    75,
    76,
    77,
    78,
    79,
    80,
    81,
    82,
    83,
    84,
    85,
    86,
    87,
    88,
    89,
    90,
    91,
    92,
    93,
    94,
    95
  ],
  "train_loss": [
    1.1354532561351343,
    0.6175883074396664,
    0.49000513507533316,
    0.4013738862632476,
    0.33635885007295413,
    0.28199001132827445,
    0.2460663833261765,
    0.2174119605999632,
    0.1898953237561221,
    0.1691453413865001,
    0.1516810620261222,
    0.1376274076780093,
    0.13014579038183713,
    0.12014161887549862,
    0.11416485924849805,
    0.10439712984352997,
    0.09443494388545604,
    0.08824448673457828,
    0.08576551341864559,
    0.0832556739411096,
    0.07848701351466253,
    0.07851050539691116,
    0.07173781458902911,
    0.06979103759891286,
    0.06497336537145156,
    0.06409372172328,
    0.056045646620818325,
    0.058612221899951245,
    0.05770497524285132,
    0.05390313352198945,
    0.05274858093849316,
    0.05607343471810682,
    0.05099753563090698,
    0.05190321599066104,
    0.047177436031862016,
    0.045210431560336314,
    0.04453655825351778,
    0.04701673746896312,
    0.04419842655962506,
    0.04236737427484129,
    0.042831019095154764,
    0.03946470497080039,
    0.03889654040787868,
    0.0411221053902559,
    0.039161571380730294,
    0.0380061256204799,
    0.03649156532471174,
    0.03742929525462162,
    0.03621520550883154,
    0.03323221970685594,
    0.030772366544193366,
    0.03215769612825639,
    0.033146579072993135,
    0.03323583619083403,
    0.033830769902536854,
    0.03244903419867696,
    0.03219081095141387,
    0.029917637536724665,
    0.032042592041405665,
    0.02856462214324508,
    0.028374646898339857,
    0.028904075496686027,
    0.027973413965472777,
    0.028402579960307664,
    0.028707974303523367,
    0.025292224701993243,
    0.025463395318755706,
    0.02648133135967187,
    0.02693497249976607,
    0.024398183867757776,
    0.024617062639157028,
    0.02293275755868514,
    0.023313461502860348,
    0.024407193187105748,
    0.02303882713247206,
    0.022324882576136476,
    0.022505228795332007,
    0.024076317570210656,
    0.02196794283245066,
    0.02223328172742898,
    0.02085025902458265,
    0.02001809925753047,
    0.021830834370927366,
    0.021674238335576447,
    0.019414731992058187,
    0.020030714763501257,
    0.020098521349562772,
    0.019573969012798415,
    0.01958034642355171,
    0.019116566706083946,
    0.019424219586953673,
    0.018120540807638124,
    0.018790125875666586,
    0.020435508505018792,
    0.017381036594106825
  ],
  "val_loss": [
    0.3937974778505472,
    0.29386395674485427,
    0.2533638041753035,
    0.21587493327947763,
    0.21247087189784417,
    0.1974239664582106,
    0.1731856385102639,
    0.16347067230022871,
    0.15800332449949706,
    0.16032569110393524,
    0.144635130579655,
    0.13115622876928404,
    0.1347910174383567,
    0.13648546601717287,
    0.13215840550569388,
    0.1315402867129216,
    0.12876781964531311,
    0.13748130890039298,
    0.13094696087332872,
    0.11829468092093101,
    0.11201782553241803,
    0.11177181366544503,
    0.11358884836618717,
    0.10961897585254449,
    0.11412638511795264,
    0.11061140851905713,
    0.13120420620991632,
    0.11101821408821987,
    0.11467531652977833,
    0.11694203431789692,
    0.10517931930147685,
    0.11368289890770729,
    0.10550504450041515,
    0.10455559480648774,
    0.09597659311615504,
    0.11137820178499588,
    0.11348968400405003,
    0.10608311799856332,
    0.1008104313738071,
    0.0958187306443086,
    0.09634991291050728,
    0.09581638113237344,
    0.09567086771130562,
    0.09948513126717164,
    0.09232991031156136,
    0.1056539392671906,
    0.11580193744829068,
    0.09880828742797558,
    0.08790639171806666,
    0.09919574713477722,
    0.0983595701937492,
    0.10271576018287586,
    0.10829192457290795,
    0.09127108552134953,
    0.09305773159632316,
    0.09876099185874829,
    0.08958390899575673,
    0.09619042886277804,
    0.10033047202831277,
    0.08892456943599078,
    0.09236621383864146,
    0.09169024071441247,
    0.09731563954399182,
    0.0924462596169458,
    0.09835960135723536,
    0.09254611892482409,
    0.0981017338971679,
    0.08780900492834356,
    0.09079088002013472,
    0.08442131214990066,
    0.09195940984556308,
    0.09118317912977475,
    0.09254769565394291,
    0.0942184657145005,
    0.08738817331882623,
    0.10068127083090636,
    0.10332392485669026,
    0.09584365075883958,
    0.09983364643099216,
    0.10364821173537236,
    0.09840453688341838,
    0.09713461085294302,
    0.09457860256616886,
    0.09492155221792367,
    0.09657444749385692,
    0.08819139995970406,
    0.08780326303811027,
    0.09605489420489623,
    0.08927702380774113,
    0.09362853232484597,
    0.09734023032853237,
    0.09645606978581502,
    0.08779183108932696,
    0.09966011323894446,
    0.09679399162101057
  ],
  "train_transduce": [
    1.1346531605597623,
    0.6174788908245638,
    0.4896637358001827,
    0.4011688192480618,
    0.3359933424088144,
    0.2816691269579622,
    0.2457315006975046,
    0.21709166659215062,
    0.1896233528314792,
    0.16880887919633658,
    0.15144526701151712,
    0.13725509302517802,
    0.12983442917850213,
    0.11982326005998346,
    0.11385468965799538,
    0.104082798815726,
    0.09410603141853797,
    0.08794527612242502,
    0.08541681883453402,
    0.08293957281473678,
    0.0781468218768534,
    0.07812105174915693,
    0.07142270921931132,
    0.06945955452806864,
    0.06465173624071878,
    0.06378202709686204,
    0.05575917457643243,
    0.05826494346382385,
    0.057416142079710346,
    0.053586622412057264,
    0.05243642619071701,
    0.055707416199531755,
    0.05060521849747939,
    0.05151211926425548,
    0.046923765677421056,
    0.044900478795170784,
    0.04433079999055445,
    0.046766215080837,
    0.044006588009483726,
    0.04209059424045467,
    0.04249318602936553,
    0.03914445787476203,
    0.038581630887137244,
    0.04085751033877743,
    0.03888444446949,
    0.0377641525863641,
    0.03627071450416421,
    0.03711286726762954,
    0.035866491998228986,
    0.032926756024514274,
    0.030473388971511237,
    0.03188948572334862,
    0.03294992388091674,
    0.03297541316445034,
    0.03362295177846801,
    0.032050471870497484,
    0.03184189396603129,
    0.029660047186759405,
    0.03169964123565281,
    0.028276233576218952,
    0.02804013352106642,
    0.02856509046048195,
    0.027685364079421636,
    0.028088822654813297,
    0.028415461808932733,
    0.025055888237326032,
    0.02517940333237891,
    0.026221108542438403,
    0.02656980912493945,
    0.024171545271060822,
    0.02429065275361243,
    0.022600689364030726,
    0.02300948292237812,
    0.024024210897869595,
    0.022766435512860027,
    0.02203427487144189,
    0.022171022078819266,
    0.02384742115595445,
    0.021631394459544345,
    0.02188003088105182,
    0.020525299512526768,
    0.019703117522684683,
    0.021538435170647793,
    0.021356310284355674,
    0.019112625969429836,
    0.0197497278622342,
    0.01976375708706946,
    0.01927268170582409,
    0.01929017930284392,
    0.018841530006743736,
    0.01916257384684436,
    0.0179074029198166,
    0.01854731691053099,
    0.02011453738308886,
    0.017147013277281076
  ],