{
  "epoch": [
    1,
    2,
    3,
    4,
    5,
    6,
    7,
    8,
    9,
    10,
    11,
    12,
    13,
    14,
    15,
    16,
    17,
    18,
    19,
    20,
    21,
    22,
    23,
    24,
    25,
    26,
    27,
    28,
    29,
    30,
    31,
    32,
    33,
    34,
    35,
    36,
    37,
    38,
    39,
    40,
    41,
    42,
    43,
    44,
    45,
    46,
    47,
    48,
    49,
    50,
    51,
    52,
    53,
    54,
    55,
    56,
    57,
    58,
    59,
    60,
    61,
    62,
    63,
    64,
    65,
    66,
    67,
    68,
    69,
    70,
    71,
    72,
    73,
    74,
    75,
    76,
    77,
    78,
    79,
    80,
    81,
    82,
    83,
    84,
    85,
    86,
    87,
    88,
    89,
    90,
    91,
    92,
    93,
    94,
    95,
    96,
    97,
    98,
    99,
    100,
    101,
    102,
    103,
    104,
    105
  ],
  "train_loss": [
    1.6622233986854553,
    1.0352881507775218,
    0.8402501006716305,
    0.7120729208607035,
    0.6226724298651686,
    0.5538827466596034,
    0.4948878746057294,
    0.4481700177966934,
    0.40800079442176623,
    0.3705989842869572,
    0.33464157926974836,
    0.31238822631307483,
    0.28447583233265533,
    0.2597209882644034,
    0.2269417401595214,
    0.20052218690668186,
    0.18258897975548027,
    0.16612733789172368,
    0.1525638287445319,
    0.14404754582600496,
    0.13284559223378442,
    0.12218354212254592,
    0.11173558475200049,
    0.10590761051196412,
    0.0994898310296007,
    0.09215260898099117,
    0.08568663171194878,
    0.07880104043204145,
    0.07620191065229706,
    0.07462324347999907,
    0.06570822859816637,
    0.0628125278816856,
    0.06178889342958165,
    0.056870400502356054,
    0.052985473132701875,
    0.050995714434412955,
    0.04559184576279109,
    0.048224431054532224,
    0.04865062022677709,
    0.044237557491383604,
    0.03983181274313595,
    0.038777878618386295,
    0.035575851366000694,
    0.03337516068221675,
    0.03691609023791766,
    0.03476227556844962,
    0.03205147136444437,
    0.03103463749458879,
    0.029172821920941172,
    0.02744944831932482,
    0.028281048319504124,
    0.02615453258934479,
    0.025297045021212286,
    0.02410673206076794,
    0.023673664382418868,
    0.022688327294764752,
    0.022587502710089163,
    0.022213798001907842,
    0.022072109493388573,
    0.019229468078227695,
    0.019621690072733716,
    0.01919899604249669,
    0.017046362190440145,
    0.018574582083995657,
    0.016111798076794397,
    0.015469023475385051,
    0.01646781057364202,
    0.015225484182328447,
    0.016756318545583442,
    0.014304049593905351,
    0.011783989367180878,
    0.014729897830078435,
    0.014592233409183388,
    0.012993545564294783,
    0.012166923366261396,
    0.014306279189750245,
    0.012438693239843262,
    0.013441377488617814,
    0.01306924502516511,
    0.011739865615699901,
    0.012153019418114239,
    0.011364497608005925,
    0.010343049231018947,
    0.010179338677301426,
    0.010772281551983245,
    0.008490595639534486,
    0.009878419477674994,
    0.009431935535964662,
    0.01045285063716535,
    0.009666009554063383,
    0.00804319037856611,
    0.009104699375871186,
    0.009759900134030403,
    0.009023947070878403,
    0.009162369495636985,
    0.008915435275862223,
    0.008011745195355765,
    0.008079287119584215,
    0.00978004225390512,
    0.00860560285593575,
    0.007640026375344119,
    0.008223298054066073,
    0.007651720190607971,
    0.006615958176853289,
    0.006271009812594785
  ],
  "val_loss": [
    0.8796694507965674,
    0.6670398207811209,
    0.5821068103496845,
    0.5224833236290858,
    0.46829639031336856,
    0.436077349461042,
    0.42093990399287295,
    0.4134388336768517,
    0.3823321759700775,
    0.36766199882213885,
    0.3257709707205112,
    0.3106832458422734,
    0.2978767156600952,
    0.26253959421928114,
    0.25434909990200627,
    0.24715630022379068,
    0.21663599747877854,
    0.20439039228054193,
    0.19974128328836882,
    0.1960104491848212,
    0.19643058341283065,
    0.17785006245741478,
    0.17100890955099693,
    0.1638746032348046,
    0.16180774569511414,
    0.16213214282806104,
    0.15073286168850386,
    0.15527877899316642,
    0.14677491325598496,
    0.14180741688379875,
    0.13920671349534622,
    0.14796963076178843,
    0.1402764475116363,
    0.13059142060004747,
    0.1365212735075217,
    0.13532341930728692,
    0.13402063256272903,
    0.12676241535406846,
    0.12487029054990181,
    0.11995855976755802,
    0.1223530167570481,
    0.12282462819264485,
    0.1216129302405394,
    0.1199910411467919,
    0.10948095742899638,
    0.12074795479957874,
    0.12789391769239536,
    0.11585641666673697,
    0.10860214124505337,
    0.1154274451904572,
    0.11167483762479745,
    0.11076060052101429,
    0.11522740641465554,
    0.1008498496734179,
    0.1121539376102961,
    0.11202728461760741,
    0.11556971374039467,
    0.1126774764404847,
    0.10016025344912823,
    0.11714240407141355,
    0.11478663192918667,
    0.11002905208330888,
    0.1061678514457666,
    0.09956076927483082,
    0.11416884812598045,
    0.10797597081042253,
    0.11153759047962152,
    0.09839721210300922,
    0.10458204565713039,
    0.11172256274865223,
    0.11831946778469361,
    0.10971803526179148,
    0.10495160133219682,
    0.11375923161036693,
    0.1012118632117143,
    0.10834119039086196,
    0.1071660162236255,
    0.11019275315965597,
    0.10031312345885314,
    0.09279289927620155,
    0.09761568613780233,
    0.10173025834732331,
    0.10153815608758193,
    0.1059316570082536,
    0.09981963303513251,
    0.10497333711156479,
    0.09486581836468898,
    0.10251117239777859,
    0.10336826190065879,
    0.10274814692540811,
    0.10021314039253272,
    0.10454081686643454,
    0.10647989333105776,
    0.1081631501706747,
    0.1089990080620807,
    0.11225136358720753,
    0.11334898888778228,
    0.11043212039826009,
    0.11079428889430486,
    0.11196366547105405,
    0.11928154452918814,
    0.11651538369747308,
    0.11516460697524823,
    0.11215760268700811,
    0.11388518432011971
  ],