{
  "epoch": [
    1,
    2,
    3,
    4,
    5,
    6,
    7,
    8,
    9,
    10,
    11,
    12,
    13,
    14,
    15,
    16,
    17,
    18,
    19,
    20,
    21,
    22,
    23,
    24,
    25,
    26,
    27,
    28,
    29,
    30,
    31,
    32,
    33,
    34,
    35,
    36,
    37,
    38,
    39,
    40
  ],
  "train_loss": [
    2.5155700770850036,
    1.020660303302647,
    0.5657377782248959,
    0.37270302325487137,
    0.26856004392977845,
    0.20706404392252264,
    0.16308033554670737,
    0.13176059475187787,
    0.10958156671336632,
    0.09154726626332273,
    0.08192694774761643,
    0.059816565959877575,
    0.055809549756885804,
    0.047054150324199615,
    0.048948478760178556,
    0.036774699297762406,
    0.029199057767532535,
    0.02948366530892468,
    0.0238505732268095,
    0.02194229692950384,
    0.018948679732293198,
    0.015155143258113837,
    0.014779997903123959,
    0.015230407919158641,
    0.010797274932649332,
    0.0073373551797313785,
    0.007226438712827938,
    0.006033144228774863,
    0.002265897118630483,
    0.0021491843208516995,
    -0.00020711150826867094,
    0.00020938744941323073,
    -0.0023950595773526073,
    -9.137628235153316e-06,
    0.00029454937147111007,
    -0.0024718181854209947,
    -0.0014735640017027706,
    -0.006019867975840864,
    -0.0034052674687400307,
    -0.005353031295937361
  ],
  "val_loss": [
    1.3454257249832153,
    0.4861096946092752,
    0.2584382650943903,
    0.14653162772838885,
    0.12101017970305222,
    0.08752789119115242,
    0.06634201969091709,
    0.05756583723884363,
    0.051084948560366265,
    0.03948681400372432,
    0.037981512741400644,
    0.04064995508927565,
    0.035490795683402285,
    0.034623837671600856,
    0.02751824646615065,
    0.03504573883345494,
    0.03912659218678108,
    0.0382701142762716,
    0.03520935759521448,
    0.03095907560334756,
    0.03251469550797573,
    0.032234144468720145,
    0.031232591861715682,
    0.0341455561037247,
    0.03376096859574318,
    0.03827689931942867,
    0.033772706698912844,
    0.04060742001120861,
    0.038842654858644195,
    0.04068745744342987,
    0.03666788124694274,
    0.035472008757866345,
    0.034616454576070495,
    0.03478366222519141,
    0.05040207720146729,
    0.035928151498620324,
    0.040363313343662485,
    0.0433135751921397,
    0.0407702918522633,
    0.04158941040245386
  ],
  "train_transduce": [
    2.528416281508416,
    1.0470135301044308,
    0.592614373441824,
    0.3999243728893319,
    0.2960430873730748,
    0.23476548055090854,
    0.19096266205624207,
    0.1597830676617696,
    0.1377272814051392,
    0.11980103918341632,
    0.11025269682874385,
    0.08820682291671172,
    0.08425006162874478,
    0.07554508554605172,
    0.07748084883061573,
    0.06533598742380585,
    0.05777928574951654,
    0.0581038722806831,
    0.052490284186355846,
    0.05060446042010618,
    0.04762845157559231,
    0.04385230068078975,
    0.043486174791283215,
    0.043958476154114474,
    0.039539916947311196,
    0.03608580434349241,
    0.035994379147503176,
    0.03480540262295183,
    0.03103769910473799,
    0.030943486186646923,
    0.028596021839868778,
    0.029032073125300796,
    0.026431537298101587,
    0.028818711220795653,
    0.029133590096703816,
    0.026387359164463182,
    0.027388933611572863,
    0.02284724720196856,
    0.025466107660136426,
    0.023525804894515456
  ],
  "val_transduce": [
    1.3713046312332153,
    0.5126928320297828,
    0.2853841265806785,
    0.17403987050056458,
    0.14835966435762551,
    0.11528900265693665,
    0.0943504749582364,
    0.08555108853257619,
    0.07914869401317376,
    0.0678882237810355,
    0.06640304051912747,
    0.06904629560617301,
    0.06395975400048953,
    0.06307417197296253,
    0.056055394431146294,
    0.06362012257942787,
    0.06775682569982913,
    0.06684064456763175,
    0.06378529401710974,
    0.05965524544724478,
    0.0611728238604533,
    0.06096576087964842,
    0.059940306666808635,
    0.06284679636771145,
    0.06250246901226301,
    0.06703763242918424,
    0.06253176332505134,
    0.06941509932333317,
    0.06758320755146158,
    0.06946889269882096,
    0.06544963993096295,
    0.06428031407323523,
    0.06344569903852132,
    0.06350187195214228,
    0.0792082622826386,
    0.0647612731733646,
    0.06919140309372988,
    0.07218092963180076,
    0.0696486207531192,
    0.07048791516549849
  ],
  "l0": [
    0.0,
    0.0,
    0.0,
    0.0,
    0.0,
    0.0,
    0.0,
    0.0,
    0.0,
    0.0,
    0.0,
    0.0,
    0.0,
    0.0,
    0.0,
    0.0,
    0.0,
    0.0,
    0.0,
    0.0,
    0.0,
    0.0,
    0.0,
    0.0,
    0.0,
    0.0,
    0.0,
    0.0,
    0.0,
    0.0,
    0.0,
    0.0,
    0.0,
    0.0,
    0.0,
    0.0,
    0.0,
    0.0,
    0.0,
    0.0
  ],
  "lambda_l0_effective": [
    0.01,
    0.01,
    0.01,
    0.01,
    0.01,
    0.01,
    0.01,
    0.01,
    0.01,
    0.01,
    0.01,
    0.01,
    0.01,
    0.01,
    0.01,
    0.01,
    0.01,
    0.01,
    0.01,
    0.01,
    0.01,
    0.01,
    0.01,
    0.01,
    0.01,
    0.01,
    0.01,
    0.01,
    0.01,
    0.01,
    0.01,
    0.01,
    0.01,
    0.01,
    0.01,
    0.01,
    0.01,
    0.01,
    0.01,
    0.01
  ],
  "recon_loss": [],
  "balance_loss": [
    3.3734726174590515,
    3.999987046743177,
    3.9999966080655756,
    3.999999204861749,
    3.999999633769399,
    3.9999997431469945,
    3.999999623937705,
    3.9999998095109293,
    3.9999997947633883,
    3.999999788618579,
    3.9999998414639344,
    3.9999998082819674,
    3.9999997972213115,
    3.9999999053699455,
    3.9999999643601094,
    3.999999945925683,
    3.9999998697300545,
    3.9999998955382514,
    3.999999842692896,
    3.999999874645902,
    3.9999998242584702,
    3.999999761581421,
    3.9999997259415303,
    3.999999664493443,
    3.999999546513115,
    3.9999997050491807,
    3.9999997394601094,
    3.999999770184153,
    3.9999995575737706,
    3.9999997148808744,
    3.999999735773224,
    3.9999998857065573,
    3.9999996018163935,
    3.9999996128770494,
    3.9999996694092896,
    3.9999998168846997,
    3.9999997800158473,
    3.999999634998361,
    3.9999996657224046,
    3.9999996939885247
  ]
}