{
  "epoch": [
    1,
    2,
    3,
    4,
    5,
    6,
    7,
    8,
    9,
    10,
    11,
    12,
    13,
    14,
    15,
    16,
    17,
    18,
    19,
    20,
    21,
    22,
    23,
    24,
    25,
    26,
    27,
    28,
    29,
    30,
    31,
    32,
    33,
    34,
    35
  ],
  "train_loss": [
    1.8918854569651418,
    0.7585065582978356,
    0.3242578966562281,
    0.16562770207210914,
    0.11293754934035626,
    0.07675007701918636,
    0.05885517693211123,
    0.05052771265666509,
    0.04695194545586008,
    0.04138367169791084,
    0.03435670801668821,
    0.031664014263462624,
    0.02881247291134997,
    0.02664645250584239,
    0.023666332711072005,
    0.017980230845554165,
    0.020414344963411196,
    0.01929128117026454,
    0.016941521589202594,
    0.01750903753155708,
    0.01737178916191999,
    0.015467011793420563,
    0.015073013026867369,
    0.010774541933229914,
    0.013670341804810828,
    0.013293754340769943,
    0.012496350292289226,
    0.01387078711251757,
    0.013135679398174878,
    0.01049212676853412,
    0.0100273096364786,
    0.008912231588388731,
    0.007579633335555308,
    0.008472490267223227,
    0.00820525761367573
  ],
  "val_loss": [
    0.7548697590827942,
    0.3399555545586806,
    0.2484826697753026,
    0.23887979468474022,
    0.2721505342767789,
    0.23988546746281478,
    0.30333932489156723,
    0.27502738053982073,
    0.2484268225156344,
    0.23095857781859544,
    0.27047332605490315,
    0.24628316037929976,
    0.2787263778826365,
    0.2862277479054263,
    0.2890715547479116,
    0.3045175878617626,
    0.29174771192125404,
    0.2712692948631369,
    0.3006220090274627,
    0.3134218513105924,
    0.2982175570841019,
    0.29359386968784607,
    0.2964016368182806,
    0.32550800281863373,
    0.2842968522857588,
    0.2827836737000885,
    0.3185342911344308,
    0.3545242573868913,
    0.3088226146602,
    0.33808042395573396,
    0.3235547274839169,
    0.3518237965539671,
    0.3576568479363162,
    0.3505249141643827,
    0.31351106542234236
  ],
  "train_transduce": [
    1.8918854569651418,
    0.7585065582978356,
    0.3242578966562281,
    0.16562770207210914,
    0.11293754934035626,
    0.07675007701918636,
    0.05885517693211123,
    0.05052771265666509,
    0.04695194545586008,
    0.04138367169791084,
    0.03435670801668821,
    0.031664014263462624,
    0.02881247291134997,
    0.02664645250584239,
    0.023666332711072005,
    0.017980230845554165,
    0.020414344963411196,
    0.01929128117026454,
    0.016941521589202594,
    0.01750903753155708,
    0.01737178916191999,
    0.015467011793420563,
    0.015073013026867369,
    0.010774541933229914,
    0.013670341804810828,
    0.013293754340769943,
    0.012496350292289226,
    0.01387078711251757,
    0.013135679398174878,
    0.01049212676853412,
    0.0100273096364786,
    0.008912231588388731,
    0.007579633335555308,
    0.008472490267223227,
    0.00820525761367573
  ],
  "val_transduce": [
    0.7548697590827942,
    0.3399555545586806,
    0.2484826697753026,
    0.23887979468474022,
    0.2721505342767789,
    0.23988546746281478,
    0.30333932489156723,
    0.27502738053982073,
    0.2484268225156344,
    0.23095857781859544,
    0.27047332605490315,
    0.24628316037929976,
    0.2787263778826365,
    0.2862277479054263,
    0.2890715547479116,
    0.3045175878617626,
    0.29174771192125404,
    0.2712692948631369,
    0.3006220090274627,
    0.3134218513105924,
    0.2982175570841019,
    0.29359386968784607,
    0.2964016368182806,
    0.32550800281863373,
    0.2842968522857588,
    0.2827836737000885,
    0.3185342911344308,
    0.3545242573868913,
    0.3088226146602,
    0.33808042395573396,
    0.3235547274839169,
    0.3518237965539671,
    0.3576568479363162,
    0.3505249141643827,
    0.31351106542234236
  ],
  "l0": [
    0.0,
    0.0,
    0.0,
    0.0,
    0.0,
    0.0,
    0.0,
    0.0,
    0.0,
    0.0,
    0.0,
    0.0,
    0.0,
    0.0,
    0.0,
    0.0,
    0.0,
    0.0,
    0.0,
    0.0,
    0.0,
    0.0,
    0.0,
    0.0,
    0.0,
    0.0,
    0.0,
    0.0,
    0.0,
    0.0,
    0.0,
    0.0,
    0.0,
    0.0,
    0.0
  ],
  "lambda_l0_effective": [
    0.01,
    0.01,
    0.01,
    0.01,
    0.01,
    0.01,
    0.01,
    0.01,
    0.01,
    0.01,
    0.01,
    0.01,
    0.01,
    0.01,
    0.01,
    0.01,
    0.01,
    0.01,
    0.01,
    0.01,
    0.01,
    0.01,
    0.01,
    0.01,
    0.01,
    0.01,
    0.01,
    0.01,
    0.01,
    0.01,
    0.01,
    0.01,
    0.01,
    0.01,
    0.01
  ],
  "recon_loss": [],
  "balance_loss": []
}