{
  "epoch": [
    1,
    2,
    3,
    4,
    5,
    6,
    7,
    8,
    9,
    10,
    11,
    12,
    13,
    14,
    15,
    16,
    17,
    18,
    19,
    20,
    21,
    22,
    23,
    24,
    25,
    26,
    27,
    28,
    29,
    30,
    31,
    32,
    33,
    34,
    35,
    36,
    37,
    38,
    39,
    40,
    41,
    42,
    43,
    44,
    45,
    46,
    47,
    48,
    49,
    50,
    51,
    52,
    53,
    54,
    55,
    56,
    57,
    58,
    59,
    60,
    61,
    62,
    63,
    64,
    65,
    66,
    67,
    68,
    69,
    70,
    71,
    72,
    73,
    74,
    75,
    76,
    77,
    78,
    79,
    80,
    81,
    82,
    83,
    84,
    85,
    86,
    87,
    88,
    89,
    90,
    91,
    92,
    93,
    94,
    95,
    96,
    97,
    98,
    99,
    100,
    101,
    102,
    103,
    104,
    105,
    106,
    107,
    108,
    109
  ],
  "train_loss": [
    1.3991605212393494,
    0.8518239247430232,
    0.6890886828456957,
    0.5953591270852334,
    0.5264896450890708,
    0.47109794463079,
    0.4207037897761335,
    0.38011782931298327,
    0.34608824435890334,
    0.3151789287623671,
    0.2886034277911039,
    0.2680393343733758,
    0.2468641704505252,
    0.22640636962713653,
    0.21410795070768632,
    0.20135805348760075,
    0.18620859908381687,
    0.17668417234396197,
    0.16601180696149462,
    0.15599383118072735,
    0.14728065530203052,
    0.14191732052521608,
    0.1334608124626666,
    0.12554561433180705,
    0.11640159447783048,
    0.11621925211751584,
    0.10861841537365594,
    0.10456279379114047,
    0.103715516012354,
    0.09615210770178087,
    0.09614782281143149,
    0.09169706706072867,
    0.08751250068013816,
    0.08620180030228551,
    0.08267629463417628,
    0.07769474634881486,
    0.07526972576899012,
    0.07646608748233195,
    0.0723475260064774,
    0.07083367701312623,
    0.06829988187390197,
    0.06998915104291488,
    0.06694513733124303,
    0.06360087504360787,
    0.06440132915896853,
    0.062123273604923916,
    0.06247101801437969,
    0.060947305330833826,
    0.06001033172126591,
    0.05863728949358476,
    0.057256990333193356,
    0.05754803735570809,
    0.054969675709330236,
    0.052685274262480514,
    0.0525385186066563,
    0.05309067734699581,
    0.0515363348609547,
    0.05010993798388187,
    0.05064982933366729,
    0.05001633307061244,
    0.04721355884691182,
    0.04892807069820227,
    0.045483357407459894,
    0.04867466558827106,
    0.04719802381509205,
    0.045976660977664986,
    0.04402892167209504,
    0.04272232436546192,
    0.04216036447515884,
    0.041638231495414506,
    0.04475887357401326,
    0.042103248885976746,
    0.04351993751491314,
    0.04061100154769482,
    0.04324363802137218,
    0.03837305628550575,
    0.03999685368395036,
    0.03742023649596676,
    0.03922053832397556,
    0.03879732215181761,
    0.03730085064877862,
    0.03867628650509359,
    0.036580910210104026,
    0.035828308099112714,
    0.03669007193565983,
    0.03569480658211198,
    0.036323372365849226,
    0.034518698369604105,
    0.03434097293533923,
    0.03475558435659587,
    0.03604690261550017,
    0.03460334865232334,
    0.03455042331143446,
    0.03625194008279707,
    0.03476431573616322,
    0.0336077483346897,
    0.032980607647314364,
    0.03454641554475829,
    0.03274827979303436,
    0.03263446460141964,
    0.030225299968451413,
    0.029290560011262286,
    0.032162351946624895,
    0.03133046798187202,
    0.0311447560916818,
    0.030046727565914085,
    0.0291406373042114,
    0.030755610084017143,
    0.029068994592664016
  ],
  "val_loss": [
    0.6069879669409531,
    0.43650741760547346,
    0.39445864925017726,
    0.33407046703191906,
    0.3101868767004747,
    0.27237644676978773,
    0.27265876416976637,
    0.24697059049056128,
    0.23547921960170454,
    0.22298079614455885,
    0.20840577551951775,
    0.21040712640835688,
    0.18546852870629385,
    0.1683738907942405,
    0.16039595007896423,
    0.16544306507477394,
    0.15598827313918334,
    0.15275159363563245,
    0.1412965884575477,
    0.1423126860306813,
    0.12892520599640334,
    0.12844261297812828,
    0.120217648263161,
    0.11929006989185627,
    0.12170732422516896,
    0.107685548468278,
    0.10700833453581883,
    0.10511744108337623,
    0.11074494026028193,
    0.09589049678582412,
    0.10338628120147265,
    0.10155658538524921,
    0.09577112845503367,
    0.09732372542986503,
    0.10148357771910153,
    0.09537331301432389,
    0.09257001415468179,
    0.09116537295855008,
    0.08415952711724319,
    0.08565566015358154,
    0.08698818288170375,
    0.08790907851205422,
    0.08769199954202542,
    0.08613120621213546,
    0.08151432642569909,
    0.0823715661580746,
    0.08027489927525704,
    0.08005411908603631,
    0.08429015671404508,
    0.07960396933440979,
    0.0887284382031514,
    0.08281895862175868,
    0.08557414994216882,
    0.08374898164318158,
    0.08104725038776031,
    0.07476852533335869,
    0.08221407736150119,
    0.08056915135910878,
    0.07766925923239726,
    0.07529277254182559,
    0.07877472043037415,
    0.07960808979204068,
    0.07856930075929715,
    0.08167642469589527,
    0.081960360161387,
    0.07385583859510146,
    0.07961460217260398,
    0.07555239848219432,
    0.07872109645261215,
    0.08042236439024027,
    0.08404541144577357,
    0.07457039641359678,
    0.07374569551589397,
    0.0767188394585481,
    0.08050653273956133,
    0.07515821412492257,
    0.07865695483409442,
    0.0790295393134539,
    0.07555743579107982,
    0.07508321708211532,
    0.07713651062490848,
    0.07681600498751952,
    0.07385271981071967,
    0.07007740785439427,
    0.07534246010562548,
    0.07462253586317484,
    0.07468743439620504,
    0.07816239998031121,
    0.07539917442661065,
    0.07321618594085941,
    0.07321828428226021,
    0.07402243980994591,
    0.0738459497045439,
    0.07364173050826558,
    0.07206561004456419,
    0.08056397463839787,
    0.07126842335296366,
    0.07684021450292605,
    0.07781859960120457,
    0.07628721199356593,
    0.07351933007773298,
    0.07613231492443727,
    0.07207404299137685,
    0.07408806918045649,
    0.07496217953471038,
    0.07495633698999882,
    0.07657303804388413,
    0.07519361591682984,
    0.07506631622807337
  ],