{
  "epoch": [
    1,
    2,
    3,
    4,
    5,
    6,
    7,
    8,
    9,
    10,
    11,
    12,
    13,
    14,
    15,
    16,
    17,
    18,
    19,
    20,
    21,
    22,
    23,
    24,
    25,
    26,
    27,
    28,
    29,
    30,
    31,
    32,
    33,
    34,
    35,
    36,
    37,
    38,
    39,
    40,
    41,
    42,
    43,
    44,
    45,
    46,
    47,
    48,
    49,
    50,
    51,
    52,
    53,
    54,
    55,
    56,
    57,
    58,
    59,
    60,
    61,
    62,
    63,
    64,
    65,
    66,
    67,
    68,
    69,
    70,
    71,
    72,
    73,
    74,
    75,
    76,
    77,
    78,
    79,
    80,
    81,
    82,
    83,
    84,
    85,
    86,
    87,
    88,
    89,
    90,
    91,
    92,
    93,
    94,
    95,
    96,
    97,
    98,
    99,
    100
  ],
  "train_loss": [
    2.386884297906738,
    1.3439753482636718,
    0.9803529925567588,
    0.7525124494562444,
    0.5958956046817229,
    0.48037863668707226,
    0.4119163576475124,
    0.3515088354650232,
    0.30509333658156934,
    0.276557754840433,
    0.2524895817041397,
    0.22673407231563145,
    0.20948832405289425,
    0.19436216949648463,
    0.1828940415889332,
    0.1733935363398692,
    0.1603920760458892,
    0.15320657907994753,
    0.1503647204450111,
    0.1407786685512545,
    0.13521525334835666,
    0.1270434194887729,
    0.12742684057616083,
    0.11643356839482932,
    0.11605586504237246,
    0.11029705852654177,
    0.10838090399875469,
    0.10263325669562694,
    0.10258071691988363,
    0.09896363858517605,
    0.09957861732307476,
    0.0926875061710778,
    0.08867773954209286,
    0.09019757040113825,
    0.08440001039122491,
    0.07969151636988846,
    0.07943447469973687,
    0.08053808893585943,
    0.08331467315420202,
    0.0778450000762325,
    0.0731263016158542,
    0.07391803069328218,
    0.06983823069016036,
    0.07466044813663382,
    0.07226256949385416,
    0.07100508793151562,
    0.0686886630251466,
    0.06688151924304434,
    0.06307732508777036,
    0.0639572891589139,
    0.06843181640946681,
    0.06473385281476778,
    0.061531811381315756,
    0.05787533632066754,
    0.059669006812703054,
    0.05797235954303256,
    0.05747934920502078,
    0.056584683052484985,
    0.05556153568448787,
    0.05404917796420836,
    0.056899444392123785,
    0.05126429734914804,
    0.051594483656520695,
    0.056310356148163376,
    0.04955996789719871,
    0.05068959580907195,
    0.05128198356569274,
    0.04797587789758349,
    0.04722114984358939,
    0.04909633681869384,
    0.049198828582392676,
    0.045837587081664,
    0.044934925229586274,
    0.04450067998505361,
    0.045505145742298705,
    0.040516933027808504,
    0.04169810517959911,
    0.0415603055753121,
    0.041752194356864565,
    0.0451709901021083,
    0.049675647486193276,
    0.03854209127999151,
    0.039561739414642305,
    0.03896758582481404,
    0.04046251107554537,
    0.03878867952153087,
    0.037144683653095104,
    0.03384336361363914,
    0.03749915082055653,
    0.03757258576398581,
    0.03762755568796942,
    0.03941849094441103,
    0.035370783409891055,
    0.03540478142208813,
    0.03606626737056319,
    0.03698778522594534,
    0.03379056153497323,
    0.03498708294253297,
    0.03621499333170617,
    0.03490614673463609
  ],
  "val_loss": [
    1.8450269057200506,
    0.9736205431131216,
    0.8159663127018855,
    0.5988788879834689,
    0.5522397664877084,
    0.43556748445217425,
    0.37285443911185634,
    0.34235965747099656,
    0.3342716625103584,
    0.2860022863516441,
    0.24718957680922288,
    0.24018218081731063,
    0.23133211410962617,
    0.23245694087101862,
    0.21451723862152833,
    0.22231858452925315,
    0.2026730626821518,
    0.2191211495261926,
    0.18627164856745645,
    0.1762810515669676,
    0.18074786491118944,
    0.175623364173449,
    0.18571291520045355,
    0.17581201230104154,
    0.192150096480663,
    0.16638472045843417,
    0.1811731056525157,
    0.16721839285813844,
    0.17174911269774804,
    0.16182996676518366,
    0.17435605308184257,
    0.1753728212072299,
    0.17160789038126284,
    0.17480288732510346,
    0.16069095438489547,
    0.17120892353929007,
    0.17551998564830193,
    0.15410693305043074,
    0.1645750285914311,
    0.166053267625662,
    0.15219194986499274,
    0.16800031123253015,
    0.1562406002328946,
    0.15830115630076483,
    0.17220600637105796,
    0.1692685095163492,
    0.15535208439597717,
    0.172594742419628,
    0.1822121154803496,
    0.1715065619120231,
    0.17181828990578651,
    0.16892604845074508,
    0.1762451363297609,
    0.1640827635732981,
    0.1701109245992624,
    0.16107809371673143,
    0.15296981025200623,
    0.1723100239267716,
    0.17507456988096237,
    0.15362287341402128,
    0.15870761011655515,
    0.1639992892742157,
    0.16332682222127914,
    0.14850977521676284,
    0.1610477062372061,
    0.16151903598354414,
    0.16864048231106538,
    0.14356727324999297,
    0.1575676197042832,
    0.1421668532376106,
    0.1545781802672606,
    0.16479582740710333,
    0.15447422976677233,
    0.16964766354515,
    0.16037486866116524,
    0.1553077075916987,
    0.17203662874033818,
    0.1660204238903064,
    0.16431944745664412,
    0.17920475309857956,
    0.17104852973268583,
    0.17084136719887072,
    0.17041243240237236,
    0.16744267080838865,
    0.17299852548883513,
    0.15692248797187439,
    0.16515891425884688,
    0.1697696066246583,
    0.16049927645004713,
    0.1651420547411992,
    0.16532613824193293,
    0.162652858461325,
    0.15458632518465704,
    0.15123043381250822,
    0.16032289513028586,
    0.16291314048262742,
    0.16354719234200624,
    0.15857679224931276,
    0.15611605518139327,
    0.1626224612387327
  ],