{
  "epoch": [
    1,
    2,
    3,
    4,
    5,
    6,
    7,
    8,
    9,
    10,
    11,
    12,
    13,
    14,
    15,
    16,
    17,
    18,
    19,
    20,
    21,
    22,
    23,
    24,
    25,
    26,
    27,
    28,
    29,
    30,
    31,
    32,
    33,
    34,
    35,
    36,
    37,
    38,
    39,
    40,
    41,
    42,
    43,
    44,
    45,
    46,
    47,
    48,
    49,
    50,
    51,
    52,
    53,
    54,
    55,
    56,
    57,
    58,
    59,
    60,
    61,
    62,
    63,
    64,
    65,
    66,
    67,
    68,
    69,
    70,
    71,
    72,
    73,
    74,
    75,
    76,
    77,
    78,
    79,
    80,
    81,
    82,
    83,
    84,
    85,
    86,
    87,
    88,
    89,
    90,
    91,
    92,
    93,
    94,
    95,
    96,
    97,
    98,
    99,
    100,
    101,
    102,
    103,
    104,
    105,
    106,
    107,
    108,
    109,
    110,
    111,
    112,
    113,
    114,
    115,
    116,
    117,
    118,
    119,
    120,
    121,
    122
  ],
  "train_loss": [
    1.2312299219688567,
    0.5973396091768057,
    0.4628699607778304,
    0.39121876583241,
    0.350146280214338,
    0.3154539390660749,
    0.29143535633488454,
    0.27489000219519777,
    0.25578500256680026,
    0.2409019930527942,
    0.23265710974683856,
    0.21848752770093408,
    0.21196188622772102,
    0.2012366194388654,
    0.19554162069712536,
    0.18648075437781833,
    0.17901420851450156,
    0.17484532466324249,
    0.1680234655885413,
    0.15757274989149359,
    0.1528407066027717,
    0.1499151617731198,
    0.14392544447195413,
    0.13835383914779908,
    0.13362524665818357,
    0.13183929564634173,
    0.12373445953915616,
    0.12213784334535646,
    0.11595059831691261,
    0.11332772771763329,
    0.10910843858624449,
    0.1064269307373774,
    0.10302147608582336,
    0.1019654514470903,
    0.0956126336414035,
    0.09484548995843028,
    0.08865868042011073,
    0.08940819197214477,
    0.08386926976318407,
    0.08316328453988132,
    0.07980643293940194,
    0.07623331949557408,
    0.07478663804802564,
    0.07325343745253464,
    0.07114093293352883,
    0.06816868815976794,
    0.0675793985956081,
    0.06029162793835201,
    0.06555275672511889,
    0.062378298085514865,
    0.06059235627624658,
    0.05671325246665147,
    0.058120947589378545,
    0.05593006904836338,
    0.05508576549294562,
    0.05300111415805203,
    0.053935154940527266,
    0.04932153907300222,
    0.04790097187356193,
    0.047114953767545154,
    0.045828247405957465,
    0.043774323980554496,
    0.04219286302381223,
    0.042014241172461816,
    0.03967928986000543,
    0.04026965237231833,
    0.036995933520248034,
    0.03926954240455191,
    0.036123624993580405,
    0.035759878593801274,
    0.03497770346590493,
    0.03631736761383196,
    0.035396591538913766,
    0.03526909774777913,
    0.0352985583669921,
    0.02995914696614341,
    0.030329508531728003,
    0.028330588113922296,
    0.029671772290943282,
    0.030447868754773743,
    0.027751309511316293,
    0.02812206847500978,
    0.030079147298958633,
    0.028836319988390598,
    0.027709768485683618,
    0.024373168287116408,
    0.027799887674869878,
    0.024905201015385365,
    0.023349353107669862,
    0.02127324993085891,
    0.02346471863070337,
    0.022792823105534113,
    0.022343499152598405,
    0.02189304761238175,
    0.020291268092460266,
    0.020477954113837515,
    0.019846840595623645,
    0.018333472011813727,
    0.019312941033559124,
    0.017744720602260514,
    0.018466938941711836,
    0.0192024170185928,
    0.018552624122562384,
    0.015942294427221365,
    0.01798733404496371,
    0.01785976098536855,
    0.015754780515401374,
    0.01807315421456674,
    0.01546787416636206,
    0.017279932524381886,
    0.015354509859594821,
    0.01463657716464362,
    0.016658758781481497,
    0.014811464059765977,
    0.014498950016804703,
    0.014551536735645172,
    0.013584183734186952,
    0.01363903892659905,
    0.012857065907227669,
    0.013377132488986348,
    0.012399439879757638,
    0.013358083396854967
  ],
  "val_loss": [
    0.5678894038383777,
    0.4066205597840823,
    0.34247081784101635,
    0.31421888218476224,
    0.2877100442464535,
    0.2878673466352316,
    0.2657309827896265,
    0.25558971097836125,
    0.2450598936814528,
    0.22668253687711862,
    0.2194757117674901,
    0.2109521604501284,
    0.21128281148580405,
    0.20568195959696403,
    0.19964731885836676,
    0.1925026631126037,
    0.19647061882110742,
    0.1777851449755522,
    0.1866383793262335,
    0.17275116993830755,
    0.1750095635652542,
    0.16823125057495558,
    0.15748876390548852,
    0.15678376360581472,
    0.15747080915249312,
    0.15356218757537696,
    0.15593369133197343,
    0.13982995398915732,
    0.13836886676458213,
    0.1400650037595859,
    0.1375469479423303,
    0.12815718238170332,
    0.13022191192095095,
    0.12683470747791803,
    0.12819382777580848,
    0.12404103147295806,
    0.12441602120032677,
    0.11917944997549057,
    0.11616742267058446,
    0.11892101770410171,
    0.11562105870017639,
    0.11178195304595508,
    0.11296599501600632,
    0.11486669400563607,
    0.10816634646975078,
    0.10728639765427662,
    0.10555106888596828,
    0.11169343814253807,
    0.11308998242020607,
    0.10928213453063598,
    0.10267353917543705,
    0.10479746816249993,
    0.0964853479885138,
    0.10441441518756059,
    0.09944604365871502,
    0.10200129793240474,
    0.09667721304755944,
    0.09952788885969382,
    0.09552609433348362,
    0.10325965227989051,
    0.09662326196065316,
    0.09800900132037126,
    0.09647263987706257,
    0.09375593424416505,
    0.09174616964390644,
    0.09216625644610478,
    0.09924964463481536,
    0.09576582392820945,
    0.09434940422383639,
    0.09085514425085141,
    0.09096007478924897,
    0.09807747459182373,
    0.0963755315886094,
    0.09067110602672283,
    0.09068538162570733,
    0.09462805608144173,
    0.09809949994087219,
    0.0936992960767104,
    0.09370650322391437,
    0.08911435427860571,
    0.09024494270292613,
    0.08783493362940274,
    0.0909102731026136,
    0.08929438100984463,
    0.09177246661140369,
    0.09026041225745128,
    0.0905702758867007,
    0.08813029119315055,
    0.09158308775379108,
    0.08823896414385392,
    0.08653990773913953,
    0.0856857908746371,
    0.08532388178774944,
    0.08820964668232661,
    0.08255947295289773,
    0.08627963567582461,
    0.0792971676788651,
    0.08431765508766358,
    0.08393972646445036,
    0.08124039623026665,
    0.08330337674571918,
    0.09388786167479478,
    0.08987191763634865,
    0.09214570860450084,
    0.08203339762985706,
    0.07987613474520353,
    0.08488437640838899,
    0.0860272696814858,
    0.0834313900424884,
    0.08365731636205545,
    0.08473039833972087,
    0.08304921838526542,
    0.08446964643035944,
    0.08692494106407349,
    0.08266158817479244,
    0.08553600812760684,
    0.0850590831385209,
    0.08534756453277972,
    0.08568792145412701,
    0.08651144401385234,
    0.07951979718815821,
    0.08514665805089933
  ],