{
  "epoch": [
    1,
    2,
    3,
    4,
    5,
    6,
    7,
    8,
    9,
    10,
    11,
    12,
    13,
    14,
    15,
    16,
    17,
    18,
    19,
    20,
    21,
    22,
    23,
    24,
    25,
    26,
    27,
    28,
    29,
    30,
    31,
    32,
    33,
    34,
    35,
    36,
    37,
    38,
    39,
    40,
    41,
    42,
    43,
    44,
    45,
    46,
    47,
    48,
    49,
    50,
    51,
    52,
    53,
    54,
    55,
    56,
    57,
    58,
    59,
    60,
    61,
    62,
    63,
    64,
    65,
    66,
    67,
    68,
    69,
    70,
    71,
    72,
    73,
    74,
    75,
    76,
    77,
    78,
    79,
    80,
    81,
    82,
    83,
    84,
    85,
    86,
    87,
    88,
    89,
    90,
    91,
    92,
    93,
    94,
    95,
    96,
    97,
    98,
    99,
    100,
    101,
    102,
    103,
    104,
    105,
    106,
    107,
    108,
    109,
    110,
    111,
    112,
    113,
    114,
    115,
    116,
    117,
    118,
    119,
    120,
    121,
    122,
    123,
    124,
    125
  ],
  "train_loss": [
    1.3379854931689725,
    0.7061315037236355,
    0.5464570799676498,
    0.4677664873623612,
    0.4186414084812202,
    0.3799788237798332,
    0.3542859864116895,
    0.32663014693425435,
    0.308413243972429,
    0.2909021286091002,
    0.27116390797171264,
    0.2567975329290522,
    0.24328932697230046,
    0.2296729822560112,
    0.22134004002160365,
    0.2078340830336703,
    0.20422343341725888,
    0.19594381985687973,
    0.1853512296139604,
    0.18253867925688771,
    0.17343721944506807,
    0.16836343078625085,
    0.16338982912573483,
    0.15662060604237094,
    0.1536982839207838,
    0.1471472680568695,
    0.14109376515492356,
    0.14055474589366723,
    0.13346050502640186,
    0.13441087755531367,
    0.128147341347862,
    0.12130260098688674,
    0.12237349041912815,
    0.11799837936564248,
    0.11691684936090271,
    0.11012115904895386,
    0.10884232151478825,
    0.10617673065107648,
    0.10539480704482239,
    0.10264007824629841,
    0.1018682303331276,
    0.09679785651145595,
    0.09529059933553828,
    0.09241249220501078,
    0.09001267125996032,
    0.08935011340544956,
    0.08623298696509682,
    0.08465967098675152,
    0.08281832800643278,
    0.08041837689752626,
    0.07775131694161065,
    0.07900088472236501,
    0.07488912178000601,
    0.07300577500816618,
    0.07121818066380992,
    0.07079578622585476,
    0.0683388047768633,
    0.06739792718303085,
    0.0656594571168765,
    0.06473045582228368,
    0.059922104369443244,
    0.06155266692068907,
    0.061297249823513596,
    0.06010158319431957,
    0.05900657660152653,
    0.05670569608412167,
    0.05538042784106023,
    0.05421186288320782,
    0.05353438723279108,
    0.05317470518005366,
    0.05136214869816114,
    0.05084474502813698,
    0.04765387471433323,
    0.04817544851488996,
    0.04755957502097186,
    0.04854938978015786,
    0.04801154953639696,
    0.046736652621685866,
    0.045095672277678356,
    0.04262931148825896,
    0.04236524815827903,
    0.042901572337982675,
    0.0408367411980387,
    0.04131486342463753,
    0.03923492093967034,
    0.0405658986235019,
    0.04067209405400375,
    0.0388635957410725,
    0.03779348016412246,
    0.038963562135796735,
    0.036889258052895564,
    0.03849402033161409,
    0.03628963422915428,
    0.034841928677172354,
    0.03458731558800924,
    0.03537830666150197,
    0.033602594176657716,
    0.035163122717991914,
    0.033187947641726175,
    0.030854201829521963,
    0.030626720813388873,
    0.03335665010542858,
    0.030519690751881882,
    0.03375510411281692,
    0.03169401184572737,
    0.03036282279777645,
    0.028827168508478912,
    0.029978327702103864,
    0.02952863937151609,
    0.029325669225637275,
    0.027522245901498463,
    0.02937221596257226,
    0.027259128301930013,
    0.027413545310091558,
    0.02701272724177873,
    0.026953916973664914,
    0.02840263718314985,
    0.02706952217855666,
    0.026412769953840145,
    0.0268661764284393,
    0.02616401830005764,
    0.027128435971012506,
    0.026399588106329194,
    0.025428561074198178,
    0.02380010321976082
  ],
  "val_loss": [
    0.714173096876878,
    0.4930275862033551,
    0.41587592088259184,
    0.37467960440195525,
    0.34147893580106586,
    0.3270585800592716,
    0.3072045227655998,
    0.28534922232994664,
    0.2778692405957442,
    0.2644577748500384,
    0.24403973267628595,
    0.2336845615735421,
    0.22362914108313048,
    0.21937516331672668,
    0.21084919686500841,
    0.20282034633251336,
    0.20248791518119666,
    0.19185001804278448,
    0.19224450221428505,
    0.18043750008711448,
    0.1785331769631459,
    0.17303851132209486,
    0.16994839505507395,
    0.1659069978273832,
    0.16033913710942635,
    0.15999418267836937,
    0.15496812015771866,
    0.15261158519066298,
    0.15208296477794647,
    0.1453552062694843,
    0.1508243648478618,
    0.14394751821572965,
    0.14031975343823433,
    0.14138974707860213,
    0.13395513565494463,
    0.14099667536524627,
    0.1325725970359949,
    0.12941177275318366,
    0.13226515169327074,
    0.12834680223694214,
    0.12962089478969574,
    0.1223596460544146,
    0.12425736968333904,
    0.12480280204461171,
    0.12426708667324139,
    0.12365619809581684,
    0.1207048841393911,
    0.11968009374462642,
    0.1151586902829317,
    0.11885136365890503,
    0.11834381406123821,
    0.11203127927505054,
    0.11410394970041055,
    0.11350383695501548,
    0.11370029357763436,
    0.11347923914973553,
    0.11213614103885797,
    0.10925008542835712,
    0.10887689859821247,
    0.11087738636594552,
    0.11001466243312909,
    0.10790457648153488,
    0.10740306973457336,
    0.10449693194375588,
    0.10215207189321518,
    0.0989760786581498,
    0.10022661061241077,
    0.09941555588291241,
    0.10933615926366586,
    0.10005376960795659,
    0.10131517038322412,
    0.09905427565368322,
    0.09950620208222133,
    0.10057485891649356,
    0.09975904340927418,
    0.09763915263689481,
    0.0986565719716824,
    0.10024374623138171,
    0.09769791679886672,
    0.09371207783428523,
    0.0937082188633772,
    0.09880755626811431,
    0.09658450203446242,
    0.09617150188065492,
    0.0965070639951871,
    0.09153246936889795,
    0.093020645615,
    0.09323729015886784,
    0.09484360868541095,
    0.0933575090020895,
    0.09406952617260125,
    0.09688526707199904,
    0.09592405219490711,
    0.09650264264872441,
    0.0940909358457877,
    0.09445083872056924,
    0.09362252242863178,
    0.09155140881641553,
    0.09389139489772227,
    0.08984485662613924,
    0.09045926237908694,
    0.09131006395014432,
    0.09299920234256066,
    0.09940626343282369,
    0.09089339331078988,
    0.0955345849864758,
    0.09437697438093332,
    0.09254547337499949,
    0.09152596436727506,
    0.09123398614330934,
    0.09440048096271661,
    0.09391970330706009,
    0.09308694768697023,
    0.09262440704668944,
    0.09296954000511995,
    0.08994109011613406,
    0.09103305766788813,
    0.10113633488519834,
    0.09305872195042096,
    0.09103354697044079,
    0.09440336197328109,
    0.09497257193120626,
    0.09332761548172969,
    0.09368493551245102,
    0.09223138318898585
  ],