{
  "epoch": [
    1,
    2,
    3,
    4,
    5,
    6,
    7,
    8,
    9,
    10,
    11,
    12,
    13,
    14,
    15,
    16,
    17,
    18,
    19,
    20,
    21,
    22,
    23,
    24,
    25,
    26,
    27,
    28,
    29,
    30,
    31,
    32,
    33,
    34,
    35,
    36,
    37,
    38,
    39,
    40,
    41,
    42,
    43,
    44,
    45,
    46,
    47,
    48,
    49,
    50,
    51,
    52,
    53,
    54,
    55,
    56,
    57,
    58,
    59,
    60,
    61,
    62,
    63,
    64,
    65,
    66,
    67,
    68,
    69,
    70,
    71,
    72,
    73,
    74,
    75,
    76,
    77,
    78,
    79,
    80,
    81,
    82,
    83,
    84,
    85,
    86,
    87,
    88,
    89,
    90,
    91,
    92,
    93,
    94,
    95,
    96,
    97,
    98,
    99,
    100,
    101,
    102,
    103,
    104,
    105,
    106
  ],
  "train_loss": [
    1.2178445544439493,
    0.6843691389892519,
    0.5438957423278966,
    0.46036397719506134,
    0.39694894742719905,
    0.34980470909900274,
    0.3085983092176546,
    0.2782861454431544,
    0.24859617704275958,
    0.2243004072572767,
    0.19796392475206828,
    0.18977288202833884,
    0.17232801615423762,
    0.16240280663076134,
    0.15198580229405276,
    0.14340528703688346,
    0.13375037801019923,
    0.12959554603265733,
    0.12342970722268537,
    0.11657122365131821,
    0.1092961787332579,
    0.10720463709656111,
    0.10353051901785369,
    0.09854950377544791,
    0.0940765056029423,
    0.09214935797391478,
    0.08795188972246401,
    0.08667106659526062,
    0.08340801918859948,
    0.08148528238009546,
    0.0792290983798424,
    0.07579256352229216,
    0.07242676812540932,
    0.07212420894773965,
    0.07238493027338355,
    0.07111236985926468,
    0.06769724800875507,
    0.06686379580960139,
    0.06492884447510094,
    0.061999315189524104,
    0.06253371069918282,
    0.06167381849216739,
    0.061675694012611186,
    0.057356865894164624,
    0.05863702199277804,
    0.05883829234187136,
    0.05568731724543823,
    0.05717164320275955,
    0.05425062281146799,
    0.05516162367787251,
    0.0524712311795231,
    0.053182948155079,
    0.05243908363327231,
    0.052113597847751734,
    0.047931556906743146,
    0.0478134710562521,
    0.046835338413600144,
    0.0499340258394704,
    0.046469526187775986,
    0.04512964172730433,
    0.04663947323029957,
    0.04527987093789522,
    0.04434196369664878,
    0.042702500948432795,
    0.042782567710298855,
    0.04428268330094894,
    0.042365878095523904,
    0.043489288370672265,
    0.04199753660641457,
    0.040907942089876255,
    0.039255702940113456,
    0.040596018554930835,
    0.040907048879517724,
    0.04008218457864732,
    0.03760583237888887,
    0.039472503256359974,
    0.03837363838131741,
    0.03779594508508585,
    0.03758639780823717,
    0.03600876495366935,
    0.03599903883758126,
    0.036138232418134346,
    0.035303037527218924,
    0.03760919122255801,
    0.03622355700960172,
    0.034421959462258775,
    0.03420634612623487,
    0.03469636645552117,
    0.035976265485100835,
    0.03361606192247001,
    0.03473518200257083,
    0.03329591021978671,
    0.033277748637477456,
    0.03386875448662058,
    0.033619835783160995,
    0.03222319486397367,
    0.030036629441664697,
    0.030500149668780032,
    0.03160718922052033,
    0.03185749609628212,
    0.03017678884693335,
    0.029903807959365706,
    0.030129987107993094,
    0.030013216440997942,
    0.030498452221773106,
    0.0320228477435897
  ],
  "val_loss": [
    0.4413577295266665,
    0.3175488320680765,
    0.28262542073543256,
    0.2557958524960738,
    0.2274594627893888,
    0.21089214774278495,
    0.20497597410128668,
    0.19151817835294282,
    0.177150424856406,
    0.1684762520285753,
    0.1723738587819613,
    0.16510950773954391,
    0.15525622837818587,
    0.1462144278562986,
    0.152994223512136,
    0.1486995552594845,
    0.15556772912924105,
    0.1464370655325743,
    0.14357311507830253,
    0.14240075275301933,
    0.1425204497690384,
    0.14524822338269308,
    0.14222391780752403,
    0.14700673090723845,
    0.1468965416917434,
    0.1369619105870907,
    0.13733660544340426,
    0.13796145125077322,
    0.1392570473253727,
    0.13617211293715697,
    0.1318313327546303,
    0.13650578976823732,
    0.1372261491532509,
    0.13473263010382652,
    0.13114450012262052,
    0.13292025258907905,
    0.13277412950992584,
    0.12857233131161103,
    0.12944135413720056,
    0.13284738505115876,
    0.13028383541565675,
    0.13236874943742385,
    0.13600517035676882,
    0.1348277101149926,
    0.13198444849023452,
    0.13546746338789278,
    0.14165518920008952,
    0.13896917580411985,
    0.14075885584148076,
    0.1378080787566992,
    0.14524901787248942,
    0.1361102698227534,
    0.12991629712856734,
    0.12709739417410815,
    0.1360425463376137,
    0.13511408765155536,
    0.12699071504175663,
    0.13963118782983377,
    0.13326343048650485,
    0.13325033365533903,
    0.13090876103020632,
    0.13186598425874343,
    0.12644188965742403,
    0.1296732216500319,
    0.12808317977648515,
    0.13223409065260336,
    0.1286396271047684,
    0.13483612826810434,
    0.1266633213426058,
    0.13125883673246092,
    0.13319208215062434,
    0.13266965804191735,
    0.13303244959276456,
    0.1320492712637553,
    0.13152719962482268,
    0.1271767973040159,
    0.1256378969320884,
    0.12899990093249541,
    0.12969676032662392,
    0.1295469386073259,
    0.1232009378190224,
    0.12934169058616346,
    0.12853258905502465,
    0.13364396416223967,
    0.13376826148193616,
    0.129919067884867,
    0.1336167800025298,
    0.13600183221010062,
    0.12801694912979236,
    0.13196109521847504,
    0.1319153020874812,
    0.13103374050786862,
    0.12819145476588836,
    0.12956119185456863,
    0.12614531442523003,
    0.12677023445184415,
    0.12911002481212983,
    0.12701185434483564,
    0.13081977931925884,
    0.12809052103413984,
    0.13159918828079334,
    0.13110232295898291,
    0.13339853301071203,
    0.13009557457497486,
    0.12744647020903918,
    0.1270786982316237
  ],