{
  "epoch": [
    1,
    2,
    3,
    4,
    5,
    6,
    7,
    8,
    9,
    10,
    11,
    12,
    13,
    14,
    15,
    16,
    17,
    18,
    19,
    20,
    21,
    22,
    23,
    24,
    25,
    26,
    27,
    28,
    29,
    30,
    31,
    32,
    33,
    34,
    35,
    36,
    37,
    38,
    39,
    40,
    41,
    42,
    43,
    44,
    45,
    46,
    47,
    48,
    49,
    50,
    51,
    52,
    53,
    54,
    55,
    56,
    57,
    58,
    59,
    60,
    61,
    62,
    63,
    64,
    65,
    66,
    67,
    68,
    69,
    70,
    71,
    72,
    73,
    74,
    75,
    76,
    77,
    78,
    79,
    80,
    81,
    82,
    83,
    84,
    85,
    86,
    87,
    88,
    89,
    90,
    91,
    92,
    93,
    94,
    95,
    96,
    97,
    98,
    99,
    100,
    101,
    102,
    103
  ],
  "train_loss": [
    1.1795551826044457,
    0.7178423410838413,
    0.578755004965153,
    0.49490645543201683,
    0.4308107665826365,
    0.3847507276793116,
    0.34068566030755487,
    0.30674115852596834,
    0.27771428112209456,
    0.2517168326783426,
    0.22854615187214822,
    0.2158140574687535,
    0.19733938962682007,
    0.18359958511037924,
    0.1726728542179791,
    0.16409884961609988,
    0.15409087623978399,
    0.14691299330635169,
    0.13989463137443534,
    0.13313298641713625,
    0.12663037683238687,
    0.11972516131846561,
    0.11648387815227214,
    0.11255145800712797,
    0.10736071669794235,
    0.10445351904430955,
    0.1016927840783424,
    0.09407824754100486,
    0.09093636305061813,
    0.08957276716060245,
    0.08996714378908738,
    0.08508666174620697,
    0.08091289560627385,
    0.07962148490640306,
    0.07702326166837178,
    0.07966317125048834,
    0.07534493174711146,
    0.07275414345881988,
    0.07509196443079981,
    0.07136431403611738,
    0.07235947382857197,
    0.06924300971104927,
    0.06643150114099082,
    0.062399076441898176,
    0.06085411702119505,
    0.06170287285691377,
    0.06197021215117162,
    0.058953210303425485,
    0.058201269275441614,
    0.059544675330602634,
    0.05311991752499772,
    0.0581128603980406,
    0.05590179164116223,
    0.05420284915100975,
    0.051306494017198834,
    0.052492758465604375,
    0.05128782286222294,
    0.05307426807691449,
    0.050322846480712446,
    0.04988089448666757,
    0.04865853947865748,
    0.04816236437211946,
    0.04831137650252618,
    0.04713411732413566,
    0.04381328620035777,
    0.045632802600463485,
    0.044906622221328546,
    0.045899009524086085,
    0.04586462648201388,
    0.042368974603866176,
    0.04339272416071947,
    0.043964165594121536,
    0.04121050469999768,
    0.04078951662108686,
    0.04226715605917204,
    0.03919995244899668,
    0.039705928290243615,
    0.03800927394204149,
    0.03843755513602465,
    0.03923696558922529,
    0.03805415815020883,
    0.03591506328126512,
    0.03729862688810171,
    0.03699537411274523,
    0.035790688360647596,
    0.0357046538493452,
    0.03301762101317266,
    0.03445927401975796,
    0.03371254871263332,
    0.033587555240206034,
    0.033764665276676264,
    0.03421113004946371,
    0.033837351811204834,
    0.031874272389068585,
    0.031800143775943014,
    0.032853942935729456,
    0.029948940135769007,
    0.03238509177499134,
    0.03161483596933564,
    0.03243053928209642,
    0.03071447253016006,
    0.03110041311394769,
    0.029683511769014997
  ],
  "val_loss": [
    0.4702645975809831,
    0.3369411780284001,
    0.29790515624559843,
    0.2580425361028084,
    0.2571150500040788,
    0.22878654759663802,
    0.2214344350191263,
    0.19536499793712908,
    0.19112500662987048,
    0.19092228664801672,
    0.17287759769421357,
    0.16741171364600843,
    0.17043940837566668,
    0.16730929509951517,
    0.1735908417747571,
    0.17608060974341172,
    0.16992042328302676,
    0.16797064359371477,
    0.1555959525016638,
    0.15888570994138718,
    0.1506853332886329,
    0.1567165622344384,
    0.1555298102589754,
    0.15909389406442642,
    0.15804559565507448,
    0.15379521365349108,
    0.15383596660999152,
    0.16250101018410462,
    0.1549664603976103,
    0.15243900338044533,
    0.1539606165427428,
    0.1551776952468432,
    0.15065640612290457,
    0.14650835326084724,
    0.14885820648991144,
    0.14866881588330635,
    0.14790812106086657,
    0.143703283312229,
    0.14121637378747648,
    0.1410073351401549,
    0.1397829448374418,
    0.14399055792735174,
    0.147818211466074,
    0.13798252235238367,
    0.14075969790036863,
    0.13600771988813692,
    0.13824361190199852,
    0.14999646922716728,
    0.14207782567693636,
    0.14453232431640992,
    0.14075036260944146,
    0.14845904535972154,
    0.14600637354529822,
    0.1395951624100025,
    0.1385095242697459,
    0.14528248745661515,
    0.14280632740029922,
    0.14318568259477615,
    0.14393673378687638,
    0.1397834517634832,
    0.14232929996573007,
    0.13758229607572922,
    0.1360220444890169,
    0.13839268827667603,
    0.13989788179214185,
    0.14064902325089162,
    0.13955270814207885,
    0.13889521131148705,
    0.14225801223745713,
    0.13474848751838392,
    0.14601055446725625,
    0.1411061200958032,
    0.13782112243083808,
    0.1401937188437352,
    0.13759145111991808,
    0.1435946120092502,
    0.13619298659838164,
    0.1335150393155905,
    0.13459601640128172,
    0.1348633668743647,
    0.14370691432402685,
    0.1413526781476461,
    0.14211243276412672,
    0.13531676507913148,
    0.1419872326346544,
    0.14719169271680024,
    0.1453244949762638,
    0.14372079217663178,
    0.1413458542755017,
    0.1440445055755285,
    0.14584229084161612,
    0.1463640064287644,
    0.1444119944308813,
    0.13895710443074888,
    0.13997714049541032,
    0.13825773533720237,
    0.14157000929117203,
    0.13765144118895897,
    0.13948827021970198,
    0.14047060161828995,
    0.13656999156452143,
    0.13499911960500938,
    0.1362539200255504
  ],