{
  "epoch": [
    1,
    2,
    3,
    4,
    5,
    6,
    7,
    8,
    9,
    10,
    11,
    12,
    13,
    14,
    15,
    16,
    17,
    18,
    19,
    20,
    21,
    22,
    23,
    24,
    25,
    26,
    27,
    28,
    29,
    30,
    31,
    32,
    33,
    34,
    35,
    36,
    37,
    38,
    39,
    40,
    41,
    42,
    43,
    44,
    45,
    46,
    47,
    48,
    49,
    50,
    51,
    52,
    53,
    54,
    55,
    56,
    57,
    58,
    59,
    60,
    61,
    62,
    63,
    64,
    65,
    66,
    67,
    68,
    69,
    70,
    71,
    72,
    73,
    74,
    75,
    76,
    77,
    78,
    79,
    80,
    81,
    82,
    83,
    84,
    85,
    86,
    87,
    88,
    89,
    90
  ],
  "train_loss": [
    1.4743670941013651,
    0.8687859724477395,
    0.6774644452272002,
    0.5614707317856169,
    0.4798866662475252,
    0.4119662906705719,
    0.35435759698607255,
    0.3101109468291715,
    0.27451589611387744,
    0.24769708314507277,
    0.21998675190603612,
    0.20255186931066907,
    0.1849030116092913,
    0.16646823440630412,
    0.15487291802143313,
    0.14546610507153973,
    0.1288885751873562,
    0.12249580636313281,
    0.11493132424723242,
    0.11060665259809838,
    0.10541783386514973,
    0.09569861732192875,
    0.08804057110293009,
    0.08510776657188676,
    0.07967218818123807,
    0.07569274095069502,
    0.0705459291768289,
    0.0693460868325891,
    0.06633282317443914,
    0.06192330185554384,
    0.056993665106440945,
    0.054232895076658925,
    0.05223319316570906,
    0.04987191110273305,
    0.04677288687413501,
    0.047069154223715215,
    0.0459441388285114,
    0.043614937165348804,
    0.04320909312359758,
    0.040613419995595194,
    0.03952702028273614,
    0.03773133982376186,
    0.036546216015079895,
    0.0356274844512113,
    0.03260823430195835,
    0.03269340339375986,
    0.030086170329913956,
    0.02968916027403446,
    0.031022199244747303,
    0.028746082809916938,
    0.027403980870395132,
    0.027848699876616142,
    0.027260973627112575,
    0.028458362433233672,
    0.024983059560889666,
    0.026931617188161797,
    0.02584690133052081,
    0.02386017715361584,
    0.02196740876576028,
    0.023756978038419998,
    0.022213085802972855,
    0.022271343816513408,
    0.024270859590165086,
    0.021490703611730683,
    0.02174038766672086,
    0.02092108542349228,
    0.019858220600542258,
    0.021692516056571118,
    0.020106915940204154,
    0.019657284150994624,
    0.019360153524195487,
    0.019931970535028612,
    0.018104301554333305,
    0.020334627883768035,
    0.019499434036990032,
    0.018688713841874767,
    0.01802093847702766,
    0.01728652089416558,
    0.01610560287882276,
    0.017906364019883356,
    0.01810604020396305,
    0.017002601231707586,
    0.017411240143701434,
    0.016402270191843555,
    0.0165719878601784,
    0.01650470407672476,
    0.01537759126687288,
    0.016830522004759766,
    0.015525954972938202,
    0.016310726825301488
  ],
  "val_loss": [
    0.7376858867131747,
    0.5151446736775912,
    0.44593154008571917,
    0.38187592304669893,
    0.34777074135266817,
    0.31028053164482117,
    0.2976414973919208,
    0.26907113652962905,
    0.26907443427122557,
    0.2596745158617313,
    0.2321270337471595,
    0.22442764616929567,
    0.20652285848672575,
    0.20328624947712973,
    0.19795606056085,
    0.19303304014297631,
    0.19488234875293878,
    0.18376987656721702,
    0.1816340616116157,
    0.16558043544109052,
    0.16325422261769956,
    0.16070198439634764,
    0.15793721263225263,
    0.16377110320788163,
    0.15784826043706673,
    0.16322681938226408,
    0.15419745387939307,
    0.1684022995714958,
    0.14119999368603414,
    0.14041296220742738,
    0.12702030000778344,
    0.13055874980412996,
    0.1418900890992238,
    0.1308600274989238,
    0.13366561726881906,
    0.1458838888658927,
    0.11767129943921016,
    0.11400304448146087,
    0.12103231337208015,
    0.1180909273142998,
    0.12163886599815808,
    0.13458867843907613,
    0.12823240659557855,
    0.11545958871451709,
    0.12298297265974376,
    0.11260730558289932,
    0.10820504650473595,
    0.11216190700920728,
    0.11277360225526187,
    0.12573885244245714,
    0.10938630066812038,
    0.11413337175662701,
    0.11851897663795032,
    0.1098055628916392,
    0.13384431442962244,
    0.10320107767788264,
    0.10669319102397332,
    0.11198084672483113,
    0.1079281707509206,
    0.1167653061162967,
    0.11351514765276359,
    0.10802465849197827,
    0.1077935785914843,
    0.10438620170148519,
    0.098623934130256,
    0.11678190199801555,
    0.1081757190135809,
    0.10848868323060182,
    0.11043998369803795,
    0.1207314761212239,
    0.12218265235424042,
    0.10763811219770175,
    0.10835566500631663,
    0.1144529847571483,
    0.11660423817542884,
    0.11818748497619079,
    0.11902269735359229,
    0.11399840649503928,
    0.1147433052269312,
    0.11525769646351154,
    0.11494562130134839,
    0.11415147580779515,
    0.11043662420259072,
    0.11007458845583293,
    0.11106890354018945,
    0.12193968089727256,
    0.119151102952086,
    0.1084866148348038,
    0.1136791634445007,
    0.10841168850087203
  ],
  "train_transduce": [
    1.4743670941013651,
    0.8687859724477395,
    0.6774644452272002,
    0.5614707317856169,
    0.4798866662475252,
    0.4119662906705719,
    0.35435759698607255,
    0.3101109468291715,
    0.27451589611387744,
    0.24769708314507277,
    0.21998675190603612,
    0.20255186931066907,
    0.1849030116092913,
    0.16646823440630412,
    0.15487291802143313,
    0.14546610507153973,
    0.1288885751873562,
    0.12249580636313281,
    0.11493132424723242,
    0.11060665259809838,
    0.10541783386514973,
    0.09569861732192875,
    0.08804057110293009,
    0.08510776657188676,
    0.07967218818123807,
    0.07569274095069502,
    0.0705459291768289,
    0.0693460868325891,
    0.06633282317443914,
    0.06192330185554384,
    0.056993665106440945,
    0.054232895076658925,
    0.05223319316570906,
    0.04987191110273305,
    0.04677288687413501,
    0.047069154223715215,
    0.0459441388285114,
    0.043614937165348804,
    0.04320909312359758,
    0.040613419995595194,
    0.03952702028273614,
    0.03773133982376186,
    0.036546216015079895,
    0.0356274844512113,
    0.03260823430195835,
    0.03269340339375986,
    0.030086170329913956,
    0.02968916027403446,
    0.031022199244747303,
    0.028746082809916938,
    0.027403980870395132,
    0.027848699876616142,
    0.027260973627112575,
    0.028458362433233672,
    0.024983059560889666,
    0.026931617188161797,
    0.02584690133052081,
    0.02386017715361584,
    0.02196740876576028,
    0.023756978038419998,
    0.022213085802972855,
    0.022271343816513408,
    0.024270859590165086,
    0.021490703611730683,
    0.02174038766672086,
    0.02092108542349228,
    0.019858220600542258,
    0.021692516056571118,
    0.020106915940204154,
    0.019657284150994624,
    0.019360153524195487,
    0.019931970535028612,
    0.018104301554333305,
    0.020334627883768035,
    0.019499434036990032,
    0.018688713841874767,
    0.01802093847702766,
    0.01728652089416558,
    0.01610560287882276,
    0.017906364019883356,
    0.01810604020396305,
    0.017002601231707586,
    0.017411240143701434,
    0.016402270191843555,
    0.0165719878601784,
    0.01650470407672476,
    0.01537759126687288,
    0.016830522004759766,
    0.015525954972938202,
    0.016310726825301488
  ],