{
  "epoch": [
    1,
    2,
    3,
    4,
    5,
    6,
    7,
    8,
    9,
    10,
    11,
    12,
    13,
    14,
    15,
    16,
    17,
    18,
    19,
    20,
    21,
    22,
    23,
    24,
    25,
    26,
    27,
    28,
    29,
    30,
    31,
    32,
    33,
    34,
    35,
    36,
    37,
    38,
    39,
    40,
    41,
    42,
    43,
    44,
    45,
    46,
    47,
    48,
    49,
    50,
    51,
    52,
    53,
    54,
    55,
    56,
    57,
    58,
    59,
    60,
    61,
    62,
    63,
    64,
    65,
    66,
    67,
    68,
    69,
    70,
    71,
    72,
    73,
    74,
    75,
    76,
    77,
    78,
    79,
    80,
    81,
    82,
    83,
    84,
    85,
    86,
    87,
    88,
    89,
    90,
    91,
    92,
    93,
    94,
    95,
    96,
    97,
    98,
    99,
    100,
    101,
    102,
    103
  ],
  "train_loss": [
    1.6502243976781863,
    0.9694326118667527,
    0.7011324612811061,
    0.570763358385256,
    0.501803449474939,
    0.45591204738853003,
    0.4226805030709446,
    0.38965800463563144,
    0.37028939741672856,
    0.3493590024438235,
    0.332512363939002,
    0.3109879548301791,
    0.2987613831416215,
    0.2887282803802207,
    0.2761430312501322,
    0.26179814427205833,
    0.2512369502593975,
    0.2426087965469549,
    0.23173583409573772,
    0.22126735363266256,
    0.21577751267664502,
    0.2036387963165151,
    0.19372677308793115,
    0.18923676375410345,
    0.1802589082629374,
    0.1759994375233603,
    0.17022238789808633,
    0.161336579461499,
    0.15664378302817297,
    0.1512956150097422,
    0.14589537709656328,
    0.13887344957283226,
    0.13400546003981392,
    0.12963778300598117,
    0.12468576564057039,
    0.12186957368313676,
    0.1150363100194695,
    0.11042205310694062,
    0.10802000086053763,
    0.10464406338068519,
    0.10125915145519937,
    0.0951701093575742,
    0.09307021809981601,
    0.09140840117441545,
    0.0863993410758748,
    0.08498516623484026,
    0.08023418858647346,
    0.07733130108306904,
    0.07409125426323107,
    0.07282480995843907,
    0.07364129269550933,
    0.07093777537050813,
    0.06823244683518268,
    0.0648168323395571,
    0.059834402349620765,
    0.05960273821976515,
    0.05794810236311785,
    0.05394268570707576,
    0.053479598835110664,
    0.05105301201122232,
    0.04930922756026877,
    0.049484873079870005,
    0.04710041596969165,
    0.047033850841297964,
    0.04093607533538696,
    0.04133108293287235,
    0.041412285316993695,
    0.03895049108800912,
    0.03787204384398047,
    0.037364838700188266,
    0.03814112387671329,
    0.03539222485321288,
    0.034937684193696125,
    0.03260794021926894,
    0.03315592324822256,
    0.03155471598452861,
    0.029939999167650642,
    0.030013541783215386,
    0.029332208576252555,
    0.028872999482520735,
    0.027749797845683474,
    0.023729146679512935,
    0.02349182898824168,
    0.02545789764308841,
    0.022634647519207827,
    0.02353318895923324,
    0.023417271904204742,
    0.022243337655015807,
    0.022270163631822805,
    0.020242044494699428,
    0.01867575494867593,
    0.018926845153443294,
    0.019905421684615978,
    0.020011028228788683,
    0.018783846999158953,
    0.018366769550939892,
    0.016492779841554343,
    0.017101621236836555,
    0.017755694180210627,
    0.016056399626454505,
    0.014650430055427374,
    0.016422416906490333,
    0.016653669412515247
  ],
  "val_loss": [
    0.9323934637583219,
    0.75275535766895,
    0.5088769243313715,
    0.4503492621275095,
    0.40821530039493853,
    0.37341594237547654,
    0.35629960550711703,
    0.33820479535139525,
    0.32098611157674056,
    0.3280106152479465,
    0.2898800533551436,
    0.2814894559291693,
    0.2791843918653635,
    0.26147865561338574,
    0.2680110025864381,
    0.2556345027226668,
    0.25742538617207456,
    0.2574730607179495,
    0.23530024633957788,
    0.2398166679419004,
    0.22216489509894297,
    0.22264601691411093,
    0.22031758611018842,
    0.20771890993301684,
    0.20605247410444114,
    0.1932762316786326,
    0.19175578883061042,
    0.19076464840999016,
    0.18824221996160653,
    0.18266198726800773,
    0.1822442005460079,
    0.17452502537232178,
    0.1772761608545597,
    0.17485289218334052,
    0.16955971717834473,
    0.16325648014362043,
    0.16551757489259428,
    0.16767419244234377,
    0.15789726605782142,
    0.14775399319254434,
    0.1569503299318827,
    0.1558658664043133,
    0.15422293916344643,
    0.1541538590995165,
    0.1485141094487447,
    0.14583967396846184,
    0.14414716196747926,
    0.13811800141747183,
    0.1418020914380367,
    0.14295849949121475,
    0.13594928641731924,
    0.1336033186660363,
    0.1330048656807496,
    0.1303233954195793,
    0.14200443430588797,
    0.12940017219919425,
    0.13227055909541938,
    0.13595163736205834,
    0.12969787304218,
    0.1302015294249241,
    0.12966940494684073,
    0.13105717530617347,
    0.12632856231469375,
    0.11736525681156379,
    0.12024943960400727,
    0.12441132217645645,
    0.12445744972389478,
    0.12540085441791093,
    0.11923503130674362,
    0.12113124834230313,
    0.1226040215159838,
    0.12434939452661918,
    0.1295038785498876,
    0.11914145516661498,
    0.11848522894657575,
    0.11475690640509129,
    0.1210877730582769,
    0.10985423452579059,
    0.12263848761526439,
    0.11636175444492927,
    0.11608807011865653,
    0.1143241382848758,
    0.12116056508742847,
    0.11844293286020939,
    0.11771059695344704,
    0.11830351874232292,
    0.11839057977956075,
    0.12065551043129884,
    0.11400974326981948,
    0.12095762244783916,
    0.11628710836745225,
    0.1149876003081982,
    0.1159430555999279,
    0.11993602032844837,
    0.1189633712459069,
    0.11713690038483876,
    0.12259978944292435,
    0.12137213721871376,
    0.12185521896641988,
    0.12306139904719132,
    0.12021947308228566,
    0.11464938507057153,
    0.11535685466459164
  ],