{
  "epoch": [
    1,
    2,
    3,
    4,
    5,
    6,
    7,
    8,
    9,
    10,
    11,
    12,
    13,
    14,
    15,
    16,
    17,
    18,
    19,
    20,
    21,
    22,
    23,
    24,
    25,
    26,
    27,
    28,
    29,
    30,
    31,
    32,
    33,
    34,
    35,
    36,
    37,
    38,
    39,
    40,
    41,
    42,
    43,
    44,
    45,
    46,
    47,
    48,
    49,
    50,
    51,
    52,
    53,
    54,
    55,
    56,
    57,
    58,
    59,
    60,
    61,
    62,
    63,
    64,
    65,
    66,
    67,
    68,
    69,
    70,
    71,
    72,
    73,
    74,
    75,
    76,
    77,
    78,
    79,
    80,
    81,
    82,
    83,
    84,
    85,
    86,
    87,
    88,
    89,
    90,
    91,
    92,
    93,
    94,
    95,
    96,
    97,
    98,
    99,
    100,
    101,
    102,
    103,
    104,
    105,
    106,
    107,
    108,
    109,
    110,
    111,
    112,
    113,
    114,
    115,
    116,
    117,
    118,
    119,
    120,
    121,
    122,
    123,
    124,
    125,
    126,
    127,
    128,
    129,
    130,
    131,
    132
  ],
  "train_loss": [
    1.2519424671364814,
    0.6630736142396927,
    0.48298552693779934,
    0.3697225159591006,
    0.299338638628881,
    0.25450076170496105,
    0.22167198068087862,
    0.1992232452732386,
    0.17624931079671555,
    0.16252723777877917,
    0.14824774546414307,
    0.13774033320933274,
    0.1245713866094953,
    0.11555249873817582,
    0.10643026601407946,
    0.09908575879544326,
    0.09059297266541068,
    0.08753679205001015,
    0.08249068636562407,
    0.07544698865757775,
    0.067148312801476,
    0.06756163999131046,
    0.06517948719106384,
    0.05908341763406685,
    0.05492437756668354,
    0.052514662687695515,
    0.04928698730607008,
    0.04626624035581793,
    0.04355433406596331,
    0.04252196618442222,
    0.04273936466899576,
    0.038017178655208386,
    0.037910043790014746,
    0.03683601941951772,
    0.03418739158756186,
    0.03345271953160769,
    0.03052701629199011,
    0.030729950069613064,
    0.027557981999821422,
    0.024894290286855598,
    0.02534707151017315,
    0.025215446732976696,
    0.022781398509792293,
    0.024201370384448122,
    0.023599924339634395,
    0.021592165686708596,
    0.020466318529233644,
    0.019696405450285403,
    0.018834067483374982,
    0.016610987028395086,
    0.017878808387190335,
    0.017288418035454972,
    0.018981966247647693,
    0.018485587206669152,
    0.017143673861168864,
    0.015321568773156897,
    0.01560416569232403,
    0.015682304372828568,
    0.013830106368782864,
    0.014867364847192484,
    0.013584402093385375,
    0.014414502983461567,
    0.011903063802182982,
    0.01298915064226375,
    0.013738325379966498,
    0.010358034180040405,
    0.011156262917511319,
    0.01229077160146001,
    0.012254295688837805,
    0.011036987089403165,
    0.013636322667433391,
    0.010675500441683437,
    0.011090783417925775,
    0.010389408584235274,
    0.009809252494566873,
    0.010985529598703166,
    0.008390298091023969,
    0.010078926117653892,
    0.010063638842242203,
    0.007083817345231829,
    0.008659107673591598,
    0.009261599613459223,
    0.010741138720366451,
    0.007858810917841578,
    0.008781200498054476,
    0.008883018220040333,
    0.007966538254812494,
    0.007390196492461027,
    0.007164531967965118,
    0.00892859634453642,
    0.008158254328234237,
    0.008150651828042645,
    0.008071705473037245,
    0.007932284974118638,
    0.007585013996072824,
    0.0070352300673905644,
    0.006237635581745747,
    0.005931451578100077,
    0.007260985520203866,
    0.006675461643812314,
    0.006312900977362231,
    0.00619835073062934,
    0.005717736645556684,
    0.006230835515415277,
    0.005742794429774147,
    0.00588448839878709,
    0.006602288138741848,
    0.006026280038229781,
    0.005526547598398708,
    0.004907817251112591,
    0.005012837895846292,
    0.004513743632807895,
    0.004998403677183381,
    0.005874688673185991,
    0.005482496734235685,
    0.00477841754576561,
    0.004185077018997411,
    0.005066679436719458,
    0.005361698130634734,
    0.005173177320927804,
    0.004776413461551089,
    0.004362537057907681,
    0.0038288086693261066,
    0.004833091084515921,
    0.0037801202929539117,
    0.004135305293566864,
    0.0037949462456493064,
    0.003667517773118158,
    0.004006037436897948,
    0.00482148121970108,
    0.005046122984362997,
    0.004709268736724439
  ],
  "val_loss": [
    0.6580460438361535,
    0.5116390196176676,
    0.442192018032074,
    0.4001388687353868,
    0.3732181271681419,
    0.35293166912519014,
    0.33067455200048596,
    0.307161814891375,
    0.2895121482702402,
    0.2910763265994879,
    0.27825988829135895,
    0.29015408800198483,
    0.25935001785938555,
    0.24389143861257112,
    0.24993432829013237,
    0.24590878303234392,
    0.23600938228460458,
    0.2291146952372331,
    0.2291899575636937,
    0.2285416882771712,
    0.221443038720351,
    0.19859887544925398,
    0.20293095306708261,
    0.21126479770128542,
    0.18675790669826361,
    0.19132009950967935,
    0.18374503002716944,
    0.17439541965723038,
    0.17770188301801682,
    0.191233923802009,
    0.16910193402033585,
    0.17346075549721718,
    0.16346570906730798,
    0.18647924867960122,
    0.162445963288729,
    0.17804121885162133,
    0.16179158595892099,
    0.17008435668853614,
    0.15753216267778322,
    0.16162744049842542,
    0.1739083336522946,
    0.16711124777793884,
    0.14982285293248984,
    0.15096407698897216,
    0.14584270005042738,
    0.1445834209712652,
    0.15093308572585767,
    0.12792774060597786,
    0.12784173583182004,
    0.13265350332053807,
    0.13956809187164673,
    0.15133844330333746,
    0.15811249384513268,
    0.13087628968060017,
    0.135781429708004,
    0.13468732641866574,
    0.1360053842744002,
    0.14079980666820818,
    0.13152719031159693,
    0.13041644170880318,
    0.12403302295849873,
    0.12249081280942146,
    0.13672355447824186,
    0.1345193746428077,
    0.128324273114021,
    0.13723303929257852,
    0.11279875742128262,
    0.12424968011104144,
    0.12419124671186392,
    0.12264244702573006,
    0.10542265433244981,
    0.12313713068858935,
    0.12632248916018468,
    0.12484973783676441,
    0.120218961356351,
    0.12725617808218187,
    0.12317611004870671,
    0.11443702976864117,
    0.1068081258294674,
    0.12339872709260537,
    0.11272197793452786,
    0.1257687294139312,
    0.10780196654825257,
    0.10804720333992289,
    0.11033650981978728,
    0.11010794139180619,
    0.10773801388075718,
    0.11810461284879309,
    0.12505939631507948,
    0.11288825537149723,
    0.11912776583519119,
    0.10225056778066434,
    0.10824766826744263,
    0.10939509138608208,
    0.10999635649988285,
    0.10694659019533831,
    0.1078690103470133,
    0.11586968801342525,
    0.10911066923290491,
    0.1132206056231203,
    0.10908253967332152,
    0.11245370992960838,
    0.11284329636523929,
    0.11557950609578536,
    0.11194154129435237,
    0.11021699845934144,
    0.09730547868933243,
    0.10346019520567587,
    0.11053084786264943,
    0.11581507832922328,
    0.117565006760952,
    0.11935099001185825,
    0.11605163430795074,
    0.1269183621938842,
    0.11214157847615962,
    0.11332210667359714,
    0.10427636416772237,
    0.11757193573822196,
    0.11804450321226166,
    0.10897645191289485,
    0.11893210420385003,
    0.12119403790431814,
    0.10970266645129484,
    0.10634472491577841,
    0.10694558404457684,
    0.11502143814085194,
    0.11414533944872136,
    0.11276515950269711,
    0.10771094217824821,
    0.11448742755545446,
    0.1105659883737994,
    0.10548675640557821
  ],