{
  "epoch": [
    1,
    2,
    3,
    4,
    5,
    6,
    7,
    8,
    9,
    10,
    11,
    12,
    13,
    14,
    15,
    16,
    17,
    18,
    19,
    20,
    21,
    22,
    23,
    24,
    25,
    26,
    27,
    28,
    29,
    30,
    31,
    32,
    33,
    34,
    35,
    36,
    37,
    38,
    39,
    40,
    41,
    42,
    43,
    44,
    45,
    46,
    47,
    48,
    49,
    50,
    51,
    52,
    53,
    54,
    55,
    56,
    57,
    58,
    59,
    60,
    61,
    62,
    63,
    64,
    65,
    66,
    67,
    68,
    69,
    70,
    71,
    72,
    73,
    74,
    75,
    76,
    77,
    78,
    79,
    80,
    81,
    82,
    83,
    84,
    85,
    86,
    87,
    88,
    89,
    90,
    91,
    92,
    93,
    94,
    95,
    96,
    97,
    98,
    99,
    100,
    101,
    102,
    103,
    104,
    105,
    106,
    107,
    108,
    109,
    110,
    111,
    112,
    113,
    114,
    115,
    116,
    117,
    118,
    119,
    120,
    121,
    122,
    123,
    124,
    125,
    126,
    127
  ],
  "train_loss": [
    1.6073260589973213,
    1.0027754807595126,
    0.8049351130564188,
    0.6877126758246078,
    0.6002068046442012,
    0.5257625695049148,
    0.47306035197887225,
    0.423103588297195,
    0.37965071815805335,
    0.3487606275941908,
    0.313799298608426,
    0.29373140587020163,
    0.2712739335046601,
    0.25400572055086645,
    0.23764387618020638,
    0.21980697385121867,
    0.2095772504960139,
    0.19613312737843425,
    0.18335322386671588,
    0.1713374845837195,
    0.16047638769924027,
    0.15392289840683496,
    0.14485964862648973,
    0.1354125239646312,
    0.13109794113132142,
    0.12453569467995584,
    0.11721292606641337,
    0.1107474196049356,
    0.10649636291812375,
    0.10223077717669231,
    0.09539955274499569,
    0.0902036473385452,
    0.0839140483744673,
    0.0866209222675906,
    0.08109464329312142,
    0.07780666735752956,
    0.07466846138008476,
    0.07138811484862541,
    0.06727295478364241,
    0.06611680463148453,
    0.06369361784501174,
    0.05926856082700884,
    0.061117367386894744,
    0.05515003559592458,
    0.05423373274850784,
    0.052801151567897234,
    0.05287567364800837,
    0.04982076936699066,
    0.047704557451352325,
    0.04810916576726535,
    0.04539733861102579,
    0.043486518017256386,
    0.043670930563635434,
    0.04287774655391875,
    0.03799587815577529,
    0.03779980830713799,
    0.035957327904659754,
    0.038045816829178444,
    0.036536226596337616,
    0.03180126852557524,
    0.03574754878609758,
    0.03277870092406562,
    0.03468241115801574,
    0.03175268020989738,
    0.030695518584365082,
    0.030172079316695632,
    0.029886307290841622,
    0.031220818106469112,
    0.02845521826661893,
    0.027278782022137616,
    0.02741467363210683,
    0.027829490402790227,
    0.02689412319744678,
    0.025953874580043647,
    0.02752028551605559,
    0.027247681008824676,
    0.023654199481375284,
    0.025534457822339898,
    0.024810621459709154,
    0.021402191519545217,
    0.022281324738137348,
    0.023938530374356767,
    0.024157295308373485,
    0.023575485734384238,
    0.02393957262993166,
    0.021063571845027666,
    0.021155992767667955,
    0.021131604200603497,
    0.021167134008005493,
    0.020315487415424174,
    0.021466583901651435,
    0.020229923858105677,
    0.019592745284809126,
    0.01971683654449304,
    0.02063421970329334,
    0.0196316866420171,
    0.018137930592368404,
    0.018791038244146584,
    0.019460606577172492,
    0.01730735205502739,
    0.019970202643289855,
    0.020046777409962236,
    0.018269938174347133,
    0.018942050489395398,
    0.016621406071281694,
    0.016649402831633065,
    0.016347856548874034,
    0.01623304059834594,
    0.015302045543236447,
    0.015796022766903426,
    0.016787173416100674,
    0.015308869846606838,
    0.015399472519140882,
    0.014124761287545421,
    0.014186398585845438,
    0.015588390304870213,
    0.015621141932626283,
    0.014647004641616506,
    0.015673795545152053,
    0.013597638142227973,
    0.0149554793870547,
    0.013847081057280879,
    0.015334986858958014,
    0.013803583676638753,
    0.013290077230662644,
    0.013283880691514495,
    0.014781853524948825
  ],
  "val_loss": [
    0.8649532474004306,
    0.6775468817124,
    0.57217354957874,
    0.5255202559324411,
    0.4622607712562268,
    0.4486176371574402,
    0.40029382705688477,
    0.3808749639070951,
    0.3716979599916018,
    0.3472083188020266,
    0.3296374816160936,
    0.322527303145482,
    0.30117121453468615,
    0.3051548061462549,
    0.28271385912711805,
    0.28208924256838286,
    0.27257462304372054,
    0.27485139667987823,
    0.2541184299267255,
    0.24820519181398246,
    0.24288070431122413,
    0.2305228870648604,
    0.22619049709576827,
    0.2244237455037924,
    0.22103711045705354,
    0.21458255213040572,
    0.21092724341612595,
    0.20003478343670184,
    0.19628026909553087,
    0.20587277985536134,
    0.1881942909497481,
    0.18985032404844576,
    0.17855216104250687,
    0.17126048184358156,
    0.18223869857879785,
    0.17732419875951913,
    0.17772198583071047,
    0.16257174542317024,
    0.16204837881601775,
    0.16948162019252777,
    0.16803236019152862,
    0.158839650452137,
    0.1570763662457466,
    0.15736446443658608,
    0.14959501675688303,
    0.14483421525129905,
    0.1415196178624263,
    0.1533759328035208,
    0.14900087393247163,
    0.15296971339445847,
    0.15295532575020424,
    0.14528071135282516,
    0.15144199018294996,
    0.14134005571787173,
    0.1375542260133303,
    0.13771993007797462,
    0.13797978655650064,
    0.13459832020677054,
    0.13736185975945914,
    0.14290886572920358,
    0.1288491183748612,
    0.13121149087181458,
    0.13820509841808906,
    0.11884577801594368,
    0.1291095339334928,
    0.13289206904860643,
    0.13699779630853579,
    0.12936063798574302,
    0.13114314182446554,
    0.13489981654744881,
    0.14069853551112688,
    0.12494361056731297,
    0.12901786485543618,
    0.12405414535449101,
    0.13142687626756155,
    0.1271383180641211,
    0.11713249780810796,
    0.12128148514490861,
    0.12620390951633453,
    0.12130443321970794,
    0.11363414503060855,
    0.13784118856375033,
    0.11998145855390109,
    0.12407801214319009,
    0.11859699080769832,
    0.1266178093277491,
    0.12069338989945558,
    0.12043389391440612,
    0.11339958599553658,
    0.11904789736637703,
    0.12019117663686092,
    0.12066065004238716,
    0.11371381881718452,
    0.11559858817893726,
    0.1224384901042168,
    0.12225742924671906,
    0.11439974792301655,
    0.11917383524660881,
    0.1177914936382037,
    0.12199401712188354,
    0.11913006036327435,
    0.11185837895251237,
    0.11456395499408245,
    0.11516935607561699,
    0.11990313575817989,
    0.11454819400723164,
    0.12090812738125141,
    0.11442218362711944,
    0.12490074479809174,
    0.12339272149480306,
    0.12409299354140575,
    0.1201518622155373,
    0.11900644606122604,
    0.1198162824775164,
    0.12155832221301702,
    0.1174570769071579,
    0.12387625787120599,
    0.1213547561604243,
    0.12416688739680327,
    0.12052833604124877,
    0.11990675802987355,
    0.11778887432928269,
    0.12129550857039598,
    0.12120300216170457,
    0.12494393753317687,
    0.12480141165164801,
    0.124236099421978
  ],