{
  "epoch": [
    1,
    2,
    3,
    4,
    5,
    6,
    7,
    8,
    9,
    10,
    11,
    12,
    13,
    14,
    15,
    16,
    17,
    18,
    19,
    20,
    21,
    22,
    23,
    24,
    25,
    26,
    27,
    28,
    29,
    30,
    31,
    32,
    33,
    34,
    35,
    36,
    37,
    38,
    39,
    40,
    41,
    42,
    43,
    44,
    45,
    46,
    47,
    48,
    49,
    50,
    51,
    52,
    53,
    54,
    55,
    56,
    57,
    58,
    59,
    60,
    61,
    62,
    63,
    64,
    65,
    66,
    67,
    68,
    69,
    70,
    71,
    72,
    73,
    74,
    75,
    76,
    77,
    78,
    79,
    80,
    81,
    82,
    83,
    84,
    85,
    86,
    87,
    88,
    89,
    90,
    91,
    92,
    93,
    94,
    95,
    96,
    97,
    98,
    99,
    100,
    101,
    102,
    103,
    104,
    105,
    106,
    107,
    108,
    109,
    110,
    111,
    112,
    113
  ],
  "train_loss": [
    1.3023651342580813,
    0.6234034839833137,
    0.4807574356546496,
    0.40559582692561763,
    0.3630072685456512,
    0.32562556833323864,
    0.30220693158041134,
    0.281915208343232,
    0.26292339218134925,
    0.2484036141102857,
    0.2287985334301939,
    0.21711159401600905,
    0.2046401774381647,
    0.19510398296141387,
    0.1838616455102911,
    0.174904763772346,
    0.16494839158978794,
    0.15955970126508487,
    0.15161740890528896,
    0.14492463578682135,
    0.1431957850656887,
    0.1343382858108766,
    0.1295873162770035,
    0.12597745745488914,
    0.12027496106848859,
    0.11681094835742865,
    0.11097673175506073,
    0.10875367450684605,
    0.1047080718718543,
    0.09951817048805775,
    0.09592327457105759,
    0.09288017451763153,
    0.09123413880715275,
    0.0898423720114302,
    0.08420948108824172,
    0.07940256827981165,
    0.07966626236344328,
    0.07481415496014132,
    0.07447207901663709,
    0.07096835889733664,
    0.06878118047324738,
    0.06785987719598383,
    0.06523318083422018,
    0.06452484452857239,
    0.06279634872432982,
    0.06163605075735267,
    0.056980141705953245,
    0.05462590079422634,
    0.05456226376244928,
    0.05139071503561912,
    0.04956305202207353,
    0.04759673728137323,
    0.047125299544175075,
    0.04587461150223666,
    0.046513383820800495,
    0.044719479203519256,
    0.042478937563477176,
    0.04099522507057922,
    0.040475688063272154,
    0.036914156205804634,
    0.038153326120411994,
    0.03848806583313363,
    0.0368235550525755,
    0.035479885350802154,
    0.03308850274153865,
    0.033622504396382535,
    0.03205291822663333,
    0.03017105246054949,
    0.02958019076855761,
    0.0296953941630845,
    0.028549128829842747,
    0.027999173637737733,
    0.027980149926451762,
    0.02697456326556973,
    0.026717973467294532,
    0.026239036559357796,
    0.023882532699752858,
    0.025827546640861742,
    0.02582780606030385,
    0.024390842332181955,
    0.022481093768694317,
    0.022099822593650016,
    0.02229206639314347,
    0.021488324199609533,
    0.021499393097503056,
    0.021195659994857736,
    0.020771307414305388,
    0.02109467077281068,
    0.019155765897456076,
    0.018937712410778396,
    0.0202855602838099,
    0.019146257444367844,
    0.0174321926355657,
    0.018039487518997182,
    0.017770179731789792,
    0.01566803198547499,
    0.01607152037230311,
    0.01652702219360093,
    0.015763502918405108,
    0.015534303501469664,
    0.016187105394696984,
    0.016182061370074895,
    0.015151637663954113,
    0.016180532244449056,
    0.014858235044884358,
    0.01287629556067583,
    0.013216231241914452,
    0.013881299351941389,
    0.012923411660744706,
    0.012356224495198319,
    0.014221379252169097,
    0.012538254906487937,
    0.01267217961139977
  ],
  "val_loss": [
    0.6245749042584345,
    0.42554117624576276,
    0.3701195235435779,
    0.33855541394307065,
    0.29753940265912276,
    0.28022904694080353,
    0.2700329858523149,
    0.2674171913128633,
    0.25569286942481995,
    0.23216777982620093,
    0.218316362454341,
    0.21636805339501455,
    0.20945734530687332,
    0.200147148508292,
    0.19225243077828333,
    0.18700261414051056,
    0.18149351271299216,
    0.1762119118983929,
    0.17368987546517298,
    0.18705435383778352,
    0.16792041579118142,
    0.1620447480907807,
    0.1643978228362707,
    0.15664690618331617,
    0.1507803241793926,
    0.15180668177512976,
    0.14911660208151892,
    0.14989603081574807,
    0.14569832585178888,
    0.14761696440669206,
    0.13684829639700744,
    0.13640344228882056,
    0.12824050136483633,
    0.13491242579542673,
    0.12483284163933533,
    0.13154837059286925,
    0.12693395723517126,
    0.12595324848706907,
    0.12808138504624367,
    0.11759718192311433,
    0.12911922455980226,
    0.13105891816891158,
    0.11934621632099152,
    0.12287172990349624,
    0.11550437673353232,
    0.1201687973852341,
    0.11107688769698143,
    0.1191323770639988,
    0.10995054273651196,
    0.11395839716379459,
    0.1214334901708823,
    0.11226815730333328,
    0.11595306115654799,
    0.11437077476428105,
    0.10901194237745725,
    0.10786011413885997,
    0.10635065287351608,
    0.10698895700849019,
    0.10718148430952659,
    0.10668044050152485,
    0.10551386125958882,
    0.10553947979441056,
    0.10624126430887443,
    0.10924703642152823,
    0.10446602421311232,
    0.10620584854712853,
    0.10177920156946549,
    0.10259231839042443,
    0.10307675299163048,
    0.10080965192845234,
    0.09678557973641616,
    0.09867533783500011,
    0.10135552430382141,
    0.10164828326266545,
    0.0944008741241235,
    0.09726387749497707,
    0.10474454582883762,
    0.09571993393966785,
    0.1011344905082996,
    0.10068848972710279,
    0.09629110375849101,
    0.10549460021922222,
    0.10056722178482093,
    0.1001411397010088,
    0.10013270951234378,
    0.0991636415800223,
    0.09391159449632351,
    0.09084239788353443,
    0.09825018807672538,
    0.09772566791910392,
    0.09953254260695897,
    0.09175732158697568,
    0.0979151358254827,
    0.09592032776429103,
    0.10417829110072209,
    0.09440330960429631,
    0.09613616936481915,
    0.09601251508754033,
    0.0967216848467405,
    0.09825490185847649,
    0.100628731199182,
    0.100271193167338,
    0.09753271765433826,
    0.09452759331235519,
    0.09481589395839435,
    0.09683806506487039,
    0.10158482896020779,
    0.10554283183927719,
    0.09973937602570423,
    0.10068354841608268,
    0.10325439188342828,
    0.1012810210768993,
    0.10404793817836505
  ],