{
  "epoch": [
    1,
    2,
    3,
    4,
    5,
    6,
    7,
    8,
    9,
    10,
    11,
    12,
    13,
    14,
    15,
    16,
    17,
    18,
    19,
    20,
    21,
    22,
    23,
    24,
    25,
    26,
    27,
    28,
    29,
    30,
    31,
    32,
    33,
    34,
    35,
    36,
    37,
    38,
    39,
    40,
    41,
    42,
    43,
    44,
    45,
    46,
    47,
    48,
    49,
    50,
    51,
    52,
    53,
    54,
    55
  ],
  "train_loss": [
    0.8466592225217328,
    0.30207641430429577,
    0.16307091716792166,
    0.10980862210091856,
    0.07778262010938727,
    0.0627639653045953,
    0.05623156327715854,
    0.04718144853436148,
    0.039621194901386485,
    0.03593382463051179,
    0.030997466800023906,
    0.029221557363982974,
    0.02676847813526149,
    0.024523959891179326,
    0.023992528550845292,
    0.019757175650063557,
    0.020904661396268717,
    0.018541111894067108,
    0.017465541327669833,
    0.01697513398344715,
    0.015473285761959468,
    0.014929320717220838,
    0.013198554794275268,
    0.014704290845253765,
    0.01543545900884843,
    0.013074533165355702,
    0.014356460264456678,
    0.012870226205403427,
    0.01144175385737062,
    0.012811339195078411,
    0.010497223309207632,
    0.00993941073154685,
    0.011199750701690419,
    0.010036583620510017,
    0.011086280266250264,
    0.008580392533217162,
    0.010179454810886173,
    0.009512676421454484,
    0.00874175973351776,
    0.009912076120243226,
    0.009287461989496825,
    0.008017919163733298,
    0.007097473659987091,
    0.00758535068523566,
    0.009143019660037568,
    0.00789005182486642,
    0.009738143916018595,
    0.00806616449887029,
    0.009141750458343503,
    0.007792632272389007,
    0.009534995765281246,
    0.007568570696412749,
    0.00758037251359111,
    0.009396364081881403,
    0.007370671361940433
  ],
  "val_loss": [
    0.31426706451636094,
    0.1799198710001432,
    0.14276162534952164,
    0.13207593445594495,
    0.12261095041265854,
    0.11349659900252636,
    0.11267766872277626,
    0.09219716474986993,
    0.09854950283009273,
    0.09715014853729652,
    0.09248618358889452,
    0.10130730371635693,
    0.09651523771194312,
    0.09929396011508428,
    0.08450924275586238,
    0.08327856924957953,
    0.08794902623272859,
    0.07977563178596589,
    0.08067087191515245,
    0.07617273480774692,
    0.08273387868673755,
    0.08723361023630087,
    0.0843002201559452,
    0.08635135389004762,
    0.08129454705004509,
    0.07908346926650175,
    0.08802402152035099,
    0.08408877038611816,
    0.08547463982652587,
    0.07095790915907575,
    0.08360557329769318,
    0.08386094889675196,
    0.07874071730587345,
    0.08316179357755643,
    0.08308070287323342,
    0.07623939072856536,
    0.0862205911320276,
    0.07591427486085404,
    0.08432698310263312,
    0.0819061864570428,
    0.08640985738468142,
    0.08329611585045663,
    0.08111688293194255,
    0.08464712546601032,
    0.08345737457141066,
    0.08170258143665986,
    0.08616705052554607,
    0.07792095251632138,
    0.08641404063046838,
    0.08710755697057511,
    0.08558868885470125,
    0.09009076441333701,
    0.08162391095762499,
    0.08571095290020682,
    0.09318944636302498
  ],
  "train_transduce": [
    0.8466592225217328,
    0.30207641430429577,
    0.16307091716792166,
    0.10980862210091856,
    0.07778262010938727,
    0.0627639653045953,
    0.05623156327715854,
    0.04718144853436148,
    0.039621194901386485,
    0.03593382463051179,
    0.030997466800023906,
    0.029221557363982974,
    0.02676847813526149,
    0.024523959891179326,
    0.023992528550845292,
    0.019757175650063557,
    0.020904661396268717,
    0.018541111894067108,
    0.017465541327669833,
    0.01697513398344715,
    0.015473285761959468,
    0.014929320717220838,
    0.013198554794275268,
    0.014704290845253765,
    0.01543545900884843,
    0.013074533165355702,
    0.014356460264456678,
    0.012870226205403427,
    0.01144175385737062,
    0.012811339195078411,
    0.010497223309207632,
    0.00993941073154685,
    0.011199750701690419,
    0.010036583620510017,
    0.011086280266250264,
    0.008580392533217162,
    0.010179454810886173,
    0.009512676421454484,
    0.00874175973351776,
    0.009912076120243226,
    0.009287461989496825,
    0.008017919163733298,
    0.007097473659987091,
    0.00758535068523566,
    0.009143019660037568,
    0.00789005182486642,
    0.009738143916018595,
    0.00806616449887029,
    0.009141750458343503,
    0.007792632272389007,
    0.009534995765281246,
    0.007568570696412749,
    0.00758037251359111,
    0.009396364081881403,
    0.007370671361940433
  ],
  "val_transduce": [
    0.31426706451636094,
    0.1799198710001432,
    0.14276162534952164,
    0.13207593445594495,
    0.12261095041265854,
    0.11349659900252636,
    0.11267766872277626,
    0.09219716474986993,
    0.09854950283009273,
    0.09715014853729652,
    0.09248618358889452,
    0.10130730371635693,
    0.09651523771194312,
    0.09929396011508428,
    0.08450924275586238,
    0.08327856924957953,
    0.08794902623272859,
    0.07977563178596589,
    0.08067087191515245,
    0.07617273480774692,
    0.08273387868673755,
    0.08723361023630087,
    0.0843002201559452,
    0.08635135389004762,
    0.08129454705004509,
    0.07908346926650175,
    0.08802402152035099,
    0.08408877038611816,
    0.08547463982652587,
    0.07095790915907575,
    0.08360557329769318,
    0.08386094889675196,
    0.07874071730587345,
    0.08316179357755643,
    0.08308070287323342,
    0.07623939072856536,
    0.0862205911320276,
    0.07591427486085404,
    0.08432698310263312,
    0.0819061864570428,
    0.08640985738468142,
    0.08329611585045663,
    0.08111688293194255,
    0.08464712546601032,
    0.08345737457141066,
    0.08170258143665986,
    0.08616705052554607,
    0.07792095251632138,
    0.08641404063046838,
    0.08710755697057511,
    0.08558868885470125,
    0.09009076441333701,
    0.08162391095762499,
    0.08571095290020682,
    0.09318944636302498
  ],
  "l0": [
    0.0,
    0.0,
    0.0,
    0.0,
    0.0,
    0.0,
    0.0,
    0.0,
    0.0,
    0.0,
    0.0,
    0.0,
    0.0,
    0.0,
    0.0,
    0.0,
    0.0,
    0.0,
    0.0,
    0.0,
    0.0,
    0.0,
    0.0,
    0.0,
    0.0,
    0.0,
    0.0,
    0.0,
    0.0,
    0.0,
    0.0,
    0.0,
    0.0,
    0.0,
    0.0,
    0.0,
    0.0,
    0.0,
    0.0,
    0.0,
    0.0,
    0.0,
    0.0,
    0.0,
    0.0,
    0.0,
    0.0,
    0.0,
    0.0,
    0.0,
    0.0,
    0.0,
    0.0,
    0.0,
    0.0
  ],
  "lambda_l0_effective": [
    0.01,
    0.01,
    0.01,
    0.01,
    0.01,
    0.01,
    0.01,
    0.01,
    0.01,
    0.01,
    0.01,
    0.01,
    0.01,
    0.01,
    0.01,
    0.01,
    0.01,
    0.01,
    0.01,
    0.01,
    0.01,
    0.01,
    0.01,
    0.01,
    0.01,
    0.01,
    0.01,
    0.01,
    0.01,
    0.01,
    0.01,
    0.01,
    0.01,
    0.01,
    0.01,
    0.01,
    0.01,
    0.01,
    0.01,
    0.01,
    0.01,
    0.01,
    0.01,
    0.01,
    0.01,
    0.01,
    0.01,
    0.01,
    0.01,
    0.01,
    0.01,
    0.01,
    0.01,
    0.01,
    0.01
  ],
  "recon_loss": [],
  "balance_loss": []
}