{
  "epoch": [
    1,
    2,
    3,
    4,
    5,
    6,
    7,
    8,
    9,
    10,
    11,
    12,
    13,
    14,
    15,
    16,
    17,
    18,
    19,
    20,
    21,
    22,
    23,
    24,
    25,
    26,
    27,
    28,
    29,
    30,
    31,
    32,
    33,
    34,
    35,
    36,
    37,
    38,
    39,
    40,
    41,
    42,
    43,
    44,
    45,
    46,
    47,
    48,
    49,
    50,
    51,
    52,
    53,
    54,
    55,
    56,
    57,
    58,
    59,
    60,
    61,
    62,
    63,
    64,
    65,
    66,
    67,
    68,
    69,
    70,
    71,
    72,
    73,
    74,
    75,
    76,
    77,
    78,
    79,
    80,
    81,
    82,
    83,
    84,
    85,
    86,
    87,
    88,
    89,
    90,
    91,
    92,
    93,
    94,
    95,
    96,
    97,
    98,
    99,
    100,
    101,
    102,
    103
  ],
  "train_loss": [
    1.1032502943336373,
    0.38055525188988976,
    0.27663962129909214,
    0.23387675953678566,
    0.20438606019067293,
    0.1886968670947717,
    0.17170853949714415,
    0.16189582291806098,
    0.15171443051335834,
    0.14562628292801358,
    0.1362734348467081,
    0.13018235128999936,
    0.12407865537570255,
    0.11884561619988762,
    0.11412907856525761,
    0.107587431253183,
    0.10577900965910146,
    0.10260959865875763,
    0.10075880679311139,
    0.0951601948847275,
    0.09061367594000727,
    0.09108854760185327,
    0.08749207367401311,
    0.08552065353361096,
    0.08279968757588084,
    0.08254868535343374,
    0.07810244194720642,
    0.07808355105542901,
    0.07580782205677859,
    0.07512934044888704,
    0.0721360939453439,
    0.07231064906140955,
    0.06819641861216266,
    0.06933450315258291,
    0.0662214138019498,
    0.06454386556576384,
    0.062194759293579226,
    0.06403693108644226,
    0.06226079011022454,
    0.061936114315349275,
    0.059909889520616225,
    0.05673676688629802,
    0.056956046758828184,
    0.05660684472226565,
    0.05331692754263335,
    0.05378977995882235,
    0.04923722021613676,
    0.048855052938186885,
    0.05132175736719429,
    0.04721726878260327,
    0.048300018192886714,
    0.04746915332714815,
    0.04510966871892757,
    0.04278717980268273,
    0.04564218006401074,
    0.04086084550910509,
    0.04161377407905489,
    0.04014494836717696,
    0.03986617418393345,
    0.0408687173149152,
    0.03966219200854107,
    0.038647020295594296,
    0.03766434527656967,
    0.0374076526962442,
    0.03665788828552064,
    0.03414575710413185,
    0.03486162839033226,
    0.033405380775359005,
    0.03207738700295144,
    0.03292920587510608,
    0.03205065479465198,
    0.03294115938651975,
    0.0315027369674996,
    0.029378962880553732,
    0.0326927244077704,
    0.029812079379427255,
    0.029304247358721672,
    0.02869417071158048,
    0.028612583453794666,
    0.02752142184699821,
    0.02685452286283126,
    0.025525873395531338,
    0.026270202015259182,
    0.02622332495618796,
    0.0262238023765754,
    0.026016125480856488,
    0.025891702426228635,
    0.025819348973581697,
    0.025453063783853657,
    0.025635084388593195,
    0.024889518730434598,
    0.025271766254272642,
    0.02312540084971945,
    0.022025089593382903,
    0.022068967401870702,
    0.02144451395465559,
    0.023061001156963926,
    0.0215522080756687,
    0.019674046122985386,
    0.02171537616880297,
    0.0213804218553855,
    0.02006845513363323,
    0.02210641337332712
  ],
  "val_loss": [
    0.38190418711075413,
    0.2569836641733463,
    0.2305819753270883,
    0.21797183671822914,
    0.20338639788902724,
    0.18562868352119738,
    0.16952340075602898,
    0.17306360946251795,
    0.17369852788173235,
    0.16176187132413572,
    0.14741241759978807,
    0.1474148344535094,
    0.1459100727851574,
    0.1418352723121643,
    0.13739579199598387,
    0.13485950661393312,
    0.1265541730591884,
    0.12793279639803445,
    0.12595067402491203,
    0.12095254315779759,
    0.11989454724467717,
    0.1170608215034008,
    0.11575268294948798,
    0.11536058783531189,
    0.12130449167810954,
    0.11596611371407142,
    0.11640251886386138,
    0.1157546668098523,
    0.11472363512103374,
    0.11158139029374489,
    0.10959500905412894,
    0.11106882989406586,
    0.1116197080566333,
    0.10634669031088169,
    0.1060149589410195,
    0.10337532168397537,
    0.10182397010234687,
    0.10479261984045689,
    0.1036587068094657,
    0.10099316932834111,
    0.10079513719448677,
    0.09661351688779317,
    0.09967967352041832,
    0.08938725077762054,
    0.09015467719962963,
    0.0950422716828493,
    0.09551214111539033,
    0.0906421049283101,
    0.09230622248007701,
    0.09450988801052937,
    0.09300189049771199,
    0.10183685043683419,
    0.09136172641928379,
    0.091024396654505,
    0.09066528583375308,
    0.08849374777995624,
    0.09253881140970267,
    0.08830699338935889,
    0.08342018580207458,
    0.08583119139075279,
    0.08442625288779919,
    0.0860989957761306,
    0.08668795013083862,
    0.08932353498844,
    0.08614667777258617,
    0.09243003493891312,
    0.08555907283264857,
    0.08902478518967445,
    0.08504203191170326,
    0.09167309356136964,
    0.0872600657435564,
    0.08618806195087157,
    0.08529398432717873,
    0.0833975298760029,
    0.0936723192437337,
    0.08899969306702797,
    0.08316031485222854,
    0.08299806491973308,
    0.0843488028846108,
    0.08720595009911519,
    0.0845727135355656,
    0.08334544444313416,
    0.09032661396150406,
    0.08325759507715702,
    0.0842409383219022,
    0.08796185942796561,
    0.08306179510859343,
    0.08595635799261239,
    0.0836188320357066,
    0.08460362470493867,
    0.0835708616158137,
    0.08677972143945786,
    0.08637945984418575,
    0.08514230999235924,
    0.0882258299881449,
    0.08667604596568988,
    0.08650683891028166,
    0.08608034288940522,
    0.08892974737458505,
    0.08788045166203609,
    0.08746269459907825,
    0.08674964588135481,
    0.08831215549546939
  ],