{
  "epoch": [
    1,
    2,
    3,
    4,
    5,
    6,
    7,
    8,
    9,
    10,
    11,
    12,
    13,
    14,
    15,
    16,
    17,
    18,
    19,
    20,
    21,
    22,
    23,
    24,
    25,
    26,
    27,
    28,
    29,
    30,
    31,
    32,
    33,
    34,
    35,
    36,
    37,
    38,
    39,
    40,
    41,
    42,
    43,
    44,
    45,
    46,
    47,
    48,
    49,
    50,
    51,
    52,
    53,
    54,
    55,
    56,
    57,
    58,
    59,
    60,
    61,
    62,
    63,
    64,
    65,
    66,
    67,
    68,
    69,
    70,
    71,
    72,
    73,
    74,
    75,
    76,
    77,
    78,
    79,
    80,
    81,
    82
  ],
  "train_loss": [
    1.0602128069425367,
    0.567565490443682,
    0.41172286069270264,
    0.31356255779254066,
    0.24387961718224987,
    0.19856613298359604,
    0.16754619458440653,
    0.1446888116140341,
    0.13042120074795693,
    0.11614172669492431,
    0.10522493531869859,
    0.09592679690223993,
    0.08672870261613856,
    0.0833508999653391,
    0.07564499925284349,
    0.07119145964454744,
    0.0666489848655831,
    0.06181237191806749,
    0.05717188997443804,
    0.05172546794542025,
    0.05215941614365762,
    0.04590580158281265,
    0.0462113463502262,
    0.04211405623396955,
    0.04061528123895993,
    0.037323786997111495,
    0.03793151102979312,
    0.0345856943455784,
    0.03465011443693152,
    0.03254227739633973,
    0.031352295953127524,
    0.030246890234021644,
    0.02770288944839663,
    0.028652502053426867,
    0.026288639982086942,
    0.023985226009732363,
    0.025000166980856935,
    0.025146768939652547,
    0.02512922817985191,
    0.021417426900726927,
    0.024075773563812075,
    0.02274405851494521,
    0.019870960120034895,
    0.022500568429565,
    0.020228268052979382,
    0.019444730470062607,
    0.01988979148409646,
    0.01746519593181108,
    0.01844393739539208,
    0.018131152009015383,
    0.018241730531840826,
    0.01703509793751249,
    0.016945202904513356,
    0.01732129382675264,
    0.016312320429841345,
    0.015455984482877725,
    0.015816407117959036,
    0.016231591538430106,
    0.01652154445614589,
    0.015491191643415038,
    0.016201148665337294,
    0.014603580295386696,
    0.015422332529026592,
    0.014107578924914687,
    0.013563485040819062,
    0.012310818244568696,
    0.011622020718521564,
    0.012901358655653894,
    0.012787316476364533,
    0.01198834064656619,
    0.012969203574760557,
    0.013496458325799094,
    0.012828340208441135,
    0.011351299860404286,
    0.010985698789770994,
    0.012713463178274135,
    0.0121406318959492,
    0.01177323105134137,
    0.012756848026405462,
    0.010142412895070313,
    0.01105205010449917,
    0.011690014972682735
  ],
  "val_loss": [
    0.4688604153119601,
    0.34378115030435413,
    0.2960237470956949,
    0.28852895360726577,
    0.23949500574515417,
    0.23002295539929316,
    0.2360301178235274,
    0.21097856817337182,
    0.21246048521537048,
    0.2028402972679872,
    0.20353021644628966,
    0.1938829949268928,
    0.18994034769443366,
    0.17960262355896142,
    0.18163164475789437,
    0.18818352142205605,
    0.17295426244919115,
    0.16633421469193238,
    0.1700820831152109,
    0.16374184707036385,
    0.158554447384981,
    0.16153460569106615,
    0.16554292291402817,
    0.1624633469260656,
    0.158625293809634,
    0.16358086466789246,
    0.15522888875924623,
    0.15221790682811004,
    0.15136332007554862,
    0.14960564730259088,
    0.1508253296980491,
    0.15361721670398346,
    0.14740403225788704,
    0.1614050234739597,
    0.14338675084022376,
    0.14796906509078467,
    0.14841662118068108,
    0.14610481491455665,
    0.1377735799894883,
    0.15260433205045187,
    0.14678417404110616,
    0.14060147737081236,
    0.15316546421784621,
    0.1468343247587864,
    0.14646479114890099,
    0.1417816441792708,
    0.1403717567714361,
    0.1497165632362549,
    0.14300949327074564,
    0.13904046869048706,
    0.13709391940098542,
    0.1396193687732403,
    0.1357952794776513,
    0.1466553996388729,
    0.14855491943084276,
    0.13101835520221636,
    0.12650501212248436,
    0.13399944483087614,
    0.13260199530766562,
    0.13690279710751313,
    0.14279025019361422,
    0.13946837387405908,
    0.1455641076541864,
    0.14777960914831895,
    0.1335748345232927,
    0.1351108354731248,
    0.1501312513764088,
    0.143143269018485,
    0.13648779031175834,
    0.13938976766971442,
    0.1432647997370133,
    0.152586569579748,
    0.13795742220603502,
    0.14246895164251328,
    0.14477493957831308,
    0.14274193690373346,
    0.14001896175054404,
    0.13859502942516252,
    0.13233760371804237,
    0.13714891356917527,
    0.1364444955610312,
    0.1304504401408709
  ],
  "train_transduce": [
    1.056300019787759,
    0.5671846249054388,
    0.4113175426561808,
    0.3130730770758747,
    0.2432740763137021,
    0.19802556663137122,
    0.1668963106253098,
    0.14396522255595198,
    0.12992371853018544,
    0.1155748564711551,
    0.10436077604127914,
    0.0953682380891645,
    0.0862756895343053,
    0.08268232353646116,
    0.0750889218095498,
    0.07068823410447725,
    0.06607504548101696,
    0.061386996112072593,
    0.05683280060010165,
    0.05124689011652138,
    0.051722769548674837,
    0.04555748347385028,
    0.045735323244763405,
    0.041680450258373296,
    0.04029900352614596,
    0.03691366089258304,
    0.03752829691817619,
    0.034209938575849703,
    0.034264376473411455,
    0.032240640386439784,
    0.031025991388644602,
    0.0299486982319312,
    0.0273508961701324,
    0.028175313765010267,
    0.02592102805459776,
    0.023627848518033002,
    0.024689368831627454,
    0.024812889561421938,
    0.024832069096107457,
    0.021127904215635557,
    0.023716561852704696,
    0.022437146379967632,
    0.019638774177232355,
    0.022199543303397205,
    0.019925820788839043,
    0.01917856315045243,
    0.01963748403143176,
    0.01719603161975626,
    0.01816900405845576,
    0.017908982333688775,
    0.01799667526646181,
    0.01672190254237311,
    0.016718644619986567,
    0.017058419058886692,
    0.01609914059529907,
    0.01519325972935569,
    0.015540952180373031,
    0.015961178495625474,
    0.016254698711245793,
    0.015251185559576434,
    0.01596719846993531,
    0.014384407037028986,
    0.01519385014946294,
    0.013902460400149533,
    0.013307435648064561,
    0.012004099773079847,
    0.011357670738097741,
    0.012644886292730813,
    0.012536300689500478,
    0.011768180965181901,
    0.012732556529016685,
    0.013313716386694499,
    0.012634823491830455,
    0.011136293106414761,
    0.010783493315702612,
    0.01251604721446992,
    0.011935790731888456,
    0.011549361215750734,
    0.012536510127565353,
    0.009982350231664371,
    0.010889651810692758,
    0.011493565480179182
  ],