{
  "epoch": [
    1,
    2,
    3,
    4,
    5,
    6,
    7,
    8,
    9,
    10,
    11,
    12,
    13,
    14,
    15,
    16,
    17,
    18,
    19,
    20,
    21,
    22,
    23,
    24,
    25,
    26,
    27,
    28,
    29,
    30,
    31,
    32,
    33,
    34,
    35,
    36,
    37,
    38,
    39,
    40,
    41,
    42,
    43,
    44,
    45,
    46,
    47,
    48,
    49,
    50,
    51,
    52,
    53,
    54,
    55,
    56,
    57,
    58,
    59,
    60,
    61,
    62,
    63,
    64,
    65,
    66,
    67,
    68,
    69,
    70,
    71,
    72,
    73,
    74,
    75,
    76,
    77,
    78,
    79,
    80,
    81,
    82,
    83,
    84,
    85,
    86,
    87,
    88,
    89,
    90,
    91,
    92,
    93,
    94,
    95,
    96,
    97,
    98,
    99,
    100,
    101,
    102,
    103,
    104,
    105
  ],
  "train_loss": [
    1.2328964725579366,
    0.6411549897477178,
    0.4708810790930644,
    0.3903931624228411,
    0.3417057411210372,
    0.3124656177098208,
    0.2889244879531388,
    0.26778045399944383,
    0.2525082929889754,
    0.23953401806330918,
    0.22357362626802804,
    0.2102035115851034,
    0.19973653171322134,
    0.19019691801012154,
    0.18193366562966073,
    0.17517929944661584,
    0.16837529543012675,
    0.16143657997398092,
    0.15536002342653746,
    0.15188475115464464,
    0.1481589942727939,
    0.14220429211854935,
    0.13627298692665477,
    0.13504286730053403,
    0.13098405552382517,
    0.12709432501013918,
    0.1251945370937338,
    0.11906539099198757,
    0.11648231737389422,
    0.115246879656126,
    0.10973996606351126,
    0.10976137357330558,
    0.1081555638425421,
    0.10346771374639899,
    0.10111926636188337,
    0.09936442569193274,
    0.09839515395388745,
    0.09480467621273923,
    0.09217855430180484,
    0.09143348451298063,
    0.08838055978095767,
    0.08559619388220334,
    0.08513319068173371,
    0.08391638539067589,
    0.08152387248776337,
    0.08088303982547604,
    0.07839178172226,
    0.07847284566205327,
    0.07532647639365479,
    0.07444573195632731,
    0.07384987564591489,
    0.07345321868537086,
    0.06964102778399345,
    0.06994027607511766,
    0.06831223954732465,
    0.06741795013889228,
    0.06577755542158491,
    0.06660866534503379,
    0.06629007239595498,
    0.06456884454087455,
    0.06302065715783893,
    0.06218057738082244,
    0.06196730259326425,
    0.06058015301823616,
    0.05820747433543796,
    0.05703972617514653,
    0.05859893219231969,
    0.059237600101324,
    0.05686213409915419,
    0.055309126845164466,
    0.05427854740531138,
    0.052900554603057925,
    0.05529197234439083,
    0.054444885987899094,
    0.05270046745380848,
    0.051795781350298095,
    0.05215105799829016,
    0.051380230510367615,
    0.04927226656697469,
    0.05155729204600695,
    0.050023335170480285,
    0.04985915582700826,
    0.049474082582879185,
    0.04773079992115203,
    0.047675308771431446,
    0.04673076549194532,
    0.04634098152602368,
    0.047174849372246475,
    0.0454872744526751,
    0.045152714033380593,
    0.045029598610973595,
    0.044190504251619675,
    0.04814419136059904,
    0.04423919096035828,
    0.04401608371166604,
    0.04323075277417308,
    0.043565191973996636,
    0.04404206423660611,
    0.04134072196476235,
    0.04309806362310849,
    0.043261086374595026,
    0.042221993069616284,
    0.04235873798756759,
    0.04084324617270786,
    0.04232534303302222
  ],
  "val_loss": [
    0.6208018339597262,
    0.4029024656002338,
    0.32273078767152935,
    0.291556553198741,
    0.2809556963352057,
    0.26314221207912153,
    0.2594647522156055,
    0.245707580103324,
    0.2406406247845063,
    0.2260472568181845,
    0.21498338534281805,
    0.20161251838390642,
    0.2012279543739099,
    0.19580115091342193,
    0.19501816997161278,
    0.18401489062951162,
    0.1840870357476748,
    0.1697156589764815,
    0.17116724642423484,
    0.16840248440320676,
    0.16073964650814349,
    0.1593823885688415,
    0.1522295933503371,
    0.14713782215347657,
    0.1472922067802686,
    0.1458453152042169,
    0.14524214227612203,
    0.13686780946759078,
    0.13305569583406815,
    0.13176130732664695,
    0.13763967271034533,
    0.1368366376711772,
    0.12333399028732227,
    0.12413458612102729,
    0.1242274151971707,
    0.1203153460071637,
    0.1256137487406914,
    0.12185491592838214,
    0.11893929082613725,
    0.11759184014338714,
    0.11309078708291054,
    0.109561620423427,
    0.10949735071223515,
    0.10928674830267063,
    0.11191185076649372,
    0.10736607616910568,
    0.10458488475817901,
    0.1114159315251387,
    0.10004786803172185,
    0.1028370404472718,
    0.1262456261767791,
    0.0984178023556104,
    0.10590986334360562,
    0.10929183848202229,
    0.09636629028962208,
    0.09520188690378116,
    0.09637220519093367,
    0.09846082430046338,
    0.09818226586167629,
    0.09511739631684926,
    0.0924977999753677,
    0.09364097894957432,
    0.09138578477387245,
    0.09754956112458156,
    0.0968512692130529,
    0.09504775086847636,
    0.09376159983758743,
    0.09578194068028377,
    0.0924975724460987,
    0.09921422242545165,
    0.09072349650355485,
    0.09733254963961932,
    0.09067134888699421,
    0.09068084429376401,
    0.09565830015792297,
    0.09533963839595135,
    0.11479636969474646,
    0.08905181790200564,
    0.09362939659219521,
    0.0870086050664003,
    0.0939888210537342,
    0.09298598623046508,
    0.11292490649681824,
    0.09910305001987861,
    0.10079612153080794,
    0.09391014980008969,
    0.09248919011308597,
    0.09209213162270877,
    0.11274293580880532,
    0.08929594978690147,
    0.09921780773080312,
    0.10377951625448006,
    0.09409935700778778,
    0.09347445087937209,
    0.09636736704179874,
    0.09301422335780583,
    0.09628871398476455,
    0.09331094430616269,
    0.08952026556317623,
    0.09079536480399278,
    0.09581840926638016,
    0.09494089177594735,
    0.0971599010607371,
    0.09864172668984303,
    0.09182275029329154
  ],