{
  "epoch": [
    1,
    2,
    3,
    4,
    5,
    6,
    7,
    8,
    9,
    10,
    11,
    12,
    13,
    14,
    15,
    16,
    17,
    18,
    19,
    20,
    21,
    22,
    23,
    24,
    25,
    26,
    27,
    28,
    29,
    30,
    31,
    32,
    33,
    34,
    35,
    36,
    37,
    38,
    39,
    40,
    41,
    42,
    43,
    44,
    45,
    46,
    47,
    48,
    49,
    50,
    51,
    52,
    53,
    54,
    55,
    56,
    57,
    58,
    59,
    60,
    61,
    62,
    63,
    64,
    65,
    66,
    67,
    68,
    69,
    70,
    71,
    72,
    73,
    74,
    75,
    76,
    77,
    78,
    79,
    80,
    81,
    82,
    83,
    84,
    85,
    86,
    87,
    88,
    89,
    90,
    91,
    92,
    93,
    94,
    95,
    96,
    97,
    98,
    99,
    100,
    101,
    102,
    103,
    104,
    105,
    106,
    107,
    108,
    109,
    110,
    111,
    112,
    113,
    114,
    115,
    116,
    117,
    118,
    119,
    120,
    121,
    122,
    123
  ],
  "train_loss": [
    0.9314283076489326,
    0.3880843380005053,
    0.28352516284673523,
    0.24818056320199872,
    0.2257065182865256,
    0.2058790322430063,
    0.19046673857339538,
    0.1737695175527346,
    0.15779559764236506,
    0.14757839900137174,
    0.1389843473340025,
    0.13187031956887482,
    0.12323926208485471,
    0.11794001664413084,
    0.10947349354034604,
    0.10727179079952806,
    0.10245137027289608,
    0.0960792121984581,
    0.09384565243479048,
    0.08963810449632087,
    0.08396896299454246,
    0.08108046223031412,
    0.08064187377101124,
    0.07477476066070618,
    0.07324070533239606,
    0.06989339945634993,
    0.0676126911830489,
    0.06358424640528046,
    0.060874421776521324,
    0.05993695433555853,
    0.05815226252716366,
    0.05604161471497304,
    0.0546350829524569,
    0.052466983971471835,
    0.05004193745369073,
    0.047292716690514346,
    0.04714358832207647,
    0.04510150734556488,
    0.04201944303320776,
    0.04041151661831554,
    0.03974897204206722,
    0.03985245514771726,
    0.03812568041837156,
    0.0394568291981474,
    0.03482115620950071,
    0.03260572784866142,
    0.03312267347395715,
    0.03086314077424531,
    0.030678961499787792,
    0.03095968815470391,
    0.028877604356275337,
    0.02893949583135914,
    0.027410222484850057,
    0.026951417880188122,
    0.02479543310986592,
    0.025237287560680714,
    0.025324656628072262,
    0.023096386919554214,
    0.02440966875522886,
    0.02215809874365678,
    0.022367897448083846,
    0.023350767528472264,
    0.020483331727140612,
    0.018822983036389445,
    0.018585021515367645,
    0.018203841757471903,
    0.01788753541278662,
    0.018236079769633193,
    0.017050681197739177,
    0.018308618599272304,
    0.016364656596232464,
    0.016253702706740338,
    0.015904792102680792,
    0.014771777822977245,
    0.01419372728905908,
    0.01531957695260644,
    0.015294315998838974,
    0.013670620045135959,
    0.013674930344326514,
    0.014084129958496531,
    0.01339728659535251,
    0.013095226300197958,
    0.012359567579011074,
    0.011944871432710401,
    0.012444966624832094,
    0.01222775450511144,
    0.01163465633647203,
    0.01136479092678885,
    0.012474885221921129,
    0.011963024530283148,
    0.01095529391181351,
    0.010363130492508633,
    0.009657653453206589,
    0.009749307772052466,
    0.009653624980526026,
    0.009749793667705859,
    0.01044486474711448,
    0.010762842516138191,
    0.00989004968790024,
    0.010516507009339362,
    0.009095699035350492,
    0.009044888983757262,
    0.008247856608601195,
    0.00807975509462159,
    0.008216034879188726,
    0.007776148198864026,
    0.006661995624118291,
    0.009205432493460945,
    0.007896171108183294,
    0.008538896176447668,
    0.007616124578087711,
    0.007318642518326345,
    0.00788088503528829,
    0.008754572322785781,
    0.007089735794867767,
    0.006638234423007816,
    0.0073378868124420096,
    0.008075891781856519,
    0.007067811879961023,
    0.007464322133570688,
    0.006290257528613294,
    0.006571702993391912,
    0.007081562525242346
  ],
  "val_loss": [
    0.45576998362174403,
    0.301003105365313,
    0.259792474599985,
    0.24313904918157137,
    0.22601088193746713,
    0.21034975521839583,
    0.19295267416880682,
    0.18097066019590086,
    0.17225170880556107,
    0.16387517005205154,
    0.1541760191321373,
    0.14853116898582533,
    0.1412282414161242,
    0.13905846184262863,
    0.13647920838915384,
    0.13299569172354844,
    0.1308067042667132,
    0.1281482743529173,
    0.1231244166310017,
    0.11930768077190106,
    0.11457846829524407,
    0.11296287809426968,
    0.11319233806660542,
    0.10739337638593636,
    0.1068742427115257,
    0.11009381467906329,
    0.10510056838393211,
    0.10289018687147361,
    0.10417583885674293,
    0.10108093702449249,
    0.10353353920464332,
    0.09800117950026806,
    0.09904097249874702,
    0.09502838308421466,
    0.09957485431088851,
    0.08939183976214665,
    0.09657256720730892,
    0.09097805318350975,
    0.08946498110890388,
    0.0937699399028833,
    0.08988652851146,
    0.08977677214604157,
    0.08744902192400052,
    0.08860059440709077,
    0.09221458177153881,
    0.09242191796119396,
    0.09069643269937772,
    0.08840669827679029,
    0.08773256200723924,
    0.0839219715159673,
    0.08701275661587715,
    0.08909706255564323,
    0.08968312672984141,
    0.08622672967612743,
    0.08367272867606236,
    0.08846780872688843,
    0.08541103753332908,
    0.09254841406184894,
    0.08300215822572891,
    0.0828548760798115,
    0.08729774146698989,
    0.0824849228732861,
    0.08172298308748466,
    0.08528651132319982,
    0.0796111087816266,
    0.08326877517482409,
    0.082192731448091,
    0.08130117649069199,
    0.08022935298056556,
    0.0803170925579392,
    0.07869183666144426,
    0.08393417886243416,
    0.0865805519458193,
    0.0799079998038136,
    0.08525869389995933,
    0.08494720418149462,
    0.08543079862227806,
    0.08765073084773925,
    0.08333885189718925,
    0.08828137471125676,
    0.08437227436269705,
    0.08138345991476224,
    0.08495749526012403,
    0.0883838629994828,
    0.08343413894852766,
    0.08163655491975638,
    0.08671945931676489,
    0.08313935371832205,
    0.08259403856041339,
    0.08980317729023787,
    0.08435388496862008,
    0.08109182205337745,
    0.08023229248535174,
    0.08437088898454721,
    0.08312506586886369,
    0.07864300011155698,
    0.0773900245817808,
    0.0748236277498878,
    0.08303748741029547,
    0.08129756360386427,
    0.07929573802707288,
    0.0774670046969102,
    0.0819356721610977,
    0.08150086014603193,
    0.08542265184223652,
    0.08195615076245023,
    0.07948674763051364,
    0.07734829782006833,
    0.08423140910095893,
    0.08462992503952521,
    0.08567744077971348,
    0.0855627442495181,
    0.08235741686075926,
    0.08474656373548967,
    0.08132963244301769,
    0.08460890462335485,
    0.07782078745703284,
    0.08660106905377828,
    0.08255173788907436,
    0.08413849935795252,
    0.08387682425717895,
    0.08381887514574024,
    0.09056929223096141
  ],