{
  "epoch": [
    1,
    2,
    3,
    4,
    5,
    6,
    7,
    8,
    9,
    10,
    11,
    12,
    13,
    14,
    15,
    16,
    17,
    18,
    19,
    20,
    21,
    22,
    23,
    24,
    25,
    26,
    27,
    28,
    29,
    30,
    31,
    32,
    33,
    34,
    35,
    36,
    37,
    38,
    39,
    40,
    41,
    42,
    43,
    44,
    45,
    46,
    47,
    48,
    49,
    50,
    51,
    52,
    53,
    54,
    55,
    56,
    57,
    58,
    59,
    60,
    61,
    62,
    63,
    64,
    65,
    66,
    67,
    68,
    69,
    70,
    71,
    72,
    73,
    74,
    75,
    76,
    77,
    78,
    79,
    80,
    81,
    82,
    83,
    84,
    85,
    86,
    87,
    88,
    89,
    90,
    91,
    92,
    93,
    94,
    95,
    96,
    97,
    98,
    99,
    100,
    101,
    102,
    103,
    104,
    105,
    106,
    107,
    108,
    109,
    110,
    111,
    112
  ],
  "train_loss": [
    1.6931977726749539,
    1.0066649591185384,
    0.8144629868035463,
    0.6954087701040444,
    0.6091085409687966,
    0.542556765153236,
    0.48279335526461453,
    0.43997687101364136,
    0.3943921448950915,
    0.3617286995514152,
    0.3285132140382049,
    0.304261937814275,
    0.27431402370794533,
    0.2531335970636496,
    0.23699650068565742,
    0.2155719669055693,
    0.20357144040237998,
    0.1886639999821014,
    0.17894446147010498,
    0.16491179625244484,
    0.1529168201245598,
    0.14232364746252285,
    0.13819068274700763,
    0.12940856877752802,
    0.12085479801309477,
    0.11457792527435981,
    0.1120393046552373,
    0.10493786485155218,
    0.09990266983195678,
    0.09237803192329161,
    0.09156827048696194,
    0.08607138134539127,
    0.08195386571598422,
    0.07771733695084286,
    0.0763706124589308,
    0.07074066506909955,
    0.06898697909236569,
    0.06487894268495213,
    0.06259304962898653,
    0.060348960628598625,
    0.060571391260270606,
    0.053454248321041,
    0.05450072375692658,
    0.05272804446441611,
    0.050393210282338036,
    0.04859560500523172,
    0.04753149185598511,
    0.04549528098156311,
    0.04432333663067559,
    0.04485967698190169,
    0.04225321287366072,
    0.03795399249425715,
    0.03688779995613491,
    0.038594088910781234,
    0.034375391612501485,
    0.03591148192831075,
    0.034827988858805184,
    0.03241927269366138,
    0.034220217136646976,
    0.032974284833546766,
    0.0321664212886052,
    0.029944124967627918,
    0.03036314280482835,
    0.029599734200356703,
    0.028837043052712053,
    0.02916489482242806,
    0.028707681235751695,
    0.027721869936884986,
    0.026067155094087583,
    0.02665613562867199,
    0.025234476475947603,
    0.023737818017102702,
    0.023324582344113092,
    0.024792984557654902,
    0.024538722134089655,
    0.023802549331016915,
    0.022627763270122028,
    0.02128273107773941,
    0.022275340350911253,
    0.02112560292475463,
    0.022431186091913313,
    0.02121495126420152,
    0.020415736469152124,
    0.02112374668364826,
    0.020209959045667008,
    0.020841362835724176,
    0.018253591499704215,
    0.0180791008991871,
    0.018276256957984308,
    0.02012111173136179,
    0.018004159794726707,
    0.017123207836363886,
    0.01807049137405744,
    0.017859516156472497,
    0.01652775701980308,
    0.016912788566749198,
    0.01771340029645404,
    0.01678014179264416,
    0.015886216628432426,
    0.016924635789203505,
    0.015615715569043629,
    0.01461237128499953,
    0.014960380760141523,
    0.014515442402850952,
    0.01528775396507195,
    0.01501504915523986,
    0.016276323226923795,
    0.01617853783404685,
    0.013570334377684198,
    0.014402940268052224,
    0.013210671940655207,
    0.014206127351217126
  ],
  "val_loss": [
    0.8636026199047382,
    0.6830329390672537,
    0.5792261820573074,
    0.5117669724501096,
    0.4530232869661771,
    0.42402992798731876,
    0.37990406384834874,
    0.36190221401361317,
    0.3382814136835245,
    0.3290082204800386,
    0.29792253443828,
    0.26661711358107054,
    0.2669121645964109,
    0.2560953268638024,
    0.23391385605702034,
    0.22350037671052492,
    0.22050511034635398,
    0.20971803481762225,
    0.1844344803920159,
    0.18824730469630316,
    0.18233186923540556,
    0.18312264864261335,
    0.17166683364372987,
    0.16088992815751296,
    0.16916702802364642,
    0.16415268526627466,
    0.1532941357447551,
    0.1593884928868367,
    0.1616202461031767,
    0.149418538579574,
    0.14281395077705383,
    0.14234699280216143,
    0.1288815991809735,
    0.12935302979671037,
    0.12562467702306235,
    0.13782467205937093,
    0.12331876044089977,
    0.12571249672999749,
    0.12184914373434506,
    0.11486197320314553,
    0.1191433473275258,
    0.11705587073587455,
    0.11534122434946206,
    0.10520956178124134,
    0.10874104815033767,
    0.11210299082673512,
    0.10493363611973248,
    0.10809902732188885,
    0.10287993215024471,
    0.09137043070334655,
    0.09382589333332501,
    0.09352942756735362,
    0.09428113799255627,
    0.09824871673033787,
    0.09467373845668939,
    0.09902219775204475,
    0.10060834913299634,
    0.09171477848520646,
    0.08903014330336681,
    0.09400798444851087,
    0.08744812986025444,
    0.09476082112926704,
    0.10324275995103213,
    0.09146101951885682,
    0.09364180445957643,
    0.0869239976343054,
    0.09303193919074076,
    0.09612104210716027,
    0.09777314101274197,
    0.0923059367789672,
    0.10191946347745565,
    0.0906731219818959,
    0.09199305967642711,
    0.09008924154421458,
    0.09266636620920438,
    0.10215089556116325,
    0.09553711689435519,
    0.09381089449072114,
    0.09000255439717036,
    0.0964800830070789,
    0.08712102909787343,
    0.08957537507208493,
    0.09536490625200364,
    0.08412104082078888,
    0.08862351432729226,
    0.08281061089096162,
    0.08109609961796266,
    0.08985035902319047,
    0.0868353213255222,
    0.08929180755065037,
    0.08737974506444655,
    0.0873021438288001,
    0.08726679089550789,
    0.08674395979883578,
    0.08387325933346382,
    0.09014800319877955,
    0.09301519909730324,
    0.09570954238566068,
    0.08300686126145032,
    0.09466709597752644,
    0.08554789015593436,
    0.09298125453866445,
    0.09145301394164562,
    0.08383566929170719,
    0.08572121136463605,
    0.08942022102956589,
    0.09003388652434716,
    0.08693687223757689,
    0.09543872624635696,
    0.08792774701634279,
    0.08664964225429755,
    0.08656871870446664
  ],