{
  "epoch": [
    1,
    2,
    3,
    4,
    5,
    6,
    7,
    8,
    9,
    10,
    11,
    12,
    13,
    14,
    15,
    16,
    17,
    18,
    19,
    20,
    21,
    22,
    23,
    24,
    25,
    26,
    27,
    28,
    29,
    30,
    31,
    32,
    33,
    34,
    35,
    36,
    37,
    38,
    39,
    40,
    41,
    42,
    43,
    44,
    45,
    46,
    47,
    48,
    49,
    50,
    51,
    52,
    53,
    54,
    55,
    56,
    57,
    58,
    59,
    60,
    61,
    62,
    63,
    64,
    65,
    66,
    67,
    68,
    69,
    70,
    71,
    72,
    73,
    74,
    75,
    76,
    77,
    78,
    79,
    80,
    81,
    82,
    83,
    84,
    85,
    86,
    87,
    88,
    89,
    90,
    91,
    92,
    93,
    94,
    95,
    96,
    97,
    98,
    99,
    100,
    101,
    102,
    103,
    104,
    105,
    106,
    107,
    108,
    109,
    110,
    111,
    112,
    113,
    114,
    115,
    116
  ],
  "train_loss": [
    2.6047866415269305,
    1.6735562404783646,
    1.2040700888869786,
    0.9792104611302367,
    0.8468908354787543,
    0.7724135559384185,
    0.699241577398659,
    0.6487065116957863,
    0.5948907364122938,
    0.5571413774891655,
    0.5218392280068728,
    0.48961406621602505,
    0.4588170553197955,
    0.43785555882029015,
    0.42052502944917963,
    0.43468155970077704,
    0.38300209411300057,
    0.3681734794437295,
    0.36306345551320823,
    0.3515914169573548,
    0.33527809794586483,
    0.3200039935879188,
    0.30885091940365217,
    0.28798721199578575,
    0.27817592393643786,
    0.289896693855229,
    0.285134018795325,
    0.2570210400194225,
    0.2486008457323112,
    0.2572756397842181,
    0.24366025803702893,
    0.264086976057232,
    0.23609570760538082,
    0.2283745552643691,
    0.22508991103951292,
    0.20965418654798282,
    0.22913487535892146,
    0.19564081440762718,
    0.20115110816636889,
    0.22677505274515342,
    0.19966394852588673,
    0.19014922684372063,
    0.18893983104441425,
    0.18017061512068946,
    0.17848945069726152,
    0.1725978534115423,
    0.16603017797564515,
    0.17305450753705337,
    0.15610636785478876,
    0.15996262873753464,
    0.15549819665675116,
    0.1549908782143404,
    0.1540059701050862,
    0.15457927649564082,
    0.14650311903788313,
    0.17986981644488798,
    0.19596255614910976,
    0.15314289123410046,
    0.1406139466579598,
    0.1387282457239557,
    0.1323768467743798,
    0.1419496032418591,
    0.15055808594616332,
    0.1410100653324977,
    0.1230027645383731,
    0.13013764773264969,
    0.13246413287107306,
    0.1235536901962639,
    0.12744219674922452,
    0.11662873942958246,
    0.1256899233206664,
    0.1131197141464984,
    0.1330671194608849,
    0.11469202389073845,
    0.11772464994009178,
    0.1163980763147373,
    0.1125826520273591,
    0.11686701840250799,
    0.10263782381863877,
    0.10897650333619353,
    0.10771033201034706,
    0.1072526622821789,
    0.09848380608871432,
    0.09644147934447421,
    0.11442572295223133,
    0.10082684110591908,
    0.10195348220001353,
    0.11640043136211906,
    0.10580899809846783,
    0.12097392662769497,
    0.11436035109702314,
    0.08948357178285571,
    0.0909059941030965,
    0.08850668817020879,
    0.07999114452464746,
    0.08953476848431152,
    0.09449412367574059,
    0.08881950647671624,
    0.08859716215641192,
    0.08966214257744279,
    0.08200097167034551,
    0.0805289384789101,
    0.07989461605649183,
    0.07619353426196197,
    0.08580610017744031,
    0.08378761980940799,
    0.08453247758864176,
    0.08057929678718642,
    0.07769951312848837,
    0.0835429095469489,
    0.08990352746504958,
    0.07636968749068161,
    0.07461687795227707,
    0.07827721552757344,
    0.07588474559459356,
    0.07642341676251133
  ],
  "val_loss": [
    1.919553619164687,
    1.3719498194181001,
    0.8810402338321393,
    0.7178831788209769,
    0.7327617040047278,
    0.5963339897302481,
    0.5803077725263742,
    0.489036683852856,
    0.5282492614709414,
    0.4162763448861929,
    0.38662381355579084,
    0.3814208988959973,
    0.3626842269530663,
    0.37497111925712,
    0.3184940769122197,
    0.335905705506985,
    0.33618558140901417,
    0.33497263147280765,
    0.32983797788619995,
    0.3087069953863437,
    0.30561564748103803,
    0.28430247765321,
    0.28285973461774677,
    0.2639798281284479,
    0.2588124710779924,
    0.25312405366163987,
    0.2381288202909323,
    0.24622043737998375,
    0.2512703022131553,
    0.27950019332078785,
    0.26045675575733185,
    0.2835025191307068,
    0.26341267503224886,
    0.2623151013484368,
    0.23313600627275613,
    0.24229800701141357,
    0.2569859761458177,
    0.2467532387146583,
    0.23261682116068327,
    0.24116277809326464,
    0.22694762165729815,
    0.23111350948993975,
    0.23990589953385866,
    0.2277457072184636,
    0.2480943535382931,
    0.22065761914620033,
    0.2197885914490773,
    0.23509616691332597,
    0.22608563877069032,
    0.21194524604540604,
    0.2076721592591359,
    0.21605570728962237,
    0.21082720045859998,
    0.2171366444000831,
    0.22881699754641607,
    0.2665184701864536,
    0.25205297768116,
    0.2330676053579037,
    0.22951015600791344,
    0.21985293007813966,
    0.2072434780689386,
    0.23533125565602228,
    0.23958787436668688,
    0.2242073370860173,
    0.2206819481574572,
    0.23863744735717773,
    0.22164978430821344,
    0.2237661939400893,
    0.2214607332761471,
    0.21575301770980543,
    0.21546489344193384,
    0.22578436136245728,
    0.2318452734213609,
    0.22761806272543395,
    0.2244593993975566,
    0.2287105402121177,
    0.21180169169719404,
    0.2420766852222956,
    0.22793045754616076,
    0.2173701421572612,
    0.21180432920272535,
    0.21259727844825158,
    0.21101556087915713,
    0.21401454164431646,
    0.21846485023315138,
    0.19521516905381128,
    0.22007998709495252,
    0.22301975809610808,
    0.24067530035972595,
    0.26894748096282667,
    0.23914552995791802,
    0.20606923275268996,
    0.19616413231079394,
    0.2049945890903473,
    0.2035998014303354,
    0.2063932602222149,
    0.21772199410658616,
    0.20890349722825563,
    0.2227767029633889,
    0.2267073943064763,
    0.22157261692560637,
    0.21637275356512803,
    0.21082729559678298,
    0.21353813776603112,
    0.23029005871369287,
    0.21045132554494417,
    0.21353404911664817,
    0.2083424089046625,
    0.21029630647255823,
    0.23392576781603006,
    0.21832186442155105,
    0.21463484259752127,
    0.21998244065504807,
    0.22239290005885637,
    0.22549950159513032,
    0.2319376663519786
  ],