{
  "epoch": [
    1,
    2,
    3,
    4,
    5,
    6,
    7,
    8,
    9,
    10,
    11,
    12,
    13,
    14,
    15,
    16,
    17,
    18,
    19,
    20,
    21,
    22,
    23,
    24,
    25,
    26,
    27,
    28,
    29,
    30,
    31,
    32,
    33,
    34,
    35,
    36,
    37,
    38,
    39,
    40,
    41,
    42,
    43,
    44,
    45,
    46,
    47,
    48,
    49,
    50,
    51,
    52,
    53,
    54,
    55,
    56,
    57,
    58,
    59,
    60,
    61,
    62,
    63,
    64,
    65,
    66
  ],
  "train_loss": [
    0.7569063983046183,
    0.22229898661965192,
    0.16859359367944227,
    0.141051049574767,
    0.12099774524864584,
    0.11035057695785372,
    0.09847567658318152,
    0.09153684014731114,
    0.08427166912962894,
    0.07789790628496374,
    0.07069818168362178,
    0.0652866393954742,
    0.06045536831537686,
    0.05735938328475055,
    0.053582731357747965,
    0.04999202950903685,
    0.04711149583137272,
    0.04317089570409591,
    0.04082553143069,
    0.038366165445508936,
    0.03526825639465363,
    0.03546549618649896,
    0.03257289785190974,
    0.029159121722499334,
    0.028201864737242757,
    0.02771248692867927,
    0.025692930002466287,
    0.024202156613700756,
    0.02474012909143573,
    0.022714651254291583,
    0.023337645691330774,
    0.020968887715203926,
    0.02065799813164343,
    0.020862390310273017,
    0.020859131382059047,
    0.018992149354060097,
    0.018351542784159285,
    0.01652677147879754,
    0.013462488746989777,
    0.014352539865447595,
    0.01644801611246744,
    0.014448006148680602,
    0.013777128109560893,
    0.014789854713466645,
    0.014063303296611008,
    0.01416419050656259,
    0.011636750837142515,
    0.01304554807640022,
    0.013360844120512357,
    0.009582488117555138,
    0.01323498909403155,
    0.010450183475012014,
    0.00899893802816583,
    0.012053610275195229,
    0.01102737258165374,
    0.01018981968794977,
    0.011330115901638228,
    0.007759939819818713,
    0.008958687209339794,
    0.009406921186364523,
    0.00805666082363465,
    0.00838520612837378,
    0.010073252681569002,
    0.009868942986076495,
    0.009470645559024951,
    0.009792292469854254
  ],
  "val_loss": [
    0.24057221985780275,
    0.17178275780035898,
    0.13412678413666212,
    0.13114370634922615,
    0.12645724387123033,
    0.12639035828984702,
    0.11008022281412895,
    0.11156451601821643,
    0.10748090910223815,
    0.10087109801287834,
    0.10376524366438389,
    0.08976193144917488,
    0.08845382599303356,
    0.08753927195301422,
    0.09313977495408975,
    0.08678795368625568,
    0.0820803799881385,
    0.09224944876936766,
    0.08055160466868144,
    0.08425939111755444,
    0.08196072266078912,
    0.07933985227002548,
    0.07335030588393028,
    0.076865311855307,
    0.08362959196361211,
    0.08355366524595481,
    0.07845022815924424,
    0.07868277037946078,
    0.07610355159984185,
    0.07840738459848441,
    0.07232861743810085,
    0.07659759028599812,
    0.0819261006724376,
    0.08685033238277985,
    0.08310895155255611,
    0.0789595631739268,
    0.07503339941971578,
    0.07891600138436143,
    0.07599269706182755,
    0.07789405764868626,
    0.07212569772337492,
    0.07803936782651223,
    0.07862316960325608,
    0.07444562737901624,
    0.08145221387251066,
    0.08510528375896123,
    0.09788778395606922,
    0.07578198411143743,
    0.08106331921254213,
    0.07831037139448409,
    0.09231053479015827,
    0.08650611656216475,
    0.08065387395282204,
    0.07694390885388622,
    0.08017037307413724,
    0.07681274929871926,
    0.08284491329238965,
    0.08695237324214898,
    0.07986570848152041,
    0.086477108586293,
    0.08473332691937685,
    0.09082011212236606,
    0.08012924221559213,
    0.08865193807734893,
    0.08035794946436699,
    0.07389926967712548
  ],
  "train_transduce": [
    0.7569063983046183,
    0.22229898661965192,
    0.16859359367944227,
    0.141051049574767,
    0.12099774524864584,
    0.11035057695785372,
    0.09847567658318152,
    0.09153684014731114,
    0.08427166912962894,
    0.07789790628496374,
    0.07069818168362178,
    0.0652866393954742,
    0.06045536831537686,
    0.05735938328475055,
    0.053582731357747965,
    0.04999202950903685,
    0.04711149583137272,
    0.04317089570409591,
    0.04082553143069,
    0.038366165445508936,
    0.03526825639465363,
    0.03546549618649896,
    0.03257289785190974,
    0.029159121722499334,
    0.028201864737242757,
    0.02771248692867927,
    0.025692930002466287,
    0.024202156613700756,
    0.02474012909143573,
    0.022714651254291583,
    0.023337645691330774,
    0.020968887715203926,
    0.02065799813164343,
    0.020862390310273017,
    0.020859131382059047,
    0.018992149354060097,
    0.018351542784159285,
    0.01652677147879754,
    0.013462488746989777,
    0.014352539865447595,
    0.01644801611246744,
    0.014448006148680602,
    0.013777128109560893,
    0.014789854713466645,
    0.014063303296611008,
    0.01416419050656259,
    0.011636750837142515,
    0.01304554807640022,
    0.013360844120512357,
    0.009582488117555138,
    0.01323498909403155,
    0.010450183475012014,
    0.00899893802816583,
    0.012053610275195229,
    0.01102737258165374,
    0.01018981968794977,
    0.011330115901638228,
    0.007759939819818713,
    0.008958687209339794,
    0.009406921186364523,
    0.00805666082363465,
    0.00838520612837378,
    0.010073252681569002,
    0.009868942986076495,
    0.009470645559024951,
    0.009792292469854254
  ],
  "val_transduce": [
    0.24057221985780275,
    0.17178275780035898,
    0.13412678413666212,
    0.13114370634922615,
    0.12645724387123033,
    0.12639035828984702,
    0.11008022281412895,
    0.11156451601821643,
    0.10748090910223815,
    0.10087109801287834,
    0.10376524366438389,
    0.08976193144917488,
    0.08845382599303356,
    0.08753927195301422,
    0.09313977495408975,
    0.08678795368625568,
    0.0820803799881385,
    0.09224944876936766,
    0.08055160466868144,
    0.08425939111755444,
    0.08196072266078912,
    0.07933985227002548,
    0.07335030588393028,
    0.076865311855307,
    0.08362959196361211,
    0.08355366524595481,
    0.07845022815924424,
    0.07868277037946078,
    0.07610355159984185,
    0.07840738459848441,
    0.07232861743810085,
    0.07659759028599812,
    0.0819261006724376,
    0.08685033238277985,
    0.08310895155255611,
    0.0789595631739268,
    0.07503339941971578,
    0.07891600138436143,
    0.07599269706182755,
    0.07789405764868626,
    0.07212569772337492,
    0.07803936782651223,
    0.07862316960325608,
    0.07444562737901624,
    0.08145221387251066,
    0.08510528375896123,
    0.09788778395606922,
    0.07578198411143743,
    0.08106331921254213,
    0.07831037139448409,
    0.09231053479015827,
    0.08650611656216475,
    0.08065387395282204,
    0.07694390885388622,
    0.08017037307413724,
    0.07681274929871926,
    0.08284491329238965,
    0.08695237324214898,
    0.07986570848152041,
    0.086477108586293,
    0.08473332691937685,
    0.09082011212236606,
    0.08012924221559213,
    0.08865193807734893,
    0.08035794946436699,
    0.07389926967712548
  ],
  "l0": [
    0.0,
    0.0,
    0.0,
    0.0,
    0.0,
    0.0,
    0.0,
    0.0,
    0.0,
    0.0,
    0.0,
    0.0,
    0.0,
    0.0,
    0.0,
    0.0,
    0.0,
    0.0,
    0.0,
    0.0,
    0.0,
    0.0,
    0.0,
    0.0,
    0.0,
    0.0,
    0.0,
    0.0,
    0.0,
    0.0,
    0.0,
    0.0,
    0.0,
    0.0,
    0.0,
    0.0,
    0.0,
    0.0,
    0.0,
    0.0,
    0.0,
    0.0,
    0.0,
    0.0,
    0.0,
    0.0,
    0.0,
    0.0,
    0.0,
    0.0,
    0.0,
    0.0,
    0.0,
    0.0,
    0.0,
    0.0,
    0.0,
    0.0,
    0.0,
    0.0,
    0.0,
    0.0,
    0.0,
    0.0,
    0.0,
    0.0
  ],