{
  "epoch": [
    1,
    2,
    3,
    4,
    5,
    6,
    7,
    8,
    9,
    10,
    11,
    12,
    13,
    14,
    15,
    16,
    17,
    18,
    19,
    20,
    21,
    22,
    23,
    24,
    25,
    26,
    27,
    28,
    29,
    30,
    31,
    32,
    33,
    34,
    35,
    36,
    37,
    38,
    39,
    40,
    41,
    42,
    43,
    44,
    45,
    46,
    47,
    48,
    49,
    50,
    51,
    52,
    53,
    54,
    55,
    56,
    57,
    58,
    59,
    60,
    61,
    62,
    63,
    64,
    65,
    66,
    67,
    68,
    69,
    70,
    71,
    72,
    73,
    74,
    75,
    76,
    77,
    78,
    79,
    80,
    81,
    82,
    83,
    84,
    85,
    86,
    87,
    88,
    89,
    90,
    91,
    92,
    93,
    94,
    95,
    96,
    97,
    98,
    99,
    100,
    101
  ],
  "train_loss": [
    2.3974654705254075,
    1.3394027625777059,
    0.9216006487300715,
    0.7128023760220439,
    0.5693735512568778,
    0.47054347595603196,
    0.39089667628106384,
    0.33919694013509555,
    0.298731266760949,
    0.2803360769890018,
    0.24360412939153997,
    0.22161420757315822,
    0.2087768810541974,
    0.20043972119228126,
    0.1864636420205082,
    0.17416127934360626,
    0.16697987249677942,
    0.15494408590968736,
    0.14695691263552793,
    0.14817315437975004,
    0.13603944702016324,
    0.1302392627352599,
    0.12501089545638905,
    0.12070122211403453,
    0.1189495209105236,
    0.11385181805445362,
    0.10727449884811013,
    0.10667023502443869,
    0.11046859527909264,
    0.09901337099943272,
    0.1015789149540294,
    0.09452420454856354,
    0.09570562272073374,
    0.09153393809635614,
    0.09349864742420998,
    0.0882305975369725,
    0.08821373255251302,
    0.08459021104499698,
    0.08397251595118918,
    0.07800756092423324,
    0.07669161728669688,
    0.08228558458426256,
    0.07400692205818504,
    0.07555505076960958,
    0.067781085796539,
    0.07542985731486193,
    0.06944288157848354,
    0.06906561233276098,
    0.06860030622499966,
    0.06987006788036411,
    0.06154042789616536,
    0.06643003075066761,
    0.07486486691290263,
    0.0880376318488846,
    0.10203860306478653,
    0.11726409723002885,
    0.14158526850269013,
    0.16656035131093153,
    0.1926649094549651,
    0.22566213735292867,
    0.25831408030593517,
    0.1862460778853328,
    0.166843913764376,
    0.17373710221697375,
    0.15854940534636533,
    0.13733348360803632,
    0.1198015512380096,
    0.12106648335214128,
    0.11680489887973082,
    0.11490553718290686,
    0.11977237194162055,
    0.11349296612069779,
    0.11512282736522635,
    0.11898504472193644,
    0.12470643710556258,
    0.1732923094490447,
    0.1786783947465346,
    0.19088688775052115,
    0.17763677368074962,
    0.155824883216896,
    0.1778218116534432,
    0.19664370260902286,
    0.21355318278074265,
    0.18549403183392643,
    0.16501203331059403,
    0.167081758917607,
    0.17815861597503582,
    0.1674823789022018,
    0.18061786569347701,
    0.1854109966493759,
    0.18748592575723977,
    0.20218375394332042,
    0.18361414504266277,
    0.19387574225049659,
    0.23103271274990642,
    0.2819746530317154,
    0.25211409248949324,
    0.25573955257375214,
    0.2792035621619716,
    0.27926116866856504,
    0.26660710477183774
  ],
  "val_loss": [
    1.5751132506590624,
    0.9568967819213867,
    0.6940609858586237,
    0.6998798388701218,
    0.5025688134706937,
    0.38909167739061207,
    0.35032941974126375,
    0.308969925229366,
    0.29485792494737184,
    0.28910179092333865,
    0.257812432371653,
    0.23864879516454843,
    0.21858003735542297,
    0.22069117999993837,
    0.21314015640662268,
    0.21357965010863084,
    0.19570099734343016,
    0.18677446188834998,
    0.19397869476905236,
    0.2001017526938365,
    0.20608660177542612,
    0.1820367333980707,
    0.19507853171000114,
    0.17155907761592132,
    0.18434865543475518,
    0.1850547670171811,
    0.16349603092441192,
    0.1589407198704206,
    0.17462288989470556,
    0.16953904926776886,
    0.1792068166228441,
    0.17075476566186318,
    0.19444148987531662,
    0.1672564183290188,
    0.1647779342646782,
    0.16290551567306885,
    0.16849490025868782,
    0.160569767252757,
    0.1687601816195708,
    0.15270447759674147,
    0.17262697248504713,
    0.16951602124250853,
    0.17372837720008996,
    0.16855965497402045,
    0.16333051283772176,
    0.17813633955441988,
    0.174249971142182,
    0.14726251335098192,
    0.16174068473852599,
    0.16999818499271685,
    0.157354503010328,
    0.18314229123867476,
    0.18177006737543985,
    0.19758851425005838,
    0.2011977038704432,
    0.24176596391659516,
    0.24260035730325258,
    0.28300884480659777,
    0.3048023203244576,
    0.34816591212382686,
    0.2997437176796106,
    0.26012185445198643,
    0.2742167436159574,
    0.26192385989886063,
    0.2459442397722831,
    0.2305732678908568,
    0.2236653623672632,
    0.2345568176645499,
    0.25607773203116196,
    0.2289343109497657,
    0.24554902544388404,
    0.2282589742770562,
    0.22431054825966174,
    0.2365005497749035,
    0.21875150329791582,
    0.24704368641743293,
    0.2592907089453477,
    0.2525223046541214,
    0.24089488845605117,
    0.2714890677195329,
    0.338889472759687,
    0.29077417804644656,
    0.31886285772690404,
    0.29882687674118924,
    0.28995729753604305,
    0.31384594623859113,
    0.28564442006441265,
    0.27612480177329135,
    0.27770458792264646,
    0.2989400911789674,
    0.3172828486332527,
    0.26496306978739226,
    0.27023597061634064,
    0.4278592054660504,
    0.32239735699616945,
    0.3308673191529054,
    0.3855902369205768,
    0.3419466729347522,
    0.43388570042756885,
    0.44649226848895734,
    0.492024492758971
  ],