{
  "epoch": [
    1,
    2,
    3,
    4,
    5,
    6,
    7,
    8,
    9,
    10,
    11,
    12,
    13,
    14,
    15,
    16,
    17,
    18,
    19,
    20,
    21,
    22,
    23,
    24,
    25,
    26,
    27,
    28,
    29,
    30,
    31,
    32,
    33,
    34,
    35,
    36,
    37,
    38,
    39,
    40,
    41,
    42,
    43,
    44,
    45,
    46,
    47,
    48,
    49,
    50,
    51,
    52,
    53,
    54,
    55,
    56,
    57,
    58,
    59,
    60,
    61,
    62,
    63,
    64,
    65,
    66,
    67,
    68,
    69,
    70,
    71,
    72,
    73,
    74,
    75,
    76,
    77,
    78,
    79,
    80,
    81,
    82,
    83,
    84,
    85,
    86,
    87,
    88,
    89,
    90,
    91,
    92,
    93,
    94,
    95,
    96,
    97,
    98,
    99,
    100,
    101,
    102,
    103,
    104,
    105,
    106,
    107,
    108,
    109,
    110,
    111,
    112,
    113,
    114,
    115,
    116,
    117,
    118,
    119,
    120,
    121,
    122,
    123,
    124,
    125
  ],
  "train_loss": [
    1.283155937170245,
    0.6294648075841137,
    0.4360523738504685,
    0.31755020016247465,
    0.2549120041052091,
    0.21750778251702024,
    0.1866010629485563,
    0.16516566714367917,
    0.15124443438403384,
    0.13554445823136063,
    0.12011128794593909,
    0.11167809516959584,
    0.10425143251099538,
    0.09521219145852267,
    0.0890248753130436,
    0.08252959487210844,
    0.07732633203652102,
    0.07162463158061824,
    0.06740630528476742,
    0.06061956970040331,
    0.057563880151233725,
    0.05477955952747581,
    0.05072594805591807,
    0.04943598888468804,
    0.04532560773347456,
    0.04249054091243246,
    0.03895502522126915,
    0.03686676230089566,
    0.03453978040188398,
    0.033123613762448434,
    0.03249898987831836,
    0.03227885072503585,
    0.02979007055598897,
    0.02794939076489548,
    0.027181213224767565,
    0.025210217781576144,
    0.023496990989816866,
    0.025188612691654833,
    0.02234706836368543,
    0.021112085896131304,
    0.02105814270848005,
    0.017102680959950017,
    0.017573702401126323,
    0.015762011627378614,
    0.01606095214758414,
    0.015491184815716421,
    0.015353878587964423,
    0.01612371332660202,
    0.012875411799897622,
    0.014220881807502628,
    0.015331766691740564,
    0.012877885551076652,
    0.011580839387102764,
    0.014331460205511641,
    0.011647715274671804,
    0.012052021747858254,
    0.010363725216857628,
    0.00928528494796879,
    0.010975155056473444,
    0.012244993364726453,
    0.011582866893749991,
    0.010722165216797405,
    0.00822764522691267,
    0.008258623050912236,
    0.010086136539442675,
    0.009808851252958063,
    0.009217743480400442,
    0.010517240482737724,
    0.0071039075792776706,
    0.007038130376610386,
    0.0071310773143813625,
    0.007343412387141593,
    0.00889777527046726,
    0.00829791841781266,
    0.0076217732107814054,
    0.006257562626563685,
    0.007575532058121867,
    0.007574807682684287,
    0.006529752224186896,
    0.006401686924665724,
    0.006678944531007257,
    0.006105335924675995,
    0.00567841527145836,
    0.005832962520461357,
    0.005908536368299314,
    0.005590991472907019,
    0.005902312131305753,
    0.005005657210221188,
    0.006298792606385271,
    0.00505616815284269,
    0.005044526497493786,
    0.005525970550976482,
    0.004136514830158197,
    0.005250576605567872,
    0.004608544332158905,
    0.004859732005795579,
    0.0048647451255897775,
    0.004125652469625005,
    0.004825989953836321,
    0.00372503275431563,
    0.004166529573153311,
    0.004499217105270892,
    0.004088642437955528,
    0.005370487245525829,
    0.00416195865215844,
    0.0037997035455491547,
    0.004108274806190052,
    0.003030930146048105,
    0.004123003947018699,
    0.0037243787105346446,
    0.00413364449563345,
    0.003796882746493943,
    0.004030261170893149,
    0.00261855466797175,
    0.003342653887773043,
    0.0029562350868705908,
    0.0022981356068504685,
    0.003108593864266199,
    0.003407129402945692,
    0.0035196409517834347,
    0.003504051367533825,
    0.0030012902773415054,
    0.0027174818146939042,
    0.0031896175655533954,
    0.0023989176643789104
  ],
  "val_loss": [
    0.6203902363777161,
    0.46905728716116685,
    0.38893648982048035,
    0.34235838514107925,
    0.294548525260045,
    0.26314621017529416,
    0.2668764614141904,
    0.2610645844386174,
    0.2453012363268779,
    0.23958975420548365,
    0.23473640015492073,
    0.2215753048658371,
    0.21898403076025155,
    0.19166280329227448,
    0.193485524218816,
    0.20876030509288496,
    0.19164305065686887,
    0.19131703330920294,
    0.1807021555992273,
    0.17690680691829094,
    0.18610081592431435,
    0.16977345599577978,
    0.1765133566581286,
    0.168981956747862,
    0.17660756007983133,
    0.16009767066973907,
    0.16168507704368004,
    0.15637285319658425,
    0.16357141790481713,
    0.17207429099541444,
    0.15681575181392524,
    0.1541522706930454,
    0.1539258472621441,
    0.13424835755274847,
    0.13480999435369784,
    0.14319399142494568,
    0.14480214881209227,
    0.1443343311548233,
    0.1356643816599479,
    0.13700597131481537,
    0.13035379923306978,
    0.13279711254514182,
    0.13737710336079964,
    0.1360448242093508,
    0.12364031603703132,
    0.12971300545793313,
    0.13925047534016463,
    0.11856524259425126,
    0.13191469730092928,
    0.13096894237857598,
    0.13918843492865562,
    0.13595502938215548,
    0.12272317019792703,
    0.11814978245932323,
    0.1346107843117072,
    0.1266968594147609,
    0.12231957009778573,
    0.12427735787171584,
    0.11855871602892876,
    0.1196155699972923,
    0.11990443244576454,
    0.1138842125208332,
    0.11797762017410535,
    0.121798068499909,
    0.12313473117179595,
    0.11402656840017208,
    0.11261252288778241,
    0.11602503111442694,
    0.10939715709537268,
    0.11445216465598115,
    0.11135284210411975,
    0.11017949986629762,
    0.12067534785287884,
    0.12486164816297017,
    0.11860936649072056,
    0.12680662068753287,
    0.11432125114907439,
    0.11005230226482336,
    0.11708214368599539,
    0.11290194968191478,
    0.11602770836235812,
    0.12448000485220781,
    0.11572408600925253,
    0.11374754573290165,
    0.1141691730859188,
    0.11477083780874427,
    0.11497729093445322,
    0.11709024513570163,
    0.11195532834300628,
    0.1144816533017617,
    0.11520777082142349,
    0.10912292255446888,
    0.11018289912205476,
    0.11202675030710033,
    0.10957836488691661,
    0.12213364397533812,
    0.10801034866688916,
    0.11377203383912834,
    0.10925601041302659,
    0.10674209392163903,
    0.11244447203353047,
    0.12482581098671429,
    0.12233548360661818,
    0.11470399651891337,
    0.11212443436782521,
    0.11408385602184214,
    0.11406596647933699,
    0.11467847170738074,
    0.11821348771739465,
    0.11056601431650612,
    0.10721321414726284,
    0.11623040601038016,
    0.11679724202706264,
    0.1101187032719071,
    0.12298165562634285,
    0.11960051387835008,
    0.12642978178337216,
    0.1190669433428691,
    0.119049057436104,
    0.11792848603083537,
    0.11603859210243592,
    0.11547232795363435,
    0.11835700094413298,
    0.11346473290513341,
    0.1185967951045873
  ],