{
  "epoch": [
    1,
    2,
    3,
    4,
    5,
    6,
    7,
    8,
    9,
    10,
    11,
    12,
    13,
    14,
    15,
    16,
    17,
    18,
    19,
    20,
    21,
    22,
    23,
    24,
    25,
    26,
    27,
    28,
    29,
    30,
    31,
    32,
    33,
    34,
    35,
    36,
    37,
    38,
    39,
    40,
    41,
    42,
    43,
    44,
    45,
    46,
    47,
    48,
    49,
    50,
    51
  ],
  "train_loss": [
    0.8339381913856133,
    0.34595287798606245,
    0.2051326464669606,
    0.13773048473234029,
    0.10678730033261259,
    0.08467349360130497,
    0.0736750322538092,
    0.06366771212826992,
    0.0547221269957798,
    0.05097994435885825,
    0.04281218656213935,
    0.04182540523080328,
    0.03833216592458259,
    0.036973606454227696,
    0.03354893401553182,
    0.030401409330019325,
    0.02977477618944399,
    0.030141882411175474,
    0.024833159826062236,
    0.025915728080249632,
    0.025532541306900608,
    0.02254178959602663,
    0.020679550527441363,
    0.020214031114406193,
    0.020483146659242585,
    0.021028982180161113,
    0.02002348211958774,
    0.017187024410285977,
    0.01814933883124655,
    0.020188116544099122,
    0.01843960773675059,
    0.019625362931731512,
    0.015832539832641938,
    0.015144839579810762,
    0.016347215807943884,
    0.015242862916604337,
    0.016725642286773923,
    0.016487085509483617,
    0.013952170405056826,
    0.014262201023868947,
    0.012271365785692847,
    0.013607280303066424,
    0.013359160549859469,
    0.013392498960344064,
    0.013654237105115076,
    0.01419388445588693,
    0.014168002636990385,
    0.014066917309297499,
    0.013628915665171965,
    0.011790924364720116,
    0.012538371627163813
  ],
  "val_loss": [
    0.2729993645961468,
    0.2095095572563318,
    0.1614184763569098,
    0.15829909420930421,
    0.15019699644583923,
    0.15267563324708205,
    0.13010924825301537,
    0.13155929715587542,
    0.11869265511631966,
    0.12189964864116448,
    0.13168839307931754,
    0.12169682377806076,
    0.11532774051794639,
    0.11312167833630855,
    0.11151971152195564,
    0.11336285334367019,
    0.1207010281773714,
    0.107690912599747,
    0.1018376092498119,
    0.10428870268739186,
    0.10671425639436795,
    0.10976061053000964,
    0.10951178807478684,
    0.11433777528313491,
    0.10700193477364686,
    0.09011661261320114,
    0.10012276527973321,
    0.10481850946178803,
    0.10425107224056354,
    0.11082577447478588,
    0.10385760607627723,
    0.10749046991650875,
    0.09999954944046643,
    0.10478071696483172,
    0.10352043979443036,
    0.1001530630657306,
    0.1051247503895026,
    0.10730869365999332,
    0.10648116956536587,
    0.1042668390302704,
    0.11387377246641196,
    0.10041744218995938,
    0.10972266586927268,
    0.11764358113018367,
    0.10022021428896831,
    0.10890216165437148,
    0.10624032403127505,
    0.10963906003878666,
    0.09527767979754852,
    0.10105326255926719,
    0.10829193413687441
  ],
  "train_transduce": [
    0.8327339282355357,
    0.34536881406897124,
    0.20452302129766375,
    0.13704495043637827,
    0.10623076786623173,
    0.08395443801028826,
    0.07295168304489445,
    0.06274884291108429,
    0.05440798280856658,
    0.050597911979042995,
    0.04236795923182952,
    0.041455683812076594,
    0.037942973363990946,
    0.03670980980542978,
    0.0331328216191266,
    0.030095718030520167,
    0.0295852754629918,
    0.029691515992078737,
    0.024625048499804028,
    0.02566370011556932,
    0.025243724410700583,
    0.022365193973660238,
    0.020399458798791098,
    0.02007306318192445,
    0.02019004817912835,
    0.02074517607544885,
    0.019840535943002738,
    0.01706969012391091,
    0.01800565698337693,
    0.020112892372183232,
    0.018268869503295607,
    0.019513264720894628,
    0.015771476169640065,
    0.015052843763920258,
    0.01618248001509106,
    0.015227695440359837,
    0.01666507899722795,
    0.01633613321452507,
    0.013922934598630275,
    0.014250775453809783,
    0.012278487243972834,
    0.013498807331359917,
    0.013300881775086457,
    0.013285913697285481,
    0.013598525727146123,
    0.01423538993136746,
    0.014175188292919649,
    0.01405834731827106,
    0.013591018642212465,
    0.011845752059484438,
    0.012605060149373045
  ],
  "val_transduce": [
    0.27151480546364415,
    0.20929097556150877,
    0.16104839455622894,
    0.1567994264455942,
    0.1490646434518007,
    0.1369449822948529,
    0.12694100835002387,
    0.12285517643277462,
    0.1115071507027516,
    0.11158701175680527,
    0.12534643423098785,
    0.11135927673715812,
    0.11095299729360984,
    0.10762934386730194,
    0.10566142115455407,
    0.10457512392447545,
    0.10855174867006448,
    0.09658405313698146,
    0.09558501782325599,
    0.09332416163614163,
    0.10025470030422394,
    0.09768228189876446,
    0.09829893901657599,
    0.10525709949433804,
    0.09721831561854252,
    0.0873921701971155,
    0.09122810104432014,
    0.09493727416086656,
    0.09320254888958655,
    0.10404636553273751,
    0.09662242828366849,
    0.0986504563345359,
    0.09119502555292386,
    0.09822050252786049,
    0.09822647291450547,
    0.09343455645900506,
    0.10114301168001615,
    0.10141333493475731,
    0.0999269256941401,
    0.09927650684347519,
    0.10515518959325093,
    0.09617546308212556,
    0.10327159405614321,
    0.10931873604511985,
    0.09632220885788019,
    0.10295243998273061,
    0.10290250963029954,
    0.10325647048795453,
    0.09157482797924715,
    0.09693009671396934,
    0.10547385859088255
  ],
  "l0": [
    0.0017989835469052196,
    0.0002261131739942357,
    6.18756384938024e-05,
    0.0015632659196853638,
    0.0019134593894705176,
    0.012162847444415092,
    0.0024273316375911236,
    0.004714165348559618,
    0.006585981696844101,
    0.008543130941689014,
    0.003245000494644046,
    0.010040641762316227,
    0.00330291036516428,
    0.00592327443882823,
    0.0039249868132174015,
    0.006731274072080851,
    0.009707849472761154,
    0.008058282546699047,
    0.004599071107804775,
    0.00789329782128334,
    0.00515625299885869,
    0.011517255567014217,
    0.009465005248785019,
    0.006145891733467579,
    0.0073847644962370396,
    0.001771379727870226,
    0.007601442746818066,
    0.007908656261861324,
    0.008174161426723003,
    0.004586564842611551,
    0.005336809903383255,
    0.008054891601204872,
    0.007491345517337322,
    0.005137104541063309,
    0.004586832597851753,
    0.004383868537843227,
    0.00201248237863183,
    0.004086707718670368,
    0.00471110362559557,
    0.0037194020114839077,
    0.00748195918276906,
    0.0033939562272280455,
    0.00618840241804719,
    0.006594065576791763,
    0.0030118469148874283,
    0.005302030127495527,
    0.003305381163954735,
    0.005185721442103386,
    0.0026669378858059645,
    0.0028283812571316957,
    0.0014589095953851938
  ],
  "lambda_l0_effective": [
    0.01,
    0.01,
    0.01,
    0.01,
    0.01,
    0.01,
    0.01,
    0.01,
    0.01,
    0.01,
    0.01,
    0.01,
    0.01,
    0.01,
    0.01,
    0.01,
    0.01,
    0.01,
    0.01,
    0.01,
    0.01,
    0.01,
    0.01,
    0.01,
    0.01,
    0.01,
    0.01,
    0.01,
    0.01,
    0.01,
    0.01,
    0.01,
    0.01,
    0.01,
    0.01,
    0.01,
    0.01,
    0.01,
    0.01,
    0.01,
    0.01,
    0.01,
    0.01,
    0.01,
    0.01,
    0.01,
    0.01,
    0.01,
    0.01,
    0.01,
    0.01
  ],
  "recon_loss": [],
  "balance_loss": []
}