{
  "epoch": [
    1,
    2,
    3,
    4,
    5,
    6,
    7,
    8,
    9,
    10,
    11,
    12,
    13,
    14,
    15,
    16,
    17,
    18,
    19,
    20,
    21,
    22,
    23,
    24,
    25,
    26,
    27,
    28,
    29,
    30,
    31,
    32,
    33,
    34,
    35,
    36,
    37,
    38,
    39,
    40,
    41,
    42,
    43,
    44,
    45,
    46,
    47,
    48,
    49,
    50,
    51,
    52,
    53,
    54,
    55,
    56,
    57,
    58,
    59,
    60,
    61,
    62,
    63,
    64,
    65,
    66,
    67,
    68,
    69,
    70,
    71,
    72,
    73,
    74,
    75
  ],
  "train_loss": [
    2.5594190156336913,
    1.3925644755363464,
    0.9246604350424305,
    0.7071849534806517,
    0.5853368435631093,
    0.4921574108686644,
    0.44022610353440356,
    0.39401633799383323,
    0.35611995240462196,
    0.3202586453600028,
    0.3108087639065133,
    0.28890715109318804,
    0.25353648356094804,
    0.24478508509004238,
    0.23445476810495877,
    0.2263864461601395,
    0.22066761664662166,
    0.21366684976005063,
    0.20162002204619733,
    0.19668857373066784,
    0.19486157094925335,
    0.17434593235363358,
    0.18321161116137333,
    0.16661341699589158,
    0.15695289000100696,
    0.14702814237512263,
    0.13539380708843776,
    0.13335960343019249,
    0.12716330526415834,
    0.12684430719650897,
    0.12032346048190729,
    0.12092102476462875,
    0.11525386950173944,
    0.11656056667111583,
    0.11167163344234535,
    0.1148293629749534,
    0.11985107504561082,
    0.11099231340106308,
    0.1074176561855471,
    0.10291229590735178,
    0.10378900170326233,
    0.09625808316638175,
    0.09209560797809019,
    0.090959908181475,
    0.09411717332016255,
    0.09024647604098025,
    0.08232799733115226,
    0.0832151612986993,
    0.08214360005078242,
    0.08071676184202439,
    0.08815863056434799,
    0.07682142127785332,
    0.07905234301885225,
    0.07429616934783065,
    0.07582077287022293,
    0.07361900848672562,
    0.08513600108472957,
    0.08556480300084678,
    0.071787739705448,
    0.07834124030334126,
    0.06888365561680235,
    0.07102292891322952,
    0.0707121894013175,
    0.06323781892292432,
    0.0712149373073246,
    0.06516271906415212,
    0.0634455502119645,
    0.06261860998587433,
    0.05644626605334049,
    0.05977939399554558,
    0.06048289125247561,
    0.06285258854940995,
    0.05010108402978206,
    0.05697193542092117,
    0.05323632532903522
  ],
  "val_loss": [
    1.903100848197937,
    1.226783743271461,
    0.9281383294325608,
    0.7782389704997723,
    0.6625412289912884,
    0.5928892011825855,
    0.5344600218992966,
    0.5916606417069068,
    0.48241507090055025,
    0.4808989350612347,
    0.46296249215419477,
    0.37705937257179845,
    0.3495245025708125,
    0.34548816084861755,
    0.3782113423714271,
    0.34225287918861097,
    0.3175866695550772,
    0.3301571768063765,
    0.32353027852681965,
    0.33682573758638823,
    0.3217732906341553,
    0.30987851092448604,
    0.2972416178538249,
    0.27701594279362607,
    0.2747990626555223,
    0.2526845714220634,
    0.2573514924599574,
    0.2597800951737624,
    0.25276247469278484,
    0.2564170784675158,
    0.24018654513817567,
    0.24600536433550027,
    0.2383384183049202,
    0.2605331362440036,
    0.25659824907779694,
    0.2357058020738455,
    0.23011654386153588,
    0.24140144941898492,
    0.24761892339357963,
    0.2526118497435863,
    0.23244677254786858,
    0.24160818125192934,
    0.27615941487825835,
    0.23726774809452203,
    0.2259647364799793,
    0.23691432636517745,
    0.22712391729538256,
    0.24680395882863265,
    0.2551619175534982,
    0.2542142186027307,
    0.23281266081791657,
    0.23528552227295363,
    0.25422604038165164,
    0.24282134381624368,
    0.23827618475143725,
    0.25154950412420124,
    0.2622021006850096,
    0.25759462954906315,
    0.24719970845259154,
    0.22985817950505477,
    0.23268942936108664,
    0.23454173425069222,
    0.24678072333335876,
    0.247430094732688,
    0.25268842853032625,
    0.24234791157337335,
    0.23990000956333601,
    0.25394204602791715,
    0.2466841466151751,
    0.24002266159424415,
    0.2437803309697371,
    0.23393511772155762,
    0.2361951957528408,
    0.2625431429881316,
    0.2451973924270043
  ],
  "train_transduce": [
    2.5594190156336913,
    1.3925644755363464,
    0.9246604350424305,
    0.7071849534806517,
    0.5853368435631093,
    0.4921574108686644,
    0.44022610353440356,
    0.39401633799383323,
    0.35611995240462196,
    0.3202586453600028,
    0.3108087639065133,
    0.28890715109318804,
    0.25353648356094804,
    0.24478508509004238,
    0.23445476810495877,
    0.2263864461601395,
    0.22066761664662166,
    0.21366684976005063,
    0.20162002204619733,
    0.19668857373066784,
    0.19486157094925335,
    0.17434593235363358,
    0.18321161116137333,
    0.16661341699589158,
    0.15695289000100696,
    0.14702814237512263,
    0.13539380708843776,
    0.13335960343019249,
    0.12716330526415834,
    0.12684430719650897,
    0.12032346048190729,
    0.12092102476462875,
    0.11525386950173944,
    0.11656056667111583,
    0.11167163344234535,
    0.1148293629749534,
    0.11985107504561082,
    0.11099231340106308,
    0.1074176561855471,
    0.10291229590735178,
    0.10378900170326233,
    0.09625808316638175,
    0.09209560797809019,
    0.090959908181475,
    0.09411717332016255,
    0.09024647604098025,
    0.08232799733115226,
    0.0832151612986993,
    0.08214360005078242,
    0.08071676184202439,
    0.08815863056434799,
    0.07682142127785332,
    0.07905234301885225,
    0.07429616934783065,
    0.07582077287022293,
    0.07361900848672562,
    0.08513600108472957,
    0.08556480300084678,
    0.071787739705448,
    0.07834124030334126,
    0.06888365561680235,
    0.07102292891322952,
    0.0707121894013175,
    0.06323781892292432,
    0.0712149373073246,
    0.06516271906415212,
    0.0634455502119645,
    0.06261860998587433,
    0.05644626605334049,
    0.05977939399554558,
    0.06048289125247561,
    0.06285258854940995,
    0.05010108402978206,
    0.05697193542092117,
    0.05323632532903522
  ],