{
  "epoch": [
    1,
    2,
    3,
    4,
    5,
    6,
    7,
    8,
    9,
    10,
    11,
    12,
    13,
    14,
    15,
    16,
    17,
    18,
    19,
    20,
    21,
    22,
    23,
    24,
    25,
    26,
    27,
    28,
    29,
    30,
    31,
    32,
    33,
    34,
    35,
    36,
    37,
    38,
    39,
    40,
    41,
    42,
    43,
    44,
    45,
    46,
    47,
    48,
    49,
    50,
    51,
    52,
    53,
    54,
    55,
    56,
    57,
    58,
    59,
    60,
    61,
    62,
    63,
    64,
    65,
    66,
    67,
    68,
    69,
    70,
    71,
    72,
    73,
    74,
    75,
    76,
    77,
    78,
    79,
    80,
    81,
    82,
    83,
    84,
    85,
    86,
    87,
    88,
    89,
    90,
    91,
    92,
    93,
    94,
    95,
    96,
    97,
    98,
    99,
    100,
    101,
    102,
    103,
    104,
    105,
    106,
    107
  ],
  "train_loss": [
    0.8169761117142026,
    0.3112864858738267,
    0.24243600917334604,
    0.2112307819251967,
    0.18998231842081145,
    0.17513961676913914,
    0.1600957719406279,
    0.14713520091949123,
    0.13969620029525,
    0.13298282510425785,
    0.12466962122828654,
    0.12120808554020258,
    0.11354950660526163,
    0.10907371533979283,
    0.10685567974601642,
    0.09907741940552646,
    0.09995501481070376,
    0.09671955326996227,
    0.09028294254647623,
    0.08841639137504125,
    0.08710376457265108,
    0.08319989894286241,
    0.08237017501182485,
    0.08055240489394948,
    0.07770440592845478,
    0.07591981374391235,
    0.07254027483044284,
    0.07091072600076695,
    0.06914300600638484,
    0.06988967071739163,
    0.06548802111998643,
    0.06549700604069351,
    0.06370545324343856,
    0.06347928275492522,
    0.062154216968482084,
    0.05917029139945413,
    0.05766795310053495,
    0.05882910639047623,
    0.055587390907994,
    0.05574019594431514,
    0.0539996930407268,
    0.053215911104758776,
    0.05239894987996852,
    0.05284284022959447,
    0.053279557901591355,
    0.049087959913407815,
    0.049846357002042894,
    0.04793697172351698,
    0.0463799743885451,
    0.046438874128173185,
    0.04477226340424011,
    0.04352238980850371,
    0.043149453809134444,
    0.04295748804170307,
    0.0423202517322532,
    0.040964610385939036,
    0.043007951474167624,
    0.040642484865787594,
    0.042331396436115894,
    0.040973467411159877,
    0.04001844116938439,
    0.03790551029828073,
    0.037760707319225414,
    0.035489404919824684,
    0.03705580682853366,
    0.03888582196639906,
    0.03354324149613333,
    0.03591000222333587,
    0.03591977531496104,
    0.033812749849650825,
    0.03481635666858073,
    0.033472580991980465,
    0.034191732940328595,
    0.03109399273548976,
    0.031144050295732105,
    0.03468002440721387,
    0.03136583124425742,
    0.03181780453789795,
    0.029702480946953345,
    0.02983179187291477,
    0.028864523140012775,
    0.030712834086803958,
    0.029919645721369452,
    0.030250633474310288,
    0.0289157398625987,
    0.03163547508215698,
    0.027453439637539115,
    0.02778340192594667,
    0.026118874310119316,
    0.02866094760449216,
    0.02675791548583472,
    0.02668918915194376,
    0.02546143595424324,
    0.026171577820037997,
    0.02507628101652654,
    0.026735915262989775,
    0.024394149179708693,
    0.026933832130957357,
    0.026355524833249575,
    0.024533932369276142,
    0.026779042934943542,
    0.023168231385972092,
    0.024755863299925285,
    0.024221464961601217,
    0.023557077791302068,
    0.02453081901554055,
    0.023128255369547424
  ],
  "val_loss": [
    0.33342053569280183,
    0.24500314318216765,
    0.21662223969514555,
    0.19766886761555305,
    0.18452008698995298,
    0.16956686056577241,
    0.1595461666584015,
    0.14830407758171743,
    0.1409676424585856,
    0.13758849581846824,
    0.1316545235996063,
    0.1364312762251267,
    0.1346739470385588,
    0.1287523811826339,
    0.12425948392886382,
    0.1349985940525165,
    0.12224289001180576,
    0.11668003207215896,
    0.10958343429061082,
    0.11946530009691532,
    0.10624252030482659,
    0.10548489125302205,
    0.10696743428707123,
    0.10441567576848544,
    0.09961443365766452,
    0.10224979986938146,
    0.09293608009242095,
    0.09879506293397683,
    0.09341639996721195,
    0.08719000592827797,
    0.0825883518331326,
    0.09203187104028004,
    0.0772741915514836,
    0.0813893168591536,
    0.07508320132127175,
    0.0856541572855069,
    0.07916869280429986,
    0.06856134447913903,
    0.0774724456266715,
    0.06800396482531841,
    0.06664060880071841,
    0.06741529380759367,
    0.07131441353032222,
    0.07170437921125156,
    0.07328599376174119,
    0.0709770225848143,
    0.0679741369990202,
    0.06404302785029778,
    0.06407676651500739,
    0.0635976830067543,
    0.06499168706627992,
    0.06672031052697164,
    0.06481757903328308,
    0.0665712462594876,
    0.0611740262247622,
    0.06654876126692845,
    0.06798595562577248,
    0.06669371833021824,
    0.06433639940447532,
    0.06382491418088858,
    0.06062881576900299,
    0.05927646890855753,
    0.05625741158683713,
    0.05848018681773773,
    0.06047043186397506,
    0.056813676125155047,
    0.056831195699767426,
    0.058716462047484055,
    0.06059730909048365,
    0.05553705084065978,
    0.06295999239843625,
    0.059068917440107234,
    0.05922119867486449,
    0.05568160568005764,
    0.06061077336422526,
    0.05884620167601567,
    0.06270670156496075,
    0.05584473114532347,
    0.057086208047202,
    0.057248027789263196,
    0.05949674847607429,
    0.05213195708795236,
    0.05356418891236759,
    0.05921460666622107,
    0.058257495160572804,
    0.05501381603356164,
    0.057001408852206975,
    0.05596201877611188,
    0.05920463802221303,
    0.056328088868982516,
    0.0589957761649902,
    0.05674491163629752,
    0.058160817805820934,
    0.05885210162243591,
    0.06038917450664135,
    0.0574737819753444,
    0.05702100824027394,
    0.06013467205831638,
    0.05616973809754619,
    0.05579482882211988,
    0.05618177729551322,
    0.05759068995785828,
    0.05682820307377439,
    0.057748930206379064,
    0.055235252814152494,
    0.05614065588451922,
    0.05876611602994112
  ],