{
  "epoch": [
    1,
    2,
    3,
    4,
    5,
    6,
    7,
    8,
    9,
    10,
    11,
    12,
    13,
    14,
    15,
    16,
    17,
    18,
    19,
    20,
    21,
    22,
    23,
    24,
    25,
    26,
    27,
    28,
    29,
    30,
    31,
    32,
    33,
    34,
    35,
    36,
    37,
    38,
    39,
    40,
    41,
    42,
    43,
    44,
    45,
    46,
    47,
    48,
    49,
    50,
    51,
    52,
    53,
    54,
    55,
    56,
    57,
    58,
    59,
    60,
    61,
    62,
    63,
    64,
    65,
    66,
    67,
    68,
    69,
    70,
    71,
    72,
    73,
    74,
    75,
    76,
    77,
    78,
    79,
    80
  ],
  "train_loss": [
    1.026017013457742,
    0.41248466074466705,
    0.312435180096343,
    0.2678117667979533,
    0.2411093517105178,
    0.21756526990102068,
    0.2005097938351112,
    0.19158177417103606,
    0.18241644503161458,
    0.17232434525348173,
    0.16130917548838228,
    0.15289959075427292,
    0.14460293660954673,
    0.13717721572311797,
    0.1314367917504641,
    0.12788531722703783,
    0.12531290564796713,
    0.11658384071865885,
    0.11301136865179137,
    0.10989915557426981,
    0.10417134539768247,
    0.1009185311965423,
    0.09971725350559348,
    0.09766322027633687,
    0.09086519804331336,
    0.09004430897017517,
    0.08621001332113058,
    0.08272107952449581,
    0.08028611998156746,
    0.07945610634466209,
    0.07217422599839692,
    0.07288174268485297,
    0.06817249090659737,
    0.06524629850346263,
    0.0638378155187215,
    0.057700941412903294,
    0.056949374072327474,
    0.05477248078746961,
    0.05200767712575374,
    0.0500833870345118,
    0.04996743897842889,
    0.04958999636444715,
    0.04442797158614244,
    0.044200649761622496,
    0.03946963113981603,
    0.04067614562071786,
    0.04077505576654826,
    0.03653429524216911,
    0.036057524613593475,
    0.03509508524237588,
    0.03392971595657049,
    0.035242339070554414,
    0.032342223948476335,
    0.03220766494142832,
    0.02978447609405854,
    0.02827466017391422,
    0.027744814149555888,
    0.0257633127235245,
    0.02639187116286542,
    0.027003708770406424,
    0.02532430734522272,
    0.026258098740720808,
    0.022925326812754172,
    0.023655587055784934,
    0.02249909480480422,
    0.02123507334030058,
    0.020455468884014553,
    0.019690533618138422,
    0.01956935586536875,
    0.01921496319464675,
    0.018675320057917645,
    0.021114141502795686,
    0.018606633538066752,
    0.020918294091220244,
    0.017141798342863966,
    0.016696602251325354,
    0.01774370019314903,
    0.01684081830812784,
    0.016475897111773195,
    0.017096827793313136
  ],
  "val_loss": [
    0.41517544709719145,
    0.3073220906349329,
    0.26461968284386855,
    0.2565162732050969,
    0.22883139779934517,
    0.21436742062752062,
    0.20397589413019326,
    0.19315970975619096,
    0.18374680670408103,
    0.18416107617891753,
    0.1706324890255928,
    0.17216549756435248,
    0.1605980060994625,
    0.16058744604770953,
    0.16158025826399142,
    0.14853361850747696,
    0.14495041622565344,
    0.13954861748677033,
    0.14208906487776682,
    0.15001318833002678,
    0.13318181926241288,
    0.1293524274459252,
    0.13330773092233217,
    0.12773925954332718,
    0.12110603056274928,
    0.1258090387743253,
    0.11949657132992378,
    0.12474152961602578,
    0.12422121258882377,
    0.11741736216040757,
    0.11708232559836827,
    0.11881895563923396,
    0.12144210017644443,
    0.11459599664578071,
    0.11152727214189675,
    0.11258426050727184,
    0.10528225766924712,
    0.10692186137804618,
    0.10079824494627806,
    0.11532975761936261,
    0.11041310458229138,
    0.10490037314593792,
    0.10205029051464337,
    0.09799077734351158,
    0.09745225081076989,
    0.09536562501811065,
    0.09907106195504849,
    0.09845029147198567,
    0.09947817600690402,
    0.10192106062403092,
    0.11696064930695754,
    0.0967520481118789,
    0.09420583597742595,
    0.0915658214630989,
    0.0867453939639605,
    0.08933293633162975,
    0.09153495643001336,
    0.09151354274497582,
    0.09570796071336819,
    0.09503406114303149,
    0.0965446186466859,
    0.0907439815883453,
    0.1020691732947643,
    0.09233597623041043,
    0.10018184064672543,
    0.091014549207802,
    0.09360512073796529,
    0.09538436365815309,
    0.09238620611050954,
    0.09524022673185055,
    0.09158736710938123,
    0.09571108522896583,
    0.0990794336853119,
    0.09518351097806142,
    0.09051008529674548,
    0.09683580574794458,
    0.09341327523669371,
    0.10492083788491212,
    0.102946679895887,
    0.10020910167636779
  ],
  "train_transduce": [
    1.0239790545241667,
    0.412368650483613,
    0.31237326901738005,
    0.2677685463487512,
    0.24108802755870443,
    0.2175271275019882,
    0.20047128827560065,
    0.1914697749779956,
    0.1823706227806535,
    0.17221607924392907,
    0.16116574325478902,
    0.15279794897478405,
    0.1444476741080237,
    0.13699375963447116,
    0.13133905993977396,
    0.12767234533139976,
    0.12515968478994793,
    0.11644118526341891,
    0.11290076068869911,
    0.10968204753676264,
    0.10396832176069222,
    0.10075996285027797,
    0.09953607497091341,
    0.09753570823681236,
    0.09072308950495012,
    0.08985412342123467,
    0.08610010453232445,
    0.08263124547677465,
    0.08015315970498146,
    0.07912991260464239,
    0.07199398988839423,
    0.07261050440887414,
    0.06802016000567686,
    0.0651417665072892,
    0.06379629387566359,
    0.057679057397907324,
    0.05692201146468668,
    0.054758228509142845,
    0.05199152008067853,
    0.05007742777798731,
    0.04996144795550568,
    0.04957050249201826,
    0.04442234091128748,
    0.04419262862146491,
    0.039456869844384124,
    0.04065846360408434,
    0.040772194088906935,
    0.03653219881661163,
    0.036055819823010135,
    0.03509333676262067,
    0.033927179033877236,
    0.035236817747723345,
    0.03233944578557321,
    0.03220540116365889,
    0.029783815233092203,
    0.02827451179855236,
    0.027744656138232734,
    0.02576293673661381,
    0.026391252985980253,
    0.02700352769271277,
    0.025324057594015455,
    0.0262565876145174,
    0.022924125959893855,
    0.02365070722056645,
    0.022490906672054292,
    0.021228674831477428,
    0.020454665756609182,
    0.019689443622632783,
    0.019568385996643713,
    0.0192138083961488,
    0.018675035506597545,
    0.021113679776576782,
    0.01860641657909618,
    0.020917703849401805,
    0.01714154786780698,
    0.016696242949842375,
    0.017743378582567273,
    0.016840701699164688,
    0.016475737516740613,
    0.01709672771993619
  ],