{
  "epoch": [
    1,
    2,
    3,
    4,
    5,
    6,
    7,
    8,
    9,
    10,
    11,
    12,
    13,
    14,
    15,
    16,
    17,
    18,
    19,
    20,
    21,
    22,
    23,
    24,
    25,
    26,
    27,
    28,
    29,
    30,
    31,
    32,
    33,
    34,
    35,
    36,
    37,
    38,
    39,
    40,
    41,
    42,
    43,
    44
  ],
  "train_loss": [
    2.4734019274564134,
    1.083560692895319,
    0.5757879977373733,
    0.37643332648830313,
    0.27709410715963423,
    0.21615068264996884,
    0.16986712932433048,
    0.14529514285860604,
    0.12575077787809766,
    0.09821355442718133,
    0.09132867162451916,
    0.08008769287046083,
    0.06970069456615091,
    0.07155678168745692,
    0.059720504078437986,
    0.0495729563642562,
    0.04717656186080931,
    0.04552297645066049,
    0.04155422909396518,
    0.03589175558965845,
    0.03510970806645364,
    0.034713300797108985,
    0.035013642289301324,
    0.03131326896704964,
    0.02904231264255941,
    0.027917236068103576,
    0.024553365904607417,
    0.024926416547104868,
    0.022771005079476644,
    0.022038906507827725,
    0.023617266514098522,
    0.0196335707603925,
    0.01850779428021963,
    0.020495035366356832,
    0.018202688861830334,
    0.02026471694854578,
    0.0163492661259934,
    0.01676298460692705,
    0.014318513367133042,
    0.016213163881701867,
    0.015538458153125398,
    0.013044568945260085,
    0.013244120843382072,
    0.016444568456265806
  ],
  "val_loss": [
    1.5635451445212731,
    0.5791349823658283,
    0.26219292558156526,
    0.1582338041984118,
    0.12059503621779956,
    0.09702157343809421,
    0.0796662185054559,
    0.07049455937857811,
    0.06323363431371175,
    0.06909449985967232,
    0.06143003788131934,
    0.06186125671061186,
    0.05953886488882395,
    0.06245539588137315,
    0.06072398017232235,
    0.06298643171500701,
    0.06278081481846479,
    0.062037458607497126,
    0.05600066551078971,
    0.05858983944814939,
    0.06020233900142977,
    0.06230729411785992,
    0.05900160201753561,
    0.06219641285805175,
    0.05725077910420413,
    0.05947769752058845,
    0.06001376933776415,
    0.06457332720478567,
    0.061038456024387136,
    0.06491554576831941,
    0.07878229802904221,
    0.0628451469193141,
    0.06685772477290951,
    0.06718526418822315,
    0.06658484422279379,
    0.06386172939808323,
    0.0686080593150109,
    0.07153663268456092,
    0.07375914341985033,
    0.06914635849758409,
    0.0666657050158112,
    0.0671206109960062,
    0.06991821527481079,
    0.07032116809680772
  ],
  "train_transduce": [
    2.4614595629505276,
    1.082937572420258,
    0.5756333415041265,
    0.3763324122914334,
    0.2770158856646302,
    0.21608066121020267,
    0.16981007957581393,
    0.14524307247904159,
    0.12571464674835353,
    0.09817200837676059,
    0.09129417752943088,
    0.08005722443160322,
    0.06968263534771413,
    0.0715372704603162,
    0.05970210715475464,
    0.049559401377037016,
    0.047160507842283886,
    0.04550845071807811,
    0.04153495015979735,
    0.035877614373283594,
    0.03509707659118108,
    0.034705206739821845,
    0.035007347612036874,
    0.031305483016713535,
    0.02903203486906576,
    0.0279078206657096,
    0.024546072763131605,
    0.024918511229058363,
    0.02276543604891709,
    0.02203450052634112,
    0.023609993928928198,
    0.019628217472627607,
    0.018503622078701622,
    0.020486694638204482,
    0.018199884402325627,
    0.020258805407307196,
    0.016344029923238475,
    0.0167565935413766,
    0.014313986077280618,
    0.01621066160996915,
    0.015535101656965221,
    0.01303928077086499,
    0.013240824211700867,
    0.016442010913658694
  ],
  "val_transduce": [
    1.561883229475755,
    0.5790348901198461,
    0.2621666674430554,
    0.15820985230115744,
    0.12058450109683551,
    0.0970066711306572,
    0.07964899448248056,
    0.07048908062279224,
    0.06322389010053414,
    0.06908261131208676,
    0.06142130465461658,
    0.06185902153643278,
    0.05953528345204317,
    0.06245188436542566,
    0.060721380492815606,
    0.06298337783664465,
    0.06277965453381722,
    0.06203660666226195,
    0.055998990849520154,
    0.05858967410257229,
    0.06020204527661777,
    0.062306385433587894,
    0.05900154083680648,
    0.062193188476018034,
    0.0572504389565438,
    0.05947752200210324,
    0.06001376933776415,
    0.06457332720478567,
    0.06103843797105723,
    0.06491554576831941,
    0.0787822395706406,
    0.0628451469193141,
    0.06685772477290951,
    0.06718526418822315,
    0.06658484422279379,
    0.06386172939808323,
    0.0686080593150109,
    0.07153663268456092,
    0.07375812528726573,
    0.06914527630075239,
    0.0666657050158112,
    0.0671206109960062,
    0.06991819077386306,
    0.07032116809680772
  ],
  "l0": [
    0.0,
    0.0,
    0.0,
    0.0,
    0.0,
    0.0,
    0.0,
    0.0,
    0.0,
    0.0,
    0.0,
    0.0,
    0.0,
    0.0,
    0.0,
    0.0,
    0.0,
    0.0,
    0.0,
    0.0,
    0.0,
    0.0,
    0.0,
    0.0,
    0.0,
    0.0,
    0.0,
    0.0,
    0.0,
    0.0,
    0.0,
    0.0,
    0.0,
    0.0,
    0.0,
    0.0,
    0.0,
    0.0,
    0.0,
    0.0,
    0.0,
    0.0,
    0.0,
    0.0
  ],
  "lambda_l0_effective": [
    0.01,
    0.01,
    0.01,
    0.01,
    0.01,
    0.01,
    0.01,
    0.01,
    0.01,
    0.01,
    0.01,
    0.01,
    0.01,
    0.01,
    0.01,
    0.01,
    0.01,
    0.01,
    0.01,
    0.01,
    0.01,
    0.01,
    0.01,
    0.01,
    0.01,
    0.01,
    0.01,
    0.01,
    0.01,
    0.01,
    0.01,
    0.01,
    0.01,
    0.01,
    0.01,
    0.01,
    0.01,
    0.01,
    0.01,
    0.01,
    0.01,
    0.01,
    0.01,
    0.01
  ],
  "recon_loss": [],
  "balance_loss": []
}