{
  "epoch": [
    1,
    2,
    3,
    4,
    5,
    6,
    7,
    8,
    9,
    10,
    11,
    12,
    13,
    14,
    15,
    16,
    17,
    18,
    19,
    20,
    21,
    22,
    23,
    24,
    25,
    26,
    27,
    28,
    29,
    30,
    31,
    32,
    33,
    34,
    35,
    36,
    37,
    38,
    39,
    40,
    41,
    42,
    43,
    44,
    45,
    46,
    47,
    48,
    49,
    50,
    51,
    52,
    53,
    54,
    55,
    56,
    57,
    58,
    59,
    60,
    61,
    62,
    63,
    64,
    65,
    66,
    67,
    68,
    69,
    70,
    71,
    72,
    73,
    74,
    75,
    76,
    77,
    78,
    79,
    80,
    81,
    82,
    83,
    84,
    85,
    86,
    87,
    88,
    89,
    90,
    91,
    92,
    93,
    94,
    95,
    96,
    97,
    98,
    99,
    100,
    101,
    102,
    103,
    104,
    105,
    106,
    107,
    108,
    109,
    110,
    111,
    112,
    113,
    114,
    115,
    116,
    117,
    118,
    119,
    120,
    121,
    122,
    123,
    124,
    125,
    126,
    127,
    128,
    129,
    130,
    131,
    132,
    133,
    134,
    135,
    136,
    137,
    138,
    139,
    140,
    141,
    142,
    143,
    144,
    145,
    146
  ],
  "train_loss": [
    1.7892997873198127,
    1.1602192272230523,
    0.9537708061872069,
    0.8357771395408001,
    0.7463029951778883,
    0.6779835073603797,
    0.6189205578921997,
    0.5714022257586115,
    0.5230670231826526,
    0.48564283718767853,
    0.4471777556176038,
    0.4152997215998541,
    0.3887228146963513,
    0.36038014584595396,
    0.3395158268280865,
    0.31760037075920206,
    0.2963415988788162,
    0.28338036125468224,
    0.26513446629354637,
    0.2527009413875255,
    0.23885380184834765,
    0.22784294126574525,
    0.21133500752375298,
    0.20318159622322654,
    0.19100390704943962,
    0.18859450707269698,
    0.17556701431569366,
    0.16977814965180515,
    0.15735267379234746,
    0.15305532895259022,
    0.14925056753545693,
    0.1405515747202426,
    0.13552111974850142,
    0.13112884406576453,
    0.12586167013061414,
    0.12201139284777887,
    0.11632432396878901,
    0.11496792253606099,
    0.10926785863475087,
    0.10870159234966814,
    0.1031649722957734,
    0.09699264301236757,
    0.09836447690181511,
    0.09362896276426684,
    0.093424222652906,
    0.08878419709574316,
    0.08318878850448377,
    0.08110066355426901,
    0.07953777734535872,
    0.07909132699606959,
    0.07532164833710059,
    0.07358906260624375,
    0.07370063455141697,
    0.07161424631617733,
    0.06768317624312087,
    0.06526989173912204,
    0.06788956624522959,
    0.06373859545427192,
    0.05934865424198281,
    0.059995158575475216,
    0.06010983088389807,
    0.05752054788172245,
    0.05806349141081584,
    0.05419658398562946,
    0.05426110277317234,
    0.054504442604777124,
    0.05149719696107906,
    0.05247749698338742,
    0.050537430369247176,
    0.051130527764866034,
    0.04886961158499429,
    0.04952952975272825,
    0.04878065909364635,
    0.04319131181853795,
    0.04541897218789637,
    0.04597209389177487,
    0.04630174838275332,
    0.046904714912483374,
    0.04451059948979426,
    0.04230705055782629,
    0.043732411669778454,
    0.042964328896523137,
    0.04250303195002153,
    0.040746749287528784,
    0.04042827028339518,
    0.04067020017903337,
    0.03970820094295537,
    0.0390640742519928,
    0.03828573064667355,
    0.04023326159042028,
    0.03700870712834996,
    0.03715369805271171,
    0.03759787010374604,
    0.03628379668915625,
    0.03825386171469215,
    0.03478861081692362,
    0.03514429405043574,
    0.037202365538009353,
    0.03582212623669622,
    0.03476218063595522,
    0.03453798166034532,
    0.03402139765172044,
    0.032865730121482126,
    0.03388283210902561,
    0.03400597924885062,
    0.0332231036790637,
    0.03335933677237673,
    0.0327008048806954,
    0.03244916894521142,
    0.03231573468266228,
    0.0317168817135323,
    0.031973549265644906,
    0.030221821449831435,
    0.028843607765516824,
    0.03273089595748707,
    0.030533516724334703,
    0.03134274589541109,
    0.030699044924479016,
    0.02871609453985602,
    0.030622968526998747,
    0.028569069004512018,
    0.02796251444174841,
    0.030180883385029805,
    0.02823227556355144,
    0.028511174484012053,
    0.029708904411029264,
    0.028214566725229404,
    0.02934405869641101,
    0.028806530582459317,
    0.02851840547170759,
    0.0275465241446131,
    0.026260281096875053,
    0.027458683023536483,
    0.02727935115384303,
    0.025906802050663716,
    0.026890234460036473,
    0.027588403546107337,
    0.026901520815073063,
    0.026490064983534598,
    0.025134273454278093,
    0.024332406820210907,
    0.024771440142919262,
    0.025422723788633635,
    0.025071907010812734,
    0.024116167322175634,
    0.025589378181000037
  ],