{
  "epoch": [
    1,
    2,
    3,
    4,
    5,
    6,
    7,
    8,
    9,
    10,
    11,
    12,
    13,
    14,
    15,
    16,
    17,
    18,
    19,
    20,
    21,
    22,
    23,
    24,
    25,
    26,
    27,
    28,
    29,
    30,
    31,
    32,
    33,
    34,
    35,
    36,
    37,
    38,
    39,
    40,
    41,
    42,
    43,
    44,
    45,
    46,
    47,
    48,
    49,
    50,
    51,
    52,
    53,
    54,
    55,
    56,
    57,
    58,
    59,
    60,
    61,
    62,
    63,
    64,
    65,
    66,
    67,
    68,
    69,
    70,
    71,
    72,
    73,
    74,
    75,
    76,
    77,
    78,
    79,
    80,
    81,
    82,
    83,
    84,
    85,
    86,
    87,
    88,
    89,
    90,
    91,
    92,
    93,
    94,
    95,
    96
  ],
  "train_loss": [
    1.1132264509028995,
    0.5127957653753537,
    0.3437555132760215,
    0.24179135593249626,
    0.18607029134465247,
    0.15287657347075717,
    0.1285079372758718,
    0.11684935612930465,
    0.10039886647892982,
    0.09038557071891642,
    0.08117376671163078,
    0.0727370582597772,
    0.07046584817628886,
    0.06143317927519992,
    0.05763485257696245,
    0.052467825841734705,
    0.04742517769720751,
    0.04596888725213783,
    0.04269454210574172,
    0.03970234182941699,
    0.03728433384934498,
    0.034366400403537084,
    0.03269913852138003,
    0.031658016018012596,
    0.030946783942276054,
    0.02863679770572284,
    0.025682262531433676,
    0.024657496745630947,
    0.022954013625870354,
    0.020541235722947058,
    0.021082239827986078,
    0.020827488068817665,
    0.02031273846082466,
    0.017342532216811302,
    0.01881711642478698,
    0.020119785678035282,
    0.015969278149249165,
    0.015476935289886579,
    0.015602504612503516,
    0.014253796523523316,
    0.014540079735056256,
    0.01404595445030244,
    0.013058707920940035,
    0.012496461135877738,
    0.013594501254571238,
    0.011251332397337466,
    0.011645319153909985,
    0.011113826753139572,
    0.011073444572699823,
    0.009951131862405803,
    0.01153861214562809,
    0.011659487300029159,
    0.010006529763316946,
    0.010876467111808508,
    0.008751276596065265,
    0.008369068319299594,
    0.009340269581088316,
    0.008511087179097548,
    0.010749874762547462,
    0.010372226761375582,
    0.008342335937957558,
    0.008579483408164041,
    0.006425830067829085,
    0.007478675798431384,
    0.007126744147678165,
    0.006715004178743387,
    0.00865726566425832,
    0.00754197761710474,
    0.007895772702411086,
    0.007058085901326663,
    0.006675213605667148,
    0.006046081794433046,
    0.007193655710242516,
    0.007983775727496454,
    0.007971775055246082,
    0.007289891031909177,
    0.006187728680574249,
    0.007995475347324265,
    0.005386383516939606,
    0.00564309191267779,
    0.006508004846388579,
    0.005546796813543607,
    0.0059426637206192985,
    0.004791293255132671,
    0.006528615738510049,
    0.005135202878028797,
    0.006259701048358842,
    0.005010485002373767,
    0.005508207515771405,
    0.004572087651167843,
    0.004662546545978799,
    0.00479457246082038,
    0.004930499259870951,
    0.0048627262947344005,
    0.003687971922660189,
    0.0037901653276910027
  ],
  "val_loss": [
    0.49197062849998474,
    0.36573580595163196,
    0.31557531425586116,
    0.2721522610921126,
    0.2420788682424105,
    0.22650168377619523,
    0.19842652403391325,
    0.18341482430696487,
    0.17839638946148065,
    0.1662534435208027,
    0.16445764612693053,
    0.162183661873524,
    0.1525301388823069,
    0.15930361243394706,
    0.14435022295667574,
    0.1421132099169951,
    0.14088595085419142,
    0.14416100256718123,
    0.13986287351984245,
    0.1361058638072931,
    0.1267001542907495,
    0.13402882691186208,
    0.13813423623259252,
    0.1189353635104803,
    0.13322930267223945,
    0.13860434064498314,
    0.11579560903975597,
    0.1223918662334864,
    0.13282053430493063,
    0.13051766286102626,
    0.12368391970029244,
    0.1224156327259082,
    0.1167212466064554,
    0.12065621021275337,
    0.13056669914378569,
    0.12932920584884974,
    0.1162454357657295,
    0.11088071276362126,
    0.12208188439791019,
    0.1159226309794646,
    0.11847161437169863,
    0.10688993965203945,
    0.10507291354812108,
    0.11861539847002579,
    0.10277899175595778,
    0.103027461311565,
    0.10308023843054588,
    0.10674088039936927,
    0.10534034912975934,
    0.09963282706359258,
    0.09841771011885542,
    0.09833316630325638,
    0.09612929315951008,
    0.09900128257532533,
    0.10056794728510655,
    0.09765525416542704,
    0.09882161893452016,
    0.10170381881583196,
    0.09747029452298123,
    0.1010017291141244,
    0.10102810159039038,
    0.0935915202403871,
    0.10366071244845024,
    0.10640662102601849,
    0.10942709367149152,
    0.10525906308052632,
    0.10665700831808723,
    0.09951153139655407,
    0.10366207964789982,
    0.09704690458826147,
    0.09246643111467935,
    0.10498133905303593,
    0.1071943706080604,
    0.10211016087291333,
    0.11316311463283804,
    0.10446422382329519,
    0.10074598585756925,
    0.11606715196886888,
    0.11171221657871054,
    0.10764299899053115,
    0.11220531129779723,
    0.10988463439907019,
    0.09659094678667876,
    0.10669098447005336,
    0.10680813367406909,
    0.10287022649740371,
    0.10862820979673415,
    0.10522893883395366,
    0.09893599627181314,
    0.10688332095742226,
    0.10799474271838196,
    0.11228127376391338,
    0.10823132892927298,
    0.10720274783670902,
    0.10889519177950345,
    0.11722360943587354
  ],