{
  "epoch": [
    1,
    2,
    3,
    4,
    5,
    6,
    7,
    8,
    9,
    10,
    11,
    12,
    13,
    14,
    15,
    16,
    17,
    18,
    19,
    20,
    21,
    22,
    23,
    24,
    25,
    26,
    27,
    28,
    29,
    30,
    31,
    32,
    33,
    34,
    35,
    36,
    37,
    38,
    39,
    40,
    41,
    42,
    43,
    44,
    45,
    46,
    47,
    48,
    49,
    50,
    51,
    52,
    53,
    54,
    55,
    56,
    57,
    58,
    59,
    60,
    61,
    62,
    63,
    64,
    65,
    66,
    67,
    68,
    69,
    70,
    71,
    72,
    73,
    74,
    75,
    76,
    77,
    78,
    79,
    80,
    81,
    82,
    83,
    84,
    85,
    86,
    87,
    88,
    89,
    90
  ],
  "train_loss": [
    0.8658462851354392,
    0.3515132994639992,
    0.2524403525461065,
    0.21534485030587358,
    0.19177950999819407,
    0.17213862241789846,
    0.15884773588121529,
    0.1455183962710423,
    0.13842337700252486,
    0.13115879568723168,
    0.12478426128330797,
    0.1187940320313567,
    0.11319153671069901,
    0.10937767638133304,
    0.10306466356067374,
    0.10171889454716503,
    0.09724179935632365,
    0.09290946027872586,
    0.09140437834038592,
    0.08840016345724021,
    0.08289830615319828,
    0.08082986418342236,
    0.07930312508551202,
    0.07648174839075839,
    0.07516087658039414,
    0.0713687236282495,
    0.07098612010405206,
    0.06825170885439556,
    0.06680662406258064,
    0.0641744145293637,
    0.06262397836193,
    0.06062355727916307,
    0.059494594241132834,
    0.05867360934320063,
    0.05678980659213987,
    0.055273963147682126,
    0.052988326269211156,
    0.05220671428717894,
    0.05197465153281937,
    0.0503467791022198,
    0.0502017468195593,
    0.04766080658514016,
    0.04911178856682364,
    0.04612026739828658,
    0.044707720652038214,
    0.04448447278746874,
    0.043090024658727764,
    0.03947304982212511,
    0.04130424684983226,
    0.041263882550272614,
    0.042594873175799554,
    0.03722524512005915,
    0.03759790931155186,
    0.03886267834223143,
    0.038699015850514766,
    0.03777084999376595,
    0.03482200705566176,
    0.03500602169810693,
    0.03511614608808909,
    0.03354888554146089,
    0.03381855570997047,
    0.03148154676476918,
    0.031801098030945746,
    0.033611816644557924,
    0.0308043694280383,
    0.03274617015411801,
    0.03042343342768969,
    0.030784467156828924,
    0.028653773506826692,
    0.029601034085902544,
    0.028652913642512396,
    0.026936280282933524,
    0.026008186294780213,
    0.029267463272916946,
    0.028340324930072127,
    0.02708881539707579,
    0.025868146652632422,
    0.02732188773968506,
    0.02503190528011263,
    0.02539385164543839,
    0.0232341966642491,
    0.025204964689818202,
    0.024717626231030958,
    0.02358247588001339,
    0.023981058412222284,
    0.024294054038859536,
    0.023672609110501144,
    0.024237012788007904,
    0.02384436054450303,
    0.024419942534169053
  ],
  "val_loss": [
    0.40210219300710237,
    0.2610088139772415,
    0.22502862088955367,
    0.21267534104677346,
    0.19980937586380884,
    0.1896261561375398,
    0.1884698701592592,
    0.17183546234781927,
    0.17123487706367785,
    0.1733306973026349,
    0.1507990500674798,
    0.14539411320136145,
    0.14435332612349436,
    0.14814625508510149,
    0.14409341433873543,
    0.13704378759631744,
    0.12646978061932784,
    0.12656274480888477,
    0.12327862760195366,
    0.11606424459471153,
    0.12264704546676232,
    0.11077088647736953,
    0.10620146388044724,
    0.10959351105758777,
    0.10934857895167974,
    0.10317288238841754,
    0.10313713378631152,
    0.09944348309475642,
    0.09296199708030774,
    0.09601689817813727,
    0.09511385041360672,
    0.09274170490411612,
    0.09621579228685452,
    0.09663907782389568,
    0.08811345553168884,
    0.08884113009732503,
    0.09167036127585632,
    0.09909217059612274,
    0.08973510921574555,
    0.08805705879170161,
    0.0987336218643647,
    0.08557373084701024,
    0.08951570165271942,
    0.08470320859207557,
    0.0854151462419675,
    0.08824998541520192,
    0.08762619099937953,
    0.09051684017937917,
    0.08688142709434032,
    0.09264154818195564,
    0.08384921673971873,
    0.08576708208196439,
    0.08330211974680424,
    0.08435111829581168,
    0.08364386032693662,
    0.08885657221365434,
    0.08424440441796413,
    0.08291998548576465,
    0.08410768626401058,
    0.08046930784789416,
    0.08550464963683715,
    0.09599700527122387,
    0.08503070573967236,
    0.0864863687266524,
    0.07962682399039085,
    0.08335828981720485,
    0.08950687844592792,
    0.0858014948809376,
    0.09265048909359254,
    0.09290854507484116,
    0.08697782743435639,
    0.08949987837471642,
    0.08712154899079066,
    0.08456955345060962,
    0.08380825251627427,
    0.08962748382383814,
    0.08866012755494851,
    0.08311738403370747,
    0.08257430892151135,
    0.08317394791027674,
    0.08480024950292248,
    0.08527179836080624,
    0.08282193469886596,
    0.08429178574050848,
    0.0823233682089127,
    0.08598308487293813,
    0.08361708967444989,
    0.08447205805434631,
    0.08255084439252432,
    0.08268695202871011
  ],
  "train_transduce": [
    0.8658462851354392,
    0.3515132994639992,
    0.2524403525461065,
    0.21534485030587358,
    0.19177950999819407,
    0.17213862241789846,
    0.15884773588121529,
    0.1455183962710423,
    0.13842337700252486,
    0.13115879568723168,
    0.12478426128330797,
    0.1187940320313567,
    0.11319153671069901,
    0.10937767638133304,
    0.10306466356067374,
    0.10171889454716503,
    0.09724179935632365,
    0.09290946027872586,
    0.09140437834038592,
    0.08840016345724021,
    0.08289830615319828,
    0.08082986418342236,
    0.07930312508551202,
    0.07648174839075839,
    0.07516087658039414,
    0.0713687236282495,
    0.07098612010405206,
    0.06825170885439556,
    0.06680662406258064,
    0.0641744145293637,
    0.06262397836193,
    0.06062355727916307,
    0.059494594241132834,
    0.05867360934320063,
    0.05678980659213987,
    0.055273963147682126,
    0.052988326269211156,
    0.05220671428717894,
    0.05197465153281937,
    0.0503467791022198,
    0.0502017468195593,
    0.04766080658514016,
    0.04911178856682364,
    0.04612026739828658,
    0.044707720652038214,
    0.04448447278746874,
    0.043090024658727764,
    0.03947304982212511,
    0.04130424684983226,
    0.041263882550272614,
    0.042594873175799554,
    0.03722524512005915,
    0.03759790931155186,
    0.03886267834223143,
    0.038699015850514766,
    0.03777084999376595,
    0.03482200705566176,
    0.03500602169810693,
    0.03511614608808909,
    0.03354888554146089,
    0.03381855570997047,
    0.03148154676476918,
    0.031801098030945746,
    0.033611816644557924,
    0.0308043694280383,
    0.03274617015411801,
    0.03042343342768969,
    0.030784467156828924,
    0.028653773506826692,
    0.029601034085902544,
    0.028652913642512396,
    0.026936280282933524,
    0.026008186294780213,
    0.029267463272916946,
    0.028340324930072127,
    0.02708881539707579,
    0.025868146652632422,
    0.02732188773968506,
    0.02503190528011263,
    0.02539385164543839,
    0.0232341966642491,
    0.025204964689818202,
    0.024717626231030958,
    0.02358247588001339,
    0.023981058412222284,
    0.024294054038859536,
    0.023672609110501144,
    0.024237012788007904,
    0.02384436054450303,
    0.024419942534169053
  ],