{
  "reg_mean_gates": [
    0.6062176165803109,
    0.9404145077720207,
    0.266839378238342,
    0.18652849740932642
  ],
  "irreg_mean_gates": [
    0.5789473684210527,
    1.0,
    0.3684210526315789,
    0.05263157894736842
  ],
  "gate_diff_per_slot": [
    -0.02727024815925827,
    0.059585492227979264,
    0.10158167439323695,
    -0.133896918461958
  ],
  "irreg_correct_mean_gates": [
    1.0,
    1.0,
    0.0,
    0.0
  ],
  "irreg_wrong_mean_gates": [
    0.5,
    1.0,
    0.4375,
    0.0625
  ]
}