{
  "epoch": [
    1,
    2,
    3,
    4,
    5,
    6,
    7,
    8,
    9,
    10,
    11,
    12,
    13,
    14,
    15,
    16,
    17,
    18,
    19,
    20,
    21,
    22,
    23,
    24,
    25,
    26,
    27,
    28,
    29,
    30,
    31,
    32,
    33,
    34,
    35,
    36,
    37,
    38,
    39,
    40,
    41,
    42,
    43,
    44,
    45,
    46,
    47,
    48,
    49,
    50,
    51,
    52,
    53,
    54,
    55,
    56,
    57,
    58,
    59,
    60,
    61,
    62,
    63,
    64,
    65,
    66,
    67,
    68,
    69,
    70,
    71,
    72,
    73,
    74,
    75,
    76,
    77,
    78,
    79,
    80,
    81,
    82,
    83,
    84,
    85,
    86
  ],
  "train_loss": [
    1.3241464683075541,
    0.8528681898239961,
    0.6933227055466052,
    0.5958608183049664,
    0.525909564390625,
    0.4671189866422378,
    0.42350237685995,
    0.38569540891450704,
    0.34990196383183764,
    0.3184241891368148,
    0.29394443494450184,
    0.27084094616248433,
    0.2503210580379693,
    0.23590699222284495,
    0.21816957603717588,
    0.2067883528538586,
    0.19095826156667828,
    0.17885042588735364,
    0.17128764250382936,
    0.1640437357511717,
    0.15463975475160116,
    0.1485350307499625,
    0.13732498242836638,
    0.1375992441761125,
    0.12761123511056924,
    0.11783999515716563,
    0.11561209431935832,
    0.11163677920385734,
    0.1069800357343917,
    0.10364290363318526,
    0.09911073917119774,
    0.09731121597446732,
    0.09122463327246844,
    0.08996821870816123,
    0.0873251577320787,
    0.08708002598783404,
    0.0843267557163214,
    0.07874029064454983,
    0.07791106372149949,
    0.07529967817833129,
    0.07485403630344831,
    0.07345551294610672,
    0.07155388703128111,
    0.06814138694983168,
    0.06857132732138499,
    0.06301056180802203,
    0.06570746599859797,
    0.06275695886405319,
    0.06374847425205499,
    0.06213314371356338,
    0.05704738797869572,
    0.0561943239455601,
    0.055688174230228996,
    0.05028898764843332,
    0.044463639205187255,
    0.043191327881452045,
    0.03866635734388202,
    0.0384833854191082,
    0.036202059801879155,
    0.035744237103835515,
    0.03407005446281323,
    0.03244069513874417,
    0.031886609919254,
    0.031006669836867715,
    0.029813817589418944,
    0.030996392977894426,
    0.029784086520409155,
    0.028834374539899763,
    0.0270096121893562,
    0.0270186096727464,
    0.027923453724030982,
    0.025904843563300355,
    0.026363263350729013,
    0.026011189969122103,
    0.0250452094982599,
    0.024650047279980762,
    0.02389473175466752,
    0.02456530066538295,
    0.0230824946721094,
    0.02389513686078495,
    0.02234718669805983,
    0.020940662652119687,
    0.021073436737780643,
    0.02006948927595021,
    0.020721609298543064,
    0.021560900496587772
  ],
  "val_loss": [
    0.5858605962533218,
    0.4179739562364725,
    0.37807430441562945,
    0.3405784253890698,
    0.31776193930552554,
    0.31501657916949344,
    0.2780419530776831,
    0.24737069010734558,
    0.23993859038903162,
    0.22626543045043945,
    0.21770904958248138,
    0.21404417088398567,
    0.19013209411731133,
    0.19506162863511306,
    0.1752392202615738,
    0.17330022270862872,
    0.17635839604414427,
    0.15753976083718813,
    0.1534636249909034,
    0.16086037628925764,
    0.1476000243654618,
    0.14026866222803408,
    0.13156115435636961,
    0.14021042447823745,
    0.14079570541015038,
    0.13368714830050102,
    0.12848779903008387,
    0.12073746094336876,
    0.11803139230379692,
    0.12202272621484903,
    0.11559186102106021,
    0.11747814829532917,
    0.11419542792897958,
    0.10934535270700088,
    0.11838922506341568,
    0.10857476408664997,
    0.11196167537799248,
    0.1134751931979106,
    0.10339087419784986,
    0.11104312739693202,
    0.11011671532805149,
    0.0962365659383627,
    0.10616508985941227,
    0.10268109005231124,
    0.10021018265531613,
    0.10984602484565514,
    0.10556088559902631,
    0.11625179562431115,
    0.1063289989072543,
    0.09833762966669522,
    0.09702226447944458,
    0.11292374148391761,
    0.10102564168091004,
    0.09529625996947289,
    0.09698037659892669,
    0.08577604591846466,
    0.08802388916508509,
    0.08185640744005258,
    0.07877104715085946,
    0.08599185700026843,
    0.07257869746536016,
    0.08664414028708751,
    0.09290261939167976,
    0.0852325729882488,
    0.08639657955903274,
    0.0798683577002241,
    0.08624722912477759,
    0.08294665462409075,
    0.08609262552972023,
    0.08351197050741085,
    0.09097973644160308,
    0.08470996096730232,
    0.08631085819349839,
    0.08724546128024276,
    0.09594947626241125,
    0.08572504540475515,
    0.0851196265564515,
    0.08266609036721863,
    0.07494252977462915,
    0.08253210926285157,
    0.0783737815128496,
    0.0746423752548603,
    0.08076368155889213,
    0.08097950053902772,
    0.08268271415279461,
    0.080611243736572
  ],
  "train_transduce": [
    1.3235710733330126,
    0.8528411075011971,
    0.693277098776139,
    0.5957380520928767,
    0.5256948133104855,
    0.46682198929417995,
    0.423196431902266,
    0.385446390233089,
    0.3495514290695338,
    0.3180204019257703,
    0.2933396018811108,
    0.27037624277404904,
    0.2498245408240053,
    0.23526056702296758,
    0.2175610371932541,
    0.20626937582628013,
    0.19033207821170078,
    0.1782891706553931,
    0.1706974283628857,
    0.16348045688007296,
    0.1541153211722669,
    0.14792617433464406,
    0.1367430429252767,
    0.1371968243002277,
    0.12688245340106413,
    0.11712148660774697,
    0.11486939219853927,
    0.11092462659496621,
    0.10602643108475454,
    0.1028543212787085,
    0.09830509877005189,
    0.09651921631902763,
    0.0904374198661637,
    0.08901586158911592,
    0.08662611935479739,
    0.08612206114513665,
    0.08336984732946784,
    0.07791988424879988,
    0.07706400914328922,
    0.07444776029124395,
    0.07402490989602718,
    0.07251715890525542,
    0.07071626214214514,
    0.06739852837642137,
    0.06786436488679082,
    0.061965463567793984,
    0.06486868389795736,
    0.061749556721140124,
    0.06286515239338131,
    0.06126892770227698,
    0.056262681366318894,
    0.05517741743014338,
    0.054457881329485126,
    0.049431507691702584,
    0.04395117375462018,
    0.04296287275687551,
    0.03852279708941573,
    0.038382840434031694,
    0.03615653078244596,
    0.03571654321414601,
    0.03404621191841272,
    0.03242018200773938,
    0.03186854212448846,
    0.03099055239239458,
    0.029799225764137877,
    0.030992069294839407,
    0.02977911651028877,
    0.028815711392377763,
    0.027002203076617003,
    0.027016474915783583,
    0.027916436395655896,
    0.025901410593075158,
    0.026357991880132367,
    0.026008072301995047,
    0.025042816532113273,
    0.02464195346632569,
    0.02388883088523349,
    0.0245630065430455,
    0.02307663565338349,
    0.023891332878529566,
    0.02234178757026177,
    0.02093847867787921,
    0.02106903434356617,
    0.020067130311478658,
    0.020719581458852002,
    0.02155946461680662
  ],