{
  "epoch": [
    1,
    2,
    3,
    4,
    5,
    6,
    7,
    8,
    9,
    10,
    11,
    12,
    13,
    14,
    15,
    16,
    17,
    18,
    19,
    20,
    21,
    22,
    23,
    24,
    25,
    26,
    27,
    28,
    29,
    30,
    31,
    32,
    33,
    34,
    35,
    36,
    37,
    38,
    39,
    40,
    41,
    42,
    43,
    44,
    45,
    46,
    47,
    48,
    49,
    50,
    51,
    52,
    53,
    54,
    55,
    56,
    57,
    58,
    59,
    60,
    61,
    62,
    63,
    64,
    65,
    66,
    67,
    68,
    69,
    70,
    71,
    72,
    73,
    74,
    75,
    76,
    77,
    78,
    79,
    80,
    81,
    82,
    83,
    84,
    85,
    86,
    87,
    88,
    89,
    90,
    91,
    92,
    93,
    94,
    95,
    96,
    97,
    98,
    99,
    100,
    101,
    102,
    103
  ],
  "train_loss": [
    2.372261682359299,
    1.5538103851941552,
    1.3423825230928932,
    1.2367986629504968,
    1.1382339826904901,
    1.0730701631838733,
    1.001960051531839,
    0.962307077233154,
    0.9237295542613114,
    0.8848289145101415,
    0.8534228341414196,
    0.8288577411434438,
    0.8078496763021639,
    0.7944633187633929,
    0.7812661463671392,
    0.7689993092329195,
    0.7486945738886842,
    0.7315171838986991,
    0.7263363776820722,
    0.7102118217118896,
    0.6972949493049395,
    0.6825486884848906,
    0.679766037676594,
    0.6677934002168108,
    0.6557713263105638,
    0.648556803417678,
    0.6403839836026183,
    0.6403868461009299,
    0.6286452843411134,
    0.6144841632040421,
    0.6165506403044899,
    0.6053022217042375,
    0.5989352733191877,
    0.5936010595005338,
    0.5911689619026562,
    0.5804455519312679,
    0.5719863441911074,
    0.5700403440116656,
    0.5696731416305693,
    0.5615821725661212,
    0.5569711802619519,
    0.5472302634527187,
    0.5494148799098364,
    0.5408361182354464,
    0.532700627452076,
    0.5191811928064516,
    0.521880848572986,
    0.5030059643311076,
    0.5003991250944609,
    0.49213481746097604,
    0.48308801975580723,
    0.4795649036912635,
    0.47729689797552505,
    0.4661087966201329,
    0.46350479657107063,
    0.4654816238596888,
    0.4612076421185295,
    0.45011832188851764,
    0.4487306304497294,
    0.44906105086354925,
    0.441832559828711,
    0.44087142430909787,
    0.433911127619224,
    0.42994554296578513,
    0.430967370472332,
    0.4250665525398632,
    0.41808560844695214,
    0.4096741658626216,
    0.41615062656969126,
    0.40973649992801175,
    0.40612632567339607,
    0.40164349914187253,
    0.40335598602743433,
    0.39588878473432937,
    0.39413538825984046,
    0.3895253981694137,
    0.3898577338988238,
    0.39014917995670056,
    0.38463553860045896,
    0.3769221985989278,
    0.3698093677216237,
    0.3692984384770441,
    0.3726389532042022,
    0.3646451808733515,
    0.3663730336592929,
    0.3671478581900644,
    0.35876143258987087,
    0.35382036230351666,
    0.35883761573546,
    0.35406497283147115,
    0.3478437765400008,
    0.3513713276917391,
    0.3405072736267996,
    0.3385879660006797,
    0.3392153975397053,
    0.3378779284729816,
    0.3338325498717846,
    0.3343876094216167,
    0.32810741721993625,
    0.3294617641385239,
    0.3261886860179429,
    0.3254839248291337,
    0.31780714858876596
  ],
  "val_loss": [
    1.3453603524428148,
    1.112224322098952,
    0.9717682920969449,
    0.9148054673121526,
    0.8280537999593295,
    0.7978712091079125,
    0.7565422149804922,
    0.7540303285305316,
    0.7144867823674128,
    0.7087240127416757,
    0.6687261141263522,
    0.6418746022077707,
    0.6533532371887794,
    0.6340015622285696,
    0.6209218822992765,
    0.6158695954542893,
    0.6232829919228187,
    0.5962277971781217,
    0.5951012235421401,
    0.5830816488999587,
    0.5830113429289597,
    0.5764252176651588,
    0.5707914508306063,
    0.5760775827444516,
    0.5628470824314997,
    0.566915369950808,
    0.5589640278082627,
    0.5563400639937475,
    0.5428615166590764,
    0.547911639396961,
    0.5411403454267062,
    0.5454393189686996,
    0.5387130586000589,
    0.5326532263022202,
    0.5340758011891291,
    0.5532475664065435,
    0.5576766477181361,
    0.5344177415737739,
    0.5347804358372321,
    0.5299925231016599,
    0.5361349766071026,
    0.5204607477554908,
    0.5135533970135909,
    0.6365368824738723,
    0.48626408210167515,
    0.5196084678173065,
    0.47616211496866667,
    0.5085531794107877,
    0.4817206859588623,
    0.4907434651484856,
    0.4909609670822437,
    0.515103470820647,
    0.48790635053928083,
    0.4818006753921509,
    0.47233333266698396,
    0.4852922306610988,
    0.48209373309062076,
    0.4820187000127939,
    0.4781749271429502,
    0.49176239508848923,
    0.49100053310394287,
    0.4989849604093112,
    0.4895096833889301,
    0.48197027353140026,
    0.4836377707811502,
    0.49129576637194705,
    0.4863920280566582,
    0.46987472359950727,
    0.4995778432259193,
    0.46808696022400487,
    0.4794803559780121,
    0.5184870591530433,
    0.489154386978883,
    0.48349480445568377,
    0.49892669686904323,
    0.48753684071394116,
    0.4720571774702806,
    0.46677663922309875,
    0.4910997473276578,
    0.46791388209049517,
    0.48387598532896775,
    0.4883518929664905,
    0.4895522640301631,
    0.48869723769334644,
    0.4959491858115563,
    0.4671994149684906,
    0.4719288922273196,
    0.4886163312655229,
    0.47634219435545117,
    0.48169909303004926,
    0.4914495853277353,
    0.47185534697312576,
    0.4852126171955696,
    0.4831444254288307,
    0.48485602323825544,
    0.49203757368601286,
    0.49219846725463867,
    0.5033227938872117,
    0.47392019400229823,
    0.4917353414572202,
    0.48807673500134396,
    0.4833840475632594,
    0.4843104344147902
  ],