{
  "epoch": [
    1,
    2,
    3,
    4,
    5,
    6,
    7,
    8,
    9,
    10,
    11,
    12,
    13,
    14,
    15,
    16,
    17,
    18,
    19,
    20,
    21,
    22,
    23,
    24,
    25,
    26,
    27,
    28,
    29,
    30,
    31,
    32,
    33,
    34,
    35,
    36,
    37,
    38,
    39,
    40,
    41,
    42,
    43,
    44,
    45,
    46,
    47,
    48,
    49,
    50,
    51,
    52,
    53,
    54,
    55,
    56,
    57,
    58,
    59,
    60,
    61,
    62,
    63,
    64,
    65,
    66,
    67,
    68,
    69,
    70,
    71,
    72,
    73,
    74,
    75,
    76,
    77,
    78,
    79,
    80,
    81,
    82,
    83,
    84,
    85,
    86,
    87,
    88,
    89,
    90,
    91,
    92,
    93,
    94,
    95,
    96,
    97,
    98,
    99,
    100,
    101,
    102,
    103,
    104,
    105,
    106,
    107,
    108,
    109,
    110,
    111,
    112,
    113,
    114,
    115,
    116,
    117,
    118,
    119,
    120,
    121,
    122,
    123,
    124,
    125,
    126,
    127,
    128,
    129,
    130,
    131,
    132,
    133,
    134,
    135,
    136,
    137,
    138,
    139,
    140,
    141,
    142,
    143,
    144,
    145,
    146,
    147,
    148,
    149,
    150
  ],
  "train_loss": [
    1.4085667859209645,
    0.7919623367857225,
    0.6037638231669322,
    0.5119675943757048,
    0.45867623639578864,
    0.421237725137484,
    0.3876597530180865,
    0.356818430494554,
    0.33618716275928046,
    0.31230896873639363,
    0.2967690201384006,
    0.2831265901279922,
    0.26857210179366686,
    0.25652708747599384,
    0.24334350361092255,
    0.23370418601697035,
    0.22271266977975865,
    0.21745513158269447,
    0.20700031179602785,
    0.19969013886581552,
    0.19249680446516168,
    0.18447068060683733,
    0.17842877892279388,
    0.17126850599404608,
    0.16460106116120177,
    0.1610877254221699,
    0.15654181194777536,
    0.14796247156244693,
    0.14564404850549037,
    0.13838723220742574,
    0.13474149072524344,
    0.1302134555460203,
    0.1257433444261551,
    0.12118490999287898,
    0.1176470538398417,
    0.11390381033467774,
    0.11168578326111973,
    0.10962595812755056,
    0.10646063000848978,
    0.10296169218450489,
    0.09977881315321026,
    0.09494342595928966,
    0.09061085595057743,
    0.0903821902183613,
    0.08672027909519649,
    0.08475845303423334,
    0.08126187036828239,
    0.08085903912635133,
    0.07769966309908594,
    0.07642949000000954,
    0.07331022789867797,
    0.07170468415733021,
    0.06871686682178832,
    0.06800541370221884,
    0.0673144938110715,
    0.06505052107247976,
    0.06170802814240503,
    0.06107817610522898,
    0.059103865969446626,
    0.058344784515476464,
    0.05591316996972159,
    0.05632784007356899,
    0.051954012216612847,
    0.05374551688016641,
    0.04831287392073929,
    0.05021111053036581,
    0.04743912185330202,
    0.048326798060005255,
    0.04618896758829308,
    0.04341747016083486,
    0.04462512676594871,
    0.04312109257472624,
    0.04131868688186797,
    0.04154126930723686,
    0.03959839139133692,
    0.036858424452124255,
    0.03652276026804258,
    0.03691302115411157,
    0.0354059653190693,
    0.036525280500697616,
    0.034827501771252344,
    0.035518049594420606,
    0.03341053637426974,
    0.03172941930997785,
    0.03305932085518495,
    0.03099610129057771,
    0.029530123779826827,
    0.029984344838943223,
    0.028493377361631038,
    0.026812214911500418,
    0.028026651941461138,
    0.02850102366750488,
    0.027095183379726835,
    0.024958991611579266,
    0.025519188106207565,
    0.025668474817925162,
    0.023915219729268314,
    0.02508424569179516,
    0.024261387544545796,
    0.023801398772451254,
    0.02327108623386167,
    0.022108035180533288,
    0.021129045999691922,
    0.020560559959584238,
    0.021375483883968968,
    0.021247757335958798,
    0.01863131070472669,
    0.018404536949710386,
    0.01855601949875455,
    0.017881846341239935,
    0.01891313934938447,
    0.019004754242625568,
    0.01852328203950483,
    0.018747501596255173,
    0.01844253446814595,
    0.01613699895154574,
    0.0167824092394866,
    0.016038668238198255,
    0.016433746784482853,
    0.01592920253993851,
    0.016781756686655307,
    0.01579973172156675,
    0.015334644057502103,
    0.01639563549254643,
    0.015877078001451963,
    0.01328707111095733,
    0.014831188259332781,
    0.014302553756549806,
    0.014310985651457369,
    0.014265648587284113,
    0.0150261391507517,
    0.014030066240431354,
    0.013509717488679851,
    0.013503617602446586,
    0.013524555545853505,
    0.012669734055139494,
    0.011951474820973702,
    0.01381029264245293,
    0.012502976089236464,
    0.012506986719251859,
    0.014265397284640977,
    0.010997204783160498,
    0.011818632799302144,
    0.011926700121326612,
    0.012072773316026767,
    0.011544207904008355,
    0.011853404688916288,
    0.01127256786607501,
    0.011968706257290917,
    0.011539143092911874
  ],