{
  "epoch": [
    1,
    2,
    3,
    4,
    5,
    6,
    7,
    8,
    9,
    10,
    11,
    12,
    13,
    14,
    15,
    16,
    17,
    18,
    19,
    20,
    21,
    22,
    23,
    24,
    25,
    26,
    27,
    28,
    29,
    30,
    31,
    32,
    33,
    34,
    35,
    36,
    37,
    38,
    39,
    40,
    41,
    42
  ],
  "train_loss": [
    1.2343919727298402,
    0.22552311554858365,
    0.08924227163733281,
    0.04887961573207501,
    0.032055469604266675,
    0.022078135185250918,
    0.017036582252068312,
    0.013575246718414511,
    0.011169345068898936,
    0.009038190811046773,
    0.0073713973715430915,
    0.008374375911650354,
    0.006742188995031966,
    0.006270439521836827,
    0.0055663155619242255,
    0.004751823135032367,
    0.006026853894281979,
    0.004952066736391832,
    0.004290357223692706,
    0.004889121442341928,
    0.0034158153968896795,
    0.002948935285718276,
    0.002389004707550054,
    0.00230119624127125,
    0.004048449566681418,
    0.003167280292416894,
    0.0021199429114877257,
    0.0020590646595384484,
    0.0021792346005239187,
    0.0024907072766302343,
    0.00181992405220823,
    0.00171801918502789,
    0.0028240662432676565,
    0.002111555955876217,
    0.0021755935819417517,
    0.0013702037088187727,
    0.001117616613949385,
    0.0015129866194761282,
    0.002373735356609968,
    0.002157020676621841,
    0.0018589515043599602,
    0.0016099385095903645
  ],
  "val_loss": [
    0.24626518442080572,
    0.0753468911235149,
    0.049838173418090895,
    0.03971364542555351,
    0.03648265623129331,
    0.03605315286236314,
    0.03443723488957263,
    0.03390243871567341,
    0.03977949347776862,
    0.03701423570657006,
    0.036288871123151,
    0.03286524099978404,
    0.03437907414851137,
    0.03592347176835084,
    0.03656386126441738,
    0.03512679004164126,
    0.036877246076563515,
    0.03485067678579631,
    0.040008209012180135,
    0.03772036396772959,
    0.03728021956004131,
    0.03786274146449824,
    0.039892983177336507,
    0.038121066637149155,
    0.042971665209804014,
    0.04188491908112505,
    0.04377933224028451,
    0.04328716054218463,
    0.04490071575715914,
    0.040252788241979524,
    0.04198035994620743,
    0.03808290786960592,
    0.04302960932196024,
    0.043068140489944756,
    0.04624310320091004,
    0.046902457387029875,
    0.049072334567496836,
    0.05027080460142595,
    0.04311891849031851,
    0.040898492107561864,
    0.036448512097614676,
    0.04319100274845438
  ],
  "train_transduce": [
    1.2343919727298402,
    0.22552311554858365,
    0.08924227163733281,
    0.04887961573207501,
    0.032055469604266675,
    0.022078135185250918,
    0.017036582252068312,
    0.013575246718414511,
    0.011169345068898936,
    0.009038190811046773,
    0.0073713973715430915,
    0.008374375911650354,
    0.006742188995031966,
    0.006270439521836827,
    0.0055663155619242255,
    0.004751823135032367,
    0.006026853894281979,
    0.004952066736391832,
    0.004290357223692706,
    0.004889121442341928,
    0.0034158153968896795,
    0.002948935285718276,
    0.002389004707550054,
    0.00230119624127125,
    0.004048449566681418,
    0.003167280292416894,
    0.0021199429114877257,
    0.0020590646595384484,
    0.0021792346005239187,
    0.0024907072766302343,
    0.00181992405220823,
    0.00171801918502789,
    0.0028240662432676565,
    0.002111555955876217,
    0.0021755935819417517,
    0.0013702037088187727,
    0.001117616613949385,
    0.0015129866194761282,
    0.002373735356609968,
    0.002157020676621841,
    0.0018589515043599602,
    0.0016099385095903645
  ],
  "val_transduce": [
    0.24626518442080572,
    0.0753468911235149,
    0.049838173418090895,
    0.03971364542555351,
    0.03648265623129331,
    0.03605315286236314,
    0.03443723488957263,
    0.03390243871567341,
    0.03977949347776862,
    0.03701423570657006,
    0.036288871123151,
    0.03286524099978404,
    0.03437907414851137,
    0.03592347176835084,
    0.03656386126441738,
    0.03512679004164126,
    0.036877246076563515,
    0.03485067678579631,
    0.040008209012180135,
    0.03772036396772959,
    0.03728021956004131,
    0.03786274146449824,
    0.039892983177336507,
    0.038121066637149155,
    0.042971665209804014,
    0.04188491908112505,
    0.04377933224028451,
    0.04328716054218463,
    0.04490071575715914,
    0.040252788241979524,
    0.04198035994620743,
    0.03808290786960592,
    0.04302960932196024,
    0.043068140489944756,
    0.04624310320091004,
    0.046902457387029875,
    0.049072334567496836,
    0.05027080460142595,
    0.04311891849031851,
    0.040898492107561864,
    0.036448512097614676,
    0.04319100274845438
  ],
  "l0": [
    0.0,
    0.0,
    0.0,
    0.0,
    0.0,
    0.0,
    0.0,
    0.0,
    0.0,
    0.0,
    0.0,
    0.0,
    0.0,
    0.0,
    0.0,
    0.0,
    0.0,
    0.0,
    0.0,
    0.0,
    0.0,
    0.0,
    0.0,
    0.0,
    0.0,
    0.0,
    0.0,
    0.0,
    0.0,
    0.0,
    0.0,
    0.0,
    0.0,
    0.0,
    0.0,
    0.0,
    0.0,
    0.0,
    0.0,
    0.0,
    0.0,
    0.0
  ],
  "lambda_l0_effective": [
    0.01,
    0.01,
    0.01,
    0.01,
    0.01,
    0.01,
    0.01,
    0.01,
    0.01,
    0.01,
    0.01,
    0.01,
    0.01,
    0.01,
    0.01,
    0.01,
    0.01,
    0.01,
    0.01,
    0.01,
    0.01,
    0.01,
    0.01,
    0.01,
    0.01,
    0.01,
    0.01,
    0.01,
    0.01,
    0.01,
    0.01,
    0.01,
    0.01,
    0.01,
    0.01,
    0.01,
    0.01,
    0.01,
    0.01,
    0.01,
    0.01,
    0.01
  ],
  "recon_loss": [],
  "balance_loss": [],
  "val_reg_acc": [],
  "val_irr_acc": [],
  "val_acc": [],
  "phase": [
    0,
    0,
    0,
    0,
    0,
    0,
    0,
    0,
    0,
    0,
    0,
    0,
    0,
    0,
    0,
    0,
    0,
    0,
    0,
    0,
    0,
    0,
    0,
    0,
    0,
    0,
    0,
    0,
    0,
    0,
    0,
    0,
    0,
    0,
    0,
    0,
    0,
    0,
    0,
    0,
    0,
    0
  ]
}