{
  "epoch": [
    1,
    2,
    3,
    4,
    5,
    6,
    7,
    8,
    9,
    10,
    11,
    12,
    13,
    14,
    15,
    16,
    17,
    18,
    19,
    20,
    21,
    22,
    23,
    24,
    25,
    26,
    27,
    28,
    29,
    30,
    31,
    32,
    33,
    34,
    35,
    36,
    37,
    38,
    39,
    40,
    41,
    42,
    43,
    44,
    45,
    46,
    47,
    48,
    49,
    50,
    51,
    52,
    53,
    54,
    55,
    56,
    57,
    58,
    59,
    60,
    61,
    62,
    63,
    64,
    65,
    66,
    67,
    68
  ],
  "train_loss": [
    1.302673083912466,
    0.6206104383640683,
    0.42497190387593103,
    0.31541868475909085,
    0.25626604804365904,
    0.21692548292813843,
    0.18637120934952164,
    0.16736676424895366,
    0.15092302858829498,
    0.13457537949392476,
    0.1249682283240188,
    0.11374032505087017,
    0.10631293536538315,
    0.09848259435486548,
    0.0914564961855559,
    0.08285986582182117,
    0.07699442232392498,
    0.06971697465122975,
    0.06439194764903526,
    0.06217427771615306,
    0.05826056171592671,
    0.052288146574319024,
    0.0487226645279791,
    0.04675568920588985,
    0.043264647696128825,
    0.04118833579507071,
    0.04022764125550838,
    0.036201189771371406,
    0.033765579007335546,
    0.03344020670395076,
    0.03115877084741273,
    0.02839211983241371,
    0.027459131832205757,
    0.024895748250743317,
    0.02649185437824308,
    0.025057182548874894,
    0.02209866983028724,
    0.021109590238469086,
    0.0208713905645784,
    0.020137077545478325,
    0.01816833094866543,
    0.01763661664708988,
    0.01747294979112357,
    0.0165745198232189,
    0.014814850439787986,
    0.015812684658233114,
    0.014183320659548812,
    0.014560434618033469,
    0.014132622799826498,
    0.013225111159851257,
    0.012569393007295955,
    0.011788530668877448,
    0.011872960503582755,
    0.010872213332553768,
    0.01076006680035714,
    0.009923768802257926,
    0.00964067161344856,
    0.01095376280436446,
    0.009878713917227212,
    0.010918299244481533,
    0.010208991064555636,
    0.009216627245288841,
    0.00950688298145962,
    0.007836008309110635,
    0.008539151184899329,
    0.008002969287527898,
    0.007273716960683197,
    0.007964795257310508
  ],
  "val_loss": [
    0.6594858903151292,
    0.5097938776016235,
    0.428153769328044,
    0.36179509644324964,
    0.35169137899692243,
    0.3395147816492961,
    0.3162778214766429,
    0.30564070435670704,
    0.3079228298022197,
    0.2675718837059461,
    0.267632768704341,
    0.2572228593321947,
    0.2419340839752784,
    0.2381398597588906,
    0.22509963638507402,
    0.21987762646033213,
    0.21864530386833045,
    0.2124680349460015,
    0.20428558267079866,
    0.20105255165925393,
    0.22300903556438592,
    0.20543201038470635,
    0.18994591843623382,
    0.19185349803704482,
    0.1962962127648867,
    0.19673625895610222,
    0.18663406601318946,
    0.17399303156595963,
    0.17254398104089957,
    0.17710387162291086,
    0.18301011364047343,
    0.17302832351281092,
    0.17717855022503778,
    0.177493367344141,
    0.16213619565734497,
    0.18391515859044516,
    0.16596053741299188,
    0.16735138973364463,
    0.16512615634844854,
    0.17436372803953978,
    0.16931734291406778,
    0.16448679021917856,
    0.15972718137961167,
    0.17095440769424805,
    0.1694105681605064,
    0.16238587406965402,
    0.16243153266035593,
    0.17263780018458,
    0.1738306344128572,
    0.1713197288604883,
    0.1681999650139075,
    0.18125593633605883,
    0.16753266436549333,
    0.1601263597034491,
    0.16215897179566896,
    0.16574368425286734,
    0.1619163743005349,
    0.1637605084822728,
    0.1668818209033746,
    0.16736119211866304,
    0.18446969985961914,
    0.16363540721627381,
    0.18086650509100693,
    0.17559853654641372,
    0.16659600387972134,
    0.1650085707123463,
    0.16306526837154076,
    0.16207624570681498
  ],
  "train_transduce": [
    1.302673083912466,
    0.6206104383640683,
    0.42497190387593103,
    0.31541868475909085,
    0.25626604804365904,
    0.21692548292813843,
    0.18637120934952164,
    0.16736676424895366,
    0.15092302858829498,
    0.13457537949392476,
    0.1249682283240188,
    0.11374032505087017,
    0.10631293536538315,
    0.09848259435486548,
    0.0914564961855559,
    0.08285986582182117,
    0.07699442232392498,
    0.06971697465122975,
    0.06439194764903526,
    0.06217427771615306,
    0.05826056171592671,
    0.052288146574319024,
    0.0487226645279791,
    0.04675568920588985,
    0.043264647696128825,
    0.04118833579507071,
    0.04022764125550838,
    0.036201189771371406,
    0.033765579007335546,
    0.03344020670395076,
    0.03115877084741273,
    0.02839211983241371,
    0.027459131832205757,
    0.024895748250743317,
    0.02649185437824308,
    0.025057182548874894,
    0.02209866983028724,
    0.021109590238469086,
    0.0208713905645784,
    0.020137077545478325,
    0.01816833094866543,
    0.01763661664708988,
    0.01747294979112357,
    0.0165745198232189,
    0.014814850439787986,
    0.015812684658233114,
    0.014183320659548812,
    0.014560434618033469,
    0.014132622799826498,
    0.013225111159851257,
    0.012569393007295955,
    0.011788530668877448,
    0.011872960503582755,
    0.010872213332553768,
    0.01076006680035714,
    0.009923768802257926,
    0.00964067161344856,
    0.01095376280436446,
    0.009878713917227212,
    0.010918299244481533,
    0.010208991064555636,
    0.009216627245288841,
    0.00950688298145962,
    0.007836008309110635,
    0.008539151184899329,
    0.008002969287527898,
    0.007273716960683197,
    0.007964795257310508
  ],
  "val_transduce": [
    0.6594858903151292,
    0.5097938776016235,
    0.428153769328044,
    0.36179509644324964,
    0.35169137899692243,
    0.3395147816492961,
    0.3162778214766429,
    0.30564070435670704,
    0.3079228298022197,
    0.2675718837059461,
    0.267632768704341,
    0.2572228593321947,
    0.2419340839752784,
    0.2381398597588906,
    0.22509963638507402,
    0.21987762646033213,
    0.21864530386833045,
    0.2124680349460015,
    0.20428558267079866,
    0.20105255165925393,
    0.22300903556438592,
    0.20543201038470635,
    0.18994591843623382,
    0.19185349803704482,
    0.1962962127648867,
    0.19673625895610222,
    0.18663406601318946,
    0.17399303156595963,
    0.17254398104089957,
    0.17710387162291086,
    0.18301011364047343,
    0.17302832351281092,
    0.17717855022503778,
    0.177493367344141,
    0.16213619565734497,
    0.18391515859044516,
    0.16596053741299188,
    0.16735138973364463,
    0.16512615634844854,
    0.17436372803953978,
    0.16931734291406778,
    0.16448679021917856,
    0.15972718137961167,
    0.17095440769424805,
    0.1694105681605064,
    0.16238587406965402,
    0.16243153266035593,
    0.17263780018458,
    0.1738306344128572,
    0.1713197288604883,
    0.1681999650139075,
    0.18125593633605883,
    0.16753266436549333,
    0.1601263597034491,
    0.16215897179566896,
    0.16574368425286734,
    0.1619163743005349,
    0.1637605084822728,
    0.1668818209033746,
    0.16736119211866304,
    0.18446969985961914,
    0.16363540721627381,
    0.18086650509100693,
    0.17559853654641372,
    0.16659600387972134,
    0.1650085707123463,
    0.16306526837154076,
    0.16207624570681498
  ],