{
  "epoch": [
    1,
    2,
    3,
    4,
    5,
    6,
    7,
    8,
    9,
    10,
    11,
    12,
    13,
    14,
    15,
    16,
    17,
    18,
    19,
    20,
    21,
    22,
    23,
    24,
    25,
    26,
    27,
    28,
    29,
    30,
    31,
    32,
    33,
    34,
    35,
    36,
    37,
    38,
    39,
    40,
    41,
    42,
    43,
    44,
    45,
    46,
    47,
    48,
    49,
    50,
    51,
    52,
    53,
    54,
    55,
    56,
    57,
    58,
    59,
    60,
    61,
    62,
    63,
    64,
    65,
    66,
    67,
    68,
    69,
    70,
    71,
    72,
    73,
    74,
    75,
    76,
    77,
    78,
    79,
    80,
    81,
    82,
    83,
    84,
    85,
    86,
    87,
    88,
    89,
    90,
    91
  ],
  "train_loss": [
    0.9849787673147599,
    0.3445856611032297,
    0.2471815790280257,
    0.21362304886673936,
    0.19453449532537176,
    0.17901520866273654,
    0.16558846469857905,
    0.15131395597859185,
    0.14219102654421684,
    0.13473556183352328,
    0.1288195701297557,
    0.12098848329174637,
    0.11772294563822228,
    0.11368973645390851,
    0.10859903685822345,
    0.10583131148083376,
    0.10202453853470264,
    0.09920186158454064,
    0.09708747105433209,
    0.09117770135992824,
    0.08810069393550995,
    0.0869774702420034,
    0.08444496611188544,
    0.08215203831470248,
    0.07946280502520575,
    0.07731261056396041,
    0.0756049123177729,
    0.07260964111895254,
    0.07058807359178468,
    0.06970032536894968,
    0.06775625393089682,
    0.06678631510769967,
    0.06381241831522767,
    0.0651101609968608,
    0.06040494296109617,
    0.060541404724711236,
    0.05865229408966728,
    0.05603917275029834,
    0.0555067291427957,
    0.05624343608828759,
    0.054139829406717625,
    0.05168586051884559,
    0.049883016726315614,
    0.04993099189077568,
    0.048254496713012164,
    0.045719558824923366,
    0.04535084850809509,
    0.044935820762547526,
    0.043033188914345336,
    0.0439881301475781,
    0.04357306942306828,
    0.042745291485939876,
    0.03997685913328487,
    0.0410877815032802,
    0.03944354040068713,
    0.03693056777396267,
    0.036032948495432884,
    0.036228947369105154,
    0.03607120777544851,
    0.03655301789190657,
    0.03398306371810118,
    0.03724405973559559,
    0.03334052137809225,
    0.032789362382401925,
    0.02982596197340748,
    0.031767328541799644,
    0.032841962273463164,
    0.0329000688351617,
    0.030953027068240806,
    0.03146561491994722,
    0.02952169793390549,
    0.029483958131329407,
    0.030368350045110036,
    0.029117708813657266,
    0.027963638734441288,
    0.028364710329967267,
    0.027403939538404788,
    0.028333016173305487,
    0.027174563084885774,
    0.026103912700557768,
    0.028644897292672406,
    0.026478805104362787,
    0.026537805021104244,
    0.025680757551868952,
    0.025005252656093477,
    0.026246722490240883,
    0.025604663107839255,
    0.024473673470392084,
    0.023796310558417202,
    0.021921386720963044,
    0.02403343217401295
  ],
  "val_loss": [
    0.36759111514458287,
    0.24448543672378248,
    0.20941770936434084,
    0.19614258408546448,
    0.17999691573473123,
    0.17055293946312025,
    0.16062675989591157,
    0.15040782294594324,
    0.13928075249378497,
    0.1377423915725488,
    0.1276736927147095,
    0.12332512610233747,
    0.12050592383513084,
    0.11930336889166099,
    0.11721530356086217,
    0.1107987741438242,
    0.10731441112091908,
    0.10628530297141808,
    0.1044181830321367,
    0.10083885075381169,
    0.10252234554634644,
    0.10062598680647519,
    0.10036913190896694,
    0.09438554455454533,
    0.092437098089319,
    0.08940494504685585,
    0.08785360148892953,
    0.08795872402305786,
    0.0832713978508344,
    0.08955942925352317,
    0.08346260510958158,
    0.08137410177061191,
    0.0793723057095821,
    0.07802795955481437,
    0.07721712669500938,
    0.07774000944426426,
    0.07348957364089213,
    0.07286726998595092,
    0.07512161314774018,
    0.07247806412096207,
    0.06899856210041505,
    0.06825566105544567,
    0.07057673426774833,
    0.06901789377801694,
    0.0625350266121901,
    0.06773743577874623,
    0.06663418339135554,
    0.06590885303627986,
    0.0629591613721389,
    0.06255150421594198,
    0.05911108342787394,
    0.06404464763517563,
    0.0593248839991597,
    0.058625442907214165,
    0.06054978975309776,
    0.06295767096945873,
    0.060694318981124804,
    0.06053627225068899,
    0.0589794754408873,
    0.060317639619685136,
    0.0604449395950024,
    0.06776849982830194,
    0.05873899262111921,
    0.06106360489502549,
    0.06020270517239204,
    0.056176937041947476,
    0.057009008211585194,
    0.0665614827034565,
    0.062251576294119544,
    0.058442151675430626,
    0.06346361407150443,
    0.06595761791014901,
    0.05850422758465776,
    0.07018075553843608,
    0.058539583132817194,
    0.05776731401252059,
    0.06179187618769132,
    0.061319334647403315,
    0.061871539013316997,
    0.06277422829029652,
    0.06366097676352812,
    0.06403735036460254,
    0.05960853422920291,
    0.06420188984618737,
    0.06778683176694009,
    0.05781397259292694,
    0.06775019181748995,
    0.06563259353144811,
    0.06157517483314642,
    0.06476662494242191,
    0.07256418853425063
  ],
  "train_transduce": [
    0.9843104803326106,
    0.34452906487011675,
    0.24712601436836884,
    0.21358278585542548,
    0.1945170718106893,
    0.17897742315389142,
    0.16553727043147135,
    0.15127609382466514,
    0.14206555441464527,
    0.13469273493726655,
    0.12873116913850946,
    0.12087370071670797,
    0.11764041548318202,
    0.11356629032899837,
    0.10856150319375614,
    0.10566051890796954,
    0.10187106834042191,
    0.09904852627527595,
    0.09692760177030421,
    0.09107185007617025,
    0.08801311213928874,
    0.08688107783915383,
    0.08434315283994863,
    0.08204267587107007,
    0.07934349767937518,
    0.07718296081639163,
    0.0754048713842536,
    0.07247375543828648,
    0.07045476894715044,
    0.06955279677294858,
    0.06732558337326097,
    0.06663241539851274,
    0.06362933584369056,
    0.06484921958924521,
    0.06020687976022168,
    0.060196087114734224,
    0.05824602281877605,
    0.05570767285062535,
    0.05522207951744889,
    0.05604200711529149,
    0.053924958691886155,
    0.05154677380872245,
    0.04974735409279566,
    0.049851492554465734,
    0.04819735612646483,
    0.04566265672150225,
    0.045322509044504695,
    0.044918905879085015,
    0.04299451840930794,
    0.04394794358770446,
    0.043559504834252714,
    0.042720631853041084,
    0.03996279839850446,
    0.04106918940007096,
    0.03941776708118839,
    0.03690885382215723,
    0.03602103848877077,
    0.03621176734917087,
    0.03606226830051677,
    0.036546228988335865,
    0.03397786267802562,
    0.0372262438897523,
    0.03333042909179141,
    0.03278327032020039,
    0.02982252932125979,
    0.03175763316489387,
    0.03283887591655597,
    0.032892972627414925,
    0.03095240790009646,
    0.031461882819928746,
    0.029514544551251548,
    0.02947830989043975,
    0.03035975139274603,
    0.029109880955207466,
    0.02795890057090633,
    0.028363368132769472,
    0.02739815084761617,
    0.028325798160553275,
    0.027170898715532063,
    0.02610092709938267,
    0.02864017056780729,
    0.026471985895924345,
    0.026529967849428703,
    0.025671787725964394,
    0.02500195324531581,
    0.026245061414187202,
    0.025602907447218156,
    0.02447206496795879,
    0.023795070087463403,
    0.02192019758109778,
    0.02403226644630627
  ],