{
  "epoch": [
    1,
    2,
    3,
    4,
    5,
    6,
    7,
    8,
    9,
    10,
    11,
    12,
    13,
    14,
    15,
    16,
    17,
    18,
    19,
    20,
    21,
    22,
    23,
    24,
    25,
    26,
    27,
    28,
    29,
    30,
    31,
    32,
    33,
    34,
    35,
    36,
    37,
    38,
    39,
    40,
    41,
    42,
    43,
    44,
    45,
    46,
    47,
    48,
    49,
    50,
    51,
    52,
    53,
    54
  ],
  "train_loss": [
    0.7572581369688015,
    0.25569847521215383,
    0.20073824825853404,
    0.17475693274547557,
    0.15124558915596198,
    0.13837616676741307,
    0.1250558319584568,
    0.11368633662857631,
    0.1067718624109679,
    0.09958165419278758,
    0.09373503429169702,
    0.08925515623523457,
    0.08510391917632948,
    0.07804819980248956,
    0.07565233884102637,
    0.07307458897628406,
    0.06958567941247827,
    0.06512535044388605,
    0.0649320791005203,
    0.06093618063495891,
    0.057227851122175113,
    0.05616189836349228,
    0.053872231965755475,
    0.0507378638399267,
    0.04947647396106236,
    0.04823183949741692,
    0.045592249832162174,
    0.043610615683442884,
    0.042301298939798136,
    0.04272102763747225,
    0.04062974355229647,
    0.03815905519272431,
    0.03696159282607017,
    0.03520148396860845,
    0.035613002965577165,
    0.03554688230857696,
    0.0326489086382755,
    0.03205423088430768,
    0.031137003886080025,
    0.02907669848974536,
    0.027697367372341675,
    0.028337090050266817,
    0.029211059332557833,
    0.025497102072591534,
    0.027217463742351473,
    0.02611233646252958,
    0.02368071165378436,
    0.023380018812189304,
    0.022887202565290844,
    0.02344489228994687,
    0.022043123444782035,
    0.020460061005104592,
    0.02087932559062201,
    0.020608712794572704
  ],
  "val_loss": [
    0.31835942428845626,
    0.22057574815475023,
    0.1995301516010211,
    0.17600554399765456,
    0.16576203474631676,
    0.15561428809395203,
    0.14073015921390974,
    0.13853801013185427,
    0.1301768571138382,
    0.12608419129481682,
    0.11996166837903169,
    0.11375139424434075,
    0.10895097714204055,
    0.10785839678003238,
    0.10528002278162883,
    0.10470696567342831,
    0.10400698563227287,
    0.09826413470392044,
    0.09766118343059833,
    0.09728505491064145,
    0.09657771441225822,
    0.09132333672963656,
    0.0921935407588115,
    0.08979206790144627,
    0.08932379303643337,
    0.08645252310312711,
    0.08785382557946902,
    0.08687776255492981,
    0.08213351810207734,
    0.0903784092515707,
    0.08771807872332059,
    0.08848968219871704,
    0.08327812443558986,
    0.0831900780590681,
    0.08969265394485913,
    0.08647241457723655,
    0.08539886643680242,
    0.08797010951317273,
    0.08886972356301087,
    0.08421523912021747,
    0.0824654744221614,
    0.08605809022600834,
    0.08823771996853444,
    0.09113016366385497,
    0.08433450278467856,
    0.08735706084049664,
    0.08319362381903025,
    0.09228277908494839,
    0.08746132247436506,
    0.08511098703512779,
    0.08634456196943155,
    0.08512378684603251,
    0.08590404259470794,
    0.08786853617773606
  ],
  "train_transduce": [
    0.7572581369688015,
    0.25569847521215383,
    0.20073824825853404,
    0.17475693274547557,
    0.15124558915596198,
    0.13837616676741307,
    0.1250558319584568,
    0.11368633662857631,
    0.1067718624109679,
    0.09958165419278758,
    0.09373503429169702,
    0.08925515623523457,
    0.08510391917632948,
    0.07804819980248956,
    0.07565233884102637,
    0.07307458897628406,
    0.06958567941247827,
    0.06512535044388605,
    0.0649320791005203,
    0.06093618063495891,
    0.057227851122175113,
    0.05616189836349228,
    0.053872231965755475,
    0.0507378638399267,
    0.04947647396106236,
    0.04823183949741692,
    0.045592249832162174,
    0.043610615683442884,
    0.042301298939798136,
    0.04272102763747225,
    0.04062974355229647,
    0.03815905519272431,
    0.03696159282607017,
    0.03520148396860845,
    0.035613002965577165,
    0.03554688230857696,
    0.0326489086382755,
    0.03205423088430768,
    0.031137003886080025,
    0.02907669848974536,
    0.027697367372341675,
    0.028337090050266817,
    0.029211059332557833,
    0.025497102072591534,
    0.027217463742351473,
    0.02611233646252958,
    0.02368071165378436,
    0.023380018812189304,
    0.022887202565290844,
    0.02344489228994687,
    0.022043123444782035,
    0.020460061005104592,
    0.02087932559062201,
    0.020608712794572704
  ],
  "val_transduce": [
    0.31835942428845626,
    0.22057574815475023,
    0.1995301516010211,
    0.17600554399765456,
    0.16576203474631676,
    0.15561428809395203,
    0.14073015921390974,
    0.13853801013185427,
    0.1301768571138382,
    0.12608419129481682,
    0.11996166837903169,
    0.11375139424434075,
    0.10895097714204055,
    0.10785839678003238,
    0.10528002278162883,
    0.10470696567342831,
    0.10400698563227287,
    0.09826413470392044,
    0.09766118343059833,
    0.09728505491064145,
    0.09657771441225822,
    0.09132333672963656,
    0.0921935407588115,
    0.08979206790144627,
    0.08932379303643337,
    0.08645252310312711,
    0.08785382557946902,
    0.08687776255492981,
    0.08213351810207734,
    0.0903784092515707,
    0.08771807872332059,
    0.08848968219871704,
    0.08327812443558986,
    0.0831900780590681,
    0.08969265394485913,
    0.08647241457723655,
    0.08539886643680242,
    0.08797010951317273,
    0.08886972356301087,
    0.08421523912021747,
    0.0824654744221614,
    0.08605809022600834,
    0.08823771996853444,
    0.09113016366385497,
    0.08433450278467856,
    0.08735706084049664,
    0.08319362381903025,
    0.09228277908494839,
    0.08746132247436506,
    0.08511098703512779,
    0.08634456196943155,
    0.08512378684603251,
    0.08590404259470794,
    0.08786853617773606
  ],
  "l0": [
    0.0,
    0.0,
    0.0,
    0.0,
    0.0,
    0.0,
    0.0,
    0.0,
    0.0,
    0.0,
    0.0,
    0.0,
    0.0,
    0.0,
    0.0,
    0.0,
    0.0,
    0.0,
    0.0,
    0.0,
    0.0,
    0.0,
    0.0,
    0.0,
    0.0,
    0.0,
    0.0,
    0.0,
    0.0,
    0.0,
    0.0,
    0.0,
    0.0,
    0.0,
    0.0,
    0.0,
    0.0,
    0.0,
    0.0,
    0.0,
    0.0,
    0.0,
    0.0,
    0.0,
    0.0,
    0.0,
    0.0,
    0.0,
    0.0,
    0.0,
    0.0,
    0.0,
    0.0,
    0.0
  ],
  "lambda_l0_effective": [
    0.01,
    0.01,
    0.01,
    0.01,
    0.01,
    0.01,
    0.01,
    0.01,
    0.01,
    0.01,
    0.01,
    0.01,
    0.01,
    0.01,
    0.01,
    0.01,
    0.01,
    0.01,
    0.01,
    0.01,
    0.01,
    0.01,
    0.01,
    0.01,
    0.01,
    0.01,
    0.01,
    0.01,
    0.01,
    0.01,
    0.01,
    0.01,
    0.01,
    0.01,
    0.01,
    0.01,
    0.01,
    0.01,
    0.01,
    0.01,
    0.01,
    0.01,
    0.01,
    0.01,
    0.01,
    0.01,
    0.01,
    0.01,
    0.01,
    0.01,
    0.01,
    0.01,
    0.01,
    0.01
  ],
  "recon_loss": [],
  "balance_loss": []
}