{
  "epoch": [
    1,
    2,
    3,
    4,
    5,
    6,
    7,
    8,
    9,
    10,
    11,
    12,
    13,
    14,
    15,
    16,
    17,
    18,
    19,
    20,
    21,
    22,
    23,
    24,
    25,
    26,
    27,
    28,
    29,
    30,
    31,
    32,
    33,
    34,
    35,
    36,
    37,
    38,
    39,
    40,
    41,
    42,
    43,
    44,
    45,
    46,
    47,
    48,
    49,
    50,
    51,
    52,
    53,
    54,
    55,
    56,
    57,
    58,
    59,
    60,
    61,
    62,
    63,
    64,
    65
  ],
  "train_loss": [
    1.5069300913319146,
    0.8498807767617333,
    0.682633937941384,
    0.5734013633936951,
    0.4924970831453186,
    0.4280958009749344,
    0.3755631714137559,
    0.32951807322883114,
    0.29011449870682254,
    0.26093883689531344,
    0.22045809752547862,
    0.19493986892792367,
    0.1737046117327877,
    0.1557864385858639,
    0.14254513298420562,
    0.12731421155106162,
    0.1178016112637274,
    0.1066834736308179,
    0.09859350099007494,
    0.09348531057770104,
    0.08884874748584536,
    0.08143304576425209,
    0.07382790250799705,
    0.06823292853713957,
    0.06596992190773647,
    0.06353805032702758,
    0.055016441520341894,
    0.053354262393544016,
    0.04898811819166252,
    0.04620786597856234,
    0.045103450709012984,
    0.04163798485815372,
    0.043165388401866574,
    0.03659001700388095,
    0.03527533103107024,
    0.03588622632753296,
    0.031633157158251275,
    0.03184329756276356,
    0.0298694190425203,
    0.030483429718609015,
    0.027672197732152706,
    0.025401823750706678,
    0.02470372371932434,
    0.025120951955389118,
    0.023607840300681665,
    0.02376794806422339,
    0.023240252822810382,
    0.01999208031548667,
    0.021523633738979697,
    0.020614989795578048,
    0.020456532612875028,
    0.018625742400583532,
    0.017011910666154755,
    0.01755947922716474,
    0.017151006487841458,
    0.015366222116539312,
    0.01667140165977564,
    0.015709149630826695,
    0.01676154640484025,
    0.015133395211377479,
    0.01639645611603274,
    0.014125482481064218,
    0.014418934608123159,
    0.013205413520576182,
    0.012929518827712452
  ],
  "val_loss": [
    0.6885299957715548,
    0.5035095604566427,
    0.4208432183815883,
    0.436093094257208,
    0.41287310536091143,
    0.36660938079540545,
    0.3187004396548638,
    0.3217569131117601,
    0.29364493833138394,
    0.26792024419857907,
    0.233089335835897,
    0.2263855257859597,
    0.213487446308136,
    0.22399371977035815,
    0.2075085983826564,
    0.19190162764145777,
    0.18454358955988517,
    0.18594329059123993,
    0.16902719610012495,
    0.1726341780561667,
    0.17342826609428114,
    0.15665492644676796,
    0.162582540168212,
    0.14624657510564879,
    0.14586926595522806,
    0.14215713022993162,
    0.14337687681500727,
    0.13645758479833603,
    0.13402213872625277,
    0.15164446687469116,
    0.1514295984346133,
    0.12488379787940246,
    0.1306802607499636,
    0.13056117410843188,
    0.12374115506043801,
    0.1231187920157726,
    0.11711461154314187,
    0.1238538075525027,
    0.11555076906314263,
    0.11198670947207855,
    0.12397389973585422,
    0.11489121988415718,
    0.12838653990855584,
    0.11476611747191502,
    0.11429931853826229,
    0.12065169129234093,
    0.11809673002706124,
    0.12227122886822774,
    0.11668589166723765,
    0.13056457257614687,
    0.11880664513088189,
    0.12124519709211129,
    0.13164896675600454,
    0.13459072190408522,
    0.1238137877617891,
    0.12514702517252702,
    0.12853235443337604,
    0.12947643175721169,
    0.11742169123429519,
    0.125226897545732,
    0.12922486340483794,
    0.12231551999082932,
    0.12116390803398994,
    0.11821713398855466,
    0.11839783234665027
  ],
  "train_transduce": [
    1.5057717079354316,
    0.8497710058984068,
    0.6824675193152476,
    0.5724184334892588,
    0.49107439370499445,
    0.4269014712154251,
    0.374555384068145,
    0.32875085737287385,
    0.2891467730562711,
    0.2592988148638883,
    0.22009364538586018,
    0.19485603499504708,
    0.17368221459622235,
    0.15576969736169294,
    0.14254174250917337,
    0.12731401737510545,
    0.11780212523857343,
    0.10668239840450361,
    0.09859379179314855,
    0.09348549198397656,
    0.08884790249783353,
    0.08143323880725915,
    0.07382848271235977,
    0.06822819618949878,
    0.06597004252841178,
    0.06353829316218797,
    0.05501157949803416,
    0.053353163336893335,
    0.048988142799701276,
    0.04620788244953014,
    0.04510283132669391,
    0.04163795483500226,
    0.043165425904402414,
    0.03659009990119135,
    0.035275109304287997,
    0.035864712204784155,
    0.03163102921578534,
    0.03184344599829968,
    0.029869547747459608,
    0.0304834779217532,
    0.027669715159812692,
    0.02540186625070025,
    0.024702781465711053,
    0.02512089194749127,
    0.02360792311398101,
    0.02376797690881973,
    0.02324028581995325,
    0.01998833400802207,
    0.02148096086985441,
    0.020614715955537006,
    0.020456182970857422,
    0.0186258010691051,
    0.017011669376797822,
    0.017559424156716727,
    0.017150802094940597,
    0.015366068429111973,
    0.01667120584680401,
    0.01570930548933978,
    0.01676022609306941,
    0.015133532615061658,
    0.016396464537541122,
    0.014125608503050412,
    0.014417199250526688,
    0.01320457091127743,
    0.012925955869579092
  ],
  "val_transduce": [
    0.6874517339926499,
    0.5006790917653304,
    0.4204082007591541,
    0.43576643329400283,
    0.40686199298271764,
    0.3653674928041605,
    0.31749613697712237,
    0.3211086277778332,
    0.29307772792302644,
    0.26216750420056856,
    0.23242862637226397,
    0.22607800249870008,
    0.21333288458677438,
    0.2238879742530676,
    0.20743554830551147,
    0.19188932730601385,
    0.18452280702499244,
    0.18591822053377444,
    0.16902396770624015,
    0.1726347362765899,
    0.17341340906344926,
    0.15665374524318254,
    0.1625773270542805,
    0.14622827533345956,
    0.14586349490743417,
    0.14214584202720568,
    0.14336731571417588,
    0.13645788797965416,
    0.1340223206923558,
    0.15164420381188393,
    0.15143006696150854,
    0.12488397325460728,
    0.13068062611497366,
    0.13056155666708946,
    0.12374148747095695,
    0.12311920380363098,
    0.11711499840021133,
    0.12385418609930919,
    0.11555110749143821,
    0.11198705764344105,
    0.1239742416028793,
    0.11489149240347055,
    0.12838688034277695,
    0.11476653499098924,
    0.11429969651194719,
    0.12065200665249275,
    0.11809710656794217,
    0.12227160469270669,
    0.1166862452832552,
    0.13056494281269038,
    0.11880699889017986,
    0.12124555973479381,
    0.13164929372186845,
    0.13459094914679343,
    0.12381397273678046,
    0.12514732749416277,
    0.12853259192063257,
    0.1294767544246637,
    0.11742195264937785,
    0.12522725080354855,
    0.12922504501274,
    0.12231570381957751,
    0.12116411779648982,
    0.11821746940796192,
    0.1183980403181452
  ],