{
  "epoch": [
    1,
    2,
    3,
    4,
    5,
    6,
    7,
    8,
    9,
    10,
    11,
    12,
    13,
    14,
    15,
    16,
    17,
    18,
    19,
    20,
    21,
    22,
    23,
    24,
    25,
    26,
    27,
    28,
    29,
    30,
    31,
    32,
    33,
    34,
    35,
    36,
    37,
    38,
    39,
    40,
    41,
    42,
    43,
    44,
    45,
    46,
    47,
    48,
    49,
    50,
    51,
    52,
    53,
    54,
    55,
    56,
    57,
    58,
    59,
    60,
    61,
    62,
    63,
    64,
    65,
    66,
    67,
    68,
    69,
    70,
    71,
    72,
    73,
    74,
    75,
    76,
    77,
    78,
    79,
    80,
    81,
    82,
    83,
    84,
    85,
    86,
    87,
    88,
    89,
    90,
    91,
    92,
    93,
    94,
    95,
    96,
    97,
    98,
    99,
    100,
    101,
    102,
    103,
    104,
    105,
    106,
    107,
    108,
    109,
    110,
    111,
    112,
    113,
    114,
    115,
    116,
    117,
    118,
    119,
    120,
    121,
    122,
    123,
    124,
    125,
    126,
    127,
    128,
    129,
    130,
    131
  ],
  "train_loss": [
    1.1389589268382232,
    0.4718974610366444,
    0.36698254382256235,
    0.307174295482069,
    0.2789356308703375,
    0.2500522502578131,
    0.22845053635906465,
    0.21488030173695913,
    0.19734147655786854,
    0.18547537716308443,
    0.1751528231814356,
    0.1642398423340061,
    0.15614378474431462,
    0.14731339483272912,
    0.13787922617232445,
    0.1309923389465502,
    0.12373534250672501,
    0.11868234347588945,
    0.11254768427645806,
    0.10504618548963329,
    0.09495986160812991,
    0.09335776038541652,
    0.08811017535258048,
    0.08371898424949976,
    0.0801501863885044,
    0.07546633723569979,
    0.07137430296971066,
    0.0686175251324283,
    0.06692432224898055,
    0.06106978931491918,
    0.06043942706050849,
    0.05651288243508575,
    0.055116297308318685,
    0.051338210314659787,
    0.05014011343148085,
    0.04697793677891835,
    0.044251790085789,
    0.043088277211726304,
    0.04146298327215827,
    0.03858497718551961,
    0.036612561784020746,
    0.03734433516343631,
    0.0352319254549128,
    0.03358514806126604,
    0.03263115067735757,
    0.030781077765075878,
    0.03275591690130163,
    0.029697175188414235,
    0.027227938110654305,
    0.02632318229626606,
    0.028410109654437788,
    0.02436782116310136,
    0.025371937293301124,
    0.02589542640022712,
    0.02223307829313349,
    0.023408944870686472,
    0.019541161420690543,
    0.019153459882824728,
    0.021762372764509798,
    0.020601454024931583,
    0.019145839328942173,
    0.016171672358408128,
    0.017407443844667164,
    0.015860342153228155,
    0.014816391339414928,
    0.016443695379697747,
    0.016705274591130196,
    0.01689203798604926,
    0.01359078087521219,
    0.011550820229741016,
    0.01289923285309336,
    0.013880972372423304,
    0.013222245285103079,
    0.01353033885848478,
    0.012232966220817796,
    0.01155051775968237,
    0.01243174848340378,
    0.011771438431252938,
    0.0115624834635839,
    0.011774101107851556,
    0.009818469914192758,
    0.01073968998792738,
    0.00934752176796999,
    0.008502903334464473,
    0.00781453226342576,
    0.007301967074670414,
    0.00912753905925789,
    0.009476506626141249,
    0.008724186861066904,
    0.008724589377992076,
    0.007342076290970539,
    0.0069640435734855954,
    0.008491145890657928,
    0.007478781564317939,
    0.006381061685382213,
    0.006884179643982339,
    0.006991209766578557,
    0.005978846552523572,
    0.0063040918569163525,
    0.006892279401366221,
    0.006122798330408733,
    0.007262545393429475,
    0.005750088404983946,
    0.006712895150107359,
    0.005277445781883774,
    0.0056139158746596465,
    0.005378850179005156,
    0.005678285232579133,
    0.004754420677038592,
    0.004898316719071331,
    0.004961644102229119,
    0.0055580535980799045,
    0.0051988465515527835,
    0.0038138613148620075,
    0.004618600188952751,
    0.004486274603514535,
    0.004415009000181856,
    0.004236328016763719,
    0.004717162798163435,
    0.004857189634625827,
    0.003965953528065013,
    0.004500943240663498,
    0.003994228695818952,
    0.0036089817631994327,
    0.0035482241770962604,
    0.0036588832058846985,
    0.00370017656858199,
    0.004422927906939594,
    0.004209830355945753,
    0.0029162624067082853,
    0.0031862057002588627
  ],
  "val_loss": [
    0.5051382184028625,
    0.36181653233674854,
    0.3029247694290601,
    0.2699360641149374,
    0.24626831710338593,
    0.2281462664787586,
    0.2260090886400296,
    0.20883095952180716,
    0.20977875819573036,
    0.2022842294894732,
    0.19875884285339943,
    0.19290819821449426,
    0.18199777660461572,
    0.18445768837745374,
    0.17944982762520129,
    0.18091319902585104,
    0.16791837891707054,
    0.17094843433453485,
    0.17133143888070032,
    0.16113402637151572,
    0.1523691091973048,
    0.15146564692258835,
    0.14342666732577178,
    0.14102730269615465,
    0.1438094864671047,
    0.14073037241513914,
    0.14777325093746185,
    0.14338380442215845,
    0.13594860841448492,
    0.1345244009907429,
    0.13971556207308403,
    0.14599571033166006,
    0.13297449539487177,
    0.13984140323904845,
    0.12934354406136733,
    0.1389392943909535,
    0.1310069985114611,
    0.13312928951703584,
    0.13137401583103034,
    0.13649212540342257,
    0.14029972484478584,
    0.1354033201932907,
    0.14046172453806952,
    0.13003136962652206,
    0.1338899370569449,
    0.14193241871320283,
    0.12620529962273744,
    0.13947702715030083,
    0.12912319084772697,
    0.13382284285930487,
    0.13133943768648002,
    0.13567162620333525,
    0.1351822935617887,
    0.1245898985518859,
    0.1340678004691234,
    0.1252264821758637,
    0.12633430098111814,
    0.1389108209942396,
    0.12712403745032275,
    0.1239194656507327,
    0.12830045332129186,
    0.12400795404727642,
    0.11899278370233682,
    0.12946247997192237,
    0.13339400864564455,
    0.13616955753129262,
    0.13068694664308658,
    0.1287588173380265,
    0.1275496783737953,
    0.12626270921184465,
    0.1334965145931794,
    0.1337121479356518,
    0.13265063971854174,
    0.12197973887221171,
    0.12360964178179319,
    0.137061890357962,
    0.1336893172791371,
    0.12568369780022365,
    0.12783944298728153,
    0.13737200343838105,
    0.13643692734722906,
    0.1333199432836129,
    0.12391741645450775,
    0.12829923264395732,
    0.1320772820080702,
    0.1329373846260401,
    0.13241800637199327,
    0.11795112992135379,
    0.1288438646409374,
    0.11652243395264332,
    0.11703188373492314,
    0.11921928744190015,
    0.11802542288429461,
    0.12433720122163112,
    0.11807356316309708,
    0.12170475678375134,
    0.12190184792360434,
    0.11784757437327734,
    0.11752639338374138,
    0.12060368813287753,
    0.11192837121108404,
    0.11537197862680142,
    0.11623803447358884,
    0.12346663970786792,
    0.1179557774359217,
    0.10808188396577652,
    0.1195818057212119,
    0.12273263207708414,
    0.12858903049849546,
    0.12391366995871067,
    0.12443010308421575,
    0.120390822358716,
    0.11657216213643551,
    0.11701461715767017,
    0.11952158629607695,
    0.11583691806747363,
    0.11659841948690322,
    0.12137757162921704,
    0.12793155286747676,
    0.12936178544679514,
    0.12283496007036704,
    0.1305357594974339,
    0.13222503375548583,
    0.12800251617311284,
    0.1237242013359299,
    0.12639305826563102,
    0.12557290186389133,
    0.11660527520311567,
    0.1287118370573108,
    0.12745107259028232,
    0.12572555978280994
  ],