{
  "epoch": [
    1,
    2,
    3,
    4,
    5,
    6,
    7,
    8,
    9,
    10,
    11,
    12,
    13,
    14,
    15,
    16,
    17,
    18,
    19,
    20,
    21,
    22,
    23,
    24,
    25,
    26,
    27,
    28,
    29,
    30,
    31,
    32,
    33,
    34,
    35,
    36,
    37,
    38,
    39,
    40,
    41,
    42,
    43,
    44,
    45,
    46,
    47,
    48,
    49,
    50,
    51,
    52,
    53,
    54,
    55,
    56,
    57,
    58,
    59,
    60,
    61,
    62,
    63,
    64,
    65,
    66,
    67,
    68,
    69,
    70,
    71,
    72,
    73,
    74,
    75,
    76,
    77,
    78,
    79,
    80,
    81,
    82,
    83,
    84,
    85,
    86,
    87,
    88,
    89,
    90,
    91,
    92,
    93,
    94,
    95,
    96,
    97,
    98,
    99,
    100,
    101,
    102,
    103,
    104,
    105,
    106,
    107,
    108,
    109,
    110,
    111,
    112,
    113,
    114
  ],
  "train_loss": [
    1.6154514956720096,
    0.9858624526520365,
    0.8030862691476173,
    0.6950198246031692,
    0.6037972732303069,
    0.5312462407596332,
    0.4708855811160864,
    0.4155942346017385,
    0.3618747989848717,
    0.313159060155608,
    0.2804075631591463,
    0.2501348181790912,
    0.22705375664320188,
    0.202423086562722,
    0.18542306290305766,
    0.16649800208733254,
    0.1544065180128997,
    0.1450751989734234,
    0.1270418371813199,
    0.11998322563841171,
    0.11092062140862967,
    0.10380635205080214,
    0.09635252553547166,
    0.08734884199484722,
    0.08218054676946905,
    0.07877838121938337,
    0.07377236278862068,
    0.06600664195979071,
    0.06238434091210365,
    0.06018538142256823,
    0.05744357342764582,
    0.05298520722570493,
    0.05039728055084028,
    0.047501169221917376,
    0.045481684646501985,
    0.044271162807096524,
    0.041221157282821295,
    0.037467136758274025,
    0.035240538019840555,
    0.03652976564198886,
    0.03156363418729035,
    0.03280533663208414,
    0.030599620322860087,
    0.03005216704662313,
    0.02745635521876597,
    0.02400144515799109,
    0.026766301389572394,
    0.024955040818445153,
    0.02504929842321759,
    0.0238373506089346,
    0.02128552484623704,
    0.021380021539276716,
    0.019664312909674093,
    0.018015652825364593,
    0.016690784299592535,
    0.016747517904900398,
    0.017327734817673943,
    0.01541160092660293,
    0.016804711269118738,
    0.019717861739822578,
    0.015286505636375052,
    0.013324964280269042,
    0.016812703610618703,
    0.013847953276276664,
    0.013595089478389426,
    0.013064954955534069,
    0.012304592749209517,
    0.01157885410261254,
    0.012134617845018961,
    0.010720403251699028,
    0.011336436455579685,
    0.011957542926370714,
    0.010391788958624658,
    0.010453720577061176,
    0.010461427345775912,
    0.010499558443042747,
    0.01190876014129806,
    0.009706033558462333,
    0.008905847042621373,
    0.008332204744555824,
    0.0090780028453476,
    0.010420613886474046,
    0.008519942267046589,
    0.008966152306607704,
    0.01038326671438234,
    0.007935231449214512,
    0.008746385517333317,
    0.007606968421671425,
    0.007019776609707048,
    0.008492111746274587,
    0.006658541462288152,
    0.008287101337438948,
    0.006881049345127432,
    0.007489357404674874,
    0.008058504013347045,
    0.00684932655878077,
    0.00634647986087132,
    0.005868398088160134,
    0.006187648230385918,
    0.005459534879245786,
    0.0061073763021171935,
    0.0055651915896943165,
    0.007190305469905689,
    0.005699749233095532,
    0.0054174957952351725,
    0.0053784021744372554,
    0.006751618443324576,
    0.005145235848103016,
    0.005029830328979741,
    0.00629053482504984,
    0.006783362577330878,
    0.0061334097650221344,
    0.0068454946015935065,
    0.005969728212521565
  ],
  "val_loss": [
    0.8339660534491906,
    0.6586737586901739,
    0.5774341684121352,
    0.5393163493046393,
    0.5069246017015897,
    0.42900908910311186,
    0.43419554141851574,
    0.374613690834779,
    0.34809075869046724,
    0.2996636640567046,
    0.29768816324380726,
    0.2889896768790025,
    0.2612960911714114,
    0.24783983253515685,
    0.22651794094305772,
    0.2230104230917417,
    0.21444353690514198,
    0.2096472015747657,
    0.19924800671063936,
    0.19494658593948072,
    0.18465504566064248,
    0.1915675728366925,
    0.1775406404183461,
    0.169717343380818,
    0.1672048242046283,
    0.16084721054022127,
    0.16222101736527222,
    0.15492800193337294,
    0.14887160521287185,
    0.14327379344747618,
    0.15255318209528923,
    0.13484856543632653,
    0.13906698416058833,
    0.13993645717318243,
    0.1354751200056993,
    0.12957061024812552,
    0.13951251283288002,
    0.1341969625881085,
    0.13076061153641114,
    0.12246665759728505,
    0.12491956711388551,
    0.11745930491731717,
    0.12178099313034461,
    0.11372661576248132,
    0.12045073652496704,
    0.12130477265096627,
    0.11638853799265164,
    0.10821324916413197,
    0.10924260791104573,
    0.11055593471974134,
    0.1084277079655574,
    0.10570033439076863,
    0.11060452819443665,
    0.10745667730673002,
    0.11181014418028869,
    0.10982640968778959,
    0.11248876906644839,
    0.11012760026810262,
    0.10914759832219435,
    0.10998728251657806,
    0.11141290247010496,
    0.10523307631508662,
    0.10421092235125028,
    0.10531735280528665,
    0.10143274262260932,
    0.10265594749496533,
    0.09930085455282377,
    0.10210733412979887,
    0.10302275909970586,
    0.10735597067440932,
    0.10174661165533158,
    0.10552758444100618,
    0.10168061376764224,
    0.11164751177868591,
    0.11542501357885507,
    0.10486280545592308,
    0.11707956096730553,
    0.1176173691996015,
    0.12049245572863863,
    0.11459022712034102,
    0.11790785017924812,
    0.10958654926015207,
    0.10247987480117725,
    0.10447105937279187,
    0.10083171338416062,
    0.10766449278722015,
    0.10661261483955269,
    0.10451430392165023,
    0.09564663973063804,
    0.1151288568149679,
    0.11974086028595383,
    0.11201567639811681,
    0.10786468603719886,
    0.10823340418461996,
    0.10346292212712936,
    0.10992424380786431,
    0.11253306705755396,
    0.11201931555898717,
    0.10757280886173248,
    0.11005254562657613,
    0.11994859126683038,
    0.11535816331608938,
    0.11410758449122883,
    0.12376802115557858,
    0.10608187009795354,
    0.12086154701403128,
    0.11754469168730654,
    0.13180832576920062,
    0.12288985537956111,
    0.12144162680935831,
    0.11278525075445381,
    0.12111968527852486,
    0.12153264564963487,
    0.12186263121055582
  ],