{
  "epoch": [
    1,
    2,
    3,
    4,
    5,
    6,
    7,
    8,
    9,
    10,
    11,
    12,
    13,
    14,
    15,
    16,
    17,
    18,
    19,
    20,
    21,
    22,
    23,
    24,
    25,
    26,
    27,
    28,
    29,
    30,
    31,
    32,
    33,
    34,
    35,
    36,
    37,
    38,
    39,
    40,
    41,
    42,
    43,
    44,
    45,
    46,
    47,
    48,
    49,
    50,
    51,
    52,
    53,
    54,
    55,
    56,
    57,
    58,
    59,
    60,
    61,
    62,
    63,
    64,
    65,
    66,
    67,
    68,
    69,
    70,
    71,
    72,
    73,
    74,
    75,
    76,
    77,
    78,
    79,
    80,
    81,
    82,
    83,
    84,
    85,
    86,
    87,
    88,
    89,
    90,
    91,
    92,
    93,
    94,
    95,
    96,
    97,
    98,
    99,
    100,
    101,
    102
  ],
  "train_loss": [
    2.5775813383631188,
    1.7546172519721608,
    1.4151317730988606,
    1.2321132026096382,
    1.1236711150348777,
    1.0348523253261452,
    0.9758803218898207,
    0.924989646024043,
    0.8841552338977852,
    0.8374980705799443,
    0.7959453740922531,
    0.7693624862349859,
    0.7487884488436255,
    0.7299749231574559,
    0.7101074882072977,
    0.6709895110366368,
    0.6665836472322445,
    0.64365485841685,
    0.6311671733856201,
    0.617831952205979,
    0.6036271219796473,
    0.5815220277498264,
    0.575008358990792,
    0.562040251375425,
    0.5598348485361232,
    0.5402413087316079,
    0.5285305442786453,
    0.5236071790799056,
    0.5230413285812529,
    0.49666797111530114,
    0.4845477401620091,
    0.489170114297678,
    0.4756332308349043,
    0.4694967275798911,
    0.4620940708878017,
    0.46151630831236884,
    0.45152035090002685,
    0.4428226133384327,
    0.4334207793863693,
    0.42661739015343164,
    0.41184219747486683,
    0.42070626917451914,
    0.4137649692521237,
    0.40480045575906737,
    0.40562755135026307,
    0.3924886883780508,
    0.38509512331226087,
    0.3843478259473744,
    0.37492579398768966,
    0.3685770902303186,
    0.3713558915227947,
    0.36545449864156176,
    0.354991812369611,
    0.3574833887638432,
    0.3493042042349825,
    0.34661599315039004,
    0.33602874585897613,
    0.3401070219455379,
    0.3371450518912608,
    0.3195433837942558,
    0.31806044914934894,
    0.32170417240940696,
    0.32246623180880407,
    0.31443488745406123,
    0.31342931224568055,
    0.3105382178679551,
    0.30547664661218626,
    0.29800061335658085,
    0.30129694097703047,
    0.2925921584119891,
    0.2895919720430185,
    0.2821620356033344,
    0.2736295789185137,
    0.2848742893426725,
    0.28010625827430496,
    0.2636680794824468,
    0.27065013585114245,
    0.26979874177734453,
    0.2655820024780708,
    0.2615570428937969,
    0.25915185841593413,
    0.25791118080073067,
    0.24914872439781038,
    0.2549529414955932,
    0.24310022253211183,
    0.25142569795693503,
    0.23549696360484207,
    0.23685170326492574,
    0.22841905765604265,
    0.22455797204286745,
    0.2384510195196265,
    0.2344223122195442,
    0.21833811493793337,
    0.21629350905371184,
    0.21741305837536803,
    0.22316873811259128,
    0.22128292180524015,
    0.21032396829364322,
    0.21384877032867752,
    0.21128696579449247,
    0.20793115782855762,
    0.20185374903796924
  ],
  "val_loss": [
    2.117922535309425,
    1.6599004635444055,
    1.484579398081853,
    1.3159984625302827,
    1.2701134131504939,
    1.1803920635810266,
    1.1678753999563365,
    1.0833541796757624,
    1.094709350512578,
    1.0383721314943755,
    1.0062408218016992,
    1.0041074248460622,
    1.0077677827615004,
    0.9517482335750873,
    0.8898529089414157,
    0.9655999632982107,
    0.9388129940399756,
    0.9071286641634427,
    0.8725546415035541,
    0.8699140502856328,
    0.8235120406517615,
    0.8903078299302322,
    0.8648388615021338,
    0.8400209500239446,
    0.8374058741789597,
    0.8272985632602985,
    0.7967078823309678,
    0.828025799531203,
    0.8339429818666898,
    0.8133413379008954,
    0.8131736883750329,
    0.761180932705219,
    0.7899565329918494,
    0.7671950642879193,
    0.7585140833487878,
    0.7606001083667462,
    0.7532545098891625,
    0.7421792699740484,
    0.7614412216039804,
    0.7499020145489619,
    0.7378252286177415,
    0.7744505405426025,
    0.7999723461958078,
    0.7299060271336482,
    0.740739432665018,
    0.7258667487364548,
    0.7343428639265207,
    0.7289507618317237,
    0.725520555789654,
    0.7268347327525799,
    0.7434975871672997,
    0.7489020457634559,
    0.7097579194949224,
    0.728536266546983,
    0.720063681785877,
    0.7363014037792499,
    0.7101029661985544,
    0.7030767110677866,
    0.741998539521144,
    0.7349749665993911,
    0.7330567103165847,
    0.6754080011294439,
    0.7348010677557725,
    0.7137479186058044,
    0.6823907494544983,
    0.6921119323143592,
    0.7266328885005071,
    0.6856556397217971,
    0.7034411476208613,
    0.6618018746376038,
    0.6725165889813349,
    0.660978037577409,
    0.6730155165378864,
    0.6985877798153803,
    0.7244339493604807,
    0.6994300713905921,
    0.6820158224839431,
    0.7138008567003103,
    0.691682375394381,
    0.7291556184108441,
    0.6677244672408471,
    0.7083603785588191,
    0.7058781431271479,
    0.7082738738793594,
    0.7355173505269564,
    0.7284776797661414,
    0.6872834654954764,
    0.6942305656579825,
    0.701733607512254,
    0.7267559170722961,
    0.7050719444568341,
    0.7382722634535569,
    0.7156195227916424,
    0.7118864609644964,
    0.727930275293497,
    0.7229613478367145,
    0.7025147172120901,
    0.7306395998367896,
    0.714912854708158,
    0.7117844407375042,
    0.7229929566383362,
    0.6893613430169913
  ],