{
  "epoch": [
    1,
    2,
    3,
    4,
    5,
    6,
    7,
    8,
    9,
    10,
    11,
    12,
    13,
    14,
    15,
    16,
    17,
    18,
    19,
    20,
    21,
    22,
    23,
    24,
    25,
    26,
    27,
    28,
    29,
    30,
    31,
    32,
    33,
    34,
    35,
    36,
    37,
    38,
    39,
    40,
    41,
    42,
    43,
    44,
    45,
    46,
    47,
    48,
    49,
    50,
    51,
    52,
    53,
    54,
    55,
    56,
    57,
    58,
    59,
    60,
    61,
    62,
    63,
    64,
    65,
    66,
    67,
    68,
    69,
    70,
    71,
    72,
    73,
    74,
    75,
    76,
    77,
    78,
    79,
    80,
    81,
    82,
    83,
    84,
    85,
    86,
    87,
    88,
    89,
    90,
    91,
    92,
    93,
    94,
    95,
    96,
    97,
    98,
    99,
    100,
    101,
    102,
    103,
    104,
    105,
    106,
    107,
    108,
    109,
    110,
    111,
    112,
    113,
    114,
    115,
    116,
    117,
    118,
    119,
    120,
    121,
    122,
    123,
    124,
    125,
    126,
    127,
    128
  ],
  "train_loss": [
    1.3177823790229193,
    0.6434382020246865,
    0.47811264212768856,
    0.4041758164910987,
    0.35717562165590794,
    0.3272982198413056,
    0.2997070825336003,
    0.28124714989473326,
    0.26456350737279005,
    0.24954913217242403,
    0.23561553347228778,
    0.22175084718383184,
    0.21119098453828605,
    0.20139245570886252,
    0.19025984804819127,
    0.1844828969771319,
    0.17771638155278593,
    0.17312074474769062,
    0.1657473123309636,
    0.1603386032551822,
    0.15259372612627425,
    0.1491679948302779,
    0.14415742847884055,
    0.14143633650671136,
    0.13714941871343272,
    0.133978203234106,
    0.12775925023130852,
    0.12292334994319642,
    0.12160506634281414,
    0.11732894042045763,
    0.11872437913524042,
    0.11447615541591502,
    0.11109922693507505,
    0.10648419324419287,
    0.10397591714811798,
    0.1009196862578392,
    0.09861512891579383,
    0.0963574188696866,
    0.09588875119933987,
    0.09524782518349072,
    0.08964654279522377,
    0.08865847054979589,
    0.08805844556577135,
    0.08584727612462374,
    0.08298003168241812,
    0.08232980715756369,
    0.08140063001820357,
    0.07870568934422319,
    0.07782923555610204,
    0.07477741445055103,
    0.07525483812067178,
    0.07351635837245106,
    0.07406364032758934,
    0.07091319120240093,
    0.06910997879977274,
    0.07015925649516654,
    0.06772288788884583,
    0.06851571383378884,
    0.06576290313560183,
    0.06512066140992216,
    0.06379744475061941,
    0.0645913518227563,
    0.06228354635952723,
    0.062349374903974554,
    0.05940717166418781,
    0.058667386393293296,
    0.05991837941110134,
    0.05880363001534254,
    0.05810689710375696,
    0.05644725253897728,
    0.05671846398180074,
    0.05550033103047621,
    0.05669318454911803,
    0.05485671359381759,
    0.05382888487512522,
    0.054494118603813174,
    0.05141393104475914,
    0.053262243951016135,
    0.05340231228435394,
    0.05255162298199859,
    0.05194891019180269,
    0.05084308880464275,
    0.05215883006959563,
    0.051717005421103225,
    0.04856241348725144,
    0.04874980375908389,
    0.048249275626448714,
    0.047777799197869134,
    0.04921023023895698,
    0.04672891594063822,
    0.046538360158700755,
    0.04581645171683613,
    0.047331248659013524,
    0.045232639869324645,
    0.04266818549188942,
    0.04713251799492553,
    0.04463308414278349,
    0.04397139790477139,
    0.04401260039003769,
    0.04366389927592608,
    0.043894061910929066,
    0.04462848220592235,
    0.042608634218352266,
    0.043016125282069835,
    0.04047697963248385,
    0.04324976470100113,
    0.04390533034698946,
    0.04109631396258379,
    0.04325660692048398,
    0.04166897392767196,
    0.04224016384618117,
    0.04147177992739005,
    0.04120603912869598,
    0.03860052754309508,
    0.03973767079763336,
    0.03918067911307853,
    0.040077400965487016,
    0.037441160571346485,
    0.04011659994075942,
    0.0406148469923894,
    0.04038813357969912,
    0.03807323746899567,
    0.03832883548249703,
    0.03870316543201409,
    0.03938987612318579,
    0.03806577315830653,
    0.038655721481041155,
    0.039046896474048645
  ],
  "val_loss": [
    0.642075213102194,
    0.3828705388766069,
    0.30937594633836013,
    0.2813459864029518,
    0.2591936679986807,
    0.243006088412725,
    0.23180616417756447,
    0.2180726361962465,
    0.21198054460378793,
    0.20001886211908781,
    0.18726643117574546,
    0.18641262558790353,
    0.17625287805612272,
    0.16615820504151857,
    0.1711353871684808,
    0.15882207854435995,
    0.15427322972279328,
    0.1526210714991276,
    0.1482221306516574,
    0.14615180973823255,
    0.1433100665991123,
    0.14186298847198486,
    0.12699944927142218,
    0.12293386402038428,
    0.12273316973677048,
    0.11514052662711877,
    0.1160654012973492,
    0.11055322192036189,
    0.11753329634666443,
    0.11014541783011876,
    0.10391640118681468,
    0.10201535746455193,
    0.09711638723428433,
    0.09299982726000823,
    0.09586218314675185,
    0.0947787925027884,
    0.09103864717942017,
    0.0899092133801717,
    0.08880448857179055,
    0.08685205418329972,
    0.08465783684872664,
    0.08703635317774919,
    0.08556771335693505,
    0.08024321453502545,
    0.08126538777007507,
    0.07898235793870229,
    0.07975600516566864,
    0.08342714364138934,
    0.07768462569667743,
    0.07392343764121716,
    0.07365498118675672,
    0.07311878654246147,
    0.07140683740950547,
    0.07298095295062432,
    0.06903739015643413,
    0.06825679827194947,
    0.0699284545217569,
    0.064285289352903,
    0.0647211756843787,
    0.06766461996504894,
    0.06505523665020099,
    0.06350061505173261,
    0.0629792777964702,
    0.06198714609042956,
    0.06170967758561556,
    0.06023788860497566,
    0.06630781744248591,
    0.06271109679857126,
    0.06219430067218267,
    0.061161419161810324,
    0.05920789827807592,
    0.059936886151822716,
    0.05653436582248945,
    0.06051872548862146,
    0.05793965944590477,
    0.05804464851434414,
    0.0563769257412507,
    0.07244160398840904,
    0.05792860901699616,
    0.058909184514329985,
    0.05656082835048437,
    0.06154317809985234,
    0.061017716446748145,
    0.05487807510563961,
    0.06328003137157513,
    0.055388474048903354,
    0.05833710837536133,
    0.05649066888369047,
    0.056613511620805815,
    0.059509837068617344,
    0.053611454697182544,
    0.05636329440256724,
    0.056607271902836286,
    0.05711105809761928,
    0.055813525015344985,
    0.05562209330785733,
    0.060413785851918735,
    0.06432056598938428,
    0.0572057356341527,
    0.0576589758006426,
    0.05793755472852634,
    0.053344701130229696,
    0.05238064887145391,
    0.05612080952582451,
    0.057240807093106784,
    0.05417151734806024,
    0.057275133207440376,
    0.05553340209791294,
    0.05598038692887013,
    0.056518569302100405,
    0.060206846405680366,
    0.056595462875870556,
    0.06966117225014247,
    0.053164818252508454,
    0.05794932256237818,
    0.057927242981699795,
    0.0529890636411997,
    0.05727721356715147,
    0.05513869018222277,
    0.05590718619238872,
    0.05996688104306276,
    0.058005788506796725,
    0.05759288320461145,
    0.05811620295907442,
    0.05827640004169483,
    0.053604764075806506,
    0.054282875588307015,
    0.05497357707757216
  ],