{
  "epoch": [
    1,
    2,
    3,
    4,
    5,
    6,
    7,
    8,
    9,
    10,
    11,
    12,
    13,
    14,
    15,
    16,
    17,
    18,
    19,
    20,
    21,
    22,
    23,
    24,
    25,
    26,
    27,
    28,
    29,
    30,
    31,
    32,
    33,
    34,
    35,
    36,
    37,
    38,
    39,
    40,
    41,
    42,
    43,
    44,
    45,
    46,
    47,
    48,
    49,
    50,
    51,
    52,
    53,
    54,
    55,
    56,
    57,
    58,
    59,
    60,
    61,
    62,
    63,
    64,
    65,
    66,
    67,
    68,
    69,
    70,
    71,
    72,
    73,
    74,
    75,
    76,
    77,
    78,
    79,
    80,
    81,
    82,
    83,
    84,
    85
  ],
  "train_loss": [
    1.3817693658710755,
    0.8280382147154857,
    0.672295483731732,
    0.584847903282372,
    0.5159372708846613,
    0.46372459905663715,
    0.4138275758200085,
    0.37315373245588285,
    0.3369078848933436,
    0.3030936307052976,
    0.2814644992966013,
    0.25738776989818846,
    0.2381398597175313,
    0.22259416223801287,
    0.20809481246876962,
    0.19280770805078684,
    0.1785889855134733,
    0.16889088239866434,
    0.1593611998502741,
    0.148145555643384,
    0.1408231067135162,
    0.13249133546481429,
    0.12943745646433732,
    0.12149437113674645,
    0.11698790831664174,
    0.11125709469785396,
    0.10278647318098348,
    0.08892798800136625,
    0.0814063229127643,
    0.07239804898878348,
    0.07052633716465578,
    0.06676268703352238,
    0.06513146981212896,
    0.06294642602928828,
    0.05923474557006482,
    0.054467437500806196,
    0.052150946628955225,
    0.05419816911105335,
    0.05121239389955383,
    0.04704589181646858,
    0.04498381074517965,
    0.04683734254297061,
    0.044275918360991574,
    0.04061523357348651,
    0.040778540113230344,
    0.03801873652744539,
    0.04011458392283812,
    0.038605618981894144,
    0.037594841908394676,
    0.03777204112620237,
    0.03643340398509478,
    0.033467300490658616,
    0.03313579927342608,
    0.033900568211335955,
    0.03402346459975869,
    0.033904698984601446,
    0.02822257381307019,
    0.027413598692630294,
    0.030178008668278297,
    0.028348521540690327,
    0.02915380512767462,
    0.028460252840436764,
    0.026250920773330192,
    0.026920481784192405,
    0.025534188492492456,
    0.02670738882548416,
    0.02403714508538317,
    0.02410651807380437,
    0.02369059244718057,
    0.023193366194297512,
    0.02329310029145023,
    0.023231379955421325,
    0.02162509146218486,
    0.02120251256550096,
    0.021043273250658794,
    0.021300037044638134,
    0.020088266192445744,
    0.020618373444111843,
    0.019986205250648877,
    0.019592619025791735,
    0.019407480705491045,
    0.01976940663982682,
    0.018963140475122046,
    0.019022212617012875,
    0.01784449247235298
  ],
  "val_loss": [
    0.5697374435571524,
    0.42653942566651565,
    0.3813203756625836,
    0.3494890561470619,
    0.33030612422869754,
    0.310264738706442,
    0.29176037930525267,
    0.26249466034082264,
    0.24347877502441406,
    0.2410636188892218,
    0.22952970633139977,
    0.2231437242948092,
    0.21405152288767007,
    0.21307178529409262,
    0.20027071237564087,
    0.2062636694082847,
    0.19708412083295676,
    0.19090597790021163,
    0.17882720552957976,
    0.18589739616100603,
    0.17557158836951622,
    0.17502209888054773,
    0.1702013583137439,
    0.1731141650905976,
    0.17586138787177893,
    0.2052825941489293,
    0.21604596307644477,
    0.17372531386522147,
    0.16308928567629594,
    0.16588506618371376,
    0.14842388549676308,
    0.14550648543697137,
    0.14730424892443877,
    0.15058060448903304,
    0.15535778237076905,
    0.15017622078840548,
    0.15361025356329405,
    0.15077877331238526,
    0.15251471274174178,
    0.1507195019378112,
    0.1516304534788315,
    0.1469895108961142,
    0.1469813553759685,
    0.14637092902110174,
    0.13935163273261145,
    0.14232242107391357,
    0.1407885571511892,
    0.1454298238341625,
    0.1430313432445893,
    0.13786421687557146,
    0.14567145390006211,
    0.14724238933278963,
    0.15836654087671867,
    0.13678230689122126,
    0.13843067162311995,
    0.14173067246492094,
    0.14334950051628625,
    0.14203608895723635,
    0.13837558031082153,
    0.13588395084326083,
    0.14476017797222504,
    0.13591898490603155,
    0.13810883577053362,
    0.14041342013157332,
    0.14625380331507096,
    0.13977650295083338,
    0.1377110782151039,
    0.14166161331992883,
    0.1517705748287531,
    0.13672318753714746,
    0.14166488641729721,
    0.15484642409361327,
    0.15057573266900504,
    0.14558304473757744,
    0.1390984942420171,
    0.1389999262128885,
    0.13854795751663354,
    0.1451745546207978,
    0.13962956603903037,
    0.14108611213473174,
    0.13817425244129622,
    0.13698347371358138,
    0.14832955770767653,
    0.14318119132748017,
    0.14591305817549044
  ],
  "train_transduce": [
    1.3808913467471133,
    0.8279592013850654,
    0.6721466134503945,
    0.5846863768457138,
    0.5155773808046714,
    0.46339085744213815,
    0.41350860878364326,
    0.3727550183989338,
    0.33646902664727774,
    0.3026370672681897,
    0.28108835658154535,
    0.25682111529959845,
    0.23774223928291774,
    0.22189955298126357,
    0.2075891474780348,
    0.192213171190515,
    0.17803962555589134,
    0.1683002492201697,
    0.1586544572462126,
    0.14736407853125297,
    0.14013685643212082,
    0.13200528677744963,
    0.12875065418709183,
    0.12091165124294684,
    0.11595123979387824,
    0.11016596287258507,
    0.10143874408965259,
    0.0882830782457418,
    0.08130029479483354,
    0.0723351711196076,
    0.07049567815991714,
    0.06674132504759683,
    0.06511962632696654,
    0.06292809366450175,
    0.059226395240648814,
    0.05445844902820194,
    0.05214043376372032,
    0.054193831807405675,
    0.05120956953422925,
    0.04704005189585624,
    0.044980392556099855,
    0.046835080566864036,
    0.04427355948413156,
    0.040613524140502066,
    0.04077632288381304,
    0.038017627749515254,
    0.0401123005815196,
    0.038601528845977076,
    0.03759184158311139,
    0.03776974008735461,
    0.03643142870272097,
    0.03346520023823706,
    0.033134636109137965,
    0.033899381216711454,
    0.03402308598352769,
    0.033904532371472916,
    0.028222419491959447,
    0.027413506058438383,
    0.03017781744711101,
    0.028347260191479755,
    0.029153646370780068,
    0.028460014561075987,
    0.026250843447153026,
    0.026920167926084444,
    0.025534140738207346,
    0.0267047677837197,
    0.0240370978723693,
    0.024106081294318297,
    0.023690555340696855,
    0.023193323597091146,
    0.023293054164579313,
    0.02323089882649827,
    0.021621268957891723,
    0.021202317375411308,
    0.021043162533686946,
    0.02129976824526051,
    0.020085659128320933,
    0.020616806118230614,
    0.019985856211110566,
    0.01959243639895558,
    0.019406836455899107,
    0.019768708817584,
    0.018962165692427493,
    0.019022151145522397,
    0.017844353040401852
  ],