{
  "epoch": [
    1,
    2,
    3,
    4,
    5,
    6,
    7,
    8,
    9,
    10,
    11,
    12,
    13,
    14,
    15,
    16,
    17,
    18,
    19,
    20,
    21,
    22,
    23,
    24,
    25,
    26,
    27,
    28,
    29,
    30,
    31,
    32,
    33,
    34,
    35,
    36,
    37,
    38,
    39,
    40,
    41,
    42,
    43,
    44,
    45,
    46,
    47,
    48
  ],
  "train_loss": [
    2.2240751477860914,
    0.9006122876073896,
    0.48846558197257445,
    0.32443574262955754,
    0.23404690185465762,
    0.1790844492383839,
    0.13830461383787626,
    0.12062899898929694,
    0.09538890627817702,
    0.08669796309520289,
    0.07941232167529999,
    0.064422832581109,
    0.06169206214127774,
    0.05397233602197207,
    0.0529989717893072,
    0.046324585213988405,
    0.04429141445008596,
    0.04049068257769512,
    0.0367834624335093,
    0.03799684948201493,
    0.034964120188324725,
    0.03202912285347882,
    0.030865373406751256,
    0.03036445762827685,
    0.027207727503204316,
    0.02801728780506198,
    0.026263166742264917,
    0.024972123024293903,
    0.027290868404868645,
    0.02348731600525837,
    0.020579671577224026,
    0.021327732859381002,
    0.022728960465438205,
    0.02240208577431892,
    0.018059943519417466,
    0.022407862986678007,
    0.020206499751177186,
    0.02059944710074972,
    0.017316464593960454,
    0.01710345251209669,
    0.016007642628332198,
    0.017498920097366245,
    0.018107378488099297,
    0.015407881652696308,
    0.015611059545448107,
    0.014832302800154063,
    0.015304736524205846,
    0.01500549900511126
  ],
  "val_loss": [
    1.2556715561793401,
    0.45173809161553014,
    0.21060542303782243,
    0.12069613314591922,
    0.0951994273525018,
    0.07242399998582326,
    0.05889161389607649,
    0.052347288825190984,
    0.045218159372989945,
    0.04854071125961267,
    0.04306215355889155,
    0.04089784310557521,
    0.034363356186077,
    0.03890136643671072,
    0.03806942828501073,
    0.03740462745862225,
    0.0340569823120649,
    0.03024073263916832,
    0.030448050041181538,
    0.048474733968480274,
    0.03469343302556528,
    0.033924730136417426,
    0.02989262003505316,
    0.033472828343152426,
    0.037125080138838924,
    0.0355279857176356,
    0.0330715040931514,
    0.03473895901473812,
    0.034858303592325404,
    0.0358127212675754,
    0.03438469186165513,
    0.03537255627004644,
    0.03636109513955979,
    0.038235849425501116,
    0.03438222318184741,
    0.036090021641799606,
    0.03514642317000275,
    0.03791818023735406,
    0.035028573847039994,
    0.03906451067674565,
    0.03923353108201319,
    0.039014825015328825,
    0.03891994306244529,
    0.03872708249400603,
    0.04186420411301347,
    0.04153863208305735,
    0.04347056722886359,
    0.04047980714732638
  ],
  "train_transduce": [
    2.221480345603117,
    0.9006042455889515,
    0.4884616385415657,
    0.3244330899924347,
    0.2340461465808534,
    0.1790839699433022,
    0.1383044516533306,
    0.12062858732551643,
    0.09538846665551674,
    0.08669763774678264,
    0.07941221513967846,
    0.06442282369033885,
    0.061692002882278454,
    0.05397208504494011,
    0.0529989717893072,
    0.04632450030041263,
    0.044291402582924085,
    0.04049050419581766,
    0.03678337436111778,
    0.037996701641757155,
    0.034964089027423526,
    0.03202907923493803,
    0.030865353493730433,
    0.030364447076488093,
    0.027207513037377718,
    0.028017248449482255,
    0.026263166742264917,
    0.024972123024293903,
    0.02729073137563375,
    0.02348730302434991,
    0.020579648111735654,
    0.021327419553345703,
    0.022728713880984363,
    0.02240208577431892,
    0.018059943519417466,
    0.022407862986678007,
    0.020206403392895134,
    0.02059941638150665,
    0.017316424112632563,
    0.017103440721744922,
    0.016007642628332198,
    0.017498920097366245,
    0.018107378488099297,
    0.015407881652696308,
    0.015611059545448107,
    0.014832290176892672,
    0.015304631030321428,
    0.015005353936018212
  ],
  "val_transduce": [
    1.2556711985514715,
    0.45173809161553014,
    0.21060542303782243,
    0.12069613314591922,
    0.0951994273525018,
    0.07242399998582326,
    0.05889161389607649,
    0.052347288825190984,
    0.045218159372989945,
    0.04854071125961267,
    0.04306215355889155,
    0.04089784310557521,
    0.034363356186077,
    0.03890136643671072,
    0.03806942828501073,
    0.03740462745862225,
    0.0340569823120649,
    0.03024073263916832,
    0.030448050041181538,
    0.048474733968480274,
    0.03469343302556528,
    0.033924730136417426,
    0.02989262003505316,
    0.033472828343152426,
    0.037125080138838924,
    0.0355279857176356,
    0.0330715040931514,
    0.03473895901473812,
    0.034858303592325404,
    0.0358127212675754,
    0.03438469186165513,
    0.03537255627004644,
    0.03636109513955979,
    0.038235849425501116,
    0.03438222318184741,
    0.036090021641799606,
    0.03514642317000275,
    0.03791818023735406,
    0.035028573847039994,
    0.03906451067674565,
    0.03923353108201319,
    0.039014825015328825,
    0.03891994306244529,
    0.03872708249400603,
    0.04186420411301347,
    0.04153863208305735,
    0.04347056722886359,
    0.04047980714732638
  ],
  "l0": [
    0.0,
    0.0,
    0.0,
    0.0,
    0.0,
    0.0,
    0.0,
    0.0,
    0.0,
    0.0,
    0.0,
    0.0,
    0.0,
    0.0,
    0.0,
    0.0,
    0.0,
    0.0,
    0.0,
    0.0,
    0.0,
    0.0,
    0.0,
    0.0,
    0.0,
    0.0,
    0.0,
    0.0,
    0.0,
    0.0,
    0.0,
    0.0,
    0.0,
    0.0,
    0.0,
    0.0,
    0.0,
    0.0,
    0.0,
    0.0,
    0.0,
    0.0,
    0.0,
    0.0,
    0.0,
    0.0,
    0.0,
    0.0
  ],
  "lambda_l0_effective": [
    0.01,
    0.01,
    0.01,
    0.01,
    0.01,
    0.01,
    0.01,
    0.01,
    0.01,
    0.01,
    0.01,
    0.01,
    0.01,
    0.01,
    0.01,
    0.01,
    0.01,
    0.01,
    0.01,
    0.01,
    0.01,
    0.01,
    0.01,
    0.01,
    0.01,
    0.01,
    0.01,
    0.01,
    0.01,
    0.01,
    0.01,
    0.01,
    0.01,
    0.01,
    0.01,
    0.01,
    0.01,
    0.01,
    0.01,
    0.01,
    0.01,
    0.01,
    0.01,
    0.01,
    0.01,
    0.01,
    0.01,
    0.01
  ],
  "recon_loss": [],
  "balance_loss": []
}