{
  "epoch": [
    1,
    2,
    3,
    4,
    5,
    6,
    7,
    8,
    9,
    10,
    11,
    12,
    13,
    14,
    15,
    16,
    17,
    18,
    19,
    20,
    21,
    22,
    23,
    24,
    25,
    26,
    27,
    28,
    29,
    30,
    31,
    32,
    33,
    34,
    35,
    36,
    37,
    38,
    39,
    40,
    41,
    42,
    43,
    44,
    45,
    46,
    47
  ],
  "train_loss": [
    2.055576884869448,
    0.6070101058360228,
    0.29719987550039884,
    0.1798282019486747,
    0.12155266261669163,
    0.09049548163587592,
    0.06821383314072779,
    0.056180946586519176,
    0.04433645088628856,
    0.04026868538546961,
    0.030992022168236908,
    0.028871423699268976,
    0.026477710202278702,
    0.028412394746465935,
    0.01968112375740845,
    0.022108164119063734,
    0.019662315567196876,
    0.023342479712848273,
    0.016054400084444236,
    0.014376376249068944,
    0.012950552741459273,
    0.010159349999121707,
    0.010681621708124684,
    0.01651826072796296,
    0.011904768988408494,
    0.011629564364767182,
    0.011205051316922895,
    0.009893094192465441,
    0.00945813938754505,
    0.009509649955230699,
    0.009554284158494016,
    0.012530802880814682,
    0.007505945172148862,
    0.010096958881908952,
    0.007405928997971003,
    0.005775872515346471,
    0.007661961864100376,
    0.0067513903069487515,
    0.007699882232382433,
    0.00915540128882696,
    0.008283870598330096,
    0.006516486565047184,
    0.004720700730254019,
    0.0036855207476524884,
    0.00549363911592344,
    0.005561878910851089,
    0.005412087050871444
  ],
  "val_loss": [
    0.8911081277407132,
    0.28232285151114833,
    0.1318294142301266,
    0.08102945711177129,
    0.07493862767632191,
    0.0558114954485343,
    0.05195265213170877,
    0.04712193491510474,
    0.03500902058126835,
    0.03595773358112918,
    0.03015397841003365,
    0.031491070511177756,
    0.03363604648396946,
    0.031127671773832005,
    0.03171131755404461,
    0.029591977524642762,
    0.027707856103706244,
    0.02936170682705079,
    0.030989701331306536,
    0.030234538981368624,
    0.031070079432818323,
    0.030593210325325623,
    0.0341718706566518,
    0.03145006659458606,
    0.03137577547414157,
    0.031716678864680804,
    0.03570171712355939,
    0.03467951833310788,
    0.034318243871474315,
    0.03186362499680119,
    0.04113499062413421,
    0.031504279000308506,
    0.03281918013034066,
    0.0295323213845572,
    0.030589462263518587,
    0.032667976182822786,
    0.03361417868794748,
    0.03276993885866922,
    0.04330658788295785,
    0.03285374396979863,
    0.029725025327934418,
    0.033757259461428754,
    0.03344186744820595,
    0.03523792427082439,
    0.03046439901159969,
    0.03310586520931862,
    0.03376703261752622
  ],
  "train_transduce": [
    2.055576884869448,
    0.6070101058360228,
    0.29719987550039884,
    0.1798282019486747,
    0.12155266261669163,
    0.09049548163587592,
    0.06821383314072779,
    0.056180946586519176,
    0.04433645088628856,
    0.04026868538546961,
    0.030992022168236908,
    0.028871423699268976,
    0.026477710202278702,
    0.028412394746465935,
    0.01968112375740845,
    0.022108164119063734,
    0.019662315567196876,
    0.023342479712848273,
    0.016054400084444236,
    0.014376376249068944,
    0.012950552741459273,
    0.010159349999121707,
    0.010681621708124684,
    0.01651826072796296,
    0.011904768988408494,
    0.011629564364767182,
    0.011205051316922895,
    0.009893094192465441,
    0.00945813938754505,
    0.009509649955230699,
    0.009554284158494016,
    0.012530802880814682,
    0.007505945172148862,
    0.010096958881908952,
    0.007405928997971003,
    0.005775872515346471,
    0.007661961864100376,
    0.0067513903069487515,
    0.007699882232382433,
    0.00915540128882696,
    0.008283870598330096,
    0.006516486565047184,
    0.004720700730254019,
    0.0036855207476524884,
    0.00549363911592344,
    0.005561878910851089,
    0.005412087050871444
  ],
  "val_transduce": [
    0.8911081277407132,
    0.28232285151114833,
    0.1318294142301266,
    0.08102945711177129,
    0.07493862767632191,
    0.0558114954485343,
    0.05195265213170877,
    0.04712193491510474,
    0.03500902058126835,
    0.03595773358112918,
    0.03015397841003365,
    0.031491070511177756,
    0.03363604648396946,
    0.031127671773832005,
    0.03171131755404461,
    0.029591977524642762,
    0.027707856103706244,
    0.02936170682705079,
    0.030989701331306536,
    0.030234538981368624,
    0.031070079432818323,
    0.030593210325325623,
    0.0341718706566518,
    0.03145006659458606,
    0.03137577547414157,
    0.031716678864680804,
    0.03570171712355939,
    0.03467951833310788,
    0.034318243871474315,
    0.03186362499680119,
    0.04113499062413421,
    0.031504279000308506,
    0.03281918013034066,
    0.0295323213845572,
    0.030589462263518587,
    0.032667976182822786,
    0.03361417868794748,
    0.03276993885866922,
    0.04330658788295785,
    0.03285374396979863,
    0.029725025327934418,
    0.033757259461428754,
    0.03344186744820595,
    0.03523792427082439,
    0.03046439901159969,
    0.03310586520931862,
    0.03376703261752622
  ],
  "l0": [
    0.0,
    0.0,
    0.0,
    0.0,
    0.0,
    0.0,
    0.0,
    0.0,
    0.0,
    0.0,
    0.0,
    0.0,
    0.0,
    0.0,
    0.0,
    0.0,
    0.0,
    0.0,
    0.0,
    0.0,
    0.0,
    0.0,
    0.0,
    0.0,
    0.0,
    0.0,
    0.0,
    0.0,
    0.0,
    0.0,
    0.0,
    0.0,
    0.0,
    0.0,
    0.0,
    0.0,
    0.0,
    0.0,
    0.0,
    0.0,
    0.0,
    0.0,
    0.0,
    0.0,
    0.0,
    0.0,
    0.0
  ],
  "lambda_l0_effective": [
    0.01,
    0.01,
    0.01,
    0.01,
    0.01,
    0.01,
    0.01,
    0.01,
    0.01,
    0.01,
    0.01,
    0.01,
    0.01,
    0.01,
    0.01,
    0.01,
    0.01,
    0.01,
    0.01,
    0.01,
    0.01,
    0.01,
    0.01,
    0.01,
    0.01,
    0.01,
    0.01,
    0.01,
    0.01,
    0.01,
    0.01,
    0.01,
    0.01,
    0.01,
    0.01,
    0.01,
    0.01,
    0.01,
    0.01,
    0.01,
    0.01,
    0.01,
    0.01,
    0.01,
    0.01,
    0.01,
    0.01
  ],
  "recon_loss": [],
  "balance_loss": [],
  "val_reg_acc": [
    0.14921465968586387,
    0.6335078534031413,
    0.8612565445026178,
    0.9057591623036649,
    0.9214659685863874,
    0.9528795811518325,
    0.9659685863874345,
    0.9607329842931938,
    0.9842931937172775,
    0.9842931937172775,
    0.9869109947643979,
    0.9895287958115183,
    0.9947643979057592,
    0.9842931937172775,
    1.0,
    0.9947643979057592,
    1.0,
    0.9973821989528796,
    0.9947643979057592,
    0.9973821989528796,
    0.9947643979057592,
    0.9973821989528796,
    0.9895287958115183,
    0.9895287958115183,
    0.9895287958115183,
    1.0,
    0.9921465968586387,
    0.9947643979057592,
    0.9895287958115183,
    1.0,
    0.981675392670157,
    0.9921465968586387,
    0.9973821989528796,
    1.0,
    1.0,
    0.9973821989528796,
    0.9973821989528796,
    0.9921465968586387,
    0.9869109947643979,
    0.9973821989528796,
    1.0,
    0.9973821989528796,
    1.0,
    1.0,
    0.9973821989528796,
    0.9973821989528796,
    0.9973821989528796
  ],