{
  "epoch": [
    1,
    2,
    3,
    4,
    5,
    6,
    7,
    8,
    9,
    10,
    11,
    12,
    13,
    14,
    15,
    16,
    17,
    18,
    19,
    20,
    21,
    22,
    23,
    24,
    25,
    26,
    27,
    28,
    29,
    30,
    31,
    32,
    33,
    34,
    35,
    36,
    37,
    38,
    39,
    40,
    41,
    42,
    43,
    44
  ],
  "train_loss": [
    0.8317583501338959,
    0.3312804244228245,
    0.18238588265076125,
    0.11703425540214348,
    0.08701165692554307,
    0.07198744011831652,
    0.05578770131333587,
    0.04689821896632922,
    0.040778709892375566,
    0.03715240256860852,
    0.030491512115161445,
    0.02960732489459447,
    0.027959480615255914,
    0.025172500962333887,
    0.02287140056567708,
    0.021489106970791195,
    0.019596692405103408,
    0.018111972332711227,
    0.01901702258673487,
    0.015501061911675502,
    0.015214490916666374,
    0.01580759078101015,
    0.013551160864791228,
    0.012715862437449012,
    0.013084674987956383,
    0.014011625911003536,
    0.012060805582729428,
    0.011249154269066398,
    0.012480685299564843,
    0.012737412324904935,
    0.012167688468159129,
    0.011377624778518664,
    0.011838206289859354,
    0.011169219418661669,
    0.010016886456197454,
    0.009967418581657783,
    0.010749447055055386,
    0.009038709200373803,
    0.010277307250287346,
    0.009371667682702086,
    0.009125770186824176,
    0.00903568325441849,
    0.00740769019976892,
    0.009204472969022109
  ],
  "val_loss": [
    0.28864753246307373,
    0.19232708903459403,
    0.14938440231176522,
    0.12231941807728547,
    0.1309889629483223,
    0.12038458367952934,
    0.10923977396809138,
    0.10729885158630517,
    0.10485747098349608,
    0.09450577715268502,
    0.09024141499629387,
    0.08922400862838213,
    0.09127480608339493,
    0.0930464411011109,
    0.0943483578471037,
    0.08552173825983818,
    0.08067664751209892,
    0.08174878344512902,
    0.07223106763110711,
    0.08065015177887219,
    0.09259405203808385,
    0.07695780952389424,
    0.09510805866179559,
    0.08681857883213805,
    0.09065573994750874,
    0.08455954495674142,
    0.08728948701173067,
    0.09093198627949907,
    0.09300024305971769,
    0.0888839908159123,
    0.09160102936081015,
    0.08894019233635984,
    0.08075597212434961,
    0.09008562880066726,
    0.09225822926069108,
    0.10056011563238616,
    0.08985527979138379,
    0.09554810542613268,
    0.09354529034597082,
    0.08670060185697646,
    0.0895050541148521,
    0.09103446160084926,
    0.10249531885179189,
    0.08949524572101207
  ],
  "train_transduce": [
    0.8317583501338959,
    0.3312804244228245,
    0.18238588265076125,
    0.11703425540214348,
    0.08701165692554307,
    0.07198744011831652,
    0.05578770131333587,
    0.04689821896632922,
    0.040778709892375566,
    0.03715240256860852,
    0.030491512115161445,
    0.02960732489459447,
    0.027959480615255914,
    0.025172500962333887,
    0.02287140056567708,
    0.021489106970791195,
    0.019596692405103408,
    0.018111972332711227,
    0.01901702258673487,
    0.015501061911675502,
    0.015214490916666374,
    0.01580759078101015,
    0.013551160864791228,
    0.012715862437449012,
    0.013084674987956383,
    0.014011625911003536,
    0.012060805582729428,
    0.011249154269066398,
    0.012480685299564843,
    0.012737412324904935,
    0.012167688468159129,
    0.011377624778518664,
    0.011838206289859354,
    0.011169219418661669,
    0.010016886456197454,
    0.009967418581657783,
    0.010749447055055386,
    0.009038709200373803,
    0.010277307250287346,
    0.009371667682702086,
    0.009125770186824176,
    0.00903568325441849,
    0.00740769019976892,
    0.009204472969022109
  ],
  "val_transduce": [
    0.28864753246307373,
    0.19232708903459403,
    0.14938440231176522,
    0.12231941807728547,
    0.1309889629483223,
    0.12038458367952934,
    0.10923977396809138,
    0.10729885158630517,
    0.10485747098349608,
    0.09450577715268502,
    0.09024141499629387,
    0.08922400862838213,
    0.09127480608339493,
    0.0930464411011109,
    0.0943483578471037,
    0.08552173825983818,
    0.08067664751209892,
    0.08174878344512902,
    0.07223106763110711,
    0.08065015177887219,
    0.09259405203808385,
    0.07695780952389424,
    0.09510805866179559,
    0.08681857883213805,
    0.09065573994750874,
    0.08455954495674142,
    0.08728948701173067,
    0.09093198627949907,
    0.09300024305971769,
    0.0888839908159123,
    0.09160102936081015,
    0.08894019233635984,
    0.08075597212434961,
    0.09008562880066726,
    0.09225822926069108,
    0.10056011563238616,
    0.08985527979138379,
    0.09554810542613268,
    0.09354529034597082,
    0.08670060185697646,
    0.0895050541148521,
    0.09103446160084926,
    0.10249531885179189,
    0.08949524572101207
  ],
  "l0": [
    0.0,
    0.0,
    0.0,
    0.0,
    0.0,
    0.0,
    0.0,
    0.0,
    0.0,
    0.0,
    0.0,
    0.0,
    0.0,
    0.0,
    0.0,
    0.0,
    0.0,
    0.0,
    0.0,
    0.0,
    0.0,
    0.0,
    0.0,
    0.0,
    0.0,
    0.0,
    0.0,
    0.0,
    0.0,
    0.0,
    0.0,
    0.0,
    0.0,
    0.0,
    0.0,
    0.0,
    0.0,
    0.0,
    0.0,
    0.0,
    0.0,
    0.0,
    0.0,
    0.0
  ],
  "lambda_l0_effective": [
    0.01,
    0.01,
    0.01,
    0.01,
    0.01,
    0.01,
    0.01,
    0.01,
    0.01,
    0.01,
    0.01,
    0.01,
    0.01,
    0.01,
    0.01,
    0.01,
    0.01,
    0.01,
    0.01,
    0.01,
    0.01,
    0.01,
    0.01,
    0.01,
    0.01,
    0.01,
    0.01,
    0.01,
    0.01,
    0.01,
    0.01,
    0.01,
    0.01,
    0.01,
    0.01,
    0.01,
    0.01,
    0.01,
    0.01,
    0.01,
    0.01,
    0.01,
    0.01,
    0.01
  ],
  "recon_loss": [],
  "balance_loss": []
}