{
  "epoch": [
    1,
    2,
    3,
    4,
    5,
    6,
    7,
    8,
    9,
    10,
    11,
    12,
    13,
    14,
    15,
    16,
    17,
    18,
    19,
    20,
    21,
    22,
    23,
    24,
    25,
    26,
    27,
    28,
    29,
    30,
    31,
    32,
    33,
    34,
    35,
    36,
    37,
    38,
    39,
    40,
    41,
    42,
    43,
    44,
    45,
    46,
    47,
    48,
    49,
    50,
    51,
    52,
    53,
    54,
    55,
    56,
    57,
    58,
    59,
    60,
    61,
    62,
    63,
    64,
    65,
    66,
    67,
    68,
    69,
    70,
    71,
    72,
    73,
    74,
    75,
    76,
    77,
    78,
    79,
    80,
    81,
    82,
    83,
    84,
    85,
    86,
    87,
    88,
    89,
    90,
    91,
    92,
    93,
    94,
    95,
    96,
    97,
    98,
    99,
    100,
    101,
    102,
    103,
    104,
    105,
    106,
    107,
    108,
    109,
    110,
    111
  ],
  "train_loss": [
    1.3870963626301165,
    0.8605411341509868,
    0.6846863682737055,
    0.5799782093345505,
    0.5042126607341865,
    0.44344653127734196,
    0.3935001891912873,
    0.3500765605071156,
    0.31793738425392465,
    0.2867884692764774,
    0.2618407337475069,
    0.24125965892039625,
    0.22318631971312552,
    0.20746036565180906,
    0.19325820494865634,
    0.17861917684065928,
    0.1665335017227635,
    0.15633978640910276,
    0.14590056209834582,
    0.1381581657633339,
    0.1327079699288324,
    0.12740706222266265,
    0.1192840903843801,
    0.11615246421052623,
    0.10918950652415604,
    0.10424812685352625,
    0.09930849442085654,
    0.09801753856164892,
    0.09186271397569745,
    0.09021509352341756,
    0.08352714177873946,
    0.08560933472262215,
    0.07911967127055851,
    0.07810591948554688,
    0.0747318206950254,
    0.07366499656177673,
    0.07231034229019868,
    0.07047410690484895,
    0.06945538450723764,
    0.06691046620805546,
    0.06443225452196352,
    0.062654077737909,
    0.06074374855601603,
    0.06244479194667536,
    0.05907511558460513,
    0.05768751180202691,
    0.05755361256948144,
    0.05697720141639722,
    0.05573124774568474,
    0.054673024990893514,
    0.05296772134672735,
    0.054284027662397046,
    0.04884516698855561,
    0.047864327322422844,
    0.0485594569244566,
    0.04890141244401637,
    0.046572996159420184,
    0.04827812928034319,
    0.04454543697887782,
    0.04444621600805945,
    0.04547739930969385,
    0.04399390308877703,
    0.04204690143389186,
    0.04219155156140014,
    0.04153505746592028,
    0.04320072733134646,
    0.04215087720490608,
    0.041915909555193386,
    0.04054823241282984,
    0.0407080709185336,
    0.04104567144411741,
    0.03923447469499001,
    0.04050352294286041,
    0.03763304223047243,
    0.03824029450026369,
    0.038276320750604276,
    0.03556633120661928,
    0.036794488589500185,
    0.03718333379797561,
    0.036667887947147655,
    0.0357441391973497,
    0.035817650141981766,
    0.0340729722964395,
    0.03613293318788415,
    0.034099661968360395,
    0.033395800173052194,
    0.034793295424681195,
    0.033161856385293544,
    0.03420453755780287,
    0.0337364639073956,
    0.03248241011139735,
    0.03233994694772301,
    0.029086063133514264,
    0.029177029101062835,
    0.03163292316105409,
    0.029887427460671086,
    0.032631044808928804,
    0.029981358884113657,
    0.029877578510816412,
    0.02920386173099894,
    0.029680359474930567,
    0.028546149842441082,
    0.02884197535146911,
    0.02646785575330027,
    0.02730491877408679,
    0.0259715337594299,
    0.02731483406627301,
    0.028166453135631903,
    0.02792279527176978,
    0.02916154506155434,
    0.02717134624614006
  ],
  "val_loss": [
    0.6486850014099708,
    0.43806689519148606,
    0.3816598630868472,
    0.3458838715003087,
    0.31754128061808073,
    0.2891174531899966,
    0.2548919228407053,
    0.24508004349011642,
    0.21984130258743578,
    0.20464699428815109,
    0.191281435581354,
    0.18928884657529685,
    0.18655874522832724,
    0.17364706557530624,
    0.17759055701585916,
    0.16680650814221457,
    0.16137852577062753,
    0.15507331777077454,
    0.14934312609525827,
    0.15451810279717812,
    0.15144731734807676,
    0.14634546981408045,
    0.14872601112494102,
    0.1388293682382657,
    0.1358810462630712,
    0.1339621555346709,
    0.13244155450509146,
    0.12643336074856612,
    0.13076520883120024,
    0.12849979045299384,
    0.1263216705276416,
    0.1214640372647689,
    0.11920813413766715,
    0.12400708232934658,
    0.11635167782123272,
    0.12059292770349063,
    0.11729170066805986,
    0.11684039063178576,
    0.11767020420386241,
    0.11653357085127097,
    0.11756162374065472,
    0.12099257656014882,
    0.12451063354427998,
    0.12221699494581956,
    0.11677059144354783,
    0.11568904252579579,
    0.11478927645545739,
    0.11525767439833054,
    0.11808601021766663,
    0.1169468559897863,
    0.12024392646092635,
    0.10973834977127038,
    0.11243399576498912,
    0.111982620249574,
    0.11214398807631089,
    0.10918746358500077,
    0.10950745957402083,
    0.10633774445607112,
    0.10986939445137978,
    0.1154296829436834,
    0.11347675509750843,
    0.11257266396513352,
    0.10447740970322719,
    0.10858955606818199,
    0.10823302644376571,
    0.11187557704173602,
    0.11119613509911758,
    0.10196875838133004,
    0.11378040723502636,
    0.105293150847921,
    0.1076560213875312,
    0.11429554911760184,
    0.11262569777094401,
    0.11242648600958861,
    0.11436460324778007,
    0.10989715330875836,
    0.10417675513487595,
    0.10963906075518864,
    0.10807230925330749,
    0.10649907545974621,
    0.10733611466219792,
    0.1078801190910431,
    0.10932674072682858,
    0.10734568851498458,
    0.11259941728069232,
    0.10190241511624593,
    0.10606545052276208,
    0.11152152502192901,
    0.11441025381477979,
    0.1098413895099209,
    0.11604408776530853,
    0.10684862009321268,
    0.10800227121664928,
    0.10478687981286874,
    0.11354983282776979,
    0.10918196233419272,
    0.10597938134406622,
    0.10832257425555816,
    0.10718414058478978,
    0.10514630721165584,
    0.10671753493639138,
    0.1051529526997071,
    0.11085108338067165,
    0.10938410203044231,
    0.10749687956502804,
    0.10766273077863914,
    0.1091964474091163,
    0.10602549785891405,
    0.1085924943909049,
    0.1125689850976834,
    0.1113085185105984
  ],