{
  "epoch": [
    1,
    2,
    3,
    4,
    5,
    6,
    7,
    8,
    9,
    10,
    11,
    12,
    13,
    14,
    15,
    16,
    17,
    18,
    19,
    20,
    21,
    22,
    23,
    24,
    25,
    26,
    27,
    28,
    29,
    30,
    31,
    32,
    33,
    34,
    35,
    36,
    37,
    38,
    39,
    40,
    41,
    42,
    43,
    44,
    45,
    46,
    47,
    48,
    49,
    50,
    51,
    52,
    53,
    54,
    55,
    56,
    57,
    58,
    59,
    60,
    61,
    62,
    63,
    64,
    65,
    66,
    67,
    68,
    69,
    70,
    71,
    72,
    73,
    74,
    75,
    76,
    77,
    78,
    79,
    80,
    81,
    82,
    83,
    84,
    85,
    86,
    87,
    88,
    89,
    90,
    91,
    92,
    93,
    94,
    95,
    96,
    97,
    98,
    99,
    100,
    101,
    102,
    103,
    104,
    105,
    106,
    107,
    108,
    109,
    110,
    111,
    112,
    113,
    114,
    115,
    116,
    117,
    118,
    119,
    120,
    121,
    122,
    123,
    124,
    125,
    126
  ],
  "train_loss": [
    1.3989268128234562,
    0.7416564350080962,
    0.5800749332007795,
    0.5025189825803926,
    0.4585268226000342,
    0.41866238754574614,
    0.3923612694338997,
    0.36925873543956494,
    0.34288517791445894,
    0.3256221788354439,
    0.3101793915623485,
    0.2978253510623875,
    0.27683903926079817,
    0.26902059059922057,
    0.2554256184266345,
    0.24755480855998427,
    0.2417308729473907,
    0.23051468113271317,
    0.2199286082298449,
    0.2104248566792743,
    0.20733272335907021,
    0.1977409157570046,
    0.19215759642348432,
    0.18437862492138796,
    0.18087920384241804,
    0.17538898607881942,
    0.1672829432357656,
    0.15803392548667322,
    0.1560342783975129,
    0.14939370943178046,
    0.14354489596173314,
    0.13935004521419506,
    0.13400223777435794,
    0.13040946069920417,
    0.12575780570802123,
    0.1188467409056012,
    0.11756984439521732,
    0.1139722597776073,
    0.10835065449228382,
    0.10880981511113667,
    0.10126184874979577,
    0.09856049225914597,
    0.09749564214950741,
    0.092698072442914,
    0.09014623040462484,
    0.0862213377241451,
    0.08438048312569608,
    0.0830278958350715,
    0.08230823529238748,
    0.07543586504341353,
    0.0735116093834438,
    0.07163471802331434,
    0.07024445109954565,
    0.06788877279746651,
    0.06761663517739513,
    0.062446459002866606,
    0.06135518319609732,
    0.060795358465154575,
    0.057361119233145574,
    0.05817106628034374,
    0.05425941058904818,
    0.05436368793765507,
    0.05348329133547769,
    0.04983607899065655,
    0.049531271607421413,
    0.046503851964774696,
    0.04844412203915048,
    0.046530642851006866,
    0.043871435659504174,
    0.04178952825910384,
    0.0432882848389373,
    0.04001865657691908,
    0.03880560287449619,
    0.0391325918902265,
    0.036315595030342,
    0.036293443651998984,
    0.03599607879019315,
    0.035507767820859897,
    0.03332160472279728,
    0.03280337920209559,
    0.03365445393368159,
    0.031688016996082695,
    0.029369387240840657,
    0.027868119197537993,
    0.02763671378632731,
    0.028533907385893387,
    0.02637349963557012,
    0.026424043710426528,
    0.025760759617948888,
    0.027564768513461742,
    0.02311402202427092,
    0.022634232891631304,
    0.023548208670414024,
    0.02191276617790803,
    0.021441307402962802,
    0.02203023404178053,
    0.021533605070913783,
    0.020600722779953243,
    0.019893488330342393,
    0.02016791712843103,
    0.02049525114845964,
    0.01984482259480375,
    0.018671085947368403,
    0.016853854664149556,
    0.017599000521741882,
    0.017414527659368986,
    0.01730967212542154,
    0.01702413755920854,
    0.01606512010226598,
    0.015161050502026435,
    0.014038627298714796,
    0.015566333372256543,
    0.014311770246926658,
    0.013961603445471218,
    0.014481022903271535,
    0.013910603474383013,
    0.013752722637820066,
    0.013370983634549792,
    0.01274444705502379,
    0.012838475696631883,
    0.013665049269998281,
    0.013362580723599485,
    0.012370321604579982,
    0.011708924609079662,
    0.011991341914151712,
    0.01154686946025358
  ],
  "val_loss": [
    0.7970970777364877,
    0.5637856217531058,
    0.47928348183631897,
    0.4305954185815958,
    0.3985762848303868,
    0.37160866535626924,
    0.34971399719898516,
    0.33241114822717815,
    0.31114510618723357,
    0.2950504353413215,
    0.2840513907946073,
    0.2728192748931738,
    0.2668162618692105,
    0.26176923742661107,
    0.2508620677086023,
    0.24469163326116708,
    0.2331880101790795,
    0.22622031431931716,
    0.2199691660129107,
    0.2171748922421382,
    0.20901311933994293,
    0.20202988787339285,
    0.20992037481986559,
    0.19651701072087654,
    0.196403494821145,
    0.1919603766157077,
    0.18923526830398119,
    0.18303395463870123,
    0.18490926233621743,
    0.1795276655600621,
    0.17189601751474234,
    0.16925009454672152,
    0.17274619409671196,
    0.17120392964436457,
    0.16543485568119928,
    0.15652921165411288,
    0.16838933068972367,
    0.16597669055828682,
    0.16503354505850718,
    0.15259743195313674,
    0.158813029814225,
    0.1567893332013717,
    0.1557709379838063,
    0.1614533679989668,
    0.1539475112580336,
    0.15855513111903116,
    0.14883959809174904,
    0.14819957631138655,
    0.13979415566875383,
    0.15324215734234223,
    0.14956554942406142,
    0.1479138763478169,
    0.1434838416484686,
    0.13882778040491617,
    0.1408814610196994,
    0.13879050228458184,
    0.13862727754391158,
    0.13969462192975557,
    0.14069899142934725,
    0.1336852518411783,
    0.12989016794241393,
    0.13495104587995088,
    0.1304805579666908,
    0.12968126168617836,
    0.13314087889515436,
    0.13188054097386506,
    0.12954097585036203,
    0.13253914220974997,
    0.1358249347943526,
    0.13218930879464516,
    0.12479008046480325,
    0.13971166455974945,
    0.12816388045365995,
    0.12946922131455862,
    0.13493572060878462,
    0.12986208928319123,
    0.12945451573110545,
    0.13564231203725705,
    0.13227377803279802,
    0.12797042885078833,
    0.13517142158861345,
    0.12619435128111106,
    0.12850315424685294,
    0.1329992999537633,
    0.12233196858030099,
    0.13147811104471868,
    0.13147061762328333,
    0.13510544469150212,
    0.13216315367474005,
    0.12352525743727501,
    0.1289578012835521,
    0.12955015238661033,
    0.12801339849829674,
    0.12733294198719355,
    0.1238087358383032,
    0.1256539820191952,
    0.13001215543884498,
    0.1248070878478197,
    0.12202062558096188,
    0.1366476620045992,
    0.11954960671181862,
    0.1274653524160385,
    0.1309730949310156,
    0.12192928303892796,
    0.12517557565409404,
    0.12207232358363959,
    0.12426530555463754,
    0.12854533800138876,
    0.12544986591316187,
    0.12424415937409951,
    0.12495731111042775,
    0.12868870823429182,
    0.12838687611600527,
    0.12632133023670086,
    0.12559676836602962,
    0.12542167219978112,
    0.1282449712833533,
    0.13097775562737995,
    0.1292660589544819,
    0.1333070076428927,
    0.12928202748298645,
    0.12609017382447535,
    0.1258629337669565,
    0.1303510471032216,
    0.12849423984208933,
    0.1330134509704434
  ],