{
  "epoch": [
    1,
    2,
    3,
    4,
    5,
    6,
    7,
    8,
    9,
    10,
    11,
    12,
    13,
    14,
    15,
    16,
    17,
    18,
    19,
    20,
    21,
    22,
    23,
    24,
    25,
    26,
    27,
    28,
    29,
    30,
    31,
    32,
    33,
    34,
    35,
    36,
    37,
    38,
    39,
    40,
    41,
    42,
    43,
    44,
    45,
    46,
    47,
    48,
    49,
    50,
    51,
    52,
    53,
    54,
    55,
    56,
    57,
    58,
    59,
    60,
    61,
    62,
    63,
    64,
    65,
    66,
    67,
    68,
    69,
    70,
    71,
    72,
    73,
    74,
    75,
    76,
    77,
    78,
    79,
    80,
    81,
    82,
    83,
    84,
    85,
    86,
    87,
    88,
    89,
    90,
    91,
    92,
    93,
    94,
    95,
    96,
    97,
    98,
    99,
    100
  ],
  "train_loss": [
    0.7910566495196654,
    0.2817884721968434,
    0.21398791611784757,
    0.18385367139731304,
    0.16458305325543526,
    0.15123064174215392,
    0.1402839952618769,
    0.13052963413814506,
    0.12421680341410164,
    0.11418613433690354,
    0.10977664991918176,
    0.10365627990058153,
    0.09819915005476168,
    0.09247337303834387,
    0.09231536108816024,
    0.0866438636168985,
    0.08477107972127966,
    0.07931793934785493,
    0.07896395400166512,
    0.07446197038608612,
    0.07382434420287609,
    0.06894625811883719,
    0.0672246313995064,
    0.0635933284232817,
    0.06395093425370679,
    0.06151570045011173,
    0.059473187828639355,
    0.056815166302984305,
    0.054410377738646945,
    0.05295873100472854,
    0.057227476416985584,
    0.05090154926891964,
    0.049900475631255915,
    0.04724631770191216,
    0.0452764018779934,
    0.04571529818090177,
    0.045722661991741985,
    0.04300778797172969,
    0.0424476803769127,
    0.042809946047566313,
    0.04060897932821276,
    0.03753803582806693,
    0.03732227972976052,
    0.038693412492918494,
    0.03495217832081979,
    0.03881972367497216,
    0.034090710979065686,
    0.032770449115830186,
    0.03355399668585546,
    0.03476573910453532,
    0.03227335109956341,
    0.03222612098855252,
    0.033077438804551516,
    0.030341228802162824,
    0.030936589349282555,
    0.031231900174539574,
    0.029869560475027798,
    0.028814805943592644,
    0.02821692923950677,
    0.02707606430930814,
    0.027705840425252325,
    0.02862242375970772,
    0.025719495478667097,
    0.02719807271421472,
    0.025703913029652126,
    0.02469095403310096,
    0.02319029485345772,
    0.025899491904506293,
    0.026405880451294602,
    0.022414163713998132,
    0.02397027866693564,
    0.022899155558022386,
    0.02326024376031122,
    0.022667607430848155,
    0.02297976813140777,
    0.022057159765771047,
    0.022021346776239056,
    0.020624885096970837,
    0.018750417013975357,
    0.019869415624306934,
    0.018132472735838873,
    0.020038948244516654,
    0.021697276233842985,
    0.01849138809109826,
    0.018176529740933145,
    0.02103865013162762,
    0.02007577995801953,
    0.017890288930220325,
    0.018421824570828218,
    0.016703948809645406,
    0.01760641167442877,
    0.014970136186255529,
    0.016313583980830812,
    0.01567672232239701,
    0.013379588450010091,
    0.016048834012535464,
    0.015216886577090378,
    0.015235046680329718,
    0.014527350251498346,
    0.015965004271763093
  ],
  "val_loss": [
    0.29026701817145717,
    0.2183652543104612,
    0.19992208710083595,
    0.18599457752246124,
    0.17470408116395658,
    0.1618644423209704,
    0.16073286877228662,
    0.14771749251163924,
    0.1386176276092346,
    0.13675835069555503,
    0.13325780687423852,
    0.12955368826022515,
    0.12339319976476523,
    0.12316993308755067,
    0.12242165780984439,
    0.12352429731534077,
    0.1177386217392408,
    0.11373667046427727,
    0.10982411641340989,
    0.11931770552809422,
    0.11354758017338239,
    0.11063302165040603,
    0.10909161945948234,
    0.11522485516392268,
    0.11276498866768983,
    0.10937527595804288,
    0.11558514862106396,
    0.11093967923751244,
    0.10946125279252346,
    0.10568871721625328,
    0.10690754967240187,
    0.107926174138601,
    0.10609162455567947,
    0.10743246485407536,
    0.102665432370626,
    0.1095937782755265,
    0.10627808851691392,
    0.10670588050897305,
    0.10545508649486762,
    0.10368484602524684,
    0.10168587674315159,
    0.10606196551368786,
    0.1026715524494648,
    0.10108942939684941,
    0.1077216208840792,
    0.10400727333930823,
    0.1077297364289944,
    0.10655110931167236,
    0.1095111550619969,
    0.10510212097030419,
    0.10836883577016684,
    0.10946295439050747,
    0.11120825633406639,
    0.11216033221437381,
    0.11131953075528145,
    0.10794754584248249,
    0.10761266402327098,
    0.10840445986160865,
    0.10641333374839562,
    0.10648367324700722,
    0.10812524104347596,
    0.09903273015068127,
    0.10664662776085046,
    0.10909435353600062,
    0.10951229356802426,
    0.1068712381216196,
    0.10553963826252864,
    0.103716612721865,
    0.09913036671395485,
    0.10009380315358822,
    0.10126680164383008,
    0.10151605336711957,
    0.10737581808979695,
    0.10342040027563389,
    0.09735291264951229,
    0.09931697223622066,
    0.10320014821795317,
    0.1024506615044979,
    0.10579486492161568,
    0.10578678347743474,
    0.10682976761689553,
    0.10533188913877194,
    0.10593423734490688,
    0.11099664236490543,
    0.11345701292157173,
    0.10627629350011165,
    0.10785376910979931,
    0.10440692821374306,
    0.10579042681134664,
    0.1033323838447149,
    0.10594098312923542,
    0.10741740751724976,
    0.10911349608347966,
    0.10869382637051436,
    0.10694838773745757,
    0.11088947650904839,
    0.11519177272342719,
    0.10771733035261814,
    0.1146950492492089,
    0.11124561669734809
  ],