{
  "epoch": [
    1,
    2,
    3,
    4,
    5,
    6,
    7,
    8,
    9,
    10,
    11,
    12,
    13,
    14,
    15,
    16,
    17,
    18,
    19,
    20,
    21,
    22,
    23,
    24,
    25,
    26,
    27,
    28,
    29,
    30,
    31,
    32,
    33,
    34,
    35,
    36,
    37,
    38,
    39,
    40,
    41,
    42,
    43,
    44,
    45,
    46,
    47,
    48,
    49,
    50,
    51,
    52,
    53,
    54,
    55,
    56,
    57,
    58,
    59,
    60,
    61,
    62,
    63,
    64,
    65,
    66,
    67,
    68,
    69,
    70,
    71,
    72,
    73,
    74,
    75,
    76,
    77,
    78,
    79,
    80,
    81,
    82,
    83,
    84,
    85,
    86,
    87,
    88,
    89,
    90,
    91,
    92,
    93,
    94,
    95,
    96,
    97,
    98,
    99,
    100,
    101,
    102,
    103,
    104
  ],
  "train_loss": [
    1.0456304898356448,
    0.4072043824904036,
    0.28850412855644036,
    0.24598851091790908,
    0.22328992682223273,
    0.20067945639095683,
    0.18782862408621476,
    0.17626963666465023,
    0.16318523448587643,
    0.15339717571393097,
    0.14437014085821587,
    0.13409899702609177,
    0.1274832003187425,
    0.12191116887301502,
    0.1171391456950419,
    0.11022243191405098,
    0.10578786109638687,
    0.10140748746176757,
    0.09842430519880635,
    0.09620044077977095,
    0.0901083477062754,
    0.08669341949395615,
    0.08381642511870602,
    0.0787056658675175,
    0.07960010360520665,
    0.07514487656921444,
    0.07140011989539212,
    0.06950752619690824,
    0.06817565118838655,
    0.06505210315900864,
    0.06490506731563865,
    0.06091416861382452,
    0.060133430442892676,
    0.056312725814704846,
    0.05618335861749578,
    0.054808095650802746,
    0.05149654765604156,
    0.04996462299091981,
    0.04784004880797745,
    0.047351164024065036,
    0.046543970759404765,
    0.04635605372783571,
    0.041409371780360686,
    0.04096912052297946,
    0.03997932146718301,
    0.03767986335598006,
    0.037019855518004685,
    0.03678832254787483,
    0.03350802312724956,
    0.03456697477451941,
    0.03502062044226297,
    0.03403546877832401,
    0.03236947221552382,
    0.032541629710778744,
    0.031911561763522646,
    0.02965479416053484,
    0.027763092134258534,
    0.02857002591031908,
    0.02715443654705097,
    0.025514950127442284,
    0.026998394394828245,
    0.024600596609755908,
    0.025011069284254075,
    0.02265895685955587,
    0.021551542993782476,
    0.0236162756256169,
    0.022531830848628046,
    0.0219331027543412,
    0.02099665880691961,
    0.020542235897466687,
    0.018376122611473398,
    0.020197259206878076,
    0.01886546212054863,
    0.018261724801752532,
    0.01923746540266467,
    0.0178964855264651,
    0.01694231586862761,
    0.018221733266358623,
    0.015813565914436143,
    0.015819297907505147,
    0.015238299781438147,
    0.017536611658161377,
    0.01550222623927316,
    0.016731249657229032,
    0.015601323329668381,
    0.015131168883515171,
    0.014922263052332962,
    0.013799482829739699,
    0.013297319598957011,
    0.014656071961479316,
    0.013961569576680955,
    0.012472244327666589,
    0.012895786155033673,
    0.012831281642383426,
    0.012020097941731905,
    0.011720749678661917,
    0.011315145741889972,
    0.010811361226041129,
    0.012379628762897879,
    0.012275371615230889,
    0.010756386554624775,
    0.009680508895279232,
    0.01006843716639214,
    0.010926227301986205
  ],
  "val_loss": [
    0.48300661261265093,
    0.2878067734149786,
    0.24985938232678634,
    0.22439841009103334,
    0.20395109286675087,
    0.20079738417497048,
    0.18758180622871107,
    0.17418618614857012,
    0.16245835389082247,
    0.15572047233581543,
    0.14515998128515023,
    0.14016961535582176,
    0.1354478494479106,
    0.1313514250975389,
    0.12946409388230398,
    0.11794674998292556,
    0.11832333470766361,
    0.11690413149503562,
    0.1117838303057047,
    0.10552866756916046,
    0.10878673568367958,
    0.10226424038410187,
    0.10674436676960725,
    0.10329105475774178,
    0.09835676963512714,
    0.09950129831066498,
    0.0949748307466507,
    0.09175842642210998,
    0.0950078577376329,
    0.09490602735716563,
    0.09063144973837413,
    0.08786523857941994,
    0.08347419305489613,
    0.08867631924266998,
    0.0905410461127758,
    0.08489541766735223,
    0.08277951209590985,
    0.08692388523083466,
    0.08203855615395766,
    0.07589380937413527,
    0.08259425785105962,
    0.07776484523828213,
    0.07787880179687189,
    0.08051555711202897,
    0.07614475424186541,
    0.08034395383527645,
    0.07520269251500185,
    0.07425645574067648,
    0.07151449808421043,
    0.07661957960002698,
    0.07205932408284682,
    0.07433262324103942,
    0.07388039606694992,
    0.0751332903567415,
    0.07485204530306734,
    0.07400774404119986,
    0.07296592190575141,
    0.07321264974486369,
    0.07550170781234136,
    0.07209787926135156,
    0.07005305953610402,
    0.07348343966385493,
    0.0699151516175614,
    0.07058050207650432,
    0.07234257430984424,
    0.06791515275835991,
    0.06554356120670071,
    0.07062875099766713,
    0.06733967653977183,
    0.06824700763592353,
    0.0696769434815416,
    0.0675966817742357,
    0.06542671163781331,
    0.06562341559821597,
    0.06649067267202415,
    0.06534419756812546,
    0.06726272583294374,
    0.07002097953898975,
    0.06517916167369829,
    0.06693628784985496,
    0.0702670279961939,
    0.06699784461838695,
    0.0682729032033911,
    0.07198492297902703,
    0.06700405362062156,
    0.07059173139098746,
    0.0691344142676546,
    0.0692724095693288,
    0.07117397819932264,
    0.07332657245345987,
    0.07139279147108588,
    0.0686763092302359,
    0.06815112206655052,
    0.06731008021877362,
    0.06936066226962094,
    0.06907162439221373,
    0.06705368012906267,
    0.07098591458410598,
    0.06772767036902504,
    0.07128795542610952,
    0.07336260057770862,
    0.072405492922721,
    0.06816372330873631,
    0.0730850443852922
  ],