{
  "epoch": [
    1,
    2,
    3,
    4,
    5,
    6,
    7,
    8,
    9,
    10,
    11,
    12,
    13,
    14,
    15,
    16,
    17,
    18,
    19,
    20,
    21,
    22,
    23,
    24,
    25,
    26,
    27,
    28,
    29,
    30,
    31,
    32,
    33,
    34,
    35,
    36,
    37,
    38,
    39,
    40,
    41,
    42,
    43,
    44,
    45,
    46,
    47,
    48,
    49,
    50,
    51,
    52
  ],
  "train_loss": [
    2.2782028428058037,
    0.9499939910529815,
    0.4646347198904175,
    0.2800482505375577,
    0.19059522853223318,
    0.1343646715443159,
    0.1042443735851455,
    0.08199577340760182,
    0.06488999078223079,
    0.054614492048768656,
    0.04389406955733742,
    0.03945702419510668,
    0.034127042787245564,
    0.031176013281549682,
    0.026686903626955662,
    0.02434620502664103,
    0.023891878031078995,
    0.02122631997887775,
    0.01922241438506651,
    0.017473282765347473,
    0.014755607544223672,
    0.012923159253706714,
    0.013107730210134663,
    0.014855092405773623,
    0.012123300179061432,
    0.011021674518262218,
    0.012285628045198614,
    0.010413806135382158,
    0.011102873955603651,
    0.008840934572664579,
    0.010259314473195136,
    0.011772274947005142,
    0.008346740561465435,
    0.006184537148525573,
    0.00709174863199617,
    0.006173744652487491,
    0.005901805409614342,
    0.005363537230260056,
    0.005827431882654806,
    0.007481870723326604,
    0.008487252006067213,
    0.009019220134449796,
    0.00856163365689596,
    0.006847885435509505,
    0.005289813111771436,
    0.005475199412909749,
    0.004784217756601607,
    0.007013697578024464,
    0.004796134618521409,
    0.006065165387291327,
    0.005640321410592338,
    0.0052010698667631396
  ],
  "val_loss": [
    1.4659110124294574,
    0.562790877543963,
    0.28857464629870194,
    0.14663942330158675,
    0.10087597140899071,
    0.07300956862477156,
    0.0575710295771177,
    0.05122919781849934,
    0.04491216825464597,
    0.0432973221804087,
    0.03674753938013545,
    0.03710047950824866,
    0.03331718332349108,
    0.0350938463010467,
    0.03387709486728104,
    0.034574881822873764,
    0.0348179003295417,
    0.03653534082695842,
    0.033092864063711695,
    0.036063607020948366,
    0.03579290137769511,
    0.03315261467986812,
    0.0353280746539195,
    0.0356074940914718,
    0.03346315381349996,
    0.034991764257518716,
    0.031985846625712626,
    0.032916552951344505,
    0.03310134370202342,
    0.035863358102058276,
    0.035867165720376834,
    0.03531538428237232,
    0.03236363866241076,
    0.03517631347326992,
    0.033234069018642634,
    0.03660004358299865,
    0.03448178922833624,
    0.03474224890949419,
    0.03522874951102914,
    0.03832382616551163,
    0.03597995927646899,
    0.03241241895235502,
    0.03720516423569419,
    0.04230896196923613,
    0.04100131396150503,
    0.03378018317072509,
    0.035109005691573165,
    0.037432259208379455,
    0.035501214711425394,
    0.03639063699050054,
    0.037832925078244165,
    0.041730130232351184
  ],
  "train_transduce": [
    2.2684398901831244,
    0.948858563125748,
    0.46403972190065484,
    0.27962577619503454,
    0.19029782635649456,
    0.13415801740184272,
    0.10408585768231411,
    0.08185947893821087,
    0.06477595931015064,
    0.054528395837345686,
    0.043800483313725165,
    0.039400425509156026,
    0.034064691446567937,
    0.031121498338647725,
    0.026633046754664675,
    0.024298277573141548,
    0.023850407669819967,
    0.02118278754222178,
    0.019194879216266815,
    0.017447190304027544,
    0.014723995851698457,
    0.012898326637799438,
    0.013080997682973435,
    0.01483826506426846,
    0.012108600525588719,
    0.011004294159572534,
    0.012266786851843377,
    0.010394318523749555,
    0.011090358421590524,
    0.008828480351121002,
    0.010243889217423372,
    0.011759436173249305,
    0.008335321254130529,
    0.0061696132293364665,
    0.00707285757327798,
    0.006161194836562404,
    0.005887812610173156,
    0.00535105025220528,
    0.005812695033886691,
    0.007470731747087053,
    0.008478010750193265,
    0.009005953059723773,
    0.00855326837771236,
    0.006839015244472695,
    0.005276986415805199,
    0.005468146676274458,
    0.0047767298693946305,
    0.007005660701963148,
    0.00478486811289727,
    0.0060550705730775855,
    0.005633167477238194,
    0.005190701638864468
  ],
  "val_transduce": [
    1.4636800014055693,
    0.5619463828893808,
    0.28819875763012814,
    0.14629137229460937,
    0.10073172301054001,
    0.07285932451486588,
    0.057479542751724906,
    0.05115147207218867,
    0.0448531534236211,
    0.043212935471763976,
    0.036694813340615764,
    0.037069150927261665,
    0.03327676145216593,
    0.03506839357746335,
    0.03384879009368328,
    0.03455149488022121,
    0.03480363805563404,
    0.036523190613549486,
    0.033084244306127615,
    0.03605271274080643,
    0.035781233840120524,
    0.03313758964381682,
    0.03531512913580697,
    0.03560184443799349,
    0.03345491300122096,
    0.034983759853415765,
    0.03197915614761699,
    0.03290546459790606,
    0.033096500453001894,
    0.0358564339694567,
    0.0358606124869906,
    0.03531100263577313,
    0.032359971765589975,
    0.03517339912314828,
    0.033230517677461296,
    0.0365957198104857,
    0.03447884063643869,
    0.03473711534864448,
    0.035224378302630685,
    0.03832181137896931,
    0.035975350747601345,
    0.03240958788396361,
    0.0372029008039345,
    0.04230780884860836,
    0.04099980751142049,
    0.033777774340705946,
    0.03510776674598814,
    0.03743195756732558,
    0.0354982941554716,
    0.036388463610469796,
    0.037831818828215964,
    0.04172836237390024
  ],
  "l0": [
    0.0,
    0.0,
    0.0,
    0.0,
    0.0,
    0.0,
    0.0,
    0.0,
    0.0,
    0.0,
    0.0,
    0.0,
    0.0,
    0.0,
    0.0,
    0.0,
    0.0,
    0.0,
    0.0,
    0.0,
    0.0,
    0.0,
    0.0,
    0.0,
    0.0,
    0.0,
    0.0,
    0.0,
    0.0,
    0.0,
    0.0,
    0.0,
    0.0,
    0.0,
    0.0,
    0.0,
    0.0,
    0.0,
    0.0,
    0.0,
    0.0,
    0.0,
    0.0,
    0.0,
    0.0,
    0.0,
    0.0,
    0.0,
    0.0,
    0.0,
    0.0,
    0.0
  ],
  "lambda_l0_effective": [
    0.01,
    0.01,
    0.01,
    0.01,
    0.01,
    0.01,
    0.01,
    0.01,
    0.01,
    0.01,
    0.01,
    0.01,
    0.01,
    0.01,
    0.01,
    0.01,
    0.01,
    0.01,
    0.01,
    0.01,
    0.01,
    0.01,
    0.01,
    0.01,
    0.01,
    0.01,
    0.01,
    0.01,
    0.01,
    0.01,
    0.01,
    0.01,
    0.01,
    0.01,
    0.01,
    0.01,
    0.01,
    0.01,
    0.01,
    0.01,
    0.01,
    0.01,
    0.01,
    0.01,
    0.01,
    0.01,
    0.01,
    0.01,
    0.01,
    0.01,
    0.01,
    0.01
  ],
  "recon_loss": [],
  "balance_loss": []
}