{
  "epoch": [
    1,
    2,
    3,
    4,
    5,
    6,
    7,
    8,
    9,
    10,
    11,
    12,
    13,
    14,
    15,
    16,
    17,
    18,
    19,
    20,
    21,
    22,
    23,
    24,
    25,
    26,
    27,
    28,
    29,
    30,
    31,
    32,
    33,
    34,
    35,
    36,
    37,
    38,
    39,
    40,
    41,
    42,
    43,
    44,
    45,
    46,
    47,
    48,
    49,
    50,
    51,
    52,
    53,
    54,
    55,
    56,
    57,
    58,
    59,
    60,
    61,
    62,
    63,
    64,
    65,
    66,
    67,
    68,
    69,
    70,
    71,
    72,
    73,
    74,
    75,
    76,
    77,
    78,
    79,
    80,
    81,
    82
  ],
  "train_loss": [
    1.334819566036008,
    0.7313573747566066,
    0.5624317062884262,
    0.46606490722636584,
    0.3959549293690121,
    0.3384886511515096,
    0.2916143619522606,
    0.25259057632119386,
    0.22134590494571274,
    0.1969477484751608,
    0.1752437478718684,
    0.15829268478087544,
    0.14501737334679082,
    0.1324970120775331,
    0.11761470185112707,
    0.11059498639066809,
    0.10222909831893198,
    0.0956288597440904,
    0.08918907040173245,
    0.08422925144664406,
    0.07601162067316856,
    0.0731454888531535,
    0.06766037752410185,
    0.06578085733788837,
    0.06222566974723769,
    0.05886169181195731,
    0.055068321804487216,
    0.053312934935092926,
    0.04890164868310862,
    0.049402768243603484,
    0.045068136200347206,
    0.0449813764023873,
    0.04361749058781365,
    0.042712955606006776,
    0.04086744978294237,
    0.04055602652664037,
    0.04082984188763598,
    0.03615085356724784,
    0.037311507993829006,
    0.03586852369042709,
    0.03262500869609492,
    0.03631715910009963,
    0.03257528313233988,
    0.032388722927299975,
    0.03132397530734846,
    0.02988432963695569,
    0.03165925695013601,
    0.03151387284682661,
    0.029262094868865517,
    0.028110691567057186,
    0.028610248099436464,
    0.028512203547450685,
    0.027498447950737376,
    0.027470451978889785,
    0.024757923637564804,
    0.02608457740789913,
    0.024554409053099833,
    0.02587704349203592,
    0.02632376928597727,
    0.023623929317013275,
    0.023269202566187176,
    0.0234255553871278,
    0.022967548608856716,
    0.021202796672893324,
    0.022642402590454084,
    0.02158960291261295,
    0.022641238917298998,
    0.022149582941939614,
    0.022160304776277662,
    0.020673473960883225,
    0.02043080505238097,
    0.02106312699567949,
    0.0200168036702137,
    0.02106292873378555,
    0.018913064532452405,
    0.020144978568159503,
    0.018808018643596238,
    0.017514483931176748,
    0.019984992969896375,
    0.018098269427223996,
    0.019564503647828687,
    0.017914710846038285
  ],
  "val_loss": [
    0.5300248792538276,
    0.3611497076658102,
    0.3229059347739586,
    0.28544098826555103,
    0.24300748797563407,
    0.23655744470082796,
    0.19635262798804504,
    0.186594783113553,
    0.1591542552296932,
    0.16514806220164666,
    0.158383391224421,
    0.13903279373278984,
    0.13852934367381609,
    0.13144836460168546,
    0.130611227108882,
    0.12640999716061813,
    0.12140907318546222,
    0.11616940882343513,
    0.10689572560099456,
    0.10145747718902734,
    0.10672264001690425,
    0.10834673448250844,
    0.10617247682351333,
    0.10246691136406018,
    0.09910273036131492,
    0.09437708785900703,
    0.09783792338119103,
    0.08978693660062093,
    0.09442003816366196,
    0.08561718456733686,
    0.09070538500180611,
    0.08645799039648129,
    0.08493144222750114,
    0.0857394586962003,
    0.08719553182331416,
    0.09108384483708785,
    0.08235665417921084,
    0.08161244068581325,
    0.08577969620147577,
    0.08535916945682122,
    0.08450422837184025,
    0.08610978844360663,
    0.08126950536209804,
    0.08025663546644725,
    0.0815312981318969,
    0.0826434289606718,
    0.08393227237348373,
    0.08265170712883656,
    0.0843229591846466,
    0.08221952645824505,
    0.07754711864086297,
    0.08060106269728678,
    0.08292394704543628,
    0.07974315477678409,
    0.0820269574626134,
    0.07796473471591106,
    0.07732241514783639,
    0.07771011613882504,
    0.07964878514982186,
    0.0819987732057388,
    0.08524727506133226,
    0.08224081334013206,
    0.08147369081584308,
    0.0787685514929203,
    0.08213204704225063,
    0.08668215142992827,
    0.08130655222787307,
    0.0824052496598317,
    0.08661922296652427,
    0.0868392654049855,
    0.08267182133232172,
    0.08654764552529041,
    0.081440783607272,
    0.08346426673233509,
    0.08078937648007503,
    0.0813270194742542,
    0.08052270945448142,
    0.08275964537348884,
    0.08476857568782109,
    0.0824655953508157,
    0.08466978564571875,
    0.0830216735887986
  ],
  "train_transduce": [
    1.334819566036008,
    0.7313573747566066,
    0.5624317062884262,
    0.46606490722636584,
    0.3959549293690121,
    0.3384886511515096,
    0.2916143619522606,
    0.25259057632119386,
    0.22134590494571274,
    0.1969477484751608,
    0.1752437478718684,
    0.15829268478087544,
    0.14501737334679082,
    0.1324970120775331,
    0.11761470185112707,
    0.11059498639066809,
    0.10222909831893198,
    0.0956288597440904,
    0.08918907040173245,
    0.08422925144664406,
    0.07601162067316856,
    0.0731454888531535,
    0.06766037752410185,
    0.06578085733788837,
    0.06222566974723769,
    0.05886169181195731,
    0.055068321804487216,
    0.053312934935092926,
    0.04890164868310862,
    0.049402768243603484,
    0.045068136200347206,
    0.0449813764023873,
    0.04361749058781365,
    0.042712955606006776,
    0.04086744978294237,
    0.04055602652664037,
    0.04082984188763598,
    0.03615085356724784,
    0.037311507993829006,
    0.03586852369042709,
    0.03262500869609492,
    0.03631715910009963,
    0.03257528313233988,
    0.032388722927299975,
    0.03132397530734846,
    0.02988432963695569,
    0.03165925695013601,
    0.03151387284682661,
    0.029262094868865517,
    0.028110691567057186,
    0.028610248099436464,
    0.028512203547450685,
    0.027498447950737376,
    0.027470451978889785,
    0.024757923637564804,
    0.02608457740789913,
    0.024554409053099833,
    0.02587704349203592,
    0.02632376928597727,
    0.023623929317013275,
    0.023269202566187176,
    0.0234255553871278,
    0.022967548608856716,
    0.021202796672893324,
    0.022642402590454084,
    0.02158960291261295,
    0.022641238917298998,
    0.022149582941939614,
    0.022160304776277662,
    0.020673473960883225,
    0.02043080505238097,
    0.02106312699567949,
    0.0200168036702137,
    0.02106292873378555,
    0.018913064532452405,
    0.020144978568159503,
    0.018808018643596238,
    0.017514483931176748,
    0.019984992969896375,
    0.018098269427223996,
    0.019564503647828687,
    0.017914710846038285
  ],