{
  "epoch": [
    1,
    2,
    3,
    4,
    5,
    6,
    7,
    8,
    9,
    10,
    11,
    12,
    13,
    14,
    15,
    16,
    17,
    18,
    19,
    20,
    21,
    22,
    23,
    24,
    25,
    26,
    27,
    28,
    29,
    30,
    31,
    32,
    33,
    34,
    35,
    36,
    37,
    38,
    39,
    40,
    41,
    42,
    43,
    44,
    45,
    46,
    47,
    48,
    49,
    50,
    51,
    52,
    53,
    54,
    55,
    56,
    57,
    58,
    59,
    60,
    61,
    62,
    63,
    64,
    65,
    66,
    67,
    68,
    69,
    70,
    71,
    72,
    73,
    74,
    75,
    76,
    77,
    78,
    79,
    80,
    81,
    82,
    83,
    84,
    85,
    86,
    87,
    88,
    89,
    90,
    91,
    92,
    93,
    94,
    95,
    96,
    97,
    98,
    99,
    100,
    101,
    102,
    103,
    104
  ],
  "train_loss": [
    1.2360765320239682,
    0.5402650446584909,
    0.3946591302900031,
    0.33315685538962336,
    0.29624203437625773,
    0.26825298575481565,
    0.2475276617425503,
    0.22931211552407482,
    0.2163042184887546,
    0.19890564082577677,
    0.18991861861236026,
    0.18256987247726705,
    0.1755686399370137,
    0.16439483971288887,
    0.15754431913984884,
    0.15047802326112691,
    0.14407293144429084,
    0.1370557584237344,
    0.13393421482184145,
    0.12682524168550377,
    0.12382874800132053,
    0.1196532240229668,
    0.11643376533347781,
    0.11193303085199677,
    0.1057592982629148,
    0.10362704393297138,
    0.10241458487540188,
    0.09728411979752012,
    0.09368924390856583,
    0.09301332137224698,
    0.08857422997013177,
    0.084476968587035,
    0.08436525410207191,
    0.08076456535865764,
    0.0805597301425025,
    0.0769138564678407,
    0.07589010678526789,
    0.07435582163236519,
    0.06995002375823436,
    0.07076415297861147,
    0.06621474265535869,
    0.06709600826448733,
    0.06444375137660173,
    0.06162846200905814,
    0.06247855414922285,
    0.06158746105830858,
    0.059307937906815274,
    0.058278381640073096,
    0.0589429748493551,
    0.05476483794869763,
    0.0533741319570506,
    0.05281220057444407,
    0.05458452919553412,
    0.052998851376152276,
    0.05111483147939538,
    0.0488800159424986,
    0.04875901543378535,
    0.044596884869924275,
    0.04526078831035607,
    0.045683709904551506,
    0.04324562976708506,
    0.043531423941770994,
    0.04001146550797442,
    0.04355801955455601,
    0.042940066209855944,
    0.03980542593036253,
    0.037358584537143164,
    0.03858330945419793,
    0.03707648389557801,
    0.03719843161467573,
    0.03749223236031461,
    0.03787117337088774,
    0.03553439691054201,
    0.03439416812898794,
    0.03331342582028396,
    0.034967900083243554,
    0.03248666795800523,
    0.03366860611788412,
    0.032621528141864455,
    0.032768175706709965,
    0.030961319831854635,
    0.032181777175294586,
    0.030803978148073254,
    0.031008689350789726,
    0.030523922418861992,
    0.02784004722177835,
    0.027559059128017708,
    0.029767227838608887,
    0.027939069398337662,
    0.02753715964937859,
    0.026580225063100604,
    0.029524808214737637,
    0.02831354815199381,
    0.02524139509434895,
    0.025965183632134802,
    0.026584874903137733,
    0.027245522207018025,
    0.026994232519409887,
    0.02609705998294867,
    0.02423189545400662,
    0.024139513607404316,
    0.02203694740679152,
    0.022408381574741093,
    0.023158975270585996
  ],
  "val_loss": [
    0.48391767190052914,
    0.32907980107344115,
    0.2967030784258476,
    0.26476568556748903,
    0.24892527495439237,
    0.2235831142618106,
    0.2154426253758944,
    0.20674743331395662,
    0.19850621257837003,
    0.19181619297999603,
    0.18156122932067284,
    0.17714439561733833,
    0.1618619245978502,
    0.16309878430687463,
    0.16050511999772146,
    0.15239843984062856,
    0.14286192850424692,
    0.13733386191037986,
    0.13916597744593254,
    0.13120290063894713,
    0.12770411716057703,
    0.13195988679161438,
    0.12218888648427449,
    0.11781186524492043,
    0.10789268377881783,
    0.11210843691459069,
    0.10490087333780068,
    0.10156036985035126,
    0.09931536548985885,
    0.09389353285615261,
    0.0909545521896619,
    0.09490016632928298,
    0.09790613760168736,
    0.08888353894536312,
    0.09167005150363995,
    0.08924680719008812,
    0.0836716486284366,
    0.08570524591666001,
    0.08356214715884282,
    0.08023699931800365,
    0.07676423341035843,
    0.07627557418667354,
    0.08161331111421952,
    0.07993247116414401,
    0.0741299380763219,
    0.07392356974574235,
    0.07738379088158791,
    0.07715879896512398,
    0.068861201692086,
    0.07231762861976257,
    0.0730676340082517,
    0.07065923877346975,
    0.06798989669634746,
    0.07271125640433568,
    0.0674097859658874,
    0.06680662270921928,
    0.06312299247544545,
    0.06727214422650062,
    0.06944606295571877,
    0.06724246691625851,
    0.06375384287765393,
    0.06415861415175292,
    0.06195865345832247,
    0.060307204723358154,
    0.058379811664613396,
    0.06407814275903198,
    0.06090521536624202,
    0.06063944624307064,
    0.060929579445375845,
    0.06272972873053871,
    0.060308044453939565,
    0.05935047660022974,
    0.06091247253621427,
    0.06301389133127835,
    0.05795807441553244,
    0.06017930583598522,
    0.06168406496111017,
    0.059132468743393056,
    0.05722415812600117,
    0.058789590875116676,
    0.058163298186487876,
    0.06065025434900935,
    0.05926865432411432,
    0.058950468754539125,
    0.060988749663990274,
    0.059181532643448845,
    0.061289135760699325,
    0.06053491520623748,
    0.05730603112337681,
    0.05888400148027218,
    0.05944237317173527,
    0.06073546653183607,
    0.058631965496505685,
    0.058043633874219194,
    0.0584097970277071,
    0.06104256592404384,
    0.06280434203262512,
    0.0615274915829874,
    0.06160930468915747,
    0.061226335139228746,
    0.0621196271565098,
    0.06097643464230574,
    0.059197431788421594,
    0.05894561602662389
  ],