{
  "epoch": [
    1,
    2,
    3,
    4,
    5,
    6,
    7,
    8,
    9,
    10,
    11,
    12,
    13,
    14,
    15,
    16,
    17,
    18,
    19,
    20,
    21,
    22,
    23,
    24,
    25,
    26,
    27,
    28,
    29,
    30,
    31,
    32,
    33,
    34,
    35,
    36,
    37,
    38,
    39,
    40,
    41,
    42,
    43,
    44,
    45,
    46,
    47,
    48,
    49,
    50,
    51,
    52,
    53,
    54,
    55,
    56,
    57,
    58,
    59,
    60,
    61,
    62,
    63,
    64,
    65,
    66,
    67,
    68,
    69,
    70,
    71,
    72,
    73,
    74,
    75,
    76,
    77,
    78,
    79,
    80,
    81,
    82,
    83,
    84,
    85,
    86,
    87,
    88,
    89,
    90,
    91,
    92,
    93,
    94,
    95,
    96,
    97,
    98,
    99,
    100,
    101,
    102,
    103,
    104,
    105
  ],
  "train_loss": [
    1.4586363926376265,
    0.8249494587023234,
    0.6369160889964742,
    0.5198356965460729,
    0.4273412648550014,
    0.3641142429611118,
    0.3113882024724459,
    0.26983406602107374,
    0.2401185189325785,
    0.21929527281485883,
    0.19746592433489474,
    0.18134351696857473,
    0.16715264328054547,
    0.153708232009841,
    0.14318690210888066,
    0.13415058368106478,
    0.12702420292441377,
    0.1147429645829594,
    0.1092333721438634,
    0.10017996233379103,
    0.0947567868171279,
    0.08837595030895828,
    0.0849849461222586,
    0.08065571196223657,
    0.07199346587138693,
    0.07094459558270641,
    0.06560201201703131,
    0.06518374866393116,
    0.059387773035343774,
    0.0553263951112161,
    0.05468213418018572,
    0.04838144428759199,
    0.04936720440452246,
    0.04707714701167394,
    0.04372282320940771,
    0.043224614190379367,
    0.039740144649578125,
    0.03822901376436666,
    0.03878238143821813,
    0.035031975779836015,
    0.033107364094172864,
    0.03330412393282216,
    0.03168221126243319,
    0.030688330329493762,
    0.029078130912726995,
    0.028182518342029804,
    0.028493207312889936,
    0.024123601903466834,
    0.024693489797202123,
    0.02261464232962924,
    0.0225755146863035,
    0.021938893171123314,
    0.021577619784271595,
    0.019733442636878835,
    0.021016311128479764,
    0.020570119776878237,
    0.018671903348787083,
    0.01738410697261006,
    0.017155519764649577,
    0.01712761786238281,
    0.018081252966028128,
    0.01761023077595326,
    0.016990036427609854,
    0.015075910601227246,
    0.016350685785639762,
    0.015857848898056394,
    0.015140676352473879,
    0.015272882743018497,
    0.013964145944799422,
    0.014055829400379095,
    0.012635771283572636,
    0.015717855550243146,
    0.012763371910736655,
    0.014146513584041103,
    0.01285935558268282,
    0.013400253314721715,
    0.011422862537017995,
    0.010548976245192215,
    0.012959748609159525,
    0.011136316232858514,
    0.013041178102379414,
    0.011889962765109754,
    0.01100411059781333,
    0.012468782577005974,
    0.011086792703993983,
    0.009980037357158883,
    0.010390774855154961,
    0.009463046911441404,
    0.009644354175423397,
    0.009890997516514599,
    0.009145630926215426,
    0.010249143860005226,
    0.009317108580288141,
    0.008474525024924792,
    0.00888079585544717,
    0.009280773672124026,
    0.009880864128023963,
    0.0086431925802506,
    0.0105447608709921,
    0.00894851048210559,
    0.008771844334857174,
    0.008543717268357514,
    0.009681933778806195,
    0.008185448501254288,
    0.008665414335933447
  ],
  "val_loss": [
    0.7804717329832224,
    0.5696779970939343,
    0.4702503176835867,
    0.42701290662472063,
    0.3803103336921105,
    0.32523672397320086,
    0.3161829457833217,
    0.30124092904421,
    0.2695790918973776,
    0.26287316932128024,
    0.24996219346156487,
    0.24233713402197912,
    0.23443991977434891,
    0.22910421972091383,
    0.21400726758516753,
    0.1946162713261751,
    0.19802053501972786,
    0.19095887931493613,
    0.1896705449773715,
    0.18887789834004182,
    0.17911740908255944,
    0.18253986881329462,
    0.1671949355648114,
    0.1696097398033509,
    0.15489050230154625,
    0.15760739950033334,
    0.14617961874374977,
    0.13808446377515793,
    0.1428083126934675,
    0.14054122395240343,
    0.1322341701732232,
    0.12881896730798942,
    0.1293435778755408,
    0.12505040919551483,
    0.12549888084714228,
    0.11628548629008807,
    0.11832242602339157,
    0.11073022536360301,
    0.11650619140038124,
    0.11643428785296586,
    0.11331322961128674,
    0.10921328342877902,
    0.10330337572556275,
    0.11653296334239152,
    0.10702594469946164,
    0.10136957165713494,
    0.10376922456690899,
    0.09312282516979255,
    0.09634793592760196,
    0.09114242631655473,
    0.0878292960472978,
    0.09176105060256444,
    0.10184309574273917,
    0.10784575414772217,
    0.09030838002665685,
    0.08502894854889466,
    0.0933282129609814,
    0.09490632036557564,
    0.09264171209472877,
    0.08717120438814163,
    0.08989685587584972,
    0.08850592145553002,
    0.09019301638293725,
    0.09171666441342005,
    0.09378228666117558,
    0.09207109383379038,
    0.08740509057847354,
    0.0898679501305406,
    0.09502792773911586,
    0.08595642640900153,
    0.09000262825821455,
    0.08853007158121237,
    0.09220620516974193,
    0.08633282533488594,
    0.09236678710350624,
    0.08300388733354899,
    0.08905215213934962,
    0.08528204899854384,
    0.08460876145041905,
    0.08220981294289231,
    0.08426257018716289,
    0.08769241527009469,
    0.08468537075588337,
    0.08775382216733235,
    0.0885297222994268,
    0.08605747118305701,
    0.08466518179585154,
    0.08937347121536732,
    0.08437154431325886,
    0.09379479446663307,
    0.09195150302436489,
    0.08956236445989746,
    0.08883300926894523,
    0.09378852802686967,
    0.0879899243143602,
    0.09535520595426743,
    0.08431538620677131,
    0.08752130661517955,
    0.0865389545663045,
    0.08467093024116296,
    0.08527340424748567,
    0.09343031607568264,
    0.08604243379802658,
    0.08806426618964626,
    0.08497265325142787
  ],