{
  "epoch": [
    1,
    2,
    3,
    4,
    5,
    6,
    7,
    8,
    9,
    10,
    11,
    12,
    13,
    14,
    15,
    16,
    17,
    18,
    19,
    20,
    21,
    22,
    23,
    24,
    25,
    26,
    27,
    28,
    29,
    30,
    31,
    32,
    33,
    34,
    35,
    36,
    37,
    38,
    39,
    40,
    41,
    42,
    43,
    44,
    45,
    46,
    47,
    48,
    49,
    50,
    51,
    52,
    53,
    54,
    55,
    56,
    57,
    58,
    59,
    60,
    61,
    62,
    63,
    64,
    65,
    66,
    67,
    68,
    69,
    70,
    71,
    72,
    73,
    74,
    75,
    76,
    77,
    78
  ],
  "train_loss": [
    1.1583628061505937,
    0.6016012854182843,
    0.4571742443079801,
    0.3669440342286198,
    0.3021248568271853,
    0.2516310671248387,
    0.21235314357219284,
    0.17986126305516234,
    0.1585462890258155,
    0.13733879703375482,
    0.12390221880038374,
    0.11180563397782366,
    0.1029580989756535,
    0.09218957250188921,
    0.08694086070220496,
    0.0778271540250514,
    0.07539629316936756,
    0.070843062037122,
    0.06623625822518904,
    0.06229707432584357,
    0.06004692294356442,
    0.05402453429996967,
    0.05369134151290372,
    0.05232904607564518,
    0.05248472095495954,
    0.05055214660530238,
    0.048788806130706346,
    0.04792643617358558,
    0.043496894774977694,
    0.04279244205309558,
    0.04021280127116623,
    0.041091940538554465,
    0.038518740651533774,
    0.03874016896168673,
    0.035893284960544294,
    0.03686522919751857,
    0.036372999593461915,
    0.03423704625078544,
    0.03590813473577505,
    0.03244930854518466,
    0.03457645315811345,
    0.03137607997782605,
    0.030662066816861174,
    0.03107784223771587,
    0.02991699177613386,
    0.030342302529967016,
    0.029967623113500933,
    0.028413516325280837,
    0.029590266835923817,
    0.029442841115110006,
    0.027641004837146894,
    0.025617618082552075,
    0.025393560108699902,
    0.02553199721769113,
    0.026302517985819465,
    0.024679554911983228,
    0.028626875559434526,
    0.02558924710334845,
    0.025631856288492065,
    0.023450469656981835,
    0.022541230512043636,
    0.023409995207198196,
    0.02298339349385735,
    0.022209688793080523,
    0.023428886487945607,
    0.021966349344326126,
    0.0219529979735056,
    0.020010472341925482,
    0.020311940694227815,
    0.020166886756172616,
    0.02113165535253578,
    0.019240511706118117,
    0.01977417409688849,
    0.019848591041962432,
    0.01910892537898221,
    0.019101642859504393,
    0.01854305257948749,
    0.019197033826242556
  ],
  "val_loss": [
    0.3677769693044516,
    0.26395921867627364,
    0.2488468083051535,
    0.21228939867936647,
    0.1962929402406399,
    0.14580352088579765,
    0.13234605869421592,
    0.13076301148304573,
    0.12619357384168184,
    0.12017785356594966,
    0.11642660601780964,
    0.11404573344267331,
    0.10374680935190274,
    0.10144423636106345,
    0.10073244772278346,
    0.09551584835235889,
    0.09211384533689572,
    0.09342312827133216,
    0.09362865712207097,
    0.0899895140184806,
    0.09014161991385314,
    0.09537302086559626,
    0.08907002267929223,
    0.08693842940892164,
    0.07722718211320731,
    0.08397093558540711,
    0.0812495111559446,
    0.07989104163761322,
    0.0812323006013265,
    0.08282634630226172,
    0.07729334878520323,
    0.07554621879871075,
    0.08136217912229207,
    0.08467169005710345,
    0.08081299238480054,
    0.08368154443227328,
    0.08447236754000187,
    0.08856338835679568,
    0.07821521943864915,
    0.08242384423143588,
    0.08043390691566926,
    0.0807627928801454,
    0.07859047695707816,
    0.08361397568996136,
    0.07528945466933343,
    0.07710064410303648,
    0.07907977736053559,
    0.07573974089553723,
    0.07787330033114323,
    0.07804286988595358,
    0.08164819731162144,
    0.08120766640282594,
    0.07014133473141836,
    0.07802821781772834,
    0.07963920750010473,
    0.08558878768235445,
    0.08158634259150578,
    0.08141561404157144,
    0.0793831768947152,
    0.08616400567384866,
    0.08012832543597771,
    0.07767150307504031,
    0.07680955486228833,
    0.08682672650768207,
    0.0785472380140653,
    0.07451417820098308,
    0.07962155213149694,
    0.08670523060629001,
    0.08593500864047271,
    0.0802746842113825,
    0.08082518755243374,
    0.07910788295647272,
    0.0860978366377262,
    0.07881164522125171,
    0.0810075243934989,
    0.08479907299177004,
    0.07651222984378155,
    0.07824754872574256
  ],
  "train_transduce": [
    1.1583628061505937,
    0.6016012854182843,
    0.4571742443079801,
    0.3669440342286198,
    0.3021248568271853,
    0.2516310671248387,
    0.21235314357219284,
    0.17986126305516234,
    0.1585462890258155,
    0.13733879703375482,
    0.12390221880038374,
    0.11180563397782366,
    0.1029580989756535,
    0.09218957250188921,
    0.08694086070220496,
    0.0778271540250514,
    0.07539629316936756,
    0.070843062037122,
    0.06623625822518904,
    0.06229707432584357,
    0.06004692294356442,
    0.05402453429996967,
    0.05369134151290372,
    0.05232904607564518,
    0.05248472095495954,
    0.05055214660530238,
    0.048788806130706346,
    0.04792643617358558,
    0.043496894774977694,
    0.04279244205309558,
    0.04021280127116623,
    0.041091940538554465,
    0.038518740651533774,
    0.03874016896168673,
    0.035893284960544294,
    0.03686522919751857,
    0.036372999593461915,
    0.03423704625078544,
    0.03590813473577505,
    0.03244930854518466,
    0.03457645315811345,
    0.03137607997782605,
    0.030662066816861174,
    0.03107784223771587,
    0.02991699177613386,
    0.030342302529967016,
    0.029967623113500933,
    0.028413516325280837,
    0.029590266835923817,
    0.029442841115110006,
    0.027641004837146894,
    0.025617618082552075,
    0.025393560108699902,
    0.02553199721769113,
    0.026302517985819465,
    0.024679554911983228,
    0.028626875559434526,
    0.02558924710334845,
    0.025631856288492065,
    0.023450469656981835,
    0.022541230512043636,
    0.023409995207198196,
    0.02298339349385735,
    0.022209688793080523,
    0.023428886487945607,
    0.021966349344326126,
    0.0219529979735056,
    0.020010472341925482,
    0.020311940694227815,
    0.020166886756172616,
    0.02113165535253578,
    0.019240511706118117,
    0.01977417409688849,
    0.019848591041962432,
    0.01910892537898221,
    0.019101642859504393,
    0.01854305257948749,
    0.019197033826242556
  ],