{
  "epoch": [
    1,
    2,
    3,
    4,
    5,
    6,
    7,
    8,
    9,
    10,
    11,
    12,
    13,
    14,
    15,
    16,
    17,
    18,
    19,
    20,
    21,
    22,
    23,
    24,
    25,
    26,
    27,
    28,
    29,
    30,
    31,
    32,
    33,
    34,
    35,
    36,
    37,
    38,
    39,
    40,
    41,
    42,
    43,
    44,
    45,
    46,
    47,
    48,
    49,
    50,
    51,
    52,
    53,
    54,
    55,
    56,
    57,
    58,
    59,
    60,
    61,
    62,
    63,
    64,
    65,
    66,
    67,
    68,
    69,
    70,
    71,
    72,
    73,
    74,
    75,
    76,
    77,
    78,
    79,
    80,
    81,
    82,
    83,
    84,
    85,
    86,
    87,
    88,
    89,
    90,
    91,
    92,
    93,
    94,
    95,
    96,
    97,
    98,
    99,
    100,
    101,
    102,
    103,
    104,
    105,
    106,
    107,
    108,
    109,
    110,
    111,
    112,
    113,
    114,
    115,
    116,
    117,
    118,
    119,
    120
  ],
  "train_loss": [
    0.8132183805550679,
    0.28162228234923714,
    0.20813806679579291,
    0.17831882406579386,
    0.15962272779186173,
    0.14531153185975434,
    0.13712754362437984,
    0.1226321487586097,
    0.11691811083271952,
    0.10898649039687497,
    0.10391288741242767,
    0.09734861412555865,
    0.09525422864399924,
    0.0870122290631332,
    0.08430029201035452,
    0.0808551550501644,
    0.07757944890325612,
    0.07724744963026282,
    0.07204232905244473,
    0.06765894731967756,
    0.06378089889220082,
    0.06341646702056473,
    0.06021236842221553,
    0.05713296001131582,
    0.05499294793030413,
    0.05329850857321283,
    0.0536822949692902,
    0.048537380836608975,
    0.04736189826363974,
    0.045074816286047495,
    0.046065943121983866,
    0.04343595630535395,
    0.0418712806491421,
    0.04098363041342928,
    0.04190261671227394,
    0.03827041053757219,
    0.03829744834415984,
    0.038014883166271274,
    0.03791156142378355,
    0.03576904897679492,
    0.035761250496500786,
    0.03409210019883248,
    0.031592818751636116,
    0.030393275579824897,
    0.0322567369134193,
    0.03166522621407662,
    0.02830921419628776,
    0.02903087241667332,
    0.027955814944764616,
    0.026964737485061483,
    0.026097683782348096,
    0.02661295622439668,
    0.025942876252650033,
    0.024433967058021245,
    0.026896420748683043,
    0.023331199855645104,
    0.020788598957812727,
    0.02321530323438715,
    0.021989808523898372,
    0.021074742712725948,
    0.021287432712696418,
    0.02311284334334259,
    0.022602914235471647,
    0.020281414422990366,
    0.01937567880192753,
    0.020213376753733005,
    0.0182405589909136,
    0.01861479052683652,
    0.019073541296904188,
    0.018935380150831425,
    0.019086273041286385,
    0.017618856876904128,
    0.017296158436612034,
    0.016048264990579153,
    0.01657858819442589,
    0.015360671404454082,
    0.017182497405631485,
    0.014080579426038162,
    0.015139763408322071,
    0.01719898801402991,
    0.017054257340415723,
    0.014390009054268646,
    0.01352936937243189,
    0.014319070199928662,
    0.014253346103077552,
    0.013387879825861074,
    0.013811726829654878,
    0.013387758205275945,
    0.012915947385787005,
    0.011758345351577507,
    0.013182631173945669,
    0.013403859116266122,
    0.012129848667922992,
    0.014550898382025263,
    0.010834806713409317,
    0.01110833126470668,
    0.012308177208564806,
    0.01237271747166881,
    0.010762738778560174,
    0.01030896107163649,
    0.010483529525324886,
    0.011209660546282436,
    0.010814458229763452,
    0.011265993018007589,
    0.00976280074123994,
    0.010661571107385219,
    0.010190792796132846,
    0.009983054808304083,
    0.010687155893422885,
    0.008629762060423889,
    0.009613050798548958,
    0.009169739710240819,
    0.009225794516439264,
    0.008911667099466898,
    0.007964113819998422,
    0.00956238247569429,
    0.007544947615225274,
    0.009597554876374561,
    0.00836436511051961,
    0.008137193770957004
  ],
  "val_loss": [
    0.303065952200156,
    0.21934154916268128,
    0.179467977812657,
    0.165936362858002,
    0.149428686270347,
    0.1493294327878035,
    0.14471355481789663,
    0.14251409757595795,
    0.12521385086270478,
    0.1415945251400654,
    0.1338007593384156,
    0.12478657439351082,
    0.11856236079564461,
    0.12018038389774469,
    0.12357497645112184,
    0.12505912150327975,
    0.12371207229219951,
    0.09943240164564206,
    0.09958662923711997,
    0.10650070613393417,
    0.10360907118480939,
    0.1022768565095388,
    0.09735652947655091,
    0.09731083649855393,
    0.09280706068071035,
    0.10552524087520745,
    0.10158621032650654,
    0.08920719818427013,
    0.0866527812412152,
    0.09485971569441833,
    0.08201363224249619,
    0.07517860686549774,
    0.07538170453447562,
    0.08348422024685603,
    0.09597077879768151,
    0.08692109326903637,
    0.07929967444103497,
    0.08299741693414174,
    0.08560834495493999,
    0.07275356896794759,
    0.08432672230096963,
    0.07211860197667892,
    0.0930426034789819,
    0.0833980615895528,
    0.07796657730180484,
    0.0782029373714557,
    0.07967194800193493,
    0.08777520748285148,
    0.09502140547220524,
    0.07338303291740325,
    0.08568460107422791,
    0.06997429214131373,
    0.07352754903527406,
    0.08538542071787211,
    0.06835653840635832,
    0.08373154226977092,
    0.08044627624062392,
    0.07211321936203884,
    0.07306499184610751,
    0.07786747426367722,
    0.07392767458581008,
    0.08213767867821914,
    0.08226602094677779,
    0.08385465723963884,
    0.06461196686499394,
    0.07481849967287137,
    0.06947104231669353,
    0.08240666827903344,
    0.09483943335138835,
    0.06276130633285412,
    0.07329769618809223,
    0.07183559754720101,
    0.07646024685639602,
    0.0696307556846967,
    0.06680161491609536,
    0.0645054576273721,
    0.06222793227061629,
    0.06034455856738182,
    0.06538772128092554,
    0.06082063032170901,
    0.061681932124954,
    0.0691535768027489,
    0.06749358895019843,
    0.07465959727191009,
    0.07049629113708551,
    0.06588694223990807,
    0.06225065399820988,
    0.06879446275818807,
    0.061796328446899466,
    0.0625031110472404,
    0.06572915792751771,
    0.06535962503403425,
    0.06698413436802533,
    0.06621672599934615,
    0.05907715946579209,
    0.06773350946605206,
    0.07006227912811133,
    0.06593425185061418,
    0.06935730949044228,
    0.06260054078526221,
    0.06715971131164294,
    0.07183970611255902,
    0.06181144710773459,
    0.06626760243223263,
    0.07555448077619076,
    0.06799941789358854,
    0.06580646622639436,
    0.06599726083760078,
    0.061942569768199555,
    0.0653102405082721,
    0.06372847622976853,
    0.06273738090665294,
    0.07320348796649621,
    0.07043521708020797,
    0.06556464352000219,
    0.07336271124390456,
    0.07752389475130118,
    0.07150419851621756,
    0.06990960168723877,
    0.08070918545126915
  ],