{
  "epoch": [
    1,
    2,
    3,
    4,
    5,
    6,
    7,
    8,
    9,
    10,
    11,
    12,
    13,
    14,
    15,
    16,
    17,
    18,
    19,
    20,
    21,
    22,
    23,
    24,
    25,
    26,
    27,
    28,
    29,
    30,
    31,
    32,
    33,
    34,
    35,
    36,
    37,
    38,
    39,
    40,
    41,
    42,
    43,
    44,
    45,
    46,
    47,
    48,
    49,
    50,
    51,
    52,
    53,
    54,
    55,
    56,
    57,
    58,
    59,
    60,
    61,
    62,
    63,
    64,
    65,
    66,
    67,
    68,
    69,
    70,
    71,
    72,
    73,
    74,
    75,
    76,
    77,
    78,
    79,
    80,
    81,
    82,
    83,
    84,
    85,
    86,
    87,
    88,
    89,
    90,
    91,
    92,
    93,
    94,
    95,
    96,
    97,
    98,
    99,
    100,
    101
  ],
  "train_loss": [
    2.7112772629992796,
    1.7252841774779972,
    1.2611601659567049,
    1.0466707844545347,
    0.9019687252469583,
    0.7711389047084468,
    0.6880180782610827,
    0.6384544464031069,
    0.5534497968631216,
    0.4999229689635853,
    0.46731826544988275,
    0.43431087708709265,
    0.40506966456328286,
    0.3867110127564704,
    0.3579525326443191,
    0.3430056989488035,
    0.3183818211649904,
    0.30629172537586474,
    0.2856873264997312,
    0.28676368901045013,
    0.2698397646741112,
    0.26256266251058863,
    0.24633445214517047,
    0.24013154422587688,
    0.22811118955954468,
    0.22726510096304486,
    0.21815013442889297,
    0.21224623343141952,
    0.20749506789563907,
    0.19648768538885777,
    0.19533897936344147,
    0.18272331888132756,
    0.17795633993083887,
    0.17255815369362879,
    0.16854741859554065,
    0.15688951881510196,
    0.15846805222848853,
    0.15357862774393347,
    0.15114361405520155,
    0.15017523439508854,
    0.14751649419269938,
    0.14306703895920575,
    0.13335401188619067,
    0.13992280679026453,
    0.13441801296159772,
    0.12675168966450315,
    0.12255790269020761,
    0.11988949052768179,
    0.11588117295857703,
    0.11998073605470139,
    0.11783354452783519,
    0.12201378553515614,
    0.12439069122371108,
    0.13685610868258052,
    0.14806697259445,
    0.1638079154314381,
    0.18576707373751272,
    0.21125987068851396,
    0.23529242820078783,
    0.2662048202635038,
    0.3028431430016414,
    0.3401910459051038,
    0.3810886339385911,
    0.4228026861011392,
    0.47219364182783824,
    0.5234360984056303,
    0.5872273451030845,
    0.6855717814794862,
    0.5962201020505169,
    0.31328520363215173,
    0.20450160504862813,
    0.18536497342704547,
    0.17318631103723356,
    0.1716975397107625,
    0.18296165284839008,
    0.18500064881426273,
    0.18534515820222325,
    0.19919072792376621,
    0.21854324041321727,
    0.22210638918498954,
    0.23448769748210907,
    0.2652825047769169,
    0.24106538605571973,
    0.24755055995860903,
    0.23555060424426993,
    0.23345553115157797,
    0.23503131839898553,
    0.22930293117124256,
    0.22544311761561006,
    0.2517048096892857,
    0.24973401427268982,
    0.2598327010279835,
    0.26537279076505416,
    0.2699840632405612,
    0.2751181823487329,
    0.312836428532506,
    0.29818712868312797,
    0.2941067625980566,
    0.3164148317410214,
    0.32192213612027687,
    0.34429457237814914
  ],
  "val_loss": [
    1.93982379253094,
    1.1952850085038405,
    1.0161637572141795,
    0.8431160495831416,
    0.6432019197023832,
    0.8573042108462408,
    0.5292300742406112,
    0.3759230627463414,
    0.36761865936792815,
    0.3076926916837692,
    0.2978935299011377,
    0.25035434388197386,
    0.268996645624821,
    0.24828126568060654,
    0.23317367411576784,
    0.28101367216843826,
    0.19859159336640284,
    0.18980887761482826,
    0.18640042325625053,
    0.1845676274253772,
    0.18524269243845573,
    0.1783891755800981,
    0.16949559805484918,
    0.18148049941429725,
    0.1583069643149009,
    0.15907947891033614,
    0.15392374705809814,
    0.1620071352674411,
    0.1478036533181484,
    0.1499247499383413,
    0.1435208016863236,
    0.14333534240722656,
    0.14091288241056296,
    0.14631265516464526,
    0.13591663539409637,
    0.13518983440903518,
    0.1259755755846317,
    0.1268023940233084,
    0.1352240572182032,
    0.1317509957231008,
    0.12842364953114435,
    0.1293094974870865,
    0.1252015897860894,
    0.1187509739628205,
    0.12328633637382434,
    0.11431079271894234,
    0.12953590057217157,
    0.1278597666667058,
    0.1321725226365603,
    0.12683429196476936,
    0.11935390933201863,
    0.12594857009557578,
    0.13406883323421845,
    0.15719088797385877,
    0.1699568285391881,
    0.17430737614631653,
    0.20240472142512983,
    0.23097981283297905,
    0.2533668898619138,
    0.2831579355093149,
    0.31838980890237367,
    0.3603183420804831,
    0.40950552775309634,
    0.4645560452571282,
    0.498989075422287,
    0.5592893866392282,
    0.6126039119867178,
    1.0825042862158556,
    0.3030087913458164,
    0.16800672732866728,
    0.15056643520410246,
    0.14190123000970253,
    0.14264154606140578,
    0.1478546064060468,
    0.16239706828044012,
    0.15105753048108175,
    0.1699628749719033,
    0.17617322561832574,
    0.1936957985162735,
    0.19915381990946257,
    0.21343020005868032,
    0.18527625042658585,
    0.1774480537726329,
    0.17485504138928193,
    0.1729403120967058,
    0.17384322102253252,
    0.1706035383618795,
    0.16615881942785704,
    0.21780159954841322,
    0.1884095250413968,
    0.19806126619760805,
    0.18707074167636725,
    0.2091053626858271,
    0.21163869018738085,
    0.23896225943015173,
    0.26102151893652403,
    0.2551364337022488,
    0.2518648963708144,
    0.24863295371715838,
    0.2516843607792488,
    0.2511556205841211
  ],