{
  "epoch": [
    1,
    2,
    3,
    4,
    5,
    6,
    7,
    8,
    9,
    10,
    11,
    12,
    13,
    14,
    15,
    16,
    17,
    18,
    19,
    20,
    21,
    22,
    23,
    24,
    25,
    26,
    27,
    28,
    29,
    30,
    31,
    32,
    33,
    34,
    35,
    36,
    37,
    38,
    39,
    40,
    41,
    42,
    43,
    44,
    45,
    46,
    47,
    48,
    49,
    50,
    51,
    52,
    53,
    54,
    55,
    56,
    57,
    58,
    59,
    60,
    61,
    62,
    63,
    64,
    65,
    66,
    67,
    68,
    69,
    70,
    71,
    72,
    73,
    74,
    75,
    76,
    77,
    78,
    79,
    80,
    81,
    82,
    83,
    84,
    85,
    86,
    87,
    88,
    89,
    90,
    91,
    92,
    93,
    94,
    95,
    96,
    97,
    98,
    99,
    100,
    101,
    102,
    103,
    104,
    105,
    106,
    107
  ],
  "train_loss": [
    1.4114506610275543,
    0.8262028319319499,
    0.6421348818184174,
    0.5259312629392466,
    0.4370722945817967,
    0.3783819966555871,
    0.32670768173699527,
    0.29392059116633895,
    0.2592799394708319,
    0.23791014817879372,
    0.21695271234229668,
    0.19844507184071639,
    0.18774456646024568,
    0.16797582459511215,
    0.15790469103406385,
    0.14529869436603232,
    0.13729597386164763,
    0.12752189928876986,
    0.12016455226184167,
    0.11167025293425187,
    0.10700318148148429,
    0.09790971043721303,
    0.09261395981938568,
    0.08635300616781737,
    0.0854438004688811,
    0.0783120637241098,
    0.07433044238342452,
    0.07063925163532347,
    0.0667155970694478,
    0.06321336892577484,
    0.06016380354262812,
    0.058555130385937765,
    0.05244501789590133,
    0.052378004589646136,
    0.05064375220423507,
    0.048906511569530076,
    0.048570846068221575,
    0.04384212235238442,
    0.043101858544480245,
    0.04080448561760875,
    0.03985267518971538,
    0.039070199536562884,
    0.03723628691772057,
    0.03416274198014097,
    0.033613494861410145,
    0.03259417218079349,
    0.03536344005620664,
    0.030433512398416233,
    0.030255798855316395,
    0.028318278817940003,
    0.026397774240827745,
    0.02700445808460648,
    0.026970717815931924,
    0.026748043705814892,
    0.02529333380876666,
    0.023923902741162895,
    0.023164194850155067,
    0.023064847368286134,
    0.021237998564737206,
    0.021758951316347596,
    0.020471363081164734,
    0.021248694094013153,
    0.02127198626997775,
    0.01934529288393474,
    0.01809226248062878,
    0.01782283953333408,
    0.01912640156848452,
    0.01883070100910155,
    0.01692357789797075,
    0.0178279143916539,
    0.018538738893148173,
    0.016911905599738826,
    0.015515654074200956,
    0.01681066289083245,
    0.015604451094686831,
    0.016860010540448896,
    0.01506577028062425,
    0.014982298503812287,
    0.014666904226070289,
    0.012365873858630274,
    0.01321585903414669,
    0.015129307587391016,
    0.013788470298714321,
    0.012871671729053841,
    0.013030542779627457,
    0.013250975456741667,
    0.011823784770892895,
    0.011682960423208849,
    0.011610737002032242,
    0.013142350548638281,
    0.012386169945269093,
    0.010155935666149425,
    0.011224675711758012,
    0.011795897377035628,
    0.012362334060545089,
    0.010688386877612258,
    0.01016796325854285,
    0.011688547542249093,
    0.011442317607267712,
    0.010638964760894935,
    0.010709729884839952,
    0.011691543980220756,
    0.009449717587822587,
    0.010851486774459098,
    0.009522375464379383,
    0.00825733806999141,
    0.009780723396052616
  ],
  "val_loss": [
    0.742291665994204,
    0.5598593996121333,
    0.4972840432937329,
    0.4500449368586907,
    0.3945382856405698,
    0.3647161882657271,
    0.3387985665064592,
    0.32762161585000843,
    0.3026700042761289,
    0.2874121895203224,
    0.2895867767242285,
    0.27010236795131976,
    0.26722892889609706,
    0.27623657423716325,
    0.24190846200172716,
    0.24087282900626844,
    0.22973348429569831,
    0.2291004737982383,
    0.21225009629359612,
    0.21953830810693595,
    0.19425582140684128,
    0.18561270603766808,
    0.18214355753018305,
    0.17703294983276954,
    0.17465413705660746,
    0.17309197611533678,
    0.15958085312293127,
    0.17143305906882653,
    0.16572273064118165,
    0.16367401698460946,
    0.1669790790631221,
    0.15676590341788071,
    0.1528867193712638,
    0.13823894038796425,
    0.14229135157970282,
    0.15091847599698946,
    0.14410117641091347,
    0.13045880341759095,
    0.1328094985622626,
    0.12755599016180405,
    0.12247265115953408,
    0.12287844516910039,
    0.11867930295948799,
    0.1170969967945264,
    0.11825843886114083,
    0.12395591546709721,
    0.11194321871376954,
    0.10919737815856934,
    0.11923024961008476,
    0.12611097570222157,
    0.11722867792615524,
    0.11600493367474812,
    0.10962876125883597,
    0.11696752870025542,
    0.10740530913552412,
    0.10482796582464989,
    0.10329109623741645,
    0.10385148864812575,
    0.10295631872633329,
    0.0966741583095147,
    0.10694425467115182,
    0.10202305978880478,
    0.10081019395819077,
    0.10569474659860134,
    0.10390177791794905,
    0.09522711055783126,
    0.10207694582641125,
    0.0975805684351004,
    0.10604362089473468,
    0.10574192883303532,
    0.10246553630209886,
    0.10168480643859276,
    0.10545009474914807,
    0.09143508240007438,
    0.10055703458447869,
    0.10562573874799105,
    0.09851234692793626,
    0.10574378445744514,
    0.10601288510056642,
    0.09877434867219283,
    0.10048583880639993,
    0.08871349814133002,
    0.09998086116348322,
    0.10229062890777221,
    0.10208709122469792,
    0.1002773167565465,
    0.10088916079929242,
    0.10208076829663836,
    0.10276175376314384,
    0.1007983130402863,
    0.10167838862309089,
    0.10492100842440358,
    0.10118592308404353,
    0.1027774174984258,
    0.10867394603645572,
    0.10255392436654522,
    0.10619809396135119,
    0.10559061004851873,
    0.0981103965582756,
    0.09926718623878864,
    0.09904506451521929,
    0.0953926408233551,
    0.10192424746660086,
    0.09608514675010855,
    0.09725024909354173,
    0.1068996419915213,
    0.10337493403886373
  ],