{
  "epoch": [
    1,
    2,
    3,
    4,
    5,
    6,
    7,
    8,
    9,
    10,
    11,
    12,
    13,
    14,
    15,
    16,
    17,
    18,
    19,
    20,
    21,
    22,
    23,
    24,
    25,
    26,
    27,
    28,
    29,
    30,
    31,
    32,
    33,
    34,
    35,
    36,
    37,
    38,
    39,
    40,
    41,
    42,
    43,
    44,
    45,
    46,
    47,
    48,
    49,
    50,
    51,
    52,
    53,
    54,
    55,
    56,
    57,
    58,
    59,
    60,
    61,
    62,
    63,
    64,
    65,
    66
  ],
  "train_loss": [
    0.9854620770388043,
    0.49328512660006885,
    0.3396957876141538,
    0.24625478615773091,
    0.1867227644189117,
    0.1485676444375638,
    0.12189296978650634,
    0.10219753226361324,
    0.09150057648951859,
    0.08355572141860564,
    0.0724509514234576,
    0.06630640794743889,
    0.061168845637327,
    0.05721201889754571,
    0.054555789481118784,
    0.04817521606677586,
    0.04614464849348843,
    0.04383171404491073,
    0.042096186587683014,
    0.03917318829767329,
    0.03925563963418154,
    0.03548320514850856,
    0.03539123208041197,
    0.033992519362147935,
    0.03076900257584975,
    0.03153765138920358,
    0.030008667763130565,
    0.03009910981132428,
    0.02759218714487998,
    0.026393175180329336,
    0.025927078826160927,
    0.025903266211299552,
    0.02402310507352819,
    0.022449442672725653,
    0.022275089676319092,
    0.02293251900448819,
    0.021905425885577024,
    0.020273419226682986,
    0.02139894823668544,
    0.02111877974353193,
    0.021640297954364382,
    0.01979862282667117,
    0.01821649029668536,
    0.02020862136160974,
    0.01852317062355386,
    0.019348653254204803,
    0.017346221975233292,
    0.0162711227000643,
    0.01577191731170031,
    0.017693389831806926,
    0.01616926749534521,
    0.017043192480263522,
    0.015433338995226035,
    0.018308978311155837,
    0.01563718507231991,
    0.015358868041843866,
    0.014624178510989764,
    0.01471074093937317,
    0.01618291215476647,
    0.014314946240251019,
    0.013042482021192722,
    0.013309349662974746,
    0.012383097614108864,
    0.014736584061876746,
    0.011942182555938735,
    0.012587781271839649
  ],
  "val_loss": [
    0.34902923382245576,
    0.2605929168371054,
    0.2214853041447126,
    0.19478184443253738,
    0.1849325425349749,
    0.1633531153202057,
    0.15311042677897674,
    0.145720695073788,
    0.15888540389446112,
    0.15467481257823798,
    0.14317035159239402,
    0.1256051782805186,
    0.12537954432459977,
    0.12468061223626137,
    0.12839378559818634,
    0.15475347838722742,
    0.12413988405695328,
    0.11203762086538169,
    0.10640700849202964,
    0.12588965749511352,
    0.11882107504285298,
    0.12131253343362075,
    0.11541811319497916,
    0.10690771100612786,
    0.12755985787281623,
    0.11745497383750401,
    0.11858726951938409,
    0.10386273322197107,
    0.10767810605466366,
    0.10228295194414946,
    0.09636119466561538,
    0.10032845145234695,
    0.10318572303423515,
    0.09745404683053493,
    0.11382823122235444,
    0.1071604799765807,
    0.09605017175468114,
    0.10187743833431831,
    0.09728214703500271,
    0.09212149908909431,
    0.0898229913212932,
    0.09214695199177815,
    0.09406507523873678,
    0.09452266876514141,
    0.09662636369466782,
    0.10544050943392974,
    0.1125286312487263,
    0.10826226424139279,
    0.10086764656723692,
    0.10833385185553478,
    0.09517232271341178,
    0.09630832147712891,
    0.10102680382820275,
    0.1022451319373571,
    0.0973722361601316,
    0.09674298892227504,
    0.10284360139988936,
    0.10367628029332711,
    0.09849113111312573,
    0.09774235911810628,
    0.09978886235218781,
    0.09243339246425492,
    0.10300008888141467,
    0.0915698532301646,
    0.09796796474032678,
    0.09498182641199002
  ],
  "train_transduce": [
    0.9816383022008482,
    0.4929825320993502,
    0.33922838012582246,
    0.2458807368253924,
    0.1860601689244054,
    0.14815667905297475,
    0.12141876068619109,
    0.10172920155617379,
    0.09107999467127717,
    0.08317244143138841,
    0.07189470978895414,
    0.06589583599383068,
    0.0608961983708684,
    0.056754960246460956,
    0.05431134871101564,
    0.04782803209748158,
    0.04583384370258481,
    0.04354998796755813,
    0.04181367568863729,
    0.038948309675012664,
    0.03903538880620113,
    0.035223416182375754,
    0.03510021266633088,
    0.03373396905984,
    0.030587421278901322,
    0.03134960365798516,
    0.029721921573863507,
    0.029877568919154017,
    0.027290413888248124,
    0.026140548164005746,
    0.02573668932513401,
    0.025655795742047124,
    0.023839657912606893,
    0.022220570925315937,
    0.02207293898256054,
    0.02271673455114294,
    0.021620140379755615,
    0.020047982566577104,
    0.021133011815464606,
    0.020936411205371937,
    0.021437303369538377,
    0.019572743755938083,
    0.017982076533071545,
    0.019960824567608573,
    0.018210120700760602,
    0.01910387031666781,
    0.017135076176197528,
    0.016026313409458884,
    0.015577436340780756,
    0.017439911449232053,
    0.015959908226240885,
    0.016805497328174712,
    0.015192490458709294,
    0.018139662553517857,
    0.015462326650392533,
    0.015228461450777142,
    0.014450572951355968,
    0.014590486350046835,
    0.01602506893266895,
    0.01416168091626665,
    0.012824693662306466,
    0.013137209635424744,
    0.012133187584977443,
    0.014513274970987677,
    0.011815531345530768,
    0.012460300497249844
  ],
  "val_transduce": [
    0.34793828083918643,
    0.2597699979176888,
    0.22118545724795416,
    0.19446380207171807,
    0.18470100026864272,
    0.16121834000715843,
    0.15150362597062036,
    0.14503970054479745,
    0.15863365393418533,
    0.1540496704670099,
    0.14268871339467856,
    0.12519880240926376,
    0.12521781371189997,
    0.12432828459602135,
    0.12814201271304718,
    0.15452502925808614,
    0.12396854334152661,
    0.11092904066810241,
    0.10612606500776914,
    0.12572670441407424,
    0.11868263666446392,
    0.12038178842228192,
    0.11519655413352527,
    0.10669041124100868,
    0.1274158378633169,
    0.11692834244324611,
    0.11815128332147232,
    0.10318072541401936,
    0.10724204520766552,
    0.1021551343684013,
    0.09601626645487088,
    0.10007293106844792,
    0.10304030904976222,
    0.09689837565215734,
    0.11358688571132146,
    0.10683063202752517,
    0.0958350646094634,
    0.10171229650194828,
    0.09663834107609895,
    0.09180031688167499,
    0.089658516817368,
    0.09181744755747226,
    0.09366110998850602,
    0.09403320760107957,
    0.09640928959617248,
    0.10527022906507437,
    0.11239689380790178,
    0.10795301385223866,
    0.10068830790428016,
    0.10812667714288601,
    0.09397369551544006,
    0.09585941898135039,
    0.10016079218341754,
    0.10192376274902087,
    0.09682742011948274,
    0.09540431996664175,
    0.10272977300561391,
    0.1034180590739617,
    0.09784781431349424,
    0.09749287828946343,
    0.09959596338180396,
    0.09222075271491821,
    0.10229905121601544,
    0.0913074677093671,
    0.0977782835610784,
    0.09487006698663418
  ],