{
  "epoch": [
    1,
    2,
    3,
    4,
    5,
    6,
    7,
    8,
    9,
    10,
    11,
    12,
    13,
    14,
    15,
    16,
    17,
    18,
    19,
    20,
    21,
    22,
    23,
    24,
    25,
    26,
    27,
    28,
    29,
    30,
    31,
    32,
    33,
    34,
    35,
    36,
    37,
    38,
    39,
    40,
    41,
    42,
    43,
    44,
    45,
    46,
    47,
    48,
    49,
    50,
    51,
    52,
    53,
    54,
    55,
    56,
    57,
    58,
    59,
    60,
    61,
    62,
    63,
    64,
    65,
    66,
    67,
    68,
    69,
    70,
    71,
    72,
    73,
    74,
    75,
    76,
    77,
    78,
    79,
    80,
    81,
    82,
    83
  ],
  "train_loss": [
    1.5591811881851905,
    0.9977580173728392,
    0.8140561294924352,
    0.7110299987276805,
    0.6300750038365728,
    0.5690101388188982,
    0.5176773278676358,
    0.4795538320676568,
    0.4381610603676629,
    0.40748736677096065,
    0.3754850589122969,
    0.3498112215977354,
    0.32297546938829813,
    0.2980260746841578,
    0.28108229664797635,
    0.2656698609443055,
    0.24637300866780823,
    0.23219245879613248,
    0.21684060023003018,
    0.20571567356279216,
    0.19621393925596758,
    0.18135976176900961,
    0.17000110616389008,
    0.15669655968847962,
    0.13914922978152933,
    0.12667872472522185,
    0.11611032902656757,
    0.10558390194915004,
    0.10033880535167516,
    0.09278101850416243,
    0.08759040139692346,
    0.08473044745240015,
    0.07790056665034331,
    0.07801471013076526,
    0.06790336945391807,
    0.06969359897307514,
    0.06220311964333979,
    0.060813483282846886,
    0.055705990546296554,
    0.056977404569534915,
    0.05130632894747343,
    0.049952713537423574,
    0.04672722880411701,
    0.04480249301732047,
    0.04434983715530216,
    0.04141024703678397,
    0.04073014777614591,
    0.04137516876240981,
    0.03837729238223323,
    0.03622606146082129,
    0.03383852241407197,
    0.0331986187477164,
    0.033721946659929974,
    0.03328194683801729,
    0.032140540777580794,
    0.031827803648355385,
    0.031176038062411177,
    0.02976966981497622,
    0.02941906635083028,
    0.02774822963977751,
    0.028687716677746514,
    0.025809294044894657,
    0.027535158581551665,
    0.02592880211856946,
    0.02505675150854417,
    0.022812781614232232,
    0.0260284930136362,
    0.024874694659806712,
    0.02197916858671137,
    0.024383869136145972,
    0.02197312703236131,
    0.020617033792995683,
    0.0222202901255589,
    0.020299219939204836,
    0.01923776246108038,
    0.020941272292756618,
    0.020138377399356634,
    0.01846667884167322,
    0.017478656053744716,
    0.019762474329441247,
    0.016732336049563416,
    0.01778283264588795,
    0.018449148854490408
  ],
  "val_loss": [
    0.784029497550084,
    0.5696311088708731,
    0.495380149437831,
    0.44156410831671494,
    0.4304638711305765,
    0.39051427978735703,
    0.3890799834178044,
    0.3400657864717337,
    0.34788869665219235,
    0.3195648949879866,
    0.288193200643246,
    0.2651081004968056,
    0.2571641424527535,
    0.24577518151356623,
    0.23883114525905022,
    0.22681627250634706,
    0.21243201883939597,
    0.21180938069637006,
    0.1988710451584596,
    0.1945067953604918,
    0.17966890678955957,
    0.17457264489852464,
    0.18770176630753738,
    0.16485269654255646,
    0.14662301998872024,
    0.1373962782896482,
    0.12784283378949532,
    0.12617343320296362,
    0.12028297036886215,
    0.11756930185052064,
    0.11193664400623395,
    0.1146779963030265,
    0.11178565053985669,
    0.1082672204535741,
    0.10264618322253227,
    0.10369114061960807,
    0.10576983483938071,
    0.09236960456921504,
    0.09482438432482573,
    0.09361539179315934,
    0.09019601373718335,
    0.08949978606632122,
    0.09498698278688468,
    0.08573411505382794,
    0.0842538309785036,
    0.08645672866931328,
    0.08424569308184661,
    0.08513746181359658,
    0.08343756678872384,
    0.08331138783922562,
    0.08513833596729316,
    0.07999855731255733,
    0.07875661795529035,
    0.08165156382780808,
    0.07611347355235082,
    0.07851747158341683,
    0.08427239080461171,
    0.07535545707035524,
    0.08180431756549157,
    0.07715877124036734,
    0.07806774257467343,
    0.08006434350346144,
    0.07675409417312878,
    0.08386908937245607,
    0.08453846601052926,
    0.0780826577773461,
    0.07779287364190587,
    0.07668498047412588,
    0.08105363607263336,
    0.09027500486431214,
    0.08223641964678581,
    0.08291837222014482,
    0.08176461506921512,
    0.08380596561787221,
    0.08857441561010021,
    0.08554562234964508,
    0.08613789138885644,
    0.0819093665251365,
    0.08358261315152049,
    0.08506525463711184,
    0.08620185902915321,
    0.08557113636141786,
    0.0836159738783653
  ],
  "train_transduce": [
    1.557559609413147,
    0.9976886870320311,
    0.8139713440359253,
    0.7108094999470662,
    0.6298639777394914,
    0.5687739561820767,
    0.517454241354441,
    0.4792447315970647,
    0.43754871788713123,
    0.4070595522824022,
    0.3746954050567961,
    0.34907224244370905,
    0.32169746830291357,
    0.29659079537563715,
    0.27947681066916163,
    0.264304947607296,
    0.24507404318482606,
    0.23104269479967884,
    0.2153602476740621,
    0.20441136132810533,
    0.1949413949911742,
    0.1799891616803469,
    0.168695534512247,
    0.15555547273804232,
    0.13851683467780193,
    0.12653682732320937,
    0.11600080689357728,
    0.10551283274268367,
    0.10030406519540191,
    0.0927637400124798,
    0.08757532645285744,
    0.08470676706854216,
    0.07789195584344495,
    0.07800643708672106,
    0.06788627256053625,
    0.06969166986797888,
    0.06220178987792472,
    0.06081202390997373,
    0.05570459619318087,
    0.056976468369518356,
    0.05130240381647324,
    0.04995037422313826,
    0.04672654627908751,
    0.04480201641539323,
    0.04434938408127151,
    0.04140940870724849,
    0.04072964084382678,
    0.04137490726239288,
    0.03837718365752359,
    0.0362260133776929,
    0.0338384198389717,
    0.033198495203456316,
    0.03372150045800378,
    0.03328100384990733,
    0.032140390949861444,
    0.03182742155406663,
    0.03117456252821097,
    0.02976949179554646,
    0.029418884342075468,
    0.027747677017444957,
    0.028687258788682137,
    0.025808663323483208,
    0.027534958762452773,
    0.025928486395416034,
    0.02505666867964277,
    0.022812662238120725,
    0.026028014981120673,
    0.02487401670497871,
    0.021978300818501367,
    0.02438380761964957,
    0.021973057821652247,
    0.020616897241423654,
    0.022220270087721653,
    0.020299177345598943,
    0.019237395518785824,
    0.02093984509491813,
    0.02013834908643027,
    0.018466581654082024,
    0.017478609736048683,
    0.01976235027271371,
    0.016732025956350965,
    0.01778060388175252,
    0.01844911841128367
  ],