{
  "epoch": [
    1,
    2,
    3,
    4,
    5,
    6,
    7,
    8,
    9,
    10,
    11,
    12,
    13,
    14,
    15,
    16,
    17,
    18,
    19,
    20,
    21,
    22,
    23,
    24,
    25,
    26,
    27,
    28,
    29,
    30,
    31,
    32,
    33,
    34,
    35,
    36,
    37,
    38,
    39,
    40,
    41,
    42,
    43
  ],
  "train_loss": [
    2.2046547642688163,
    0.8718255435683063,
    0.4987246495546754,
    0.3379002310258826,
    0.24668418124471744,
    0.187177960636075,
    0.15257072967198707,
    0.12560366097952902,
    0.10252423976192769,
    0.09085033325113587,
    0.08208055310335356,
    0.06778635398590381,
    0.06834866383026555,
    0.06167464033153254,
    0.05331790667104045,
    0.04347384865539744,
    0.04066709076659274,
    0.043280634918663,
    0.03729736555329303,
    0.03824223989870438,
    0.0344649527015491,
    0.03141875769558948,
    0.02741193577896842,
    0.029152328904583743,
    0.026548549422475788,
    0.025832638355720902,
    0.028919387551158974,
    0.02798366170981419,
    0.023217976448538992,
    0.02133473640634227,
    0.021993576001721558,
    0.020987898327371815,
    0.023205652033679726,
    0.020209813921366695,
    0.019661415952195404,
    0.018948680974456684,
    0.018788074560885885,
    0.016654628890652938,
    0.017256546652751024,
    0.01667843774301912,
    0.017886364100424133,
    0.016193641534497597,
    0.018527764271339883
  ],
  "val_loss": [
    1.1466710750873272,
    0.44786460124529326,
    0.24227948142932013,
    0.14696787641598627,
    0.0905321489732999,
    0.08783168603594486,
    0.05868200542261967,
    0.059300110317193545,
    0.05067796962192425,
    0.0470809294627263,
    0.04512543138116598,
    0.04636755044786976,
    0.046467032247724444,
    0.04505404529090111,
    0.04444841041158025,
    0.04334994914153448,
    0.04061771136744378,
    0.04038272928804732,
    0.045714844045085974,
    0.04312390937971381,
    0.04467280850244256,
    0.04392810735421685,
    0.047799316861738377,
    0.04665734179210491,
    0.04458707838337152,
    0.0404439986226722,
    0.04598736753149961,
    0.04833576299671012,
    0.05494975415058434,
    0.053347610913288705,
    0.04910387423408862,
    0.048389548498492405,
    0.047109876839945525,
    0.04920930275693536,
    0.054853870945337876,
    0.054219631386401415,
    0.0551793809595088,
    0.059020413676849924,
    0.05544707889202982,
    0.05273035109544603,
    0.05312592019729961,
    0.050671843449191116,
    0.05627314782199951
  ],
  "train_transduce": [
    2.1995046630348125,
    0.8718089682539714,
    0.4987167530145842,
    0.3378958942503044,
    0.2466806740183191,
    0.1871762872126299,
    0.15256981774396502,
    0.12560284825176307,
    0.10252359682290825,
    0.09084963063066154,
    0.08208017608093232,
    0.06778627934568014,
    0.0683483719326479,
    0.061674232143409474,
    0.0533178432834978,
    0.04347371138613095,
    0.04066695627689208,
    0.04328047611376213,
    0.03729713725444583,
    0.03824223502126244,
    0.034464947958524846,
    0.031418697169223395,
    0.02741166277663763,
    0.02915231825678235,
    0.02654850945241519,
    0.025832638355720902,
    0.028919323529932917,
    0.027983526019955574,
    0.023217976448538992,
    0.021334733564368227,
    0.021993558301792008,
    0.020987898327371815,
    0.023205623921179742,
    0.020209318945021128,
    0.019661415952195404,
    0.018948680974456684,
    0.018788068531292307,
    0.016654140416763184,
    0.017256155199630512,
    0.01667821542575917,
    0.017885790957790828,
    0.01619346521209119,
    0.018527698152237714
  ],
  "val_transduce": [
    1.1466463345747728,
    0.44786460124529326,
    0.24227948142932013,
    0.14696787641598627,
    0.0905321489732999,
    0.08783168603594486,
    0.05868200542261967,
    0.059300110317193545,
    0.05067796962192425,
    0.0470809294627263,
    0.04512543138116598,
    0.04636755044786976,
    0.046467032247724444,
    0.04505404529090111,
    0.04444841041158025,
    0.04334994914153448,
    0.04061771136744378,
    0.04038272928804732,
    0.045714844045085974,
    0.04312390937971381,
    0.04467280850244256,
    0.04392810735421685,
    0.047799316861738377,
    0.04665734179210491,
    0.04458707838337152,
    0.0404439986226722,
    0.04598736753149961,
    0.04833576299671012,
    0.05494975415058434,
    0.053347610913288705,
    0.04910387423408862,
    0.048389548498492405,
    0.047109876839945525,
    0.04920930275693536,
    0.054853870945337876,
    0.054219631386401415,
    0.0551793809595088,
    0.059020413676849924,
    0.05544707889202982,
    0.05273035109544603,
    0.05312592019729961,
    0.050671843449191116,
    0.05627314782199951
  ],
  "l0": [
    0.0,
    0.0,
    0.0,
    0.0,
    0.0,
    0.0,
    0.0,
    0.0,
    0.0,
    0.0,
    0.0,
    0.0,
    0.0,
    0.0,
    0.0,
    0.0,
    0.0,
    0.0,
    0.0,
    0.0,
    0.0,
    0.0,
    0.0,
    0.0,
    0.0,
    0.0,
    0.0,
    0.0,
    0.0,
    0.0,
    0.0,
    0.0,
    0.0,
    0.0,
    0.0,
    0.0,
    0.0,
    0.0,
    0.0,
    0.0,
    0.0,
    0.0,
    0.0
  ],
  "lambda_l0_effective": [
    0.01,
    0.01,
    0.01,
    0.01,
    0.01,
    0.01,
    0.01,
    0.01,
    0.01,
    0.01,
    0.01,
    0.01,
    0.01,
    0.01,
    0.01,
    0.01,
    0.01,
    0.01,
    0.01,
    0.01,
    0.01,
    0.01,
    0.01,
    0.01,
    0.01,
    0.01,
    0.01,
    0.01,
    0.01,
    0.01,
    0.01,
    0.01,
    0.01,
    0.01,
    0.01,
    0.01,
    0.01,
    0.01,
    0.01,
    0.01,
    0.01,
    0.01,
    0.01
  ],
  "recon_loss": [],
  "balance_loss": []
}